NIFTY,22-Feb-2018,28-Mar-2018,CE,9450,0,0,0,1180.5,0,997.65,0,0,0,0,0,-
NIFTY,22-Feb-2018,28-Mar-2018,CE,9500,863.95,918.4,863.9,890.3,882,890.3,2083,16214.76,1373.38,621000,111750,-
NIFTY,22-Feb-2018,28-Mar-2018,CE,9550,0,0,0,1084,0,899.85,0,0,0,0,0,-
NIFTY,22-Feb-2018,28-Mar-2018,CE,9600,775,817.5,775,792.75,790.95,792.75,106,825.76,62.56,27600,5850,-
NIFTY,22-Feb-2018,28-Mar-2018,CE,9650,0,0,0,988.65,0,803.2,0,0,0,0,0,-
NIFTY,22-Feb-2018,28-Mar-2018,CE,10950,10.25,11.95,8.9,9.8,9.6,9.8,107,879.56,.82,7800,3075,-
NIFTY,22-Feb-2018,28-Mar-2018,CE,11000,10,10.2,6.35,7.6,7.4,7.6,37945,313270.19,223.94,2694375,687675,-
NIFTY,22-Feb-2018,28-Mar-2018,CE,11050,9.9,9.9,5,5.9,6,5.9,53,439.53,.29,1950,1950,-
NIFTY,22-Feb-2018,28-Mar-2018,CE,11100,4.7,6.1,3.65,4.25,4.1,4.25,13001,108276.05,42.73,1243200,215400,-
NIFTY,22-Feb-2018,28-Mar-2018,CE,10300,224.55,239,205.35,222.85,218.05,222.85,15437,121799.65,2548.83,714225,199725,-
NIFTY,22-Feb-2018,28-Mar-2018,CE,10350,195.75,206,175,191.4,192.35,191.4,1342,10607.72,190.45,50475,22500,-
NIFTY,22-Feb-2018,28-Mar-2018,CE,10400,169.45,178.7,148.2,163.85,161.05,163.85,45702,362035.38,5559.78,1416075,370200,-
NIFTY,22-Feb-2018,28-Mar-2018,CE,10450,145.6,148.2,123.5,137.35,135.9,137.35,2354,18689.33,239.86,91725,43350,-
NIFTY,22-Feb-2018,28-Mar-2018,CE,10500,124.85,124.85,100.2,112.9,110,112.9,51607,410719.04,4313.91,2037525,580425,-
NIFTY,22-Feb-2018,28-Mar-2018,CE,10550,107.3,107.3,81.25,91.25,88.9,91.25,1384,11044.65,93.75,56250,20700,-
NIFTY,22-Feb-2018,28-Mar-2018,CE,10600,72.5,80.55,63.1,72.45,70,72.45,46715,373897.94,2513.69,2058300,457275,-
NIFTY,22-Feb-2018,28-Mar-2018,CE,10650,65,65,48.25,56.6,56.05,56.6,627,5034.57,26.41,40050,10950,-
NIFTY,22-Feb-2018,28-Mar-2018,CE,10700,45.4,49.35,36.8,43,41.8,43,56131,452264.58,1813.3,2503875,971175,-
NIFTY,22-Feb-2018,28-Mar-2018,CE,10750,35.5,38,27.7,31.9,31.25,31.9,745,6024.79,18.23,35700,13200,-
NIFTY,22-Feb-2018,28-Mar-2018,CE,10800,27.5,29.5,20,23.55,22.85,23.55,51178,415454.84,913.04,1956300,693900,-
NIFTY,22-Feb-2018,28-Mar-2018,CE,10850,20,21.25,14.8,17.8,17.6,17.8,407,3317.37,5.41,22350,7575,-
NIFTY,22-Feb-2018,28-Mar-2018,CE,10900,15.65,16.4,10.15,12.55,13.5,12.55,22305,182560.86,217.48,1177200,226650,-
NIFTY,22-Feb-2018,28-Mar-2018,CE,9700,700,724.25,680.95,700.6,696,700.6,531,4138.08,275.06,70500,32850,-
NIFTY,22-Feb-2018,28-Mar-2018,CE,9750,0,0,0,894.9,0,708.4,0,0,0,0,0,-
NIFTY,22-Feb-2018,28-Mar-2018,CE,9800,610,632.2,593.75,611.4,593.85,611.4,380,2966.27,173.27,86925,8700,-
NIFTY,22-Feb-2018,28-Mar-2018,CE,9850,0,0,0,540,540,616.35,0,0,0,1650,0,-
NIFTY,22-Feb-2018,28-Mar-2018,CE,9900,517.75,547,504.1,523.1,518.4,523.1,248,1939.28,97.88,72000,14700,-
NIFTY,22-Feb-2018,28-Mar-2018,CE,9950,0,0,0,714.3,0,528,0,0,0,0,0,-
NIFTY,22-Feb-2018,28-Mar-2018,CE,10000,441.1,465.95,421,439.85,435.2,439.85,3483,27262.9,1140.4,728850,132150,-
NIFTY,22-Feb-2018,28-Mar-2018,CE,10050,0,0,0,628.85,0,444.6,0,0,0,0,0,-
NIFTY,22-Feb-2018,28-Mar-2018,CE,10100,361.7,381.15,342.9,363.7,362,363.7,1799,14111.04,483.61,121950,43050,-
NIFTY,22-Feb-2018,28-Mar-2018,CE,10150,0,0,0,225,225,367.75,0,0,0,225,0,-
NIFTY,22-Feb-2018,28-Mar-2018,CE,10200,286.4,306.7,271.95,290.7,286,290.7,5964,46902.12,1277.52,370725,162300,-
NIFTY,22-Feb-2018,28-Mar-2018,CE,10250,0,0,0,471.25,0,297.2,0,0,0,0,0,-
NIFTY,23-Feb-2018,28-Mar-2018,CE,9450,0,0,0,1180.5,0,1103.5,0,0,0,0,0,-
NIFTY,23-Feb-2018,28-Mar-2018,CE,9500,915,1008.9,914,998.05,1001.5,998.05,383,3011.42,282.55,617250,-3750,-
NIFTY,23-Feb-2018,28-Mar-2018,CE,9550,0,0,0,1084,0,1005,0,0,0,0,0,-
NIFTY,23-Feb-2018,28-Mar-2018,CE,9600,828.55,908.25,828.55,897.9,902.75,897.9,31,243.43,20.23,28575,975,-
NIFTY,23-Feb-2018,28-Mar-2018,CE,10950,8.85,15.65,8.65,15.15,15.1,15.15,1060,8715.51,10.26,24825,17025,-
NIFTY,23-Feb-2018,28-Mar-2018,CE,11000,8.3,11.9,6.5,11.4,11.7,11.4,62072,512532.53,438.53,2718525,24150,-
NIFTY,23-Feb-2018,28-Mar-2018,CE,11050,6,10,5.1,8.75,10,8.75,255,2114.78,1.47,11625,9675,-
NIFTY,23-Feb-2018,28-Mar-2018,CE,11100,4.4,6.95,3.55,6.55,6.6,6.55,34835,290146.48,145.1,963675,-279525,-
NIFTY,23-Feb-2018,28-Mar-2018,CE,10350,190.3,261.25,190.3,255.35,255.85,255.35,1016,8060.82,174.12,36150,-14325,-
NIFTY,23-Feb-2018,28-Mar-2018,CE,10400,165.1,230,160.35,222.2,224,222.2,77763,618125.28,11573.88,1189125,-226950,-
NIFTY,23-Feb-2018,28-Mar-2018,CE,10450,140.15,195,130,190.3,192,190.3,7091,56469.4,893.69,116625,24900,-
NIFTY,23-Feb-2018,28-Mar-2018,CE,10500,113.35,167,112.85,160.95,161.7,160.95,150342,1199976.63,16033.38,2858925,821400,-
NIFTY,23-Feb-2018,28-Mar-2018,CE,10550,90.85,136.5,85.6,132.3,133,132.3,7192,57540.66,633.96,94050,37800,-
NIFTY,23-Feb-2018,28-Mar-2018,CE,10600,73,111.75,70.95,107.4,108.65,107.4,122188,980087.52,8692.92,2447475,389175,-
NIFTY,23-Feb-2018,28-Mar-2018,CE,10650,56.2,89.5,54.2,85.6,86,85.6,3275,26342.58,183.52,61575,21525,-
NIFTY,23-Feb-2018,28-Mar-2018,CE,10700,38,69.9,38,66.95,67.5,66.95,96857,781381.44,4104.01,2900625,396750,-
NIFTY,23-Feb-2018,28-Mar-2018,CE,10750,31.15,55,30.25,51.15,51.5,51.15,2418,19573.29,78.16,66675,30975,-
NIFTY,23-Feb-2018,28-Mar-2018,CE,10800,24.8,40.65,21.6,38.75,39,38.75,84053,682839.59,2010.29,2412150,455850,-
NIFTY,23-Feb-2018,28-Mar-2018,CE,10850,18,29.05,15.85,28.25,28.4,28.25,2202,17957.23,38.46,53325,30975,-
NIFTY,23-Feb-2018,28-Mar-2018,CE,10900,13.65,21.55,10.8,20.7,20.8,20.7,72877,596687.85,918.37,1906800,729600,-
NIFTY,23-Feb-2018,28-Mar-2018,CE,9650,0,0,0,988.65,0,907.3,0,0,0,0,0,-
NIFTY,23-Feb-2018,28-Mar-2018,CE,9700,752.8,814.05,752.8,808,807.7,808,35,275.65,21.03,70575,75,-
NIFTY,23-Feb-2018,28-Mar-2018,CE,9750,0,0,0,894.9,0,810.85,0,0,0,0,0,-
NIFTY,23-Feb-2018,28-Mar-2018,CE,9800,643.65,720.45,634,709.5,711.1,709.5,84,660.3,42.9,86175,-750,-
NIFTY,23-Feb-2018,28-Mar-2018,CE,9850,540.05,540.05,540.05,540.05,540.05,540.05,4,31.17,1.62,1650,0,-
NIFTY,23-Feb-2018,28-Mar-2018,CE,9900,553,627.95,546.75,616.85,622.45,616.85,154,1211.8,68.35,72975,975,-
NIFTY,23-Feb-2018,28-Mar-2018,CE,9950,0,0,0,714.3,0,624.4,0,0,0,0,0,-
NIFTY,23-Feb-2018,28-Mar-2018,CE,10000,449.95,545,449.25,534.2,536,534.2,3396,26775.78,1305.78,688500,-40350,-
NIFTY,23-Feb-2018,28-Mar-2018,CE,10050,0,0,0,628.85,0,536.3,0,0,0,0,0,-
NIFTY,23-Feb-2018,28-Mar-2018,CE,10100,380,455.3,376,448.85,442.7,448.85,632,4988.44,201.04,131775,9825,-
NIFTY,23-Feb-2018,28-Mar-2018,CE,10150,349.45,399.5,349.45,399.5,399.5,399.5,4,31.56,1.11,375,150,-
NIFTY,23-Feb-2018,28-Mar-2018,CE,10200,294.45,373,290.45,367.8,368.85,367.8,4668,36938.65,1228.45,359475,-11250,-
NIFTY,23-Feb-2018,28-Mar-2018,CE,10250,274.95,327,274.95,324,324,324,11,87.11,2.54,600,600,-
NIFTY,23-Feb-2018,28-Mar-2018,CE,10300,223.45,299,220.75,290.9,286.6,290.9,13837,109646.93,2756.11,774000,59775,-
NIFTY,26-Feb-2018,28-Mar-2018,CE,10950,15.95,22.75,15.95,21.4,21,21.4,1588,13065.89,24.44,41175,16350,-
NIFTY,26-Feb-2018,28-Mar-2018,CE,11000,13,16.4,12.7,15.8,15.5,15.8,62833,519074.71,702.46,3037050,318525,-
NIFTY,26-Feb-2018,28-Mar-2018,CE,11050,11.95,11.95,9.95,11.3,11.45,11.3,572,4745.16,4.71,31575,19950,-
NIFTY,26-Feb-2018,28-Mar-2018,CE,11100,26,26,6.85,8.4,8.45,8.4,32335,269379.54,190.66,1134300,170625,-
NIFTY,26-Feb-2018,28-Mar-2018,CE,10300,316.2,364.65,311.15,352.65,349,352.65,8000,63835.19,2035.19,576525,-197475,-
NIFTY,26-Feb-2018,28-Mar-2018,CE,10350,280.05,320,279.25,314.45,309.15,314.45,186,1486.67,42.85,34350,-1800,-
NIFTY,26-Feb-2018,28-Mar-2018,CE,10400,240,285.3,238,275.35,271.1,275.35,13942,111506.81,2759.21,1100175,-88950,-
NIFTY,26-Feb-2018,28-Mar-2018,CE,10450,218,245,205.05,236.75,233,236.75,1538,12315.79,261.72,83175,-33450,-
NIFTY,26-Feb-2018,28-Mar-2018,CE,10500,176,213.7,174.5,203.8,201,203.8,75082,602221.23,10950.48,2405250,-453675,-
NIFTY,26-Feb-2018,28-Mar-2018,CE,10550,150,182.9,145.05,170.4,167.8,170.4,7422,59630.6,904.03,94875,825,-
NIFTY,26-Feb-2018,28-Mar-2018,CE,10600,120.95,147.55,118,140.8,137.75,140.8,121260,976308.92,12291.92,2414400,-33075,-
NIFTY,26-Feb-2018,28-Mar-2018,CE,10650,98.75,119,95.75,113.75,111.8,113.75,11072,89350.62,913.02,223425,161850,-
NIFTY,26-Feb-2018,28-Mar-2018,CE,10700,74.55,95.95,74.55,90.65,89.1,90.65,111980,905961.01,7321.51,2673900,-226725,-
NIFTY,26-Feb-2018,28-Mar-2018,CE,10750,58.1,74.8,58,70.45,69.45,70.45,3744,30376.12,190.12,103275,36600,-
NIFTY,26-Feb-2018,28-Mar-2018,CE,10800,49,56.95,42.55,53.95,53,53.95,82277,669637.63,3193.93,2451075,38925,-
NIFTY,26-Feb-2018,28-Mar-2018,CE,10850,35,45,30,39.8,39.4,39.8,2495,20374.72,71.66,68550,15225,-
NIFTY,26-Feb-2018,28-Mar-2018,CE,10900,20.8,31.4,20.8,29.65,29,29.65,62412,511535.84,1317.74,2333700,426900,-
NIFTY,26-Feb-2018,28-Mar-2018,CE,9650,0,0,0,988.65,0,984.8,0,0,0,0,0,-
NIFTY,26-Feb-2018,28-Mar-2018,CE,9700,852.45,909,852.45,900.4,900.4,900.4,83,659.2,55.37,69675,-900,-
NIFTY,26-Feb-2018,28-Mar-2018,CE,9750,0,0,0,894.9,0,886.9,0,0,0,0,0,-
NIFTY,26-Feb-2018,28-Mar-2018,CE,9800,762,814,754,804.2,798.5,804.2,149,1183.81,88.66,83325,-2850,-
NIFTY,26-Feb-2018,28-Mar-2018,CE,9850,0,0,0,540.05,540.05,790.25,0,0,0,1650,0,-
NIFTY,26-Feb-2018,28-Mar-2018,CE,9900,662.15,717.4,662.15,708.1,707.25,708.1,151,1200.51,79.33,73650,675,-
NIFTY,26-Feb-2018,28-Mar-2018,CE,9950,0,0,0,714.3,0,695.5,0,0,0,0,0,-
NIFTY,26-Feb-2018,28-Mar-2018,CE,10000,563.95,625.8,563.95,615.3,611.1,615.3,1641,13045.62,738.12,710925,22425,-
NIFTY,26-Feb-2018,28-Mar-2018,CE,10050,550.75,550.75,550.75,550.75,550.75,550.75,1,7.95,.41,75,75,-
NIFTY,26-Feb-2018,28-Mar-2018,CE,10100,488.75,534.85,483,524.15,520.2,524.15,254,2021.4,97.35,128925,-2850,-
NIFTY,26-Feb-2018,28-Mar-2018,CE,10150,481.9,481.9,481.9,481.9,481.9,481.9,1,7.97,.36,375,0,-
NIFTY,26-Feb-2018,28-Mar-2018,CE,10200,392.2,447.85,388,436.3,432,436.3,1172,9339.01,373.21,352500,-6975,-
NIFTY,26-Feb-2018,28-Mar-2018,CE,10250,393.95,394,391.45,393.1,391.45,393.1,4,31.93,1.18,675,75,-
NIFTY,26-Feb-2018,28-Mar-2018,CE,9450,0,0,0,1180.5,0,1182.55,0,0,0,0,0,-
NIFTY,26-Feb-2018,28-Mar-2018,CE,9500,1048.8,1105,1048.8,1099.3,1095.55,1099.3,385,3053.58,310.46,606075,-11175,-
NIFTY,26-Feb-2018,28-Mar-2018,CE,9550,0,0,0,1084,0,1083.45,0,0,0,0,0,-
NIFTY,26-Feb-2018,28-Mar-2018,CE,9600,948.15,1003.95,948.15,999.9,1000.1,999.9,29,230.25,21.45,28575,0,-
NIFTY,27-Feb-2018,28-Mar-2018,CE,9450,0,0,0,1180.5,0,1152.5,0,0,0,0,0,-
NIFTY,27-Feb-2018,28-Mar-2018,CE,9500,1117.55,1132.8,1048,1060.75,1062,1060.75,416,3299.77,335.77,604650,-1425,-
NIFTY,27-Feb-2018,28-Mar-2018,CE,9550,0,0,0,1084,0,1053.4,0,0,0,0,0,-
NIFTY,27-Feb-2018,28-Mar-2018,CE,9600,1025,1025,942,959.45,959.55,959.45,18,142.75,13.15,28725,150,-
NIFTY,27-Feb-2018,28-Mar-2018,CE,10950,21.85,24.8,16,17.75,17.8,17.75,1653,13598.95,23.68,49350,8175,-
NIFTY,27-Feb-2018,28-Mar-2018,CE,11000,15.5,18.4,11.55,12.85,12.5,12.85,61571,508614.62,653.87,3251550,214500,-
NIFTY,27-Feb-2018,28-Mar-2018,CE,11050,11.75,13.1,9.05,9.4,9.3,9.4,589,4885.95,4.61,37125,5550,-
NIFTY,27-Feb-2018,28-Mar-2018,CE,11100,10.5,11.05,6.25,7,6.95,7,26243,218618.91,145.93,1214025,79725,-
NIFTY,27-Feb-2018,28-Mar-2018,CE,10300,358.7,380,310,321.2,318.85,321.2,2761,22020.29,691.57,564825,-11700,-
NIFTY,27-Feb-2018,28-Mar-2018,CE,10350,326.1,330.6,281.25,283.7,283.95,283.7,98,782.79,22.07,33450,-900,-
NIFTY,27-Feb-2018,28-Mar-2018,CE,10400,301.15,301.55,236,247.35,244,247.35,11573,92543.08,2273.68,972300,-127875,-
NIFTY,27-Feb-2018,28-Mar-2018,CE,10450,283.65,283.65,199.6,210.55,204.9,210.55,368,2946.27,62.07,78300,-4875,-
NIFTY,27-Feb-2018,28-Mar-2018,CE,10500,213.45,227,170.05,180.25,178.2,180.25,61603,493933.99,8810.37,2328450,-76800,-
NIFTY,27-Feb-2018,28-Mar-2018,CE,10550,181.65,190.3,140,148.85,147,148.85,7359,59095.18,867.1,157800,62925,-
NIFTY,27-Feb-2018,28-Mar-2018,CE,10600,157,159.85,112.25,121.1,118.05,121.1,153736,1237161.21,14960.01,2944500,530100,-
NIFTY,27-Feb-2018,28-Mar-2018,CE,10650,124.1,130.6,91,96.7,94,96.7,12359,99727.02,1009.51,226275,2850,-
NIFTY,27-Feb-2018,28-Mar-2018,CE,10700,95.45,104.4,70,75.95,73.75,75.95,136032,1100098.53,8441.73,3256800,582900,-
NIFTY,27-Feb-2018,28-Mar-2018,CE,10750,74,82,53.75,57.7,56,57.7,4903,39762.91,232.47,142725,39450,-
NIFTY,27-Feb-2018,28-Mar-2018,CE,10800,56.65,62.8,40.05,44.2,42,44.2,88871,723094.69,3239.59,2743650,292575,-
NIFTY,27-Feb-2018,28-Mar-2018,CE,10850,40,47.05,29.25,32.65,31.15,32.65,2953,24110.02,79.98,82275,13725,-
NIFTY,27-Feb-2018,28-Mar-2018,CE,10900,31.95,35,21.5,24.05,23,24.05,76181,624269.98,1490.31,2430675,96975,-
NIFTY,27-Feb-2018,28-Mar-2018,CE,9650,0,0,0,988.65,0,954.65,0,0,0,0,0,-
NIFTY,27-Feb-2018,28-Mar-2018,CE,9700,907.15,920,853,871.8,871.8,871.8,21,166.69,13.92,69600,-75,-
NIFTY,27-Feb-2018,28-Mar-2018,CE,9750,0,0,0,894.9,0,856.6,0,0,0,0,0,-
NIFTY,27-Feb-2018,28-Mar-2018,CE,9800,835,835,749.65,777,777,777,64,509.01,38.61,84675,1350,-
NIFTY,27-Feb-2018,28-Mar-2018,CE,9850,0,0,0,540.05,540.05,759.8,0,0,0,1650,0,-
NIFTY,27-Feb-2018,28-Mar-2018,CE,9900,713.7,734,659.1,671.85,670,671.85,179,1420.81,91.73,71100,-2550,-
NIFTY,27-Feb-2018,28-Mar-2018,CE,9950,0,0,0,714.3,0,665,0,0,0,0,0,-
NIFTY,27-Feb-2018,28-Mar-2018,CE,10000,621.2,645,565,580.75,580.45,580.75,1466,11645.12,650.12,735225,24300,-
NIFTY,27-Feb-2018,28-Mar-2018,CE,10050,0,0,0,550.75,550.75,573.1,0,0,0,75,0,-
NIFTY,27-Feb-2018,28-Mar-2018,CE,10100,535,550.8,471.15,490.85,486,490.85,385,3059.12,142.75,127500,-1425,-
NIFTY,27-Feb-2018,28-Mar-2018,CE,10150,0,0,0,481.9,481.9,485.35,0,0,0,375,0,-
NIFTY,27-Feb-2018,28-Mar-2018,CE,10200,441.7,460,392.05,403.45,400.35,403.45,1997,15892.43,615.38,363075,10575,-
NIFTY,27-Feb-2018,28-Mar-2018,CE,10250,370,370,365,365,365,365,2,15.93,.55,750,75,-
NIFTY,28-Feb-2018,28-Mar-2018,CE,9450,0,0,0,1180.5,0,1089.55,0,0,0,0,0,10492.85
NIFTY,28-Feb-2018,28-Mar-2018,CE,9500,1050,1050,971.25,1026.8,1019,1026.8,721,5682.2,545.08,589875,-14775,10492.85
NIFTY,28-Feb-2018,28-Mar-2018,CE,9550,0,0,0,1084,0,990.45,0,0,0,0,0,10492.85
NIFTY,28-Feb-2018,28-Mar-2018,CE,9600,899,916.15,874.75,914.9,915,914.9,45,354.4,30.4,28350,-375,10492.85
NIFTY,28-Feb-2018,28-Mar-2018,CE,9650,0,0,0,988.65,0,891.9,0,0,0,0,0,10492.85
NIFTY,28-Feb-2018,28-Mar-2018,CE,10950,5.2,14.75,5.2,12.5,12.55,12.5,1005,8262.6,9.04,53550,4200,10492.85
NIFTY,28-Feb-2018,28-Mar-2018,CE,11000,7,11.05,6.7,9.65,9.2,9.65,66887,552280.06,462.31,3373875,122325,10492.85
NIFTY,28-Feb-2018,28-Mar-2018,CE,11050,6.3,8,5.35,7.25,7.45,7.25,470,3897.56,2.44,37575,450,10492.85
NIFTY,28-Feb-2018,28-Mar-2018,CE,11100,5.1,6.15,4.55,5.5,5.1,5.5,25900,215720.27,102.77,1223775,9750,10492.85
NIFTY,28-Feb-2018,28-Mar-2018,CE,10300,285,312.4,252.05,283.15,283.6,283.15,4022,31902.16,832.21,578475,13650,10492.85
NIFTY,28-Feb-2018,28-Mar-2018,CE,10350,233.6,266.2,221,245,247,245,128,1016.67,23.07,32550,-900,10492.85
NIFTY,28-Feb-2018,28-Mar-2018,CE,10400,200.8,237.95,184.75,213.25,212,213.25,27401,217948.82,4221.02,1009650,37350,10492.85
NIFTY,28-Feb-2018,28-Mar-2018,CE,10450,162.6,201.65,154,178.5,179,178.5,3520,28043.65,455.65,76425,-1875,10492.85
NIFTY,28-Feb-2018,28-Mar-2018,CE,10500,145.6,171.55,126,149.1,149,149.1,141489,1129567.75,15341.88,2760300,431850,10492.85
NIFTY,28-Feb-2018,28-Mar-2018,CE,10550,104.35,140.4,101.25,120.75,120.9,120.75,13549,108402.91,1196.45,300000,142200,10492.85
NIFTY,28-Feb-2018,28-Mar-2018,CE,10600,90.2,114.5,77.1,96.75,96,96.75,172087,1380220.64,12128.99,2696625,-247875,10492.85
NIFTY,28-Feb-2018,28-Mar-2018,CE,10650,68.7,90.95,61,76.3,74.85,76.3,6131,49307.07,335.71,206400,-19875,10492.85
NIFTY,28-Feb-2018,28-Mar-2018,CE,10700,55.2,70.35,46,58.55,57.6,58.55,126832,1023191.29,5364.49,3681675,424875,10492.85
NIFTY,28-Feb-2018,28-Mar-2018,CE,10750,35.15,52.5,28.9,43.45,42.9,43.45,4071,32950.1,127.67,151050,8325,10492.85
NIFTY,28-Feb-2018,28-Mar-2018,CE,10800,15,39,15,32.1,31.45,32.1,98564,800683.75,2315.35,2873775,130125,10492.85
NIFTY,28-Feb-2018,28-Mar-2018,CE,10850,23.4,28.05,17.8,22.85,23.95,22.85,2126,17336.09,35.77,85200,2925,10492.85
NIFTY,28-Feb-2018,28-Mar-2018,CE,10900,14.05,20.3,12.9,16.8,16.45,16.8,79591,651636.09,979.67,3015900,585225,10492.85
NIFTY,28-Feb-2018,28-Mar-2018,CE,9700,792,825.2,771.8,815,815,815,166,1308.06,100.41,74325,4725,10492.85
NIFTY,28-Feb-2018,28-Mar-2018,CE,9750,0,0,0,894.9,0,794.2,0,0,0,0,0,10492.85
NIFTY,28-Feb-2018,28-Mar-2018,CE,9800,699.15,749.1,680.1,718.75,720.95,718.75,27,212.67,14.22,84375,-300,10492.85
NIFTY,28-Feb-2018,28-Mar-2018,CE,9850,0,0,0,540.05,540.05,698,0,0,0,1650,0,10492.85
NIFTY,28-Feb-2018,28-Mar-2018,CE,9900,598.9,647.95,589.15,637.5,627.25,637.5,60,473.2,27.7,70500,-600,10492.85
NIFTY,28-Feb-2018,28-Mar-2018,CE,9950,0,0,0,714.3,0,604.25,0,0,0,0,0,10492.85
NIFTY,28-Feb-2018,28-Mar-2018,CE,10000,517.55,572.15,497.95,543.7,539.75,543.7,2010,15867.09,792.09,697650,-37575,10492.85
NIFTY,28-Feb-2018,28-Mar-2018,CE,10050,477,477,477,477,477,477,1,7.9,.36,75,0,10492.85
NIFTY,28-Feb-2018,28-Mar-2018,CE,10100,428,478.55,409.8,449.9,447.7,449.9,583,4608.76,192.54,127725,225,10492.85
NIFTY,28-Feb-2018,28-Mar-2018,CE,10150,374,380,373.75,380,380,380,3,23.68,.85,525,150,10492.85
NIFTY,28-Feb-2018,28-Mar-2018,CE,10200,347.7,392.9,328.85,366.85,362.1,366.85,1353,10713.16,362.71,369900,6825,10492.85
NIFTY,28-Feb-2018,28-Mar-2018,CE,10250,311.8,332.5,306.65,329.2,326.3,329.2,40,317.13,9.63,2475,1725,10492.85
NIFTY,01-Mar-2018,28-Mar-2018,CE,9450,0,0,0,1180.5,0,1054.25,0,0,0,0,0,-
NIFTY,01-Mar-2018,28-Mar-2018,CE,9500,1006.25,1021.85,935.95,954.8,935.95,954.8,172,1350.37,124.87,588000,-1875,-
NIFTY,01-Mar-2018,28-Mar-2018,CE,9550,0,0,0,1084,0,955.15,0,0,0,0,0,-
NIFTY,01-Mar-2018,28-Mar-2018,CE,9600,915,915.5,843.7,851.6,843.7,851.6,107,839.61,69.21,33075,4725,-
NIFTY,01-Mar-2018,28-Mar-2018,CE,10850,20.9,24.15,16,16.95,16.35,16.95,2214,18048.83,32.4,90000,4800,-
NIFTY,01-Mar-2018,28-Mar-2018,CE,10900,14.15,17.5,11.8,12.8,12.3,12.8,84572,692292.74,916.64,2298225,-717675,-
NIFTY,01-Mar-2018,28-Mar-2018,CE,10950,5.8,12.6,5.8,10.05,9.65,10.05,851,6995.79,6.96,50100,-3450,-
NIFTY,01-Mar-2018,28-Mar-2018,CE,11000,9,11.05,7.2,7.7,7.4,7.7,62204,513570.8,387.8,3652575,278700,-
NIFTY,01-Mar-2018,28-Mar-2018,CE,11050,7.25,7.25,5.65,6.05,6,6.05,184,1525.8,.9,38700,1125,-
NIFTY,01-Mar-2018,28-Mar-2018,CE,11100,4.8,5.35,4.25,4.45,4.45,4.45,18793,156518.06,66.34,1243125,19350,-
NIFTY,01-Mar-2018,28-Mar-2018,CE,10450,163.35,184.9,136.35,140.25,138.7,140.25,3591,28560.64,416.18,110775,34350,-
NIFTY,01-Mar-2018,28-Mar-2018,CE,10500,140,155,107,115.3,110,115.3,129732,1034424.98,12785.48,3502200,741900,-
NIFTY,01-Mar-2018,28-Mar-2018,CE,10550,109.35,126,86,91.75,86,91.75,11586,92600.68,926.46,357225,57225,-
NIFTY,01-Mar-2018,28-Mar-2018,CE,10600,84,101,66.6,71.7,68,71.7,136984,1097600.68,8577.88,2949450,252825,-
NIFTY,01-Mar-2018,28-Mar-2018,CE,10650,65.6,79.6,52.05,55.35,52.05,55.35,5600,44997.02,267.02,239175,32775,-
NIFTY,01-Mar-2018,28-Mar-2018,CE,10700,52,61.2,39.6,41.75,39.6,41.75,119058,959790.96,4350.51,4349325,667650,-
NIFTY,01-Mar-2018,28-Mar-2018,CE,10750,51,51,29.4,31,29.75,31,4162,33668.72,112.59,195750,44700,-
NIFTY,01-Mar-2018,28-Mar-2018,CE,10800,27,33.5,21,22.5,21,22.5,121512,986638.04,2390.84,4429425,1555650,-
NIFTY,01-Mar-2018,28-Mar-2018,CE,10050,461.35,461.35,461.35,461.35,461.35,461.35,1,7.88,.35,150,75,-
NIFTY,01-Mar-2018,28-Mar-2018,CE,10100,443.25,455,383,396.3,383,396.3,712,5617.05,223.65,129075,1350,-
NIFTY,01-Mar-2018,28-Mar-2018,CE,10150,301,392.2,301,358.3,358.3,358.3,5,39.43,1.36,375,-150,-
NIFTY,01-Mar-2018,28-Mar-2018,CE,10200,360,369.3,302.55,312.2,302.6,312.2,3988,31509.6,1001.4,387300,17400,-
NIFTY,01-Mar-2018,28-Mar-2018,CE,10250,318,318,257.55,272.9,257.55,272.9,44,347.71,9.46,1650,-825,-
NIFTY,01-Mar-2018,28-Mar-2018,CE,10300,265,291.45,229,238.1,229,238.1,4703,37238.97,908.3,601500,23025,-
NIFTY,01-Mar-2018,28-Mar-2018,CE,10350,237.7,246.55,198,202,199,202,97,768.8,15.83,33525,975,-
NIFTY,01-Mar-2018,28-Mar-2018,CE,10400,186.45,219.95,162.05,170.15,164,170.15,27540,218707.27,3895.27,1313250,303600,-
NIFTY,01-Mar-2018,28-Mar-2018,CE,9650,0,0,0,988.65,0,856.5,0,0,0,0,0,-
NIFTY,01-Mar-2018,28-Mar-2018,CE,9700,808,825.65,764.45,772.95,767.75,772.95,47,369.95,28.03,74100,-225,-
NIFTY,01-Mar-2018,28-Mar-2018,CE,9750,0,0,0,894.9,0,758.8,0,0,0,0,0,-
NIFTY,01-Mar-2018,28-Mar-2018,CE,9800,722.25,727.8,655,664.2,655,664.2,170,1338.46,88.96,88350,3975,-
NIFTY,01-Mar-2018,28-Mar-2018,CE,9850,0,0,0,540.05,540.05,662.65,0,0,0,1650,0,-
NIFTY,01-Mar-2018,28-Mar-2018,CE,9900,623.1,629.6,560.75,568,560.75,568,133,1046.72,59.19,63600,-6900,-
NIFTY,01-Mar-2018,28-Mar-2018,CE,9950,0,0,0,714.3,0,569.05,0,0,0,0,0,-
NIFTY,01-Mar-2018,28-Mar-2018,CE,10000,520,548.15,470,480.6,470.1,480.6,722,5689.24,274.24,687750,-9900,-
NIFTY,05-Mar-2018,28-Mar-2018,CE,9450,0,0,0,1180.5,0,949.35,0,0,0,0,0,-
NIFTY,05-Mar-2018,28-Mar-2018,CE,9500,878,885,823,864.25,860.85,864.25,529,4106.84,337.72,597075,9075,-
NIFTY,05-Mar-2018,28-Mar-2018,CE,9550,0,0,0,1084,0,850.35,0,0,0,0,0,-
NIFTY,05-Mar-2018,28-Mar-2018,CE,9600,778.8,778.8,730.1,763.25,763.25,763.25,55,427.01,31.01,31800,-1275,-
NIFTY,05-Mar-2018,28-Mar-2018,CE,9650,0,0,0,988.65,0,752.05,0,0,0,0,0,-
NIFTY,05-Mar-2018,28-Mar-2018,CE,10900,12.3,18,7.2,8.8,8.7,8.8,72217,590829.29,455.31,2110800,-187425,-
NIFTY,05-Mar-2018,28-Mar-2018,CE,10950,7.6,7.6,6.35,7.4,7.15,7.4,576,4733.45,3.05,48450,-1650,-
NIFTY,05-Mar-2018,28-Mar-2018,CE,11000,7.4,7.7,5,5.75,5.75,5.75,58593,483631.27,239.02,3720225,67650,-
NIFTY,05-Mar-2018,28-Mar-2018,CE,11050,5.7,5.7,4.15,4.95,4.95,4.95,168,1392.88,.58,39750,1050,-
NIFTY,05-Mar-2018,28-Mar-2018,CE,11100,4.75,5.15,3.3,3.9,3.95,3.9,16301,135749.88,44.06,1176825,-66300,-
NIFTY,05-Mar-2018,28-Mar-2018,CE,10500,89.7,89.85,70.55,79.95,79.6,79.95,200678,1592130.98,11791.73,3924150,421950,-
NIFTY,05-Mar-2018,28-Mar-2018,CE,10550,74.85,74.85,52.2,62.05,62,62.05,7011,55795.23,320.69,386400,29175,-
NIFTY,05-Mar-2018,28-Mar-2018,CE,10600,42,54.55,41.2,47.4,46.85,47.4,151241,1207634.08,5268.13,3430800,481350,-
NIFTY,05-Mar-2018,28-Mar-2018,CE,10650,48.2,48.2,31,35.9,35.9,35.9,5826,46689.43,154.25,307650,68475,-
NIFTY,05-Mar-2018,28-Mar-2018,CE,10700,31.6,31.6,23.1,26.8,26.8,26.8,162192,1304756.97,3166.17,5322900,973575,-
NIFTY,05-Mar-2018,28-Mar-2018,CE,10750,24.65,24.7,17.6,20.5,20.5,20.5,4330,34974.22,63.59,215550,19800,-
NIFTY,05-Mar-2018,28-Mar-2018,CE,10800,19,22.7,12.85,15.25,15.2,15.25,121121,982402.08,1321.98,3184500,-1244925,-
NIFTY,05-Mar-2018,28-Mar-2018,CE,10850,18.95,19,9.1,12,12.1,12,1590,12952.01,13.39,112875,22875,-
NIFTY,05-Mar-2018,28-Mar-2018,CE,10100,325,338.95,296.5,321.75,316.45,321.75,1913,14944.58,453.61,138375,9300,-
NIFTY,05-Mar-2018,28-Mar-2018,CE,10150,0,0,0,358.3,358.3,304.8,0,0,0,375,0,-
NIFTY,05-Mar-2018,28-Mar-2018,CE,10200,285.4,285.45,224,247.05,245.45,247.05,8853,69344.37,1618.92,472275,84975,-
NIFTY,05-Mar-2018,28-Mar-2018,CE,10250,200,237,193.2,214.2,210.45,214.2,134,1051.11,20.98,2925,1275,-
NIFTY,05-Mar-2018,28-Mar-2018,CE,10300,198.85,198.95,161.8,179.85,176,179.85,42142,331142.84,5595.89,977850,376350,-
NIFTY,05-Mar-2018,28-Mar-2018,CE,10350,151.45,163.95,136.25,151.15,150,151.15,10639,83771.98,1186.74,195150,161625,-
NIFTY,05-Mar-2018,28-Mar-2018,CE,10400,123.9,135.75,110.1,123.95,123.65,123.95,175191,1382488,15998.2,3330825,2017575,-
NIFTY,05-Mar-2018,28-Mar-2018,CE,10450,97.25,130.65,89.35,101.05,100.5,101.05,12600,99686.34,933.84,279975,169200,-
NIFTY,05-Mar-2018,28-Mar-2018,CE,9700,690,690,641.5,656.1,656.1,656.1,78,606.31,38.86,70200,-3900,-
NIFTY,05-Mar-2018,28-Mar-2018,CE,9750,0,0,0,894.9,0,655.1,0,0,0,0,0,-
NIFTY,05-Mar-2018,28-Mar-2018,CE,9800,593.95,593.95,545,580.7,580.55,580.7,105,816.65,44.9,87600,-750,-
NIFTY,05-Mar-2018,28-Mar-2018,CE,9850,0,0,0,540.05,540.05,560.45,0,0,0,1650,0,-
NIFTY,05-Mar-2018,28-Mar-2018,CE,9900,505.8,511.25,460,488.3,486.6,488.3,244,1899.57,87.87,60600,-3000,-
NIFTY,05-Mar-2018,28-Mar-2018,CE,9950,451,451,451,451,451,451,1,7.8,.34,75,75,-
NIFTY,05-Mar-2018,28-Mar-2018,CE,10000,411.7,422,375,404.65,401.2,404.65,2636,20556.73,786.73,681750,-6000,-
NIFTY,05-Mar-2018,28-Mar-2018,CE,10050,360,363,332.9,332.9,332.9,332.9,3,23.4,.79,225,75,-
NIFTY,06-Mar-2018,28-Mar-2018,CE,9450,0,0,0,1180.5,0,839.35,0,0,0,0,0,-
NIFTY,06-Mar-2018,28-Mar-2018,CE,9500,925,927,729.25,750.5,729.25,750.5,711,5519.52,453.64,588000,-9075,-
NIFTY,06-Mar-2018,28-Mar-2018,CE,9550,880,880,850,850,850,850,2,15.62,1.3,0,0,-
NIFTY,06-Mar-2018,28-Mar-2018,CE,9600,820,830,639,639,639,639,63,489.28,35.68,31800,0,-
NIFTY,06-Mar-2018,28-Mar-2018,CE,9650,0,0,0,988.65,0,644.35,0,0,0,0,0,-
NIFTY,06-Mar-2018,28-Mar-2018,CE,10900,17.9,17.9,5.55,6.2,5.75,6.2,57282,468623.73,343.38,2149275,38475,-
NIFTY,06-Mar-2018,28-Mar-2018,CE,10950,8.15,8.3,5.2,5.5,5.45,5.5,643,5283.89,3.25,42525,-5925,-
NIFTY,06-Mar-2018,28-Mar-2018,CE,11000,7,7.15,4.1,4.45,4.35,4.45,43182,356427.48,175.98,3784800,64575,-
NIFTY,06-Mar-2018,28-Mar-2018,CE,11050,5.35,6.75,3.95,4.3,6.75,4.3,219,1815.73,.77,40050,300,-
NIFTY,06-Mar-2018,28-Mar-2018,CE,11100,4.3,4.6,3.2,3.35,3.45,3.35,10765,89648.88,30.26,1149150,-27675,-
NIFTY,06-Mar-2018,28-Mar-2018,CE,10500,92,99.7,44.55,50.75,45.5,50.75,233706,1853593.57,13158.82,4590000,665850,-
NIFTY,06-Mar-2018,28-Mar-2018,CE,10550,63,77.8,34.15,38.9,35,38.9,8371,66601.99,366.45,403950,17550,-
NIFTY,06-Mar-2018,28-Mar-2018,CE,10600,52.55,59.65,26.15,29.85,27,29.85,186625,1489823.99,6155.24,3842775,411975,-
NIFTY,06-Mar-2018,28-Mar-2018,CE,10650,40,45.95,20.4,22.55,20.5,22.55,7083,56750.88,175.41,325875,18225,-
NIFTY,06-Mar-2018,28-Mar-2018,CE,10700,30.05,34,15.3,17.4,15.45,17.4,145166,1167631.2,2674.05,4586775,-736125,-
NIFTY,06-Mar-2018,28-Mar-2018,CE,10750,25.15,25.7,12.05,13.5,12.4,13.5,3277,26467.64,46.83,228825,13275,-
NIFTY,06-Mar-2018,28-Mar-2018,CE,10800,18.5,19.35,9.1,10.2,9.3,10.2,86834,704285.43,930.03,3310125,125625,-
NIFTY,06-Mar-2018,28-Mar-2018,CE,10850,14.75,14.75,7.55,8.4,7.75,8.4,1655,13481.36,13.8,132825,19950,-
NIFTY,06-Mar-2018,28-Mar-2018,CE,10100,345,372.9,221.55,239.05,223.05,239.05,4392,34197.41,928.01,239625,101250,-
NIFTY,06-Mar-2018,28-Mar-2018,CE,10150,317.05,317.05,195,201.85,195.05,201.85,55,427.75,9.07,2850,2475,-
NIFTY,06-Mar-2018,28-Mar-2018,CE,10200,276.8,290,161,173.95,162,173.95,19967,155921.28,3173.73,897375,425100,-
NIFTY,06-Mar-2018,28-Mar-2018,CE,10250,239.1,250,135.85,145.6,136,145.6,1970,15363.01,218.64,69825,66900,-
NIFTY,06-Mar-2018,28-Mar-2018,CE,10300,199.45,216.4,110,121.65,110.4,121.65,93888,735704.23,10419.43,2690625,1712775,-
NIFTY,06-Mar-2018,28-Mar-2018,CE,10350,163.95,184,90.05,100.1,90.7,100.1,8129,63928.5,827.14,223725,28575,-
NIFTY,06-Mar-2018,28-Mar-2018,CE,10400,139.95,152.2,71.55,80.55,72.35,80.55,209919,1655510.29,18142.09,3886425,555600,-
NIFTY,06-Mar-2018,28-Mar-2018,CE,10450,107.3,124.6,56.7,62.65,57,62.65,17874,141367.85,1280.38,294225,14250,-
NIFTY,06-Mar-2018,28-Mar-2018,CE,9700,730,730,553,567.05,553,567.05,20,154.73,9.23,70875,675,-
NIFTY,06-Mar-2018,28-Mar-2018,CE,9750,0,0,0,894.9,0,549.95,0,0,0,0,0,-
NIFTY,06-Mar-2018,28-Mar-2018,CE,9800,632.45,641.4,455,492.7,455,492.7,71,551.09,29.24,86775,-825,-
NIFTY,06-Mar-2018,28-Mar-2018,CE,9850,0,0,0,540.05,540.05,459.35,0,0,0,1650,0,-
NIFTY,06-Mar-2018,28-Mar-2018,CE,9900,530,546,373.05,388.75,373.05,388.75,145,1124.76,48.13,63900,3300,-
NIFTY,06-Mar-2018,28-Mar-2018,CE,9950,0,0,0,451,451,374.15,0,0,0,75,0,-
NIFTY,06-Mar-2018,28-Mar-2018,CE,10000,437.95,459,293.15,308.8,295,308.8,4857,37774.7,1347.2,788475,106725,-
NIFTY,06-Mar-2018,28-Mar-2018,CE,10050,0,0,0,332.9,332.9,296.6,0,0,0,225,0,-
NIFTY,07-Mar-2018,28-Mar-2018,CE,9450,0,0,0,1180.5,0,744.25,0,0,0,0,0,10154.2
NIFTY,07-Mar-2018,28-Mar-2018,CE,9500,719,752,665,677.9,682.15,677.9,706,5404.04,373.79,608625,20625,10154.2
NIFTY,07-Mar-2018,28-Mar-2018,CE,9550,0,0,0,850,850,647.15,0,0,0,0,0,10154.2
NIFTY,07-Mar-2018,28-Mar-2018,CE,9600,639,652,575.9,586,593.6,586,228,1748.64,107.04,29850,-1950,10154.2
NIFTY,07-Mar-2018,28-Mar-2018,CE,9650,0,0,0,988.65,0,552.35,0,0,0,0,0,10154.2
NIFTY,07-Mar-2018,28-Mar-2018,CE,10900,5.95,6.4,3.55,3.85,3.7,3.85,50024,409117.39,171.19,2083575,-65700,10154.2
NIFTY,07-Mar-2018,28-Mar-2018,CE,10950,4.35,4.95,3.15,3.85,3.95,3.85,313,2571.5,.99,40575,-1950,10154.2
NIFTY,07-Mar-2018,28-Mar-2018,CE,11000,5.1,5.1,3.15,3.45,3.5,3.45,46901,387063.34,130.09,3697575,-87225,10154.2
NIFTY,07-Mar-2018,28-Mar-2018,CE,11050,3.7,3.95,2.65,3.1,3,3.1,196,1624.84,.49,39075,-975,10154.2
NIFTY,07-Mar-2018,28-Mar-2018,CE,11100,3.2,3.4,2.65,2.95,2.9,2.95,5751,47889.66,12.59,1056225,-92925,10154.2
NIFTY,07-Mar-2018,28-Mar-2018,CE,10500,46.8,47.2,25.55,27.8,28.7,27.8,199466,1576149.19,5354.44,4937175,347175,10154.2
NIFTY,07-Mar-2018,28-Mar-2018,CE,10550,32.25,35.65,19,21.15,21.9,21.15,11081,87903.17,224.76,343275,-60675,10154.2
NIFTY,07-Mar-2018,28-Mar-2018,CE,10600,24.65,28.8,13.85,15.25,15.15,15.25,195182,1554687.65,2990.75,5137200,1294425,10154.2
NIFTY,07-Mar-2018,28-Mar-2018,CE,10650,12.65,20.65,11.25,12.5,12.5,12.5,6024,48188.47,71.77,357000,31125,10154.2
NIFTY,07-Mar-2018,28-Mar-2018,CE,10700,14.35,15.5,8.75,9.4,9.4,9.4,159315,1279991.78,1488.9,3811275,-775500,10154.2
NIFTY,07-Mar-2018,28-Mar-2018,CE,10750,10.55,12,7.05,7.75,8,7.75,2771,22361.32,20.13,264375,35550,10154.2
NIFTY,07-Mar-2018,28-Mar-2018,CE,10800,8.9,9.35,5.45,5.75,5.85,5.75,86890,704291.82,482.82,3454500,144375,10154.2
NIFTY,07-Mar-2018,28-Mar-2018,CE,10850,6.7,7.25,2.55,4.6,5.15,4.6,1538,12522.15,6.67,117750,-15075,10154.2
NIFTY,07-Mar-2018,28-Mar-2018,CE,10100,219.55,238.5,167.6,177.85,182.85,177.85,27644,213410.28,4006.98,713475,473850,10154.2
NIFTY,07-Mar-2018,28-Mar-2018,CE,10150,176.65,205.35,141.7,150.3,157.35,150.3,3043,23529.23,364.4,66300,63450,10154.2
NIFTY,07-Mar-2018,28-Mar-2018,CE,10200,160.7,173.7,114.95,122.3,127.4,122.3,156678,1214917.28,16330.58,2421675,1524300,10154.2
NIFTY,07-Mar-2018,28-Mar-2018,CE,10250,148.9,148.9,94,100.4,103.75,100.4,10484,81525.43,929.68,114975,45150,10154.2
NIFTY,07-Mar-2018,28-Mar-2018,CE,10300,103.9,118.9,73.4,79.45,81.85,79.45,222383,1733626.83,15718.16,3225600,534975,10154.2
NIFTY,07-Mar-2018,28-Mar-2018,CE,10350,77.6,97,58,61.55,64.95,61.55,7673,60008.67,447,223575,-150,10154.2
NIFTY,07-Mar-2018,28-Mar-2018,CE,10400,65.75,77.35,44.35,48.05,49,48.05,217355,1705241.98,9872.98,3838500,-47925,10154.2
NIFTY,07-Mar-2018,28-Mar-2018,CE,10450,55.95,60.9,34,36.6,38.2,36.6,10756,84682.32,382.17,300375,6150,10154.2
NIFTY,07-Mar-2018,28-Mar-2018,CE,9700,536.5,562.95,482.8,492.35,499.95,492.35,169,1292.58,63.1,63675,-7200,10154.2
NIFTY,07-Mar-2018,28-Mar-2018,CE,9750,0,0,0,894.9,0,461.15,0,0,0,0,0,10154.2
NIFTY,07-Mar-2018,28-Mar-2018,CE,9800,443.05,477,390,400.15,410,400.15,783,6009.26,254.21,102900,16125,10154.2
NIFTY,07-Mar-2018,28-Mar-2018,CE,9850,0,0,0,540.05,540.05,375.3,0,0,0,1650,0,10154.2
NIFTY,07-Mar-2018,28-Mar-2018,CE,9900,357.3,391.75,308,321.7,326.95,321.7,952,7315.44,246.84,76800,12900,10154.2
NIFTY,07-Mar-2018,28-Mar-2018,CE,9950,0,0,0,451,451,296.65,0,0,0,75,0,10154.2
NIFTY,07-Mar-2018,28-Mar-2018,CE,10000,271.95,310,233.25,245.05,251.5,245.05,14941,115059.09,3001.59,983775,195300,10154.2
NIFTY,07-Mar-2018,28-Mar-2018,CE,10050,260,260,206.95,212.95,215,212.95,16,123.29,2.69,675,450,10154.2
NIFTY,08-Mar-2018,28-Mar-2018,CE,10900,5,5,3.05,3.55,3.35,3.55,16682,136417.44,42.09,1949475,-134100,-
NIFTY,08-Mar-2018,28-Mar-2018,CE,10950,3.5,3.95,2.55,3.95,3.95,3.95,163,1339.05,.41,39300,-1275,-
NIFTY,08-Mar-2018,28-Mar-2018,CE,11000,3.8,4,2.7,3,2.95,3,20237,166999.64,44.39,3476850,-220725,-
NIFTY,08-Mar-2018,28-Mar-2018,CE,11050,3,4.2,2.05,2.95,3.65,2.95,44,364.75,.1,39825,750,-
NIFTY,08-Mar-2018,28-Mar-2018,CE,11100,2.95,3,2.05,2.25,2.05,2.25,3320,27644.85,5.85,1020300,-35925,-
NIFTY,08-Mar-2018,28-Mar-2018,CE,10500,34.95,36.6,22,30.1,27.5,30.1,205273,1620736.51,4211.64,5240700,303525,-
NIFTY,08-Mar-2018,28-Mar-2018,CE,10550,25,27,16.5,21.85,20.8,21.85,6509,51601.49,99.03,319650,-23625,-
NIFTY,08-Mar-2018,28-Mar-2018,CE,10600,18.25,20,11.85,16.4,15,16.4,131797,1049237.35,1451.2,3540825,-1596375,-
NIFTY,08-Mar-2018,28-Mar-2018,CE,10650,13.65,15.5,9.3,12.45,11.7,12.45,3360,26866.84,28.84,341700,-15300,-
NIFTY,08-Mar-2018,28-Mar-2018,CE,10700,11.45,11.55,7.2,9.55,8.85,9.55,92248,740903.39,613.19,3737850,-73425,-
NIFTY,08-Mar-2018,28-Mar-2018,CE,10750,9,9,5.55,7.25,7.2,7.25,2011,16223.61,9.92,201075,-63300,-
NIFTY,08-Mar-2018,28-Mar-2018,CE,10800,7,7,4.45,5.65,5.35,5.65,45498,368714.89,181.09,3237225,-217275,-
NIFTY,08-Mar-2018,28-Mar-2018,CE,10850,5.15,5.25,3.85,4.65,4.5,4.65,402,3272.64,1.37,116100,-1650,-
NIFTY,08-Mar-2018,28-Mar-2018,CE,10100,198.95,233.6,164.7,211,201.45,211,42324,326734.33,6130.03,786300,72825,-
NIFTY,08-Mar-2018,28-Mar-2018,CE,10150,160.55,197.25,136.05,169.7,168,169.7,5093,39375.7,605.24,65700,-600,-
NIFTY,08-Mar-2018,28-Mar-2018,CE,10200,150.25,165.5,110.55,142.6,139.55,142.6,162711,1260915.9,16176.75,2355900,-65775,-
NIFTY,08-Mar-2018,28-Mar-2018,CE,10250,129.9,134,87.95,114.15,112.75,114.15,14955,116176.33,1209.76,263925,148950,-
NIFTY,08-Mar-2018,28-Mar-2018,CE,10300,95.55,108,68.8,91.75,87,91.75,229257,1785720.73,14710.41,3393900,168300,-
NIFTY,08-Mar-2018,28-Mar-2018,CE,10350,83.45,84,52.1,70.7,66.4,70.7,17352,135546.99,852.09,549450,325875,-
NIFTY,08-Mar-2018,28-Mar-2018,CE,10400,57.9,65.7,40.2,55.3,50.55,55.3,215024,1685357.33,8170.13,3633750,-204750,-
NIFTY,08-Mar-2018,28-Mar-2018,CE,10450,48,49.8,29.7,41.2,38.3,41.2,6709,52775.3,193.52,292425,-7950,-
NIFTY,08-Mar-2018,28-Mar-2018,CE,9700,530,566,482.95,543.95,533.3,543.95,195,1493.27,74.64,73125,9450,-
NIFTY,08-Mar-2018,28-Mar-2018,CE,9750,0,0,0,894.9,0,540.2,0,0,0,0,0,-
NIFTY,08-Mar-2018,28-Mar-2018,CE,9800,445.45,482.45,387.1,444.55,444.15,444.55,646,4955.79,207.69,105000,2100,-
NIFTY,08-Mar-2018,28-Mar-2018,CE,9850,0,0,0,540.05,540.05,449.4,0,0,0,1650,0,-
NIFTY,08-Mar-2018,28-Mar-2018,CE,9900,360,393.95,307,372.05,359.9,372.05,888,6820.56,227.16,79950,3150,-
NIFTY,08-Mar-2018,28-Mar-2018,CE,9950,335,335,335,335,335,335,1,7.71,.25,0,-75,-
NIFTY,08-Mar-2018,28-Mar-2018,CE,10000,272.5,312.1,231,282.35,279,282.35,9346,71951.27,1856.27,992250,8475,-
NIFTY,08-Mar-2018,28-Mar-2018,CE,10050,250,250,196.9,237.4,235.05,237.4,53,408.36,8.87,750,75,-
NIFTY,08-Mar-2018,28-Mar-2018,CE,9450,0,0,0,1180.5,0,830.1,0,0,0,0,0,-
NIFTY,08-Mar-2018,28-Mar-2018,CE,9500,723,769,663.25,744.3,724.8,744.3,441,3376.36,234.23,612075,3450,-
NIFTY,08-Mar-2018,28-Mar-2018,CE,9550,0,0,0,850,850,731.75,0,0,0,0,0,-
NIFTY,08-Mar-2018,28-Mar-2018,CE,9600,638.8,650.8,572.75,631.45,631,631.45,131,1003.04,59.84,27825,-2025,-
NIFTY,08-Mar-2018,28-Mar-2018,CE,9650,0,0,0,988.65,0,634.8,0,0,0,0,0,-
NIFTY,09-Mar-2018,28-Mar-2018,CE,9450,0,0,0,1180.5,0,812.45,0,0,0,0,0,-
NIFTY,09-Mar-2018,28-Mar-2018,CE,9500,752.05,790,700,712.15,720,712.15,499,3839.04,283.67,594375,-17700,-
NIFTY,09-Mar-2018,28-Mar-2018,CE,9550,0,0,0,850,850,713.85,0,0,0,0,0,-
NIFTY,09-Mar-2018,28-Mar-2018,CE,9600,656,693,623.9,624.5,624.7,624.5,17,130.64,8.24,28050,225,-
NIFTY,09-Mar-2018,28-Mar-2018,CE,9650,0,0,0,988.65,0,616.5,0,0,0,0,0,-
NIFTY,09-Mar-2018,28-Mar-2018,CE,10900,4.2,4.5,3,3.15,3.15,3.15,13965,114199.84,35.96,1906875,-42600,-
NIFTY,09-Mar-2018,28-Mar-2018,CE,10950,2.9,3.75,2.1,3.2,3.75,3.2,45,369.67,.11,37950,-1350,-
NIFTY,09-Mar-2018,28-Mar-2018,CE,11000,3.2,3.2,2.55,2.7,2.6,2.7,14267,117733.44,30.69,3395550,-81300,-
NIFTY,09-Mar-2018,28-Mar-2018,CE,11050,1.25,4,1.25,2.65,2.65,2.65,44,364.75,.1,40275,450,-
NIFTY,09-Mar-2018,28-Mar-2018,CE,11100,2.3,2.5,1.9,2.3,2.3,2.3,1332,11091.15,2.25,1006500,-13800,-
NIFTY,09-Mar-2018,28-Mar-2018,CE,10500,31.2,36.45,20.7,22.6,22.3,22.6,164568,1299535.61,3562.61,5488800,248100,-
NIFTY,09-Mar-2018,28-Mar-2018,CE,10550,20,26.65,15.3,16.8,16.7,16.8,4033,31975.77,64.66,338250,18600,-
NIFTY,09-Mar-2018,28-Mar-2018,CE,10600,14.6,19.2,11.25,12.15,12,12.15,100593,800873.49,1159.14,3674325,133500,-
NIFTY,09-Mar-2018,28-Mar-2018,CE,10650,12.9,14.5,9,9.65,9.25,9.65,1664,13305.7,14.5,348750,7050,-
NIFTY,09-Mar-2018,28-Mar-2018,CE,10700,10.2,10.9,6.8,7.25,7,7.25,68054,546587.79,454.44,3409425,-328425,-
NIFTY,09-Mar-2018,28-Mar-2018,CE,10750,10,14.9,5.6,5.95,5.7,5.95,1041,8398.68,5.61,202725,1650,-
NIFTY,09-Mar-2018,28-Mar-2018,CE,10800,6.05,6.45,4.25,4.55,4.5,4.55,41038,332571.44,163.64,3178050,-59175,-
NIFTY,09-Mar-2018,28-Mar-2018,CE,10850,4.5,4.8,4,4.05,4,4.05,230,1872.37,.75,117375,1275,-
NIFTY,09-Mar-2018,28-Mar-2018,CE,10100,221.55,243.8,169.85,185.5,186.55,185.5,11487,88830.38,1816.35,817425,31125,-
NIFTY,09-Mar-2018,28-Mar-2018,CE,10150,182.95,205,144.35,154.95,158,154.95,2242,17364.86,297.63,41625,-24075,-
NIFTY,09-Mar-2018,28-Mar-2018,CE,10200,151,173,113.35,123.8,125,123.8,100314,778270.2,10868.1,2445825,89925,-
NIFTY,09-Mar-2018,28-Mar-2018,CE,10250,129,140,90,97.9,99.65,97.9,12682,98607.47,1114.59,269025,5100,-
NIFTY,09-Mar-2018,28-Mar-2018,CE,10300,101.5,112.4,66.6,75.4,76.8,75.4,269672,2101991.41,18775.21,3746400,352500,-
NIFTY,09-Mar-2018,28-Mar-2018,CE,10350,79.9,86.5,51.5,56.8,57,56.8,15879,124125.92,865.18,413475,-135975,-
NIFTY,09-Mar-2018,28-Mar-2018,CE,10400,55,66.65,38.2,42.5,42.5,42.5,219956,1724526.38,8869.58,3805125,171375,-
NIFTY,09-Mar-2018,28-Mar-2018,CE,10450,45.1,50,27.65,30.6,31,30.6,14058,110608.48,428.91,413400,120975,-
NIFTY,09-Mar-2018,28-Mar-2018,CE,9700,560.2,596.4,508.9,508.9,508.9,508.9,31,238.55,13.03,72750,-375,-
NIFTY,09-Mar-2018,28-Mar-2018,CE,9750,0,0,0,894.9,0,521.45,0,0,0,0,0,-
NIFTY,09-Mar-2018,28-Mar-2018,CE,9800,455.8,501.85,414.85,432.45,437.65,432.45,238,1830.41,81.11,105225,225,-
NIFTY,09-Mar-2018,28-Mar-2018,CE,9850,425,446.45,386.15,386.15,386.15,386.15,21,161.95,6.82,1425,-225,-
NIFTY,09-Mar-2018,28-Mar-2018,CE,9900,376,411,328,342.9,342.8,342.9,697,5370.55,195.32,82275,2325,-
NIFTY,09-Mar-2018,28-Mar-2018,CE,9950,0,0,0,335,335,344.7,0,0,0,0,0,-
NIFTY,09-Mar-2018,28-Mar-2018,CE,10000,301.35,328.5,246.95,258.8,264.05,258.8,6424,49563.9,1383.9,999225,6975,-
NIFTY,09-Mar-2018,28-Mar-2018,CE,10050,254.95,270.3,217.5,218.75,220,218.75,10,77.23,1.85,675,-75,-
NIFTY,12-Mar-2018,28-Mar-2018,CE,9450,0,0,0,1180.5,0,1001.1,0,0,0,0,0,-
NIFTY,12-Mar-2018,28-Mar-2018,CE,9500,810.8,935.05,798.95,928.95,933,928.95,607,4708.94,384.07,589575,-4800,-
NIFTY,12-Mar-2018,28-Mar-2018,CE,9550,0,0,0,850,850,901.75,0,0,0,0,0,-
NIFTY,12-Mar-2018,28-Mar-2018,CE,9600,730.7,830,720.6,830,830,830,41,318.63,23.43,28800,750,-
NIFTY,12-Mar-2018,28-Mar-2018,CE,9650,0,0,0,988.65,0,802.8,0,0,0,0,0,-
NIFTY,12-Mar-2018,28-Mar-2018,CE,10900,3.9,5.2,1.65,5,5.2,5,28911,236434.42,87,1708425,-198450,-
NIFTY,12-Mar-2018,28-Mar-2018,CE,10950,2.15,4.35,2.15,4.25,4.3,4.25,236,1938.76,.61,36825,-1125,-
NIFTY,12-Mar-2018,28-Mar-2018,CE,11000,3.1,3.5,2.4,3.3,3.35,3.3,25556,210894.36,57.36,3232500,-163050,-
NIFTY,12-Mar-2018,28-Mar-2018,CE,11050,2.5,3.9,2.3,3.2,3,3.2,30,248.69,.06,39000,-1275,-
NIFTY,12-Mar-2018,28-Mar-2018,CE,11100,2.75,2.8,2,2.4,2.5,2.4,2801,23323.19,4.87,986850,-19650,-
NIFTY,12-Mar-2018,28-Mar-2018,CE,10500,32,79.9,32,76.1,77,76.1,274568,2172655.42,10432.42,4842675,-646125,-
NIFTY,12-Mar-2018,28-Mar-2018,CE,10550,24.75,59.15,19.3,56.25,57.4,56.25,10192,80950.45,306.25,312300,-25950,-
NIFTY,12-Mar-2018,28-Mar-2018,CE,10600,17.95,42.8,16.8,40.5,41.2,40.5,205079,1634460.04,4081.99,5178300,1503975,-
NIFTY,12-Mar-2018,28-Mar-2018,CE,10650,1.7,30.3,1.7,28.9,29.5,28.9,5849,46810.01,91.12,291975,-56775,-
NIFTY,12-Mar-2018,28-Mar-2018,CE,10700,9.05,21.45,9,20.3,20.8,20.3,117822,946721.31,1199.76,2950725,-458700,-
NIFTY,12-Mar-2018,28-Mar-2018,CE,10750,7.5,14.8,7,14.25,14.65,14.25,2596,20950.72,20.47,188175,-14550,-
NIFTY,12-Mar-2018,28-Mar-2018,CE,10800,2.15,10.6,2.15,10,10.35,10,63581,515351.11,345.01,3056250,-121800,-
NIFTY,12-Mar-2018,28-Mar-2018,CE,10850,4.6,7.4,4.3,7.05,7.3,7.05,978,7962.76,4.29,124050,6675,-
NIFTY,12-Mar-2018,28-Mar-2018,CE,10100,258.95,364.85,241.05,357.6,358.75,357.6,8078,62942.94,1752.09,704625,-112800,-
NIFTY,12-Mar-2018,28-Mar-2018,CE,10150,215.85,317.95,204.15,311.85,314.1,311.85,437,3403.99,77.33,27975,-13650,-
NIFTY,12-Mar-2018,28-Mar-2018,CE,10200,159.8,281.45,159.75,274.25,275,274.25,56405,440117.07,8618.82,1619550,-826275,-
NIFTY,12-Mar-2018,28-Mar-2018,CE,10250,132,238.05,129.45,233.7,235.15,233.7,5902,46104.35,732.72,156225,-112800,-
NIFTY,12-Mar-2018,28-Mar-2018,CE,10300,104.85,201,104.85,193.55,196.5,193.55,188856,1478964.19,20051.59,2683425,-1062975,-
NIFTY,12-Mar-2018,28-Mar-2018,CE,10350,84.9,164.95,82.9,157.55,161.1,157.55,21192,166285.66,1782.76,320550,-92925,-
NIFTY,12-Mar-2018,28-Mar-2018,CE,10400,69.95,132.25,53.65,126.6,129,126.6,248660,1956223.57,16675.57,3935175,130050,-
NIFTY,12-Mar-2018,28-Mar-2018,CE,10450,45.35,103.9,45.35,99.95,102.1,99.95,17692,139612.66,951.61,341475,-71925,-
NIFTY,12-Mar-2018,28-Mar-2018,CE,9700,600,732,600,728.4,732,728.4,32,248.4,15.6,73650,900,-
NIFTY,12-Mar-2018,28-Mar-2018,CE,9750,0,0,0,894.9,0,704.8,0,0,0,0,0,-
NIFTY,12-Mar-2018,28-Mar-2018,CE,9800,513.6,639,505,632.2,631.45,632.2,175,1360.99,74.74,104475,-750,-
NIFTY,12-Mar-2018,28-Mar-2018,CE,9850,0,0,0,386.15,386.15,608.45,0,0,0,1425,0,-
NIFTY,12-Mar-2018,28-Mar-2018,CE,9900,430,545.8,410,539.45,538.5,539.45,666,5172.22,227.17,79350,-2925,-
NIFTY,12-Mar-2018,28-Mar-2018,CE,9950,0,0,0,335,335,514.85,0,0,0,0,0,-
NIFTY,12-Mar-2018,28-Mar-2018,CE,10000,326.9,455.35,325.1,448.3,450.1,448.3,5136,39997.12,1477.12,925950,-73275,-
NIFTY,12-Mar-2018,28-Mar-2018,CE,10050,306,376.2,299,376.2,376.2,376.2,8,62.28,1.98,900,225,-
NIFTY,13-Mar-2018,28-Mar-2018,CE,9450,0,0,0,1180.5,0,1004.6,0,0,0,0,0,10426.85
NIFTY,13-Mar-2018,28-Mar-2018,CE,9500,934,985,880,931.3,928.6,931.3,498,3901.12,352.87,571650,-17925,10426.85
NIFTY,13-Mar-2018,28-Mar-2018,CE,9550,0,0,0,850,850,905.05,0,0,0,0,0,10426.85
NIFTY,13-Mar-2018,28-Mar-2018,CE,9600,856.9,879,787.9,812.3,812.3,812.3,24,188.13,15.33,28050,-750,10426.85
NIFTY,13-Mar-2018,28-Mar-2018,CE,9650,0,0,0,988.65,0,805.85,0,0,0,0,0,10426.85
NIFTY,13-Mar-2018,28-Mar-2018,CE,10900,5.25,6.55,3.4,4.95,4.7,4.95,45496,372101.02,171.22,1737525,29100,10426.85
NIFTY,13-Mar-2018,28-Mar-2018,CE,10950,5.35,5.35,3.1,3.7,4,3.7,502,4124.28,1.6,43200,6375,10426.85
NIFTY,13-Mar-2018,28-Mar-2018,CE,11000,3.95,3.95,2.4,3.35,3.3,3.35,52051,429548.68,127.93,3524850,292350,10426.85
NIFTY,13-Mar-2018,28-Mar-2018,CE,11050,3.5,4.35,2.05,3.2,2.5,3.2,53,439.37,.13,40200,1200,10426.85
NIFTY,13-Mar-2018,28-Mar-2018,CE,11100,3.5,3.5,1.5,2.4,2.35,2.4,4508,37536.64,7.54,998475,11625,10426.85
NIFTY,13-Mar-2018,28-Mar-2018,CE,10500,74.85,97.95,51.35,72.7,72,72.7,371599,2947503.1,21160.98,4685025,-157650,10426.85
NIFTY,13-Mar-2018,28-Mar-2018,CE,10550,54.4,74.35,37.05,53.5,53.4,53.5,19131,152196.86,822.83,325200,12900,10426.85
NIFTY,13-Mar-2018,28-Mar-2018,CE,10600,40,54.65,25.8,39.1,38,39.1,303576,2422896.74,9467.54,3758925,-1419375,10426.85
NIFTY,13-Mar-2018,28-Mar-2018,CE,10650,17.1,39.15,17.1,27.25,26.7,27.25,12473,99899.96,271.87,318225,26250,10426.85
NIFTY,13-Mar-2018,28-Mar-2018,CE,10700,18.55,27.15,11.65,18.6,17.7,18.6,192679,1549159.96,2910.98,4083525,1132800,10426.85
NIFTY,13-Mar-2018,28-Mar-2018,CE,10750,12.25,18.95,8.45,12.95,12.6,12.95,5407,43648.17,54.23,213000,24825,10426.85
NIFTY,13-Mar-2018,28-Mar-2018,CE,10800,6.25,13.1,5.1,9.1,8.85,9.1,115750,938395.88,820.88,3078000,21750,10426.85
NIFTY,13-Mar-2018,28-Mar-2018,CE,10850,6.3,9.1,4.8,6.55,6.4,6.55,1668,13581.83,8.48,135750,11700,10426.85
NIFTY,13-Mar-2018,28-Mar-2018,CE,10100,339.5,403,306.15,352.7,349.75,352.7,4237,33280.94,1185.66,583125,-121500,10426.85
NIFTY,13-Mar-2018,28-Mar-2018,CE,10150,314.8,357.95,270,307.2,299.4,307.2,63,495.46,15.87,25425,-2550,10426.85
NIFTY,13-Mar-2018,28-Mar-2018,CE,10200,256.3,316.5,225.55,267.55,266.85,267.55,17405,136838.6,3690.35,1412925,-206625,10426.85
NIFTY,13-Mar-2018,28-Mar-2018,CE,10250,219.8,271.65,186.3,226.15,225,226.15,1387,10915.13,252.57,117675,-38550,10426.85
NIFTY,13-Mar-2018,28-Mar-2018,CE,10300,185.45,232,151,190.05,193.35,190.05,61291,482498.85,9025.88,2297325,-386100,10426.85
NIFTY,13-Mar-2018,28-Mar-2018,CE,10350,149.9,195,120.35,154.3,153.2,154.3,7245,57123.18,883.86,268350,-52200,10426.85
NIFTY,13-Mar-2018,28-Mar-2018,CE,10400,105,156.95,92.25,122.55,121.95,122.55,225579,1780749.28,21233.08,3134175,-801000,10426.85
NIFTY,13-Mar-2018,28-Mar-2018,CE,10450,90.8,125.85,69.4,95.1,95.35,95.1,31488,249124.6,2337.4,372450,30975,10426.85
NIFTY,13-Mar-2018,28-Mar-2018,CE,9700,730,778.95,682.35,714.65,714.95,714.65,41,320.67,22.39,73575,-75,10426.85
NIFTY,13-Mar-2018,28-Mar-2018,CE,9750,0,0,0,894.9,0,707.25,0,0,0,0,0,10426.85
NIFTY,13-Mar-2018,28-Mar-2018,CE,9800,620.25,682.35,590,632.4,627.15,632.4,228,1788.89,113.09,97725,-6750,10426.85
NIFTY,13-Mar-2018,28-Mar-2018,CE,9850,0,0,0,386.15,386.15,610.05,0,0,0,1425,0,10426.85
NIFTY,13-Mar-2018,28-Mar-2018,CE,9900,541,585,486.2,527.05,528.2,527.05,213,1667.59,86.07,79800,450,10426.85
NIFTY,13-Mar-2018,28-Mar-2018,CE,9950,540,540,540,540,540,540,1,7.87,.41,75,75,10426.85
NIFTY,13-Mar-2018,28-Mar-2018,CE,10000,428.85,497,394.4,438.95,435.3,438.95,3381,26507.51,1150.01,867600,-58350,10426.85
NIFTY,13-Mar-2018,28-Mar-2018,CE,10050,399.25,440,375.5,375.5,375.5,375.5,10,78.53,3.16,375,-525,10426.85
NIFTY,14-Mar-2018,28-Mar-2018,CE,9450,0,0,0,1180.5,0,986.65,0,0,0,0,0,10410.9
NIFTY,14-Mar-2018,28-Mar-2018,CE,9500,891,940.45,843.35,925.2,940.45,925.2,216,1684.34,145.34,563775,-7875,10410.9
NIFTY,14-Mar-2018,28-Mar-2018,CE,9550,0,0,0,850,850,887.05,0,0,0,0,0,10410.9
NIFTY,14-Mar-2018,28-Mar-2018,CE,9600,792.25,837.35,750.05,821.9,837.35,821.9,37,288.91,22.51,27675,-375,10410.9
NIFTY,14-Mar-2018,28-Mar-2018,CE,9650,0,0,0,988.65,0,787.65,0,0,0,0,0,10410.9
NIFTY,14-Mar-2018,28-Mar-2018,CE,9700,697.5,734,648.75,729.7,734,729.7,45,350.91,23.54,73275,-300,10410.9
NIFTY,14-Mar-2018,28-Mar-2018,CE,9750,0,0,0,894.9,0,688.8,0,0,0,0,0,10410.9
NIFTY,14-Mar-2018,28-Mar-2018,CE,9800,590,633.65,551.7,626.4,633.55,626.4,68,530.27,30.47,97425,-300,10410.9
NIFTY,14-Mar-2018,28-Mar-2018,CE,9850,549.75,549.75,549.75,549.75,549.75,549.75,1,7.8,.41,1350,-75,10410.9
NIFTY,14-Mar-2018,28-Mar-2018,CE,9900,503.95,541.2,458.3,533.8,541.2,533.8,154,1200.19,56.74,78825,-975,10410.9
NIFTY,14-Mar-2018,28-Mar-2018,CE,9950,0,0,0,540,540,495.8,0,0,0,75,0,10410.9
NIFTY,14-Mar-2018,28-Mar-2018,CE,10000,401.8,447,366,437.75,445.3,437.75,1945,15176.27,588.77,865050,-2550,10410.9
NIFTY,14-Mar-2018,28-Mar-2018,CE,10050,376.9,400,376.9,391.4,400,391.4,3,23.48,.87,375,0,10410.9
NIFTY,14-Mar-2018,28-Mar-2018,CE,10100,314.5,357.5,278.6,345.75,357.5,345.75,3909,30531.37,920.7,479025,-104100,10410.9
NIFTY,14-Mar-2018,28-Mar-2018,CE,10150,280,310.95,251.95,307.1,310.95,307.1,36,281.39,7.34,24300,-1125,10410.9
NIFTY,14-Mar-2018,28-Mar-2018,CE,10200,220.1,273.85,202.75,261.95,269,261.95,10731,84015.42,1923.27,1293900,-119025,10410.9
NIFTY,14-Mar-2018,28-Mar-2018,CE,10250,201.15,232.25,168.55,222.7,225.05,222.7,585,4583.22,86.04,116325,-1350,10410.9
NIFTY,14-Mar-2018,28-Mar-2018,CE,10300,170.35,191.9,134.5,182.9,191.5,182.9,57728,452979.92,7031.12,2218725,-78600,10410.9
NIFTY,14-Mar-2018,28-Mar-2018,CE,10350,128.15,155,107.5,147.9,154,147.9,7598,59709,729.53,267900,-450,10410.9
NIFTY,14-Mar-2018,28-Mar-2018,CE,10400,106.5,123.4,81.6,116.95,121.7,116.95,262614,2068282.38,19893.18,4090800,956625,10410.9
NIFTY,14-Mar-2018,28-Mar-2018,CE,10450,85.05,96.1,62.1,91.3,96,91.3,19184,151493.6,1139,378525,6075,10410.9
NIFTY,14-Mar-2018,28-Mar-2018,CE,10500,69,73.4,45.85,68.95,73,68.95,265434,2101884.86,11592.11,4498950,-186075,10410.9
NIFTY,14-Mar-2018,28-Mar-2018,CE,10550,42.45,53.75,32.65,50.85,53,50.85,11039,87696.37,350.28,419700,94500,10410.9
NIFTY,14-Mar-2018,28-Mar-2018,CE,10600,33,39.6,23.3,36.6,39,36.6,168352,1342235.76,3837.36,3820725,61800,10410.9
NIFTY,14-Mar-2018,28-Mar-2018,CE,10650,21.15,28,16.15,25.95,27.75,25.95,11542,92376.19,184.47,368700,50475,10410.9
NIFTY,14-Mar-2018,28-Mar-2018,CE,10700,16.85,19.15,11.2,17.6,19,17.6,96310,773937.58,1049.83,3909300,-174225,10410.9
NIFTY,14-Mar-2018,28-Mar-2018,CE,10750,8.7,13.4,8.3,12.7,13,12.7,2216,17883.77,17.27,196425,-16575,10410.9
NIFTY,14-Mar-2018,28-Mar-2018,CE,10800,7.85,9.45,6.05,8.7,9.15,8.7,59052,478642.73,321.53,3061575,-16425,10410.9
NIFTY,14-Mar-2018,28-Mar-2018,CE,10850,5,6.95,4.8,6.2,6.95,6.2,586,4771.06,2.49,141600,5850,10410.9
NIFTY,14-Mar-2018,28-Mar-2018,CE,10900,4.95,5.1,3.55,4.55,4.85,4.55,24489,200272.04,74.46,1706850,-30675,10410.9
NIFTY,14-Mar-2018,28-Mar-2018,CE,10950,4,4.05,3,3.85,3.75,3.85,203,1667.65,.51,51000,7800,10410.9
NIFTY,14-Mar-2018,28-Mar-2018,CE,11000,2.9,3.45,2.7,3.3,3.4,3.3,23567,194479.78,52.03,3521700,-3150,10410.9
NIFTY,14-Mar-2018,28-Mar-2018,CE,11050,2.05,2.3,2,2.3,2.3,2.3,18,149.2,.03,39150,-1050,10410.9
NIFTY,14-Mar-2018,28-Mar-2018,CE,11100,2.05,2.3,1.7,2.15,2.2,2.15,3269,27219.22,4.79,996300,-2175,10410.9
NIFTY,15-Mar-2018,28-Mar-2018,CE,10850,6.95,6.95,4.5,4.7,4.8,4.7,442,3598.61,1.84,140550,-1050,-
NIFTY,15-Mar-2018,28-Mar-2018,CE,10900,4.45,4.65,3.3,3.7,3.4,3.7,15832,129474.3,47.7,1690650,-16200,-
NIFTY,15-Mar-2018,28-Mar-2018,CE,10950,2.35,4.45,2.35,3,2.8,3,81,665.4,.19,51000,0,-
NIFTY,15-Mar-2018,28-Mar-2018,CE,11000,3.45,3.45,2.5,2.8,2.6,2.8,18451,152262.07,41.32,3424425,-97275,-
NIFTY,15-Mar-2018,28-Mar-2018,CE,11050,2.95,3.45,2.3,2.7,2.7,2.7,52,431.07,.12,39675,525,-
NIFTY,15-Mar-2018,28-Mar-2018,CE,11100,2.1,2.2,1.85,2,1.85,2,2105,17527.3,3.18,978750,-17550,-
NIFTY,15-Mar-2018,28-Mar-2018,CE,9450,0,0,0,1180.5,0,934.1,0,0,0,0,0,-
NIFTY,15-Mar-2018,28-Mar-2018,CE,9500,904,926,857.8,879.6,857.8,879.6,625,4875.64,422.52,547275,-16500,-
NIFTY,15-Mar-2018,28-Mar-2018,CE,9550,0,0,0,850,850,834.5,0,0,0,0,0,-
NIFTY,15-Mar-2018,28-Mar-2018,CE,9600,800.1,801.05,800.1,801.05,801.05,801.05,2,15.6,1.2,27675,0,-
NIFTY,15-Mar-2018,28-Mar-2018,CE,9650,0,0,0,988.65,0,735.1,0,0,0,0,0,-
NIFTY,15-Mar-2018,28-Mar-2018,CE,9700,702.05,723.45,681.5,686.05,686.05,686.05,18,140.41,9.46,73200,-75,-
NIFTY,15-Mar-2018,28-Mar-2018,CE,9750,0,0,0,894.9,0,636.3,0,0,0,0,0,-
NIFTY,15-Mar-2018,28-Mar-2018,CE,9800,609.4,630.65,565.55,582.45,565.55,582.45,207,1614.89,93.44,85800,-11625,-
NIFTY,15-Mar-2018,28-Mar-2018,CE,9850,0,0,0,549.75,549.75,538.9,0,0,0,1350,0,-
NIFTY,15-Mar-2018,28-Mar-2018,CE,9900,515.15,528.3,470,485.3,470,485.3,289,2256.85,111.02,74400,-4425,-
NIFTY,15-Mar-2018,28-Mar-2018,CE,9950,0,0,0,540,540,444.25,0,0,0,75,0,-
NIFTY,15-Mar-2018,28-Mar-2018,CE,10000,421.85,439,375,391.35,381,391.35,1768,13805.24,545.24,840525,-24525,-
NIFTY,15-Mar-2018,28-Mar-2018,CE,10050,319.1,319.1,319.1,319.1,319.1,319.1,1,7.78,.24,450,75,-
NIFTY,15-Mar-2018,28-Mar-2018,CE,10100,327.05,349,287.05,297.65,292,297.65,2063,16123.38,496.15,468450,-10575,-
NIFTY,15-Mar-2018,28-Mar-2018,CE,10150,292.2,292.2,247.05,257.05,247.05,257.05,12,93.72,2.37,24300,0,-
NIFTY,15-Mar-2018,28-Mar-2018,CE,10200,249,265,208.1,216.9,210.65,216.9,7364,57639.73,1305.13,1265175,-28725,-
NIFTY,15-Mar-2018,28-Mar-2018,CE,10250,208.65,219.75,173.35,178.45,176.7,178.45,447,3500.99,64.67,115050,-1275,-
NIFTY,15-Mar-2018,28-Mar-2018,CE,10300,170.05,183.7,137.6,146.4,140.45,146.4,40038,314156.2,4862.65,2221425,2700,-
NIFTY,15-Mar-2018,28-Mar-2018,CE,10350,140.5,148.55,106.4,114.2,111.95,114.2,7142,56117.65,677.88,253350,-14550,-
NIFTY,15-Mar-2018,28-Mar-2018,CE,10400,110.05,118.3,84.1,90.55,86.45,90.55,215379,1696258.35,16302.15,4226925,136125,-
NIFTY,15-Mar-2018,28-Mar-2018,CE,10450,83.3,91.8,63.45,68.45,64.5,68.45,23251,183600.12,1370.41,600300,221775,-
NIFTY,15-Mar-2018,28-Mar-2018,CE,10500,58.05,69.95,46.8,51.55,49,51.55,182805,1447610.12,8020.74,5090850,591900,-
NIFTY,15-Mar-2018,28-Mar-2018,CE,10550,45,51.3,33,36.5,35.05,36.5,7058,56069.36,222.93,429750,10050,-
NIFTY,15-Mar-2018,28-Mar-2018,CE,10600,26.3,37.55,23.1,25.7,24.3,25.7,135800,1082675.5,3065.5,3774900,-45825,-
NIFTY,15-Mar-2018,28-Mar-2018,CE,10650,22.2,26.5,16.25,17.85,17.15,17.85,7178,57449.97,115.7,386025,17325,-
NIFTY,15-Mar-2018,28-Mar-2018,CE,10700,15.1,18.1,11,12.15,11.6,12.15,80655,648130.83,874.45,3973125,63825,-
NIFTY,15-Mar-2018,28-Mar-2018,CE,10750,10.55,12.75,8,8.75,8.05,8.75,1870,15091.13,14.25,216000,19575,-
NIFTY,15-Mar-2018,28-Mar-2018,CE,10800,7.5,8.9,5.75,6.4,6,6.4,47854,387875.19,257.79,3203100,141525,-
NIFTY,16-Mar-2018,28-Mar-2018,CE,10850,3.65,4.3,2.65,2.85,3.2,2.85,898,7309.55,2.08,143325,2775,-
NIFTY,16-Mar-2018,28-Mar-2018,CE,10900,3,3,2.2,2.5,2.8,2.5,31246,255494.14,58.09,1779750,89100,-
NIFTY,16-Mar-2018,28-Mar-2018,CE,10950,2.55,2.7,1,1.95,1.3,1.95,167,1371.77,.28,43650,-7350,-
NIFTY,16-Mar-2018,28-Mar-2018,CE,11000,2.7,2.7,1.9,2.1,2.1,2.1,30154,248816.77,46.27,3375675,-48750,-
NIFTY,16-Mar-2018,28-Mar-2018,CE,11050,0.9,3.25,0.9,2.6,2.6,2.6,32,265.27,.07,41100,1425,-
NIFTY,16-Mar-2018,28-Mar-2018,CE,11100,1.85,1.9,1.35,1.65,1.6,1.65,6912,57550.29,7.89,868650,-110100,-
NIFTY,16-Mar-2018,28-Mar-2018,CE,9450,0,0,0,1180.5,0,767.6,0,0,0,0,0,-
NIFTY,16-Mar-2018,28-Mar-2018,CE,9500,825,835.15,706,729.8,740,729.8,330,2541.93,190.68,534375,-12900,-
NIFTY,16-Mar-2018,28-Mar-2018,CE,9550,0,0,0,850,850,668.7,0,0,0,0,0,-
NIFTY,16-Mar-2018,28-Mar-2018,CE,9600,711,711,611,633.1,634.5,633.1,39,299.69,18.89,27525,-150,-
NIFTY,16-Mar-2018,28-Mar-2018,CE,9650,0,0,0,988.65,0,570.95,0,0,0,0,0,-
NIFTY,16-Mar-2018,28-Mar-2018,CE,9700,633.4,641.45,510.4,538.4,545.4,538.4,183,1412.19,80.86,67275,-5925,-
NIFTY,16-Mar-2018,28-Mar-2018,CE,9750,0,0,0,894.9,0,475.65,0,0,0,0,0,-
NIFTY,16-Mar-2018,28-Mar-2018,CE,9800,543.9,543.9,415.9,427.6,444.45,427.6,292,2249.66,103.46,81000,-4800,-
NIFTY,16-Mar-2018,28-Mar-2018,CE,9850,0,0,0,549.75,549.75,384.5,0,0,0,1350,0,-
NIFTY,16-Mar-2018,28-Mar-2018,CE,9900,441,443,324.9,344.15,353,344.15,1793,13808.64,495.61,89175,14775,-
NIFTY,16-Mar-2018,28-Mar-2018,CE,9950,0,0,0,540,540,299.8,0,0,0,75,0,-
NIFTY,16-Mar-2018,28-Mar-2018,CE,10000,345.05,355.75,241,265.3,263.9,265.3,8514,65720.09,1865.09,881550,41025,-
NIFTY,16-Mar-2018,28-Mar-2018,CE,10050,240,240,204.15,216.65,207.7,216.65,16,123.24,2.64,750,300,-
NIFTY,16-Mar-2018,28-Mar-2018,CE,10100,272.8,280.4,168.8,187.1,193.25,187.1,12090,93425.2,1843.45,570375,101925,-
NIFTY,16-Mar-2018,28-Mar-2018,CE,10150,229.05,229.05,137.6,155.15,168.95,155.15,1218,9420.62,148.59,33225,8925,-
NIFTY,16-Mar-2018,28-Mar-2018,CE,10200,171.35,201.85,110.8,123.25,125.1,123.25,91515,709429.59,9339.84,2763525,1498350,-
NIFTY,16-Mar-2018,28-Mar-2018,CE,10250,147.25,157.2,87.5,98.6,99.9,98.6,12866,99981.88,1074.51,341550,226500,-
NIFTY,16-Mar-2018,28-Mar-2018,CE,10300,131.1,131.1,67.75,76.4,76.15,76.4,304714,2374874.05,20958.4,3768525,1547100,-
NIFTY,16-Mar-2018,28-Mar-2018,CE,10350,112.1,112.1,51.55,57.8,57.6,57.8,30745,240389.84,1731.77,391125,137775,-
NIFTY,16-Mar-2018,28-Mar-2018,CE,10400,77,79,38.35,42.9,42.25,42.9,379620,2976779.79,15743.79,4881075,654150,-
NIFTY,16-Mar-2018,28-Mar-2018,CE,10450,50,56.05,28,31.2,30.9,31.2,27568,216908.1,843.9,667500,67200,-
NIFTY,16-Mar-2018,28-Mar-2018,CE,10500,45,45.55,20.15,22.4,21.9,22.4,281012,2219107.62,6138.12,5831700,740850,-
NIFTY,16-Mar-2018,28-Mar-2018,CE,10550,26.9,28.6,14.2,15.3,15,15.3,12044,95484.26,186.11,456300,26550,-
NIFTY,16-Mar-2018,28-Mar-2018,CE,10600,22.25,22.25,10,10.7,10.6,10.7,204008,1624055.21,2191.61,4181625,406725,-
NIFTY,16-Mar-2018,28-Mar-2018,CE,10650,14.05,14.05,7,7.45,7.6,7.45,8608,68819.1,62.7,425100,39075,-
NIFTY,16-Mar-2018,28-Mar-2018,CE,10700,11.6,11.6,4.55,5,5.5,5,116459,935147.01,563.54,4228575,255450,-
NIFTY,16-Mar-2018,28-Mar-2018,CE,10750,6.45,7.1,3.95,4.3,4.65,4.3,1935,15608.15,7.21,228450,12450,-
NIFTY,16-Mar-2018,28-Mar-2018,CE,10800,6.2,6.2,3.05,3.35,3.35,3.35,64623,523628.4,182.1,3273075,69975,-
NIFTY,19-Mar-2018,28-Mar-2018,CE,10850,2.5,2.5,0.55,1.9,2.15,1.9,1141,9286.19,1.3,122325,-21000,-
NIFTY,19-Mar-2018,28-Mar-2018,CE,10900,2.35,2.55,1.55,1.85,1.9,1.85,23545,192511.11,30.74,1634550,-145200,-
NIFTY,19-Mar-2018,28-Mar-2018,CE,10950,1.2,2.8,1.2,1.75,1.75,1.75,72,591.39,.09,43125,-525,-
NIFTY,19-Mar-2018,28-Mar-2018,CE,11000,2,2,1.35,1.55,1.55,1.55,27373,225857.74,30.49,3126075,-249600,-
NIFTY,19-Mar-2018,28-Mar-2018,CE,11050,1.25,2,1.25,1.95,1.95,1.95,23,190.64,.03,40200,-900,-
NIFTY,19-Mar-2018,28-Mar-2018,CE,11100,1.35,1.7,1.1,1.5,1.4,1.5,2965,24686.34,2.72,820650,-48000,-
NIFTY,19-Mar-2018,28-Mar-2018,CE,9450,0,0,0,1180.5,0,661.15,0,0,0,0,0,-
NIFTY,19-Mar-2018,28-Mar-2018,CE,9500,715.5,726,604.35,622.4,622.05,622.4,766,5830.09,372.34,512700,-21675,-
NIFTY,19-Mar-2018,28-Mar-2018,CE,9550,0,0,0,850,850,562.3,0,0,0,0,0,-
NIFTY,19-Mar-2018,28-Mar-2018,CE,9600,605,605,510,522.2,526,522.2,84,638.78,33.98,28125,600,-
NIFTY,19-Mar-2018,28-Mar-2018,CE,9650,0,0,0,988.65,0,465.1,0,0,0,0,0,-
NIFTY,19-Mar-2018,28-Mar-2018,CE,9700,525.65,525.65,410,438.35,424.95,438.35,121,920.82,40.54,66300,-975,-
NIFTY,19-Mar-2018,28-Mar-2018,CE,9750,0,0,0,894.9,0,371.3,0,0,0,0,0,-
NIFTY,19-Mar-2018,28-Mar-2018,CE,9800,423.65,425,318.9,338.25,335.2,338.25,362,2757.74,97.04,82575,1575,-
NIFTY,19-Mar-2018,28-Mar-2018,CE,9850,330,330,286,286,286,286,13,99.19,3.15,1575,225,-
NIFTY,19-Mar-2018,28-Mar-2018,CE,9900,337.85,347.1,232,246.25,250.7,246.25,1100,8392.69,225.19,106725,17550,-
NIFTY,19-Mar-2018,28-Mar-2018,CE,9950,191.45,194.75,191.45,194.75,194.75,194.75,6,45.64,.87,525,450,-
NIFTY,19-Mar-2018,28-Mar-2018,CE,10000,266.55,266.6,159.65,169.6,171.15,169.6,22806,174309.17,3264.17,1095375,213825,-
NIFTY,19-Mar-2018,28-Mar-2018,CE,10050,221.1,221.1,129.75,139.35,139,139.35,2000,15303.65,228.65,14175,13425,-
NIFTY,19-Mar-2018,28-Mar-2018,CE,10100,169.8,197,99.5,108.9,108.5,108.9,91316,700156.45,8437.75,1590375,1020000,-
NIFTY,19-Mar-2018,28-Mar-2018,CE,10150,130.5,160,75.05,82.25,82,82.25,22434,172377.87,1599.05,509025,475800,-
NIFTY,19-Mar-2018,28-Mar-2018,CE,10200,100,131.4,56.6,63.25,61,63.25,316174,2437706.95,18975.85,4093500,1329975,-
NIFTY,19-Mar-2018,28-Mar-2018,CE,10250,98.5,98.5,41,45.95,44.2,45.95,26400,204174.2,1224.2,455550,114000,-
NIFTY,19-Mar-2018,28-Mar-2018,CE,10300,60,75,29.1,32.75,30.9,32.75,317799,2465647.73,10650.46,4008900,240375,-
NIFTY,19-Mar-2018,28-Mar-2018,CE,10350,52.55,53.35,20.1,22.4,21.15,22.4,23770,185076.38,561.76,528375,137250,-
NIFTY,19-Mar-2018,28-Mar-2018,CE,10400,42.25,43.85,14,15.65,14.4,15.65,289814,2265444.89,4895.69,5560350,679275,-
NIFTY,19-Mar-2018,28-Mar-2018,CE,10450,25,27,10.35,11.4,10.65,11.4,24381,191373.64,287.56,617850,-49650,-
NIFTY,19-Mar-2018,28-Mar-2018,CE,10500,16.45,21,7.35,8.15,7.65,8.15,221077,1742784.48,1803.11,6601050,769350,-
NIFTY,19-Mar-2018,28-Mar-2018,CE,10550,13.25,13.4,5.5,6.1,5.9,6.1,10162,80464.55,57.73,377925,-78375,-
NIFTY,19-Mar-2018,28-Mar-2018,CE,10600,7.8,10.6,4.05,4.45,4.35,4.45,154284,1227176.76,618.96,4128525,-53100,-
NIFTY,19-Mar-2018,28-Mar-2018,CE,10650,6.15,6.2,3.25,3.85,3.9,3.85,9785,78187.75,30.07,487200,62100,-
NIFTY,19-Mar-2018,28-Mar-2018,CE,10700,5.05,5.05,2.4,2.75,2.85,2.75,79793,640508.06,169.24,3674700,-553875,-
NIFTY,19-Mar-2018,28-Mar-2018,CE,10750,3.3,4.65,2.05,2.6,2.55,2.6,2121,17104.68,4.11,216000,-12450,-
NIFTY,19-Mar-2018,28-Mar-2018,CE,10800,3.15,3.45,1.9,2.15,2.15,2.15,50719,410905.36,81.46,3207450,-65625,-
NIFTY,20-Mar-2018,28-Mar-2018,CE,10850,1.85,2.5,1.25,1.85,1.65,1.85,259,2107.97,.35,116325,-6000,-
NIFTY,20-Mar-2018,28-Mar-2018,CE,10900,1.75,1.9,1.4,1.65,1.7,1.65,16229,132691.64,19.56,1561950,-72600,-
NIFTY,20-Mar-2018,28-Mar-2018,CE,10950,0.7,1.75,0.7,1.7,1.05,1.7,122,1002.05,.12,38625,-4500,-
NIFTY,20-Mar-2018,28-Mar-2018,CE,11000,1.3,1.6,1.1,1.5,1.5,1.5,12628,104194.65,13.65,2936325,-189750,-
NIFTY,20-Mar-2018,28-Mar-2018,CE,11050,1,1.5,1,1.5,1.5,1.5,8,66.31,.01,39975,-225,-
NIFTY,20-Mar-2018,28-Mar-2018,CE,11100,1,1.5,1,1.35,1.4,1.35,1267,10549.02,1.24,786225,-34425,-
NIFTY,20-Mar-2018,28-Mar-2018,CE,9450,0,0,0,1180.5,0,689.1,0,0,0,0,0,-
NIFTY,20-Mar-2018,28-Mar-2018,CE,9500,588.25,680.25,588.25,646.85,660.1,646.85,1055,8026.45,509.57,483450,-29250,-
NIFTY,20-Mar-2018,28-Mar-2018,CE,9550,0,0,0,850,850,589.65,0,0,0,0,0,-
NIFTY,20-Mar-2018,28-Mar-2018,CE,9600,500,578.55,486.5,547,546.95,547,128,973.01,51.41,31650,3525,-
NIFTY,20-Mar-2018,28-Mar-2018,CE,9650,0,0,0,988.65,0,491.1,0,0,0,0,0,-
NIFTY,20-Mar-2018,28-Mar-2018,CE,9700,400.15,483.95,400,451.6,454,451.6,251,1910.16,84.14,71550,5250,-
NIFTY,20-Mar-2018,28-Mar-2018,CE,9750,0,0,0,894.9,0,394.8,0,0,0,0,0,-
NIFTY,20-Mar-2018,28-Mar-2018,CE,9800,305,390.05,301.95,353.25,367,353.25,1032,7851.79,266.59,93150,10575,-
NIFTY,20-Mar-2018,28-Mar-2018,CE,9850,264,344.9,264,333.9,333.9,333.9,11,83.96,2.7,1425,-150,-
NIFTY,20-Mar-2018,28-Mar-2018,CE,9900,221.05,299.45,218.6,262.4,274.5,262.4,3836,29208.12,725.82,161775,55050,-
NIFTY,20-Mar-2018,28-Mar-2018,CE,9950,206.5,250,186.35,209.5,209.5,209.5,106,807.09,16.06,3375,2850,-
NIFTY,20-Mar-2018,28-Mar-2018,CE,10000,141.2,221.2,141.2,180.75,193.7,180.75,35295,269428.17,4715.67,1038525,-56850,-
NIFTY,20-Mar-2018,28-Mar-2018,CE,10050,139,178.6,116.8,142.75,155,142.75,4349,33232.81,452.23,22425,8250,-
NIFTY,20-Mar-2018,28-Mar-2018,CE,10100,94.9,139.85,83.95,111.55,121,111.55,206918,1584846.59,17442.74,2232150,641775,-
NIFTY,20-Mar-2018,28-Mar-2018,CE,10150,68.8,107.8,66.45,84.55,91.4,84.55,33741,259029.99,2176.63,700125,191100,-
NIFTY,20-Mar-2018,28-Mar-2018,CE,10200,48,81.7,42.7,61.6,66.9,61.6,336866,2593199.88,16174.98,4040250,-53250,-
NIFTY,20-Mar-2018,28-Mar-2018,CE,10250,34.2,58.9,31.3,43.25,46.65,43.25,24573,189743.33,838.39,520425,64875,-
NIFTY,20-Mar-2018,28-Mar-2018,CE,10300,24.9,41.8,21.35,29.1,32.25,29.1,248024,1921837.52,5852.12,4269975,261075,-
NIFTY,20-Mar-2018,28-Mar-2018,CE,10350,18.6,29,15.55,19.6,21.75,19.6,18098,140779.61,293.89,492450,-35925,-
NIFTY,20-Mar-2018,28-Mar-2018,CE,10400,12.3,19.7,10,13.2,14.25,13.2,195245,1525066.91,2155.91,4866750,-693600,-
NIFTY,20-Mar-2018,28-Mar-2018,CE,10450,7.95,13.75,7.9,9.6,10.3,9.6,11861,93052.35,91.77,556275,-61575,-
NIFTY,20-Mar-2018,28-Mar-2018,CE,10500,6.1,9.55,5.05,6.8,7.35,6.8,146809,1156937.78,816.9,6386625,-214425,-
NIFTY,20-Mar-2018,28-Mar-2018,CE,10550,4.7,6.8,4.25,5.2,5.4,5.2,5776,45725.75,23.15,424050,46125,-
NIFTY,20-Mar-2018,28-Mar-2018,CE,10600,4.35,7,3.05,3.45,3.5,3.45,76422,607771.17,216.27,4036950,-91575,-
NIFTY,20-Mar-2018,28-Mar-2018,CE,10650,2.9,3.55,1.05,3.2,3.3,3.2,3548,28348.01,8.36,461175,-26025,-
NIFTY,20-Mar-2018,28-Mar-2018,CE,10700,2.8,2.8,1.95,2.25,2.05,2.25,45896,368391.15,75.75,3452700,-222000,-
NIFTY,20-Mar-2018,28-Mar-2018,CE,10750,1.15,2.5,1.15,2.1,2.45,2.1,586,4725.55,.92,219675,3675,-
NIFTY,20-Mar-2018,28-Mar-2018,CE,10800,1.9,2.05,1.6,1.9,1.95,1.9,39644,321170,53.6,3157125,-50325,-
NIFTY,21-Mar-2018,28-Mar-2018,CE,10850,1.6,2.2,0.7,1.65,1.65,1.65,194,1578.93,.25,114225,-2100,10155.25
NIFTY,21-Mar-2018,28-Mar-2018,CE,10900,1.7,1.95,1.3,1.45,1.3,1.45,18574,151864.82,22.37,1380675,-181275,10155.25
NIFTY,21-Mar-2018,28-Mar-2018,CE,10950,2,2,0.9,1.15,1.15,1.15,63,517.45,.06,37500,-1125,10155.25
NIFTY,21-Mar-2018,28-Mar-2018,CE,11000,1.2,1.75,1.2,1.4,1.3,1.4,12715,104912.43,13.68,2782200,-154125,10155.25
NIFTY,21-Mar-2018,28-Mar-2018,CE,11050,1.05,2.4,0.15,0.95,1.15,0.95,93,770.81,.07,37575,-2400,10155.25
NIFTY,21-Mar-2018,28-Mar-2018,CE,11100,1.05,1.45,1.05,1.25,1.35,1.25,1169,9733.01,1.09,756300,-29925,10155.25
NIFTY,21-Mar-2018,28-Mar-2018,CE,9450,0,0,0,1180.5,0,718.25,0,0,0,0,0,10155.25
NIFTY,21-Mar-2018,28-Mar-2018,CE,9500,688.7,757.35,653.05,677.65,679.35,677.65,1069,8182.26,565.63,439125,-44325,10155.25
NIFTY,21-Mar-2018,28-Mar-2018,CE,9550,0,0,0,850,850,618.5,0,0,0,0,0,10155.25
NIFTY,21-Mar-2018,28-Mar-2018,CE,9600,608.2,651,551,581.55,581,581.55,51,390.73,23.53,30825,-825,10155.25
NIFTY,21-Mar-2018,28-Mar-2018,CE,9650,0,0,0,988.65,0,519.15,0,0,0,0,0,10155.25
NIFTY,21-Mar-2018,28-Mar-2018,CE,9700,489,555.3,464.55,476.35,478,476.35,139,1062.95,51.72,70125,-1425,10155.25
NIFTY,21-Mar-2018,28-Mar-2018,CE,9750,0,0,0,894.9,0,421,0,0,0,0,0,10155.25
NIFTY,21-Mar-2018,28-Mar-2018,CE,9800,389.55,458.1,363,386.5,383.4,386.5,499,3822.36,154.71,77175,-15975,10155.25
NIFTY,21-Mar-2018,28-Mar-2018,CE,9850,363,395.95,355.15,355.15,355.15,355.15,4,30.68,1.13,1275,-150,10155.25
NIFTY,21-Mar-2018,28-Mar-2018,CE,9900,300.25,363.25,265,289.3,290.8,289.3,2169,16622.5,517.68,141075,-20700,10155.25
NIFTY,21-Mar-2018,28-Mar-2018,CE,9950,311.1,315.1,238.65,245,245,245,23,176.78,5.14,3150,-225,10155.25
NIFTY,21-Mar-2018,28-Mar-2018,CE,10000,206.05,273.75,182.45,203.25,205.8,203.25,15721,120574.71,2667.21,890550,-147975,10155.25
NIFTY,21-Mar-2018,28-Mar-2018,CE,10050,174.75,227.7,146.7,164.65,169.2,164.65,698,5359.68,98.5,13200,-9225,10155.25
NIFTY,21-Mar-2018,28-Mar-2018,CE,10100,123.25,193.3,112.1,128.25,131,128.25,91492,703172.7,10120.8,1590225,-641925,10155.25
NIFTY,21-Mar-2018,28-Mar-2018,CE,10150,100.15,147.7,82.55,95.75,96.3,95.75,16746,128841.63,1362.7,722025,21900,10155.25
NIFTY,21-Mar-2018,28-Mar-2018,CE,10200,72,115,60.4,70.25,71.35,70.25,360421,2780385.23,23164.58,3868200,-172050,10155.25
NIFTY,21-Mar-2018,28-Mar-2018,CE,10250,50.15,85,40.95,48.2,48.8,48.2,51266,396400.06,2292.69,929250,408825,10155.25
NIFTY,21-Mar-2018,28-Mar-2018,CE,10300,35.95,62,28.95,33.75,34.55,33.75,392908,3047917.81,12703.51,4143225,-126750,10155.25
NIFTY,21-Mar-2018,28-Mar-2018,CE,10350,24.55,42.35,18.65,22.05,22.25,22.05,39521,307641.34,859.58,668475,176025,10155.25
NIFTY,21-Mar-2018,28-Mar-2018,CE,10400,16.1,28.95,12.55,14.85,15.45,14.85,263454,2058826.3,3885.1,4343100,-523650,10155.25
NIFTY,21-Mar-2018,28-Mar-2018,CE,10450,11,19.4,8.3,9.95,10.2,9.95,18075,141838.12,175.31,601500,45225,10155.25
NIFTY,21-Mar-2018,28-Mar-2018,CE,10500,7.6,13.2,5.8,6.95,7.3,6.95,198403,1563804.81,1381.19,6118575,-268050,10155.25
NIFTY,21-Mar-2018,28-Mar-2018,CE,10550,4.45,9.15,4.15,4.7,4.85,4.7,9768,77335.72,46.42,407100,-16950,10155.25
NIFTY,21-Mar-2018,28-Mar-2018,CE,10600,3.55,6.3,3.05,3.5,3.6,3.5,104127,828148.6,338.95,4026225,-10725,10155.25
NIFTY,21-Mar-2018,28-Mar-2018,CE,10650,3.2,4.95,2.7,3,3.25,3,4972,39727.25,13.4,461850,675,10155.25
NIFTY,21-Mar-2018,28-Mar-2018,CE,10700,7,7,1.8,2.4,2.5,2.4,98039,786977.99,215.02,3078900,-373800,10155.25
NIFTY,21-Mar-2018,28-Mar-2018,CE,10750,2,3.3,1.75,2.2,2.25,2.2,785,6330.56,1.5,201450,-18225,10155.25
NIFTY,21-Mar-2018,28-Mar-2018,CE,10800,1.8,2.45,1.6,1.85,1.75,1.85,34323,278066.93,50.63,3084900,-72225,10155.25
NIFTY,22-Mar-2018,28-Mar-2018,CE,10850,1.05,1.55,1,1,1,1,77,626.65,.06,108975,-5250,-
NIFTY,22-Mar-2018,28-Mar-2018,CE,10900,1.15,1.45,0.8,0.95,0.95,0.95,5754,47043.59,4.64,1247925,-132750,-
NIFTY,22-Mar-2018,28-Mar-2018,CE,10950,0.3,0.95,0.3,0.8,0.8,0.8,25,205.33,.01,37125,-375,-
NIFTY,22-Mar-2018,28-Mar-2018,CE,11000,1.25,1.25,0.85,0.9,0.9,0.9,22289,183901.62,17.37,2507700,-274500,-
NIFTY,22-Mar-2018,28-Mar-2018,CE,11050,0.35,0.75,0.35,0.65,0.65,0.65,47,389.53,.02,37575,0,-
NIFTY,22-Mar-2018,28-Mar-2018,CE,11100,0.95,1.15,0.8,0.9,0.95,0.9,1317,10965,.97,728550,-27750,-
NIFTY,22-Mar-2018,28-Mar-2018,CE,9450,0,0,0,1180.5,0,675.95,0,0,0,0,0,-
NIFTY,22-Mar-2018,28-Mar-2018,CE,9500,680.4,728,613.55,620,615.1,620,1023,7790.19,501.32,417225,-21900,-
NIFTY,22-Mar-2018,28-Mar-2018,CE,9550,0,0,0,850,850,576.15,0,0,0,0,0,-
NIFTY,22-Mar-2018,28-Mar-2018,CE,9600,572.6,626.1,516.35,516.35,516.35,516.35,29,221.39,12.59,30600,-225,-
NIFTY,22-Mar-2018,28-Mar-2018,CE,9650,0,0,0,988.65,0,476.7,0,0,0,0,0,-
NIFTY,22-Mar-2018,28-Mar-2018,CE,9700,483.3,528.9,412.35,424.55,412.35,424.55,437,3335.42,156.24,60375,-9750,-
NIFTY,22-Mar-2018,28-Mar-2018,CE,9750,0,0,0,894.9,0,378.5,0,0,0,0,0,-
NIFTY,22-Mar-2018,28-Mar-2018,CE,9800,382.7,432,319.95,330.15,321.55,330.15,1056,8046.64,285.04,105375,28200,-
NIFTY,22-Mar-2018,28-Mar-2018,CE,9850,293.9,293.9,293.9,293.9,293.9,293.9,1,7.61,.22,1350,75,-
NIFTY,22-Mar-2018,28-Mar-2018,CE,9900,296.15,337.75,224.1,238,227,238,2347,17906.29,479.81,143100,2025,-
NIFTY,22-Mar-2018,28-Mar-2018,CE,9950,245,245,195.35,195.9,197.05,195.9,13,98.99,1.98,3150,0,-
NIFTY,22-Mar-2018,28-Mar-2018,CE,10000,210.9,247.45,144.45,154.9,145,154.9,20350,155455.22,2830.22,849150,-41400,-
NIFTY,22-Mar-2018,28-Mar-2018,CE,10050,160.55,201.5,105,118.1,105,118.1,1338,10215.44,130.26,35400,22200,-
NIFTY,22-Mar-2018,28-Mar-2018,CE,10100,133.3,162,76.4,86.4,79,86.4,140691,1077323.47,11589.14,2140050,549825,-
NIFTY,22-Mar-2018,28-Mar-2018,CE,10150,110,124,53.95,59.55,54.25,59.55,35401,271511.3,2021.19,986925,264900,-
NIFTY,22-Mar-2018,28-Mar-2018,CE,10200,78,94,36.9,41,37,41,423256,3256606.22,18697.82,4535850,667650,-
NIFTY,22-Mar-2018,28-Mar-2018,CE,10250,49.45,65,22.65,25.7,23.15,25.7,67496,520838.06,1962.56,1291275,362025,-
NIFTY,22-Mar-2018,28-Mar-2018,CE,10300,33,45,14.15,16.45,14.75,16.45,352631,2731108.49,7034.02,3926250,-216975,-
NIFTY,22-Mar-2018,28-Mar-2018,CE,10350,21.6,29.9,8.2,9.8,8.55,9.8,51654,401565,600.82,839325,170850,-
NIFTY,22-Mar-2018,28-Mar-2018,CE,10400,15.45,19.4,5.5,6.35,5.55,6.35,218334,1704720.44,1715.24,4585425,242325,-
NIFTY,22-Mar-2018,28-Mar-2018,CE,10450,9.65,12.65,3.6,4.2,3.7,4.2,26652,209016.55,131.5,656700,55200,-
NIFTY,22-Mar-2018,28-Mar-2018,CE,10500,6.55,8.25,2.7,3.1,2.8,3.1,153247,1207374.09,553.96,6285375,166800,-
NIFTY,22-Mar-2018,28-Mar-2018,CE,10550,4.05,5.25,2,2.35,2.15,2.35,7449,58959.56,19.35,423975,16875,-
NIFTY,22-Mar-2018,28-Mar-2018,CE,10600,2.85,3.7,1.6,1.8,1.7,1.8,54001,429408.21,100.26,3823875,-202350,-
NIFTY,22-Mar-2018,28-Mar-2018,CE,10650,2.45,2.9,1.55,1.7,1.55,1.7,3247,25940.58,5.16,437625,-24225,-
NIFTY,22-Mar-2018,28-Mar-2018,CE,10700,2.3,2.35,1.2,1.4,1.5,1.4,30305,243235.37,37.74,2846325,-232575,-
NIFTY,22-Mar-2018,28-Mar-2018,CE,10750,1.8,2.15,1.05,1.15,1.3,1.15,335,2701.32,.38,196725,-4725,-
NIFTY,22-Mar-2018,28-Mar-2018,CE,10800,1.7,1.85,0.95,1.05,1.05,1.05,19831,160649.77,18.67,2856675,-228225,-
NIFTY,23-Mar-2018,28-Mar-2018,CE,10850,1,1,0.2,0.9,0.9,0.9,187,1521.81,.09,106950,-2025,9998.05
NIFTY,23-Mar-2018,28-Mar-2018,CE,10900,0.1,1.45,0.1,1.05,1,1.05,6238,51000.33,4.68,985125,-262800,9998.05
NIFTY,23-Mar-2018,28-Mar-2018,CE,10950,0.8,3,0.15,0.8,0.8,0.8,322,2644.63,.21,33900,-3225,9998.05
NIFTY,23-Mar-2018,28-Mar-2018,CE,11000,0.95,1.1,0.55,1.1,1.1,1.1,18601,153471.46,13.21,1966350,-541350,9998.05
NIFTY,23-Mar-2018,28-Mar-2018,CE,11050,0.3,1,0.3,0.3,0.3,0.3,38,314.94,.02,37650,75,9998.05
NIFTY,23-Mar-2018,28-Mar-2018,CE,11100,0.35,1.05,0.35,1,1.05,1,1941,16160.17,1.35,658875,-69675,9998.05
NIFTY,23-Mar-2018,28-Mar-2018,CE,9450,0,0,0,1180.5,0,557.5,0,0,0,0,0,9998.05
NIFTY,23-Mar-2018,28-Mar-2018,CE,9500,500,540,460,501.8,499.35,501.8,2040,15284.65,749.65,366975,-50250,9998.05
NIFTY,23-Mar-2018,28-Mar-2018,CE,9550,0,0,0,850,850,457.9,0,0,0,0,0,9998.05
NIFTY,23-Mar-2018,28-Mar-2018,CE,9600,410,440,363.3,400.65,397.3,400.65,394,2955.05,118.25,22275,-8325,9998.05
NIFTY,23-Mar-2018,28-Mar-2018,CE,9650,0,0,0,988.65,0,359.45,0,0,0,0,0,9998.05
NIFTY,23-Mar-2018,28-Mar-2018,CE,9700,319.55,337.9,270,301.5,303,301.5,1015,7613.54,229.42,54375,-6000,9998.05
NIFTY,23-Mar-2018,28-Mar-2018,CE,9750,0,0,0,894.9,0,264.65,0,0,0,0,0,9998.05
NIFTY,23-Mar-2018,28-Mar-2018,CE,9800,223.7,252.05,178.5,212.35,211,212.35,4812,36125.91,757.71,104625,-750,9998.05
NIFTY,23-Mar-2018,28-Mar-2018,CE,9850,180.55,195,145.8,174.6,169.9,174.6,159,1194.24,19.63,5850,4500,9998.05
NIFTY,23-Mar-2018,28-Mar-2018,CE,9900,132.4,166.35,103.15,131.65,127.75,131.65,78374,589482.5,7555.55,438525,295425,9998.05
NIFTY,23-Mar-2018,28-Mar-2018,CE,9950,90,127.3,72.5,94.45,93.5,94.45,24077,181316.85,1642.23,294525,291375,9998.05
NIFTY,23-Mar-2018,28-Mar-2018,CE,10000,70.25,96.75,50.05,67.75,64,67.75,483467,3650705.54,24703.04,3595350,2746200,9998.05
NIFTY,23-Mar-2018,28-Mar-2018,CE,10050,51,69.05,33,44.2,42.45,44.2,71500,541438.54,2507.29,924525,889125,9998.05
NIFTY,23-Mar-2018,28-Mar-2018,CE,10100,41.2,49.2,21.5,29.75,27,29.75,521016,3958875.22,12179.02,3203850,1063800,9998.05
NIFTY,23-Mar-2018,28-Mar-2018,CE,10150,31.9,33.15,13.95,18.4,16.1,18.4,89090,679535.96,1338.33,793950,-192975,9998.05
NIFTY,23-Mar-2018,28-Mar-2018,CE,10200,20.45,22.5,9.2,11.6,9.95,11.6,467041,3577538.23,4674.58,3741975,-793875,9998.05
NIFTY,23-Mar-2018,28-Mar-2018,CE,10250,9.7,14.5,5.55,6.85,5.8,6.85,83207,640170.49,516.68,910200,-381075,9998.05
NIFTY,23-Mar-2018,28-Mar-2018,CE,10300,3.5,9.15,3,4.4,4,4.4,289285,2235907.05,1180.42,3511050,-415200,9998.05
NIFTY,23-Mar-2018,28-Mar-2018,CE,10350,4.25,5.7,2.3,3.05,2.8,3.05,33011,256334.31,86.42,700725,-138600,9998.05
NIFTY,23-Mar-2018,28-Mar-2018,CE,10400,4.2,4.2,1.25,2.3,2.1,2.3,176153,1374319.91,326.51,4239675,-345750,9998.05
NIFTY,23-Mar-2018,28-Mar-2018,CE,10450,2,2.9,1.5,2.05,1.8,2.05,16753,131327.86,26.22,539250,-117450,9998.05
NIFTY,23-Mar-2018,28-Mar-2018,CE,10500,1.8,2.15,1.4,1.75,1.6,1.75,135701,1068818.92,173.54,5462700,-822675,9998.05
NIFTY,23-Mar-2018,28-Mar-2018,CE,10550,0.65,1.9,0.65,1.55,1.7,1.55,2414,19103.43,2.66,365700,-58275,9998.05
NIFTY,23-Mar-2018,28-Mar-2018,CE,10600,1.35,1.65,1.1,1.4,1.25,1.4,67530,536932.06,68.56,3100950,-722925,9998.05
NIFTY,23-Mar-2018,28-Mar-2018,CE,10650,0.75,1.5,0.75,1.4,1.3,1.4,2530,20210.76,2.38,332775,-104850,9998.05
NIFTY,23-Mar-2018,28-Mar-2018,CE,10700,1.1,1.35,1,1.25,1.3,1.25,37126,297969.47,33.32,2441775,-404550,9998.05
NIFTY,23-Mar-2018,28-Mar-2018,CE,10750,0.4,1.4,0.25,1.1,1.35,1.1,453,3652.62,.31,183225,-13500,9998.05
NIFTY,23-Mar-2018,28-Mar-2018,CE,10800,0.35,1.3,0.35,1.2,1.2,1.2,24039,194735.78,19.88,2380425,-476250,9998.05
NIFTY,26-Mar-2018,28-Mar-2018,CE,10800,0.5,0.95,0.5,0.65,0.7,0.65,10539,85371.17,5.27,2273175,-107250,-
NIFTY,26-Mar-2018,28-Mar-2018,CE,10850,0.1,0.75,0.05,0.3,0.3,0.3,181,1472.94,.05,103725,-3225,-
NIFTY,26-Mar-2018,28-Mar-2018,CE,10900,1.75,1.75,0.45,0.55,0.5,0.55,4316,35285.2,1.9,865125,-120000,-
NIFTY,26-Mar-2018,28-Mar-2018,CE,10950,0.2,0.65,0.15,0.65,0.65,0.65,32,262.81,.01,33600,-300,-
NIFTY,26-Mar-2018,28-Mar-2018,CE,11000,0.05,0.95,0.05,0.55,0.4,0.55,15980,131842.58,7.58,1646325,-320025,-
NIFTY,26-Mar-2018,28-Mar-2018,CE,11050,0.1,0.5,0.05,0.25,0.5,0.25,25,207.19,0,37125,-525,-
NIFTY,26-Mar-2018,28-Mar-2018,CE,11100,0.75,0.8,0.45,0.6,0.65,0.6,947,7884.22,.45,639450,-19425,-
NIFTY,26-Mar-2018,28-Mar-2018,CE,9450,0,0,0,1180.5,0,684.45,0,0,0,0,0,-
NIFTY,26-Mar-2018,28-Mar-2018,CE,9500,501.55,655.15,475,642.4,654,642.4,3770,28398.43,1537.18,229125,-137850,-
NIFTY,26-Mar-2018,28-Mar-2018,CE,9550,0,0,0,850,850,584.45,0,0,0,0,0,-
NIFTY,26-Mar-2018,28-Mar-2018,CE,9600,404.75,554,388,544.4,554,544.4,162,1222.25,55.85,21600,-675,-
NIFTY,26-Mar-2018,28-Mar-2018,CE,9650,0,0,0,988.65,0,484.5,0,0,0,0,0,-
NIFTY,26-Mar-2018,28-Mar-2018,CE,9700,299.7,456.95,276.1,447.4,454.7,447.4,480,3616.77,124.77,45300,-9075,-
NIFTY,26-Mar-2018,28-Mar-2018,CE,9750,400.9,400.9,400.9,400.9,400.9,400.9,1,7.61,.3,75,75,-
NIFTY,26-Mar-2018,28-Mar-2018,CE,9800,204,358,183.4,341.3,355.6,341.3,4761,35850.23,856.88,83250,-21375,-
NIFTY,26-Mar-2018,28-Mar-2018,CE,9850,167.3,304,127,291.35,300,291.35,326,2457.91,49.59,7800,1950,-
NIFTY,26-Mar-2018,28-Mar-2018,CE,9900,120,259.6,101.55,245.5,258.5,245.5,76754,578053.74,8155.29,286425,-152100,-
NIFTY,26-Mar-2018,28-Mar-2018,CE,9950,82.55,209.2,68.8,194.95,208.5,194.95,29075,219214.77,2242.58,380625,86100,-
NIFTY,26-Mar-2018,28-Mar-2018,CE,10000,59.3,167,45.45,153.55,165.85,153.55,451816,3416140.91,27520.91,2167125,-1428225,-
NIFTY,26-Mar-2018,28-Mar-2018,CE,10050,45.85,125,26.3,112.55,125,112.55,107406,813836.12,4263.39,822000,-102525,-
NIFTY,26-Mar-2018,28-Mar-2018,CE,10100,24.85,88.7,14.35,79.35,88,79.35,582592,4429705.5,16571.1,2337675,-866175,-
NIFTY,26-Mar-2018,28-Mar-2018,CE,10150,14,58.5,7.3,51.1,58,51.1,136427,1041146.89,2596.35,852000,58050,-
NIFTY,26-Mar-2018,28-Mar-2018,CE,10200,8.7,35.25,4.5,30.05,35,30.05,460358,3526906.17,5167.47,3613350,-128625,-
NIFTY,26-Mar-2018,28-Mar-2018,CE,10250,5.05,18.6,2.7,15.6,18.05,15.6,104594,804750.82,684.45,1197525,287325,-
NIFTY,26-Mar-2018,28-Mar-2018,CE,10300,3.25,9.9,1.85,8.05,9,8.05,225321,1741354.53,749.8,2985450,-525600,-
NIFTY,26-Mar-2018,28-Mar-2018,CE,10350,2,4.9,1.3,4.05,4.6,4.05,33696,261635.35,70.15,583875,-116850,-
NIFTY,26-Mar-2018,28-Mar-2018,CE,10400,1.6,2.7,1.05,2.3,2.05,2.3,135035,1053435.89,162.89,3944175,-295500,-
NIFTY,26-Mar-2018,28-Mar-2018,CE,10450,1.5,1.85,0.85,1.55,1.3,1.55,12075,94650.48,12.67,449775,-89475,-
NIFTY,26-Mar-2018,28-Mar-2018,CE,10500,1.2,1.45,0.9,1.2,0.9,1.2,107119,843649.04,86.92,4784775,-677925,-
NIFTY,26-Mar-2018,28-Mar-2018,CE,10550,0.55,1.2,0.55,1.05,0.8,1.05,2229,17638.59,1.63,308400,-57300,-
NIFTY,26-Mar-2018,28-Mar-2018,CE,10600,1,1.2,0.7,0.8,0.9,0.8,28975,230369.06,17.81,2704200,-396750,-
NIFTY,26-Mar-2018,28-Mar-2018,CE,10650,0.85,0.95,0.45,0.65,0.65,0.65,762,6086.9,.43,309525,-23250,-
NIFTY,26-Mar-2018,28-Mar-2018,CE,10700,1.05,1.05,0.6,0.7,0.75,0.7,16491,132349.17,8.9,2206125,-235650,-
NIFTY,26-Mar-2018,28-Mar-2018,CE,10750,0.1,1.5,0.05,0.75,0.7,0.75,342,2757.57,.19,175350,-7875,-
NIFTY,27-Mar-2018,28-Mar-2018,CE,10800,0.45,0.6,0.25,0.4,0.4,0.4,10804,87515.7,3.3,2128725,-144450,10184.15
NIFTY,27-Mar-2018,28-Mar-2018,CE,10850,0.05,0.45,0.05,0.2,0.15,0.2,92,748.66,.01,98850,-4875,10184.15
NIFTY,27-Mar-2018,28-Mar-2018,CE,10900,0.3,0.45,0.25,0.35,0.25,0.35,3922,32063.37,1.02,753375,-111750,10184.15
NIFTY,27-Mar-2018,28-Mar-2018,CE,10950,0.1,0.25,0.05,0.25,0.25,0.25,64,525.61,.01,33150,-450,10184.15
NIFTY,27-Mar-2018,28-Mar-2018,CE,11000,0.05,0.5,0.05,0.4,0.35,0.4,16954,139874.94,4.44,1504575,-141750,10184.15
NIFTY,27-Mar-2018,28-Mar-2018,CE,11050,0.1,0.2,0.05,0.15,0.2,0.15,75,621.57,.01,37125,0,10184.15
NIFTY,27-Mar-2018,28-Mar-2018,CE,11100,0.35,0.45,0.05,0.15,0.05,0.15,1361,11330.57,.24,604650,-34800,10184.15
NIFTY,27-Mar-2018,28-Mar-2018,CE,9450,0,0,0,1180.5,0,736.05,0,0,0,0,0,10184.15
NIFTY,27-Mar-2018,28-Mar-2018,CE,9500,682.15,706,645,677,675.15,677,2054,15675.55,1040.8,166500,-62625,10184.15
NIFTY,27-Mar-2018,28-Mar-2018,CE,9550,0,0,0,850,850,636.05,0,0,0,0,0,10184.15
NIFTY,27-Mar-2018,28-Mar-2018,CE,9600,583.8,596,549.7,565.7,572.75,565.7,141,1075.17,59.97,17325,-4275,10184.15
NIFTY,27-Mar-2018,28-Mar-2018,CE,9650,0,0,0,988.65,0,536.1,0,0,0,0,0,10184.15
NIFTY,27-Mar-2018,28-Mar-2018,CE,9700,475,500,451.4,469.95,472.1,469.95,343,2617,121.68,30000,-15300,10184.15
NIFTY,27-Mar-2018,28-Mar-2018,CE,9750,426.55,426.55,426.55,426.55,426.55,426.55,1,7.63,.32,75,0,10184.15
NIFTY,27-Mar-2018,28-Mar-2018,CE,9800,379.65,405.9,344.3,371.15,373.5,371.15,998,7616.25,280.95,58350,-24900,10184.15
NIFTY,27-Mar-2018,28-Mar-2018,CE,9850,310.3,347.5,305.35,324,324,324,33,251.94,8.15,5625,-2175,10184.15
NIFTY,27-Mar-2018,28-Mar-2018,CE,9900,282.75,306.7,244.35,270.45,268.15,270.45,5610,42806.35,1152.1,212175,-74250,10184.15
NIFTY,27-Mar-2018,28-Mar-2018,CE,9950,229.4,254.2,192.2,220.75,217.35,220.75,4694,35798.91,769.94,293925,-86700,10184.15
NIFTY,27-Mar-2018,28-Mar-2018,CE,10000,190.25,208,149.55,173.95,173.95,173.95,60442,461415.09,8100.09,1391775,-775350,10184.15
NIFTY,27-Mar-2018,28-Mar-2018,CE,10050,140.95,163.05,104.95,127.95,128.8,127.95,12570,96017.34,1270.97,598350,-223650,10184.15
NIFTY,27-Mar-2018,28-Mar-2018,CE,10100,94.1,117.95,68.65,82,80,82,255092,1949607.59,17285.69,1436400,-901275,10184.15
NIFTY,27-Mar-2018,28-Mar-2018,CE,10150,70.7,78.95,38.5,46,44.05,46,151394,1158818.57,6331.74,682800,-169200,10184.15
NIFTY,27-Mar-2018,28-Mar-2018,CE,10200,41.1,47.3,17.75,22.5,21,22.5,822817,6313614.22,19064.17,4111800,498450,10184.15
NIFTY,27-Mar-2018,28-Mar-2018,CE,10250,24.95,24.95,6.2,8.9,8,8.9,280631,2160214.72,2863.9,2002275,804750,10184.15
NIFTY,27-Mar-2018,28-Mar-2018,CE,10300,35,35,2.65,3.6,2.9,3.6,463667,3583863.32,2035.75,3332400,346950,10184.15
NIFTY,27-Mar-2018,28-Mar-2018,CE,10350,9.7,19.9,1.1,1.5,1.15,1.5,74072,575121.14,137.24,760200,176325,10184.15
NIFTY,27-Mar-2018,28-Mar-2018,CE,10400,2.8,2.8,0.6,0.75,0.7,0.75,221196,1725520.06,191.26,3834450,-109725,10184.15
NIFTY,27-Mar-2018,28-Mar-2018,CE,10450,2,2,0.55,0.7,0.55,0.7,12220,95782.18,7.93,385275,-64500,10184.15
NIFTY,27-Mar-2018,28-Mar-2018,CE,10500,1.35,1.35,0.35,0.6,0.4,0.6,118033,929573.11,63.24,4340700,-444075,10184.15
NIFTY,27-Mar-2018,28-Mar-2018,CE,10550,0.15,1.15,0.15,0.35,0.15,0.35,1194,9448.05,.53,283350,-25050,10184.15
NIFTY,27-Mar-2018,28-Mar-2018,CE,10600,0.75,0.75,0.3,0.45,0.4,0.45,26081,207353.16,9.21,2381250,-322950,10184.15
NIFTY,27-Mar-2018,28-Mar-2018,CE,10650,0.25,0.65,0.25,0.45,0.5,0.45,1600,12780.57,.57,271725,-37800,10184.15
NIFTY,27-Mar-2018,28-Mar-2018,CE,10700,0.15,0.75,0.15,0.4,0.3,0.4,11467,92026.21,3.54,1961175,-244950,10184.15
NIFTY,27-Mar-2018,28-Mar-2018,CE,10750,0.4,0.6,0.3,0.35,0.4,0.35,510,4112.03,.16,159750,-15600,10184.15
NIFTY,28-Mar-2018,28-Mar-2018,CE,10800,0.1,0.1,0.05,0.05,0.05,0,10457,84702.1,.4,2112675,-16050,-
NIFTY,28-Mar-2018,28-Mar-2018,CE,10850,0.05,0.05,0.05,0.05,0.05,0,13,105.79,0,98175,-675,-
NIFTY,28-Mar-2018,28-Mar-2018,CE,10900,1,1,0.05,0.05,0.05,0,1442,11788.41,.06,769875,16500,-
NIFTY,28-Mar-2018,28-Mar-2018,CE,10950,0.05,0.05,0.05,0.05,0.05,0,3,24.64,0,33150,0,-
NIFTY,28-Mar-2018,28-Mar-2018,CE,11000,0.05,0.5,0.05,0.05,0.05,0,7681,63368.57,.32,1542675,38100,-
NIFTY,28-Mar-2018,28-Mar-2018,CE,11050,0.05,0.05,0.05,0.05,0.05,0,10,82.88,0,36675,-450,-
NIFTY,28-Mar-2018,28-Mar-2018,CE,11100,0.05,0.1,0.05,0.05,0.05,0,672,5594.43,.03,617325,12675,-
NIFTY,28-Mar-2018,28-Mar-2018,CE,9450,0,0,0,1180.5,0,0,0,0,0,0,0,-
NIFTY,28-Mar-2018,28-Mar-2018,CE,9500,622.65,656.2,604,613.6,608,0,3474,26375.62,1623.37,8100,-158400,-
NIFTY,28-Mar-2018,28-Mar-2018,CE,9550,0,0,0,850,850,0,0,0,0,0,0,-
NIFTY,28-Mar-2018,28-Mar-2018,CE,9600,519.5,546,498.8,507.75,506.55,0,293,2224.19,114.59,1200,-16125,-
NIFTY,28-Mar-2018,28-Mar-2018,CE,9650,0,0,0,988.65,0,0,0,0,0,0,0,-
NIFTY,28-Mar-2018,28-Mar-2018,CE,9700,438.4,446.55,396.55,408.3,402,0,501,3802.25,157.48,9000,-21000,-
NIFTY,28-Mar-2018,28-Mar-2018,CE,9750,370.1,372.8,370.1,372.8,372.8,0,2,15.18,.56,75,0,-
NIFTY,28-Mar-2018,28-Mar-2018,CE,9800,332.2,348.25,298.2,307.25,311.65,0,1217,9234.72,289.77,5250,-53100,-
NIFTY,28-Mar-2018,28-Mar-2018,CE,9850,262.5,300,252,295,295,0,73,554.03,14.74,525,-5100,-
NIFTY,28-Mar-2018,28-Mar-2018,CE,9900,225.15,249,197.05,206.75,209.6,0,6144,46613.2,994,7950,-204225,-
NIFTY,28-Mar-2018,28-Mar-2018,CE,9950,175,193.9,144.6,156.45,163.95,0,6054,45935.21,757.23,3900,-290025,-
NIFTY,28-Mar-2018,28-Mar-2018,CE,10000,126.85,154.5,101.25,112.65,112,0,74746,567371.88,6776.88,141225,-1250550,-
NIFTY,28-Mar-2018,28-Mar-2018,CE,10050,84.95,108.6,53.75,64.95,62,0,46539,353401.51,2613.8,43125,-555225,-
NIFTY,28-Mar-2018,28-Mar-2018,CE,10100,50.2,58.9,4,14.25,4,0,614361,4669027.45,15242.88,458325,-978075,-
NIFTY,28-Mar-2018,28-Mar-2018,CE,10150,20.85,24.95,0.05,1.6,0.05,0,613500,4675291.3,5022.55,2473650,1790850,-
NIFTY,28-Mar-2018,28-Mar-2018,CE,10200,10.15,10.15,0.05,0.25,0.05,0,981783,7513060.95,2421,6304650,2192850,-
NIFTY,28-Mar-2018,28-Mar-2018,CE,10250,2,4.05,0.05,0.05,0.05,0,343183,2638378.21,158.89,1857675,-144600,-
NIFTY,28-Mar-2018,28-Mar-2018,CE,10300,0.75,0.95,0.05,0.05,0.05,0,153842,1188455.33,25.88,4563300,1230900,-
NIFTY,28-Mar-2018,28-Mar-2018,CE,10350,0.05,0.4,0.05,0.05,0.05,0,13511,104880.05,.92,763875,3675,-
NIFTY,28-Mar-2018,28-Mar-2018,CE,10400,0.4,0.4,0.05,0.05,0.05,0,40618,316822.25,1.85,3575475,-258975,-
NIFTY,28-Mar-2018,28-Mar-2018,CE,10450,0.05,0.2,0.05,0.05,0.05,0,2410,18888.48,.11,369975,-15300,-
NIFTY,28-Mar-2018,28-Mar-2018,CE,10500,0.1,0.2,0.05,0.05,0.05,0,30654,241401.58,1.33,4244775,-95925,-
NIFTY,28-Mar-2018,28-Mar-2018,CE,10550,0.1,0.1,0.05,0.05,0.05,0,1207,9550.43,.05,272850,-10500,-
NIFTY,28-Mar-2018,28-Mar-2018,CE,10600,0.1,0.5,0.05,0.05,0.05,0,11868,94351.07,.47,2377800,-3450,-
NIFTY,28-Mar-2018,28-Mar-2018,CE,10650,0.35,0.35,0.05,0.05,0.05,0,866,6917.21,.03,271425,-300,-
NIFTY,28-Mar-2018,28-Mar-2018,CE,10700,0.05,0.15,0.05,0.05,0.05,0,9307,74689.06,.38,1972725,11550,-
NIFTY,28-Mar-2018,28-Mar-2018,CE,10750,0.1,0.25,0.05,0.05,0.05,0,1193,9618.62,.06,214725,54975,-
