NIFTY,22-Feb-2018,28-Mar-2018,PE,9450,0,0,0,2.8,0,1.55,0,0,0,0,0,-
NIFTY,22-Feb-2018,28-Mar-2018,PE,9500,22,22,13,14.45,14.3,14.45,22757,162411.32,267.7,1650450,580200,-
NIFTY,22-Feb-2018,28-Mar-2018,PE,9550,0,0,0,4.75,0,3.05,0,0,0,0,0,-
NIFTY,22-Feb-2018,28-Mar-2018,PE,9600,28.55,29.1,17.65,19.55,19.35,19.55,7103,51256.99,115.39,359400,126900,-
NIFTY,22-Feb-2018,28-Mar-2018,PE,10950,501.05,501.05,501.05,501.05,501.05,501.05,1,8.59,.38,75,75,-
NIFTY,22-Feb-2018,28-Mar-2018,PE,11000,628.95,633.75,580,603.75,611.15,603.75,3914,34096.92,1806.42,1153275,130425,-
NIFTY,22-Feb-2018,28-Mar-2018,PE,11050,0,0,0,483.35,0,615.5,0,0,0,0,0,-
NIFTY,22-Feb-2018,28-Mar-2018,PE,11100,715.05,725.8,677.95,698.4,704.05,698.4,1388,12298.82,743.72,242475,23025,-
NIFTY,22-Feb-2018,28-Mar-2018,PE,10300,154.9,159.55,124.35,136.65,137,136.65,41514,325067.06,4371.41,1730100,327375,-
NIFTY,22-Feb-2018,28-Mar-2018,PE,10350,170.3,177.2,142,156,158.55,156,3107,24490.25,372.16,106875,73425,-
NIFTY,22-Feb-2018,28-Mar-2018,PE,10400,198.55,201.65,160,175.7,180,175.7,41923,332675.72,5676.32,2164650,430725,-
NIFTY,22-Feb-2018,28-Mar-2018,PE,10450,254.3,254.3,180.7,196.45,197.65,196.45,292,2332.24,43.69,11250,3000,-
NIFTY,22-Feb-2018,28-Mar-2018,PE,10500,239,250.05,204.3,222.05,222.85,222.05,27882,224361.49,4790.74,1774125,69600,-
NIFTY,22-Feb-2018,28-Mar-2018,PE,10550,262.7,272.35,234,249.55,254,249.55,246,1992.74,46.26,7950,900,-
NIFTY,22-Feb-2018,28-Mar-2018,PE,10600,299,305.85,260,277.75,283.9,277.75,13287,108506.62,2874.97,968250,31500,-
NIFTY,22-Feb-2018,28-Mar-2018,PE,10650,307.45,307.45,307.45,307.45,307.45,307.45,2,16.44,.46,450,150,-
NIFTY,22-Feb-2018,28-Mar-2018,PE,10700,370,373,325.05,346.3,351.8,346.3,3837,31813.1,1021.18,813375,88275,-
NIFTY,22-Feb-2018,28-Mar-2018,PE,10750,395,395,395,395,395,395,2,16.72,.59,450,150,-
NIFTY,22-Feb-2018,28-Mar-2018,PE,10800,443.9,452.35,401.35,426.3,427.55,426.3,2797,23567.65,911.95,686550,51150,-
NIFTY,22-Feb-2018,28-Mar-2018,PE,10850,0,0,0,344.05,0,444.7,0,0,0,0,0,-
NIFTY,22-Feb-2018,28-Mar-2018,PE,10900,531.6,540.75,488,513.55,522.95,513.55,1653,14161.51,648.23,711300,47775,-
NIFTY,22-Feb-2018,28-Mar-2018,PE,9650,34.9,34.9,20.45,27,30.9,27,13,94.36,.27,8475,900,-
NIFTY,22-Feb-2018,28-Mar-2018,PE,9700,35,45,23.05,25.7,25.75,25.7,15433,112594.42,319.35,1121625,411375,-
NIFTY,22-Feb-2018,28-Mar-2018,PE,9750,0,0,0,39.65,39.65,10.25,0,0,0,75,0,-
NIFTY,22-Feb-2018,28-Mar-2018,PE,9800,44,46.75,30.85,35.05,34.4,35.05,23776,175395.14,641.54,1765500,492450,-
NIFTY,22-Feb-2018,28-Mar-2018,PE,9850,6.65,46.65,6.65,39.55,39.55,39.55,27,200.29,.82,1650,1650,-
NIFTY,22-Feb-2018,28-Mar-2018,PE,9900,58.5,61.9,41.45,46.75,46,46.75,22534,168136.51,821.56,1189650,418050,-
NIFTY,22-Feb-2018,28-Mar-2018,PE,9950,0,0,0,28.7,0,28.5,0,0,0,0,0,-
NIFTY,22-Feb-2018,28-Mar-2018,PE,10000,75,79.8,55.05,60.95,61.25,60.95,46590,351675.2,2250.2,3251475,508050,-
NIFTY,22-Feb-2018,28-Mar-2018,PE,10050,93.35,93.35,65,70.65,71,70.65,214,1624.95,11.93,11250,8100,-
NIFTY,22-Feb-2018,28-Mar-2018,PE,10100,94.7,100.05,72.8,80.45,80.95,80.45,27924,213280.87,1756.57,1948800,297075,-
NIFTY,22-Feb-2018,28-Mar-2018,PE,10150,106,110.1,84.1,92.25,93.55,92.25,233,1790.36,16.65,10950,5850,-
NIFTY,22-Feb-2018,28-Mar-2018,PE,10200,122.95,128.45,96.1,104.85,106.6,104.85,37866,292777.65,3102.75,2437425,364125,-
NIFTY,22-Feb-2018,28-Mar-2018,PE,10250,137.2,137.65,109.2,118.8,120.7,118.8,903,7025.31,83.5,22425,5475,-
NIFTY,23-Feb-2018,28-Mar-2018,PE,9450,0,0,0,2.8,0,0.85,0,0,0,0,0,-
NIFTY,23-Feb-2018,28-Mar-2018,PE,9500,11.7,12.75,8.35,11.1,11.9,11.1,37096,264597.27,288.27,2077875,427425,-
NIFTY,23-Feb-2018,28-Mar-2018,PE,9550,0,0,0,4.75,0,1.75,0,0,0,0,0,-
NIFTY,23-Feb-2018,28-Mar-2018,PE,9600,18,18,10.25,13.2,13.05,13.2,35149,253417.65,344.85,707850,348450,-
NIFTY,23-Feb-2018,28-Mar-2018,PE,10950,0,0,0,501.05,501.05,442.15,0,0,0,75,0,-
NIFTY,23-Feb-2018,28-Mar-2018,PE,11000,593,594.85,484.9,495.25,494.1,495.25,1301,11238.76,505.51,1148550,-4725,-
NIFTY,23-Feb-2018,28-Mar-2018,PE,11050,0,0,0,483.35,0,524.4,0,0,0,0,0,-
NIFTY,23-Feb-2018,28-Mar-2018,PE,11100,667.7,669,581.7,591.75,588.95,591.75,149,1309.41,68.99,242475,0,-
NIFTY,23-Feb-2018,28-Mar-2018,PE,10300,130.6,132.1,86.05,91.9,89,91.9,110263,860041.73,8260.06,2683425,953325,-
NIFTY,23-Feb-2018,28-Mar-2018,PE,10350,147.95,152.15,100.1,105.65,104,105.65,3839,30139.17,338.93,127650,20775,-
NIFTY,23-Feb-2018,28-Mar-2018,PE,10400,170.65,174.2,114.05,121.5,118.95,121.5,116376,919206.04,11473.24,3012600,847950,-
NIFTY,23-Feb-2018,28-Mar-2018,PE,10450,185.55,185.55,132.5,137.65,136,137.65,7220,57379.26,792.51,118275,107025,-
NIFTY,23-Feb-2018,28-Mar-2018,PE,10500,217.7,217.7,150.25,157.2,155,157.2,52678,421449.41,6610.16,2174100,399975,-
NIFTY,23-Feb-2018,28-Mar-2018,PE,10550,238.25,238.35,170.05,177.45,177.05,177.45,295,2375.13,40.94,12825,4875,-
NIFTY,23-Feb-2018,28-Mar-2018,PE,10600,275.7,277.35,194.5,201,198.4,201,15325,124283.05,2449.3,1056300,88050,-
NIFTY,23-Feb-2018,28-Mar-2018,PE,10650,258.65,274.65,224.4,225.9,227.35,225.9,23,187.87,4.16,600,150,-
NIFTY,23-Feb-2018,28-Mar-2018,PE,10700,335.95,342.95,250,257.7,255.05,257.7,5038,41458.29,1028.34,822675,9300,-
NIFTY,23-Feb-2018,28-Mar-2018,PE,10750,0,0,0,395,395,295.75,0,0,0,450,0,-
NIFTY,23-Feb-2018,28-Mar-2018,PE,10800,401.4,401.4,319.85,328.1,326.05,328.1,2181,18251.2,585.1,668250,-18300,-
NIFTY,23-Feb-2018,28-Mar-2018,PE,10850,0,0,0,344.05,0,365.55,0,0,0,0,0,-
NIFTY,23-Feb-2018,28-Mar-2018,PE,10900,485,485.7,396.1,407.65,406.25,407.65,809,6878.55,264.97,689700,-21600,-
NIFTY,23-Feb-2018,28-Mar-2018,PE,9650,15,19.45,11.6,14.35,14.75,14.35,98,710.32,1.05,9750,1275,-
NIFTY,23-Feb-2018,28-Mar-2018,PE,9700,23.5,23.5,14.15,16.65,16,16.65,30040,218932.41,391.41,1319775,198150,-
NIFTY,23-Feb-2018,28-Mar-2018,PE,9750,0,0,0,39.65,39.65,6.25,0,0,0,75,0,-
NIFTY,23-Feb-2018,28-Mar-2018,PE,9800,30,31.4,19.05,22.45,22,22.45,36486,268823.25,651.15,1817250,51750,-
NIFTY,23-Feb-2018,28-Mar-2018,PE,9850,33.65,33.95,23.05,25,26.05,25,1446,10712.32,29.99,44100,42450,-
NIFTY,23-Feb-2018,28-Mar-2018,PE,9900,45.15,45.15,26.35,29.35,28.45,29.35,47456,353474.7,1113.9,1784550,594900,-
NIFTY,23-Feb-2018,28-Mar-2018,PE,9950,44.2,45.8,30.5,33.45,32.3,33.45,1292,9674.18,32.63,48000,48000,-
NIFTY,23-Feb-2018,28-Mar-2018,PE,10000,56.75,56.75,35.55,39.5,38.05,39.5,84046,633007.71,2662.71,3544950,293475,-
NIFTY,23-Feb-2018,28-Mar-2018,PE,10050,62,62,41.15,44.9,44.75,44.9,1741,13188.36,65.58,21975,10725,-
NIFTY,23-Feb-2018,28-Mar-2018,PE,10100,73.2,76.05,48,52.15,50.75,52.15,50115,381723.69,2102.56,2294025,345225,-
NIFTY,23-Feb-2018,28-Mar-2018,PE,10150,81.65,81.65,55.55,59.85,59.4,59.85,1136,8703.44,55.64,36375,25425,-
NIFTY,23-Feb-2018,28-Mar-2018,PE,10200,101.85,101.85,64.5,69.6,66.7,69.6,85207,656681.32,4847.77,2495100,57675,-
NIFTY,23-Feb-2018,28-Mar-2018,PE,10250,114.5,114.55,75.4,79.95,78.45,79.95,1838,14250.63,121,37350,14925,-
NIFTY,26-Feb-2018,28-Mar-2018,PE,9450,0,0,0,2.8,0,0.35,0,0,0,0,0,-
NIFTY,26-Feb-2018,28-Mar-2018,PE,9500,9.95,10.05,8.3,9.2,9,9.2,20929,149259.53,140.41,2587875,510000,-
NIFTY,26-Feb-2018,28-Mar-2018,PE,9550,0,0,0,4.75,0,0.75,0,0,0,0,0,-
NIFTY,26-Feb-2018,28-Mar-2018,PE,9600,11.9,11.9,9.15,10.15,9.95,10.15,19071,137453.05,141.85,457275,-250575,-
NIFTY,26-Feb-2018,28-Mar-2018,PE,9650,8,13.4,7.5,8.5,8.5,8.5,9,65.2,.07,9675,-75,-
NIFTY,26-Feb-2018,28-Mar-2018,PE,10950,386.55,386.55,386.55,386.55,386.55,386.55,1,8.5,.29,75,0,-
NIFTY,26-Feb-2018,28-Mar-2018,PE,11000,460,462.7,395,406.15,410,406.15,2246,19232.54,703.04,1181250,32700,-
NIFTY,26-Feb-2018,28-Mar-2018,PE,11050,0,0,0,483.35,0,455.85,0,0,0,0,0,-
NIFTY,26-Feb-2018,28-Mar-2018,PE,11100,543.8,545.35,487.4,498.65,500.85,498.65,150,1305.78,57.03,241875,-600,-
NIFTY,26-Feb-2018,28-Mar-2018,PE,10300,63,79.9,55.5,59.3,59.55,59.3,73625,572317.48,3564.35,2896950,213525,-
NIFTY,26-Feb-2018,28-Mar-2018,PE,10350,83.85,91.65,65.6,69.5,69.6,69.5,4593,35909.17,256.01,139350,11700,-
NIFTY,26-Feb-2018,28-Mar-2018,PE,10400,99,106.15,75.5,80.2,79.85,80.2,93827,737958.66,6108.06,3191475,178875,-
NIFTY,26-Feb-2018,28-Mar-2018,PE,10450,135,135,88.45,92.95,94,92.95,4907,38823.06,364.44,112950,-5325,-
NIFTY,26-Feb-2018,28-Mar-2018,PE,10500,143,143,101.85,107.45,107.6,107.45,114415,910873.74,9855.62,2995800,821700,-
NIFTY,26-Feb-2018,28-Mar-2018,PE,10550,157.65,159.1,118.5,123.75,124.4,123.75,4394,35205.09,437.56,66825,54000,-
NIFTY,26-Feb-2018,28-Mar-2018,PE,10600,178.85,180.8,135.1,142.25,142.4,142.25,53754,433380.97,6036.67,1743075,686775,-
NIFTY,26-Feb-2018,28-Mar-2018,PE,10650,195.05,197.1,158,165,165.5,165,383,3108.09,48.88,16125,15525,-
NIFTY,26-Feb-2018,28-Mar-2018,PE,10700,232.2,234.5,180.75,188.8,188.55,188.8,12267,100268.92,1826.24,858825,36150,-
NIFTY,26-Feb-2018,28-Mar-2018,PE,10750,230.05,230.05,209.3,212.85,212.05,212.85,12,98.71,1.96,750,300,-
NIFTY,26-Feb-2018,28-Mar-2018,PE,10800,296.6,300.8,240.85,249.65,252.65,249.65,6394,53049.97,1258.57,636075,-32175,-
NIFTY,26-Feb-2018,28-Mar-2018,PE,10850,0,0,0,344.05,0,305.2,0,0,0,0,0,-
NIFTY,26-Feb-2018,28-Mar-2018,PE,10900,369.95,374.85,311.55,323.95,330.95,323.95,1559,13135.78,390.96,673350,-16350,-
NIFTY,26-Feb-2018,28-Mar-2018,PE,9700,10.55,14.2,8.8,11.55,11.1,11.55,18229,132777.83,161.85,1196250,-123525,-
NIFTY,26-Feb-2018,28-Mar-2018,PE,9750,0,0,0,39.65,39.65,3.15,0,0,0,75,0,-
NIFTY,26-Feb-2018,28-Mar-2018,PE,9800,19.25,19.75,13.7,14.55,14.25,14.55,16916,124528.3,195.7,1708350,-108900,-
NIFTY,26-Feb-2018,28-Mar-2018,PE,9850,20.3,20.35,11.65,15.45,12.3,15.45,402,2975,5.22,49425,5325,-
NIFTY,26-Feb-2018,28-Mar-2018,PE,9900,27,27,17.6,18.75,18.5,18.75,26078,194017.66,388.51,1689900,-94650,-
NIFTY,26-Feb-2018,28-Mar-2018,PE,9950,27,27,20.25,21.95,22.85,21.95,833,6230.1,13.83,28275,-19725,-
NIFTY,26-Feb-2018,28-Mar-2018,PE,10000,35.25,35.95,23.6,25.1,24.75,25.1,50420,379165.67,1015.67,3398325,-146625,-
NIFTY,26-Feb-2018,28-Mar-2018,PE,10050,48.9,48.9,26.9,28.6,29.25,28.6,1339,10124.68,31.97,44250,22275,-
NIFTY,26-Feb-2018,28-Mar-2018,PE,10100,50,50,31.5,33.05,33,33.05,40246,305946.16,1082.71,1898325,-395700,-
NIFTY,26-Feb-2018,28-Mar-2018,PE,10150,54.4,54.4,36,38.35,38,38.35,1545,11811.25,49.94,39825,3450,-
NIFTY,26-Feb-2018,28-Mar-2018,PE,10200,61,61.3,42,44.2,44.2,44.2,63103,484999.77,2261.82,2463825,-31275,-
NIFTY,26-Feb-2018,28-Mar-2018,PE,10250,68.7,68.75,47.8,51.35,51.65,51.35,1542,11917.04,62.91,51225,13875,-
NIFTY,27-Feb-2018,28-Mar-2018,PE,10950,0,0,0,386.55,386.55,394.3,0,0,0,75,0,-
NIFTY,27-Feb-2018,28-Mar-2018,PE,11000,390,460.3,374.35,439.25,441.55,439.25,1637,14029.58,524.33,1160250,-21000,-
NIFTY,27-Feb-2018,28-Mar-2018,PE,11050,0,0,0,483.35,0,475.8,0,0,0,0,0,-
NIFTY,27-Feb-2018,28-Mar-2018,PE,11100,488,551.5,464.35,532.6,530.9,532.6,167,1455.7,65.43,240975,-900,-
NIFTY,27-Feb-2018,28-Mar-2018,PE,10350,51.65,85.45,51.65,75.35,73.75,75.35,2520,19702.87,141.37,146850,7500,-
NIFTY,27-Feb-2018,28-Mar-2018,PE,10400,74.25,99.95,70.25,88.35,86,88.35,99804,785031.1,6559.9,3569625,378150,-
NIFTY,27-Feb-2018,28-Mar-2018,PE,10450,81.75,115,81.3,102.35,100.05,102.35,3646,28856.26,280.74,123300,10350,-
NIFTY,27-Feb-2018,28-Mar-2018,PE,10500,96.25,132,93.7,118.5,117.2,118.5,137049,1091227.48,11966.61,3077100,81300,-
NIFTY,27-Feb-2018,28-Mar-2018,PE,10550,140,150.55,101.05,137.5,135,137.5,10038,80461.45,1035.77,103800,36975,-
NIFTY,27-Feb-2018,28-Mar-2018,PE,10600,126.4,174.6,125.1,157.35,155,157.35,87086,702261.89,9928.19,1965000,221925,-
NIFTY,27-Feb-2018,28-Mar-2018,PE,10650,156.8,196.1,146.05,181.95,186,181.95,1068,8667.03,136.38,26250,10125,-
NIFTY,27-Feb-2018,28-Mar-2018,PE,10700,177.2,226.85,167.4,210.35,209,210.35,18513,151375.5,2808.68,808650,-50175,-
NIFTY,27-Feb-2018,28-Mar-2018,PE,10750,200,250.4,195,241,240.9,241,39,321.33,6.89,2550,1800,-
NIFTY,27-Feb-2018,28-Mar-2018,PE,10800,234.35,295.6,224,276.3,277,276.3,6316,52417.01,1257.41,633150,-2925,-
NIFTY,27-Feb-2018,28-Mar-2018,PE,10850,0,0,0,344.05,0,319.15,0,0,0,0,0,-
NIFTY,27-Feb-2018,28-Mar-2018,PE,10900,308.05,373,293,352.5,353.4,352.5,1514,12759.59,382.64,664200,-9150,-
NIFTY,27-Feb-2018,28-Mar-2018,PE,9700,10.4,15,10.3,11.4,10.6,11.4,13724,99973.15,131.05,1132050,-64200,-
NIFTY,27-Feb-2018,28-Mar-2018,PE,9750,0,0,0,39.65,39.65,2.85,0,0,0,75,0,-
NIFTY,27-Feb-2018,28-Mar-2018,PE,9800,13,19.15,13,15.05,14.8,15.05,13113,96540,159.45,1695225,-13125,-
NIFTY,27-Feb-2018,28-Mar-2018,PE,9850,18,21,14.5,14.5,14.5,14.5,38,281.24,.51,49350,-75,-
NIFTY,27-Feb-2018,28-Mar-2018,PE,9900,15.8,24.5,15.3,19.6,19.2,19.6,23393,174064.95,371.93,1411275,-278625,-
NIFTY,27-Feb-2018,28-Mar-2018,PE,9950,21,30,18.9,22.6,20.05,22.6,332,2483.44,5.89,30000,1725,-
NIFTY,27-Feb-2018,28-Mar-2018,PE,10000,22.65,31.75,20.75,26,25.65,26,45069,338934.37,916.87,3318750,-79575,-
NIFTY,27-Feb-2018,28-Mar-2018,PE,10050,26.55,36.95,25.05,30.35,29.3,30.35,1002,7576.05,23.47,44475,225,-
NIFTY,27-Feb-2018,28-Mar-2018,PE,10100,30,41.9,27.75,35.05,34.15,35.05,29031,220694.71,784.89,2010600,112275,-
NIFTY,27-Feb-2018,28-Mar-2018,PE,10150,35,50.65,33.8,40.65,39.4,40.65,1047,8003.67,33.38,47925,8100,-
NIFTY,27-Feb-2018,28-Mar-2018,PE,10200,39.8,71.95,38.9,47.8,46.5,47.8,63357,486999.41,2318.36,2530875,67050,-
NIFTY,27-Feb-2018,28-Mar-2018,PE,10250,48.8,65,45.25,54.9,51.45,54.9,1862,14393.59,79.46,60975,9750,-
NIFTY,27-Feb-2018,28-Mar-2018,PE,10300,41.1,74.9,41.1,64.6,63.15,64.6,92331,717770.06,4513.09,3131175,234225,-
NIFTY,27-Feb-2018,28-Mar-2018,PE,9450,0,0,0,2.8,0,0.3,0,0,0,0,0,-
NIFTY,27-Feb-2018,28-Mar-2018,PE,9500,8.4,10.8,7.6,8.4,7.95,8.4,19882,141797.38,138.13,2478000,-109875,-
NIFTY,27-Feb-2018,28-Mar-2018,PE,9550,0,0,0,4.75,0,0.65,0,0,0,0,0,-
NIFTY,27-Feb-2018,28-Mar-2018,PE,9600,9.35,12.5,8.75,9.55,8.75,9.55,7839,56502.83,62.03,488175,30900,-
NIFTY,27-Feb-2018,28-Mar-2018,PE,9650,6,13.8,6,13.8,13.8,13.8,5,36.23,.05,9600,-75,-
NIFTY,28-Feb-2018,28-Mar-2018,PE,9450,0,0,0,2.8,0,0.35,0,0,0,0,0,10492.85
NIFTY,28-Feb-2018,28-Mar-2018,PE,9500,9.7,10.15,8.1,8.75,8.7,8.75,22072,157409.49,146.49,2550000,72000,10492.85
NIFTY,28-Feb-2018,28-Mar-2018,PE,9550,0,0,0,4.75,0,0.8,0,0,0,0,0,10492.85
NIFTY,28-Feb-2018,28-Mar-2018,PE,9600,10.1,12.2,8.9,9.8,10.4,9.8,10105,72834.68,78.68,511875,23700,10492.85
NIFTY,28-Feb-2018,28-Mar-2018,PE,10950,0,0,0,386.55,386.55,441.5,0,0,0,75,0,10492.85
NIFTY,28-Feb-2018,28-Mar-2018,PE,11000,483,526,447.85,477.55,480.75,477.55,1059,9126.76,390.01,1165050,4800,10492.85
NIFTY,28-Feb-2018,28-Mar-2018,PE,11050,0,0,0,483.35,0,527.3,0,0,0,0,0,10492.85
NIFTY,28-Feb-2018,28-Mar-2018,PE,11100,610,625.65,543.3,572.3,575,572.3,241,2112.63,106.31,237675,-3300,10492.85
NIFTY,28-Feb-2018,28-Mar-2018,PE,10300,98.8,98.8,62.6,70.75,69.5,70.75,105454,820712.28,6080.13,3333450,202275,10492.85
NIFTY,28-Feb-2018,28-Mar-2018,PE,10350,94,102.75,72.9,82.3,80.85,82.3,13916,108932.49,909.54,293850,147000,10492.85
NIFTY,28-Feb-2018,28-Mar-2018,PE,10400,105.6,120,85.7,97.1,96.95,97.1,143842,1133244.75,11277.15,3722625,153000,10492.85
NIFTY,28-Feb-2018,28-Mar-2018,PE,10450,133.95,141.8,101,113.95,112,113.95,7591,60197.63,703.16,142725,19425,10492.85
NIFTY,28-Feb-2018,28-Mar-2018,PE,10500,146.9,158.8,116.1,131.7,130.4,131.7,143009,1141173.8,14977.93,2866725,-210375,10492.85
NIFTY,28-Feb-2018,28-Mar-2018,PE,10550,198,198,136.45,152.8,152,152.8,3895,31293.16,473.98,77925,-25875,10492.85
NIFTY,28-Feb-2018,28-Mar-2018,PE,10600,186.5,209,156.5,175.55,175.55,175.55,40950,331265.41,5712.91,1854600,-110400,10492.85
NIFTY,28-Feb-2018,28-Mar-2018,PE,10650,239.85,239.85,184.95,203.55,194,203.55,460,3747.13,72.88,19425,-6825,10492.85
NIFTY,28-Feb-2018,28-Mar-2018,PE,10700,241.2,274,212,235.35,236.1,235.35,9592,78762.26,1786.46,735900,-72750,10492.85
NIFTY,28-Feb-2018,28-Mar-2018,PE,10750,303.9,308.05,251.65,267.5,270.15,267.5,30,248.22,6.34,2850,300,10492.85
NIFTY,28-Feb-2018,28-Mar-2018,PE,10800,340,350.45,279.45,303.75,304.3,303.75,3397,28334.24,818.54,577650,-55500,10492.85
NIFTY,28-Feb-2018,28-Mar-2018,PE,10850,0,0,0,344.05,0,361.4,0,0,0,0,0,10492.85
NIFTY,28-Feb-2018,28-Mar-2018,PE,10900,420.95,433.95,358.8,381.7,385.4,381.7,746,6323.88,225.33,662250,-1950,10492.85
NIFTY,28-Feb-2018,28-Mar-2018,PE,9650,13.8,13.8,10.1,10.1,10.1,10.1,10,72.46,.08,9675,75,10492.85
NIFTY,28-Feb-2018,28-Mar-2018,PE,9700,13.9,15.9,10.5,11.65,11.65,11.65,11893,86634.2,112.63,1142400,10350,10492.85
NIFTY,28-Feb-2018,28-Mar-2018,PE,9750,0,0,0,39.65,39.65,3.5,0,0,0,75,0,10492.85
NIFTY,28-Feb-2018,28-Mar-2018,PE,9800,18.7,20.25,13.7,15.3,15,15.3,15045,110770.34,189.59,1645725,-49500,10492.85
NIFTY,28-Feb-2018,28-Mar-2018,PE,9850,22.85,23.5,14.6,17.25,17.25,17.25,46,340.44,.61,49575,225,10492.85
NIFTY,28-Feb-2018,28-Mar-2018,PE,9900,23.5,27.4,18.2,20.45,19.85,20.45,17880,133060.26,301.26,1376100,-35175,10492.85
NIFTY,28-Feb-2018,28-Mar-2018,PE,9950,27.5,30.65,21.05,23.6,23,23.6,767,5738.73,15,36675,6675,10492.85
NIFTY,28-Feb-2018,28-Mar-2018,PE,10000,31.4,38.65,25.05,28,27.6,28,60607,455939.99,1387.49,3124725,-194025,10492.85
NIFTY,28-Feb-2018,28-Mar-2018,PE,10050,38.2,41.7,28.65,32.35,31.35,32.35,953,7208.58,25.34,47550,3075,10492.85
NIFTY,28-Feb-2018,28-Mar-2018,PE,10100,44,48.8,33.7,37.7,37.1,37.7,33840,257375.45,1037.45,2024775,14175,10492.85
NIFTY,28-Feb-2018,28-Mar-2018,PE,10150,54.15,56.45,39.2,44.05,43.9,44.05,1138,8704.43,41.4,57900,9975,10492.85
NIFTY,28-Feb-2018,28-Mar-2018,PE,10200,58.15,66,46.05,51.95,51,51.95,71641,551072.58,3018.93,2395575,-135300,10492.85
NIFTY,28-Feb-2018,28-Mar-2018,PE,10250,84.15,84.15,53.7,60.45,59.85,60.45,1716,13276.9,85.15,60150,-825,10492.85
NIFTY,01-Mar-2018,28-Mar-2018,PE,9650,13,13,10,10,10,10,2,14.49,.02,9675,0,-
NIFTY,01-Mar-2018,28-Mar-2018,PE,9700,12.25,13.7,10.6,13.2,13.7,13.2,8335,60714.78,77.65,1165500,23100,-
NIFTY,01-Mar-2018,28-Mar-2018,PE,9750,0,0,0,39.65,39.65,3.4,0,0,0,75,0,-
NIFTY,01-Mar-2018,28-Mar-2018,PE,9800,16.45,19,14.1,18.25,19,18.25,13150,96816.71,164.21,1593525,-52200,-
NIFTY,01-Mar-2018,28-Mar-2018,PE,10900,400.1,460.95,380.7,448.75,460.95,448.75,1046,8880.38,329.33,657075,-5175,-
NIFTY,01-Mar-2018,28-Mar-2018,PE,10950,0,0,0,386.55,386.55,467.1,0,0,0,75,0,-
NIFTY,01-Mar-2018,28-Mar-2018,PE,11000,496,555.05,474.35,540.05,555,540.05,1215,10484.76,461.01,1156950,-8100,-
NIFTY,01-Mar-2018,28-Mar-2018,PE,11050,0,0,0,483.35,0,555.65,0,0,0,0,0,-
NIFTY,01-Mar-2018,28-Mar-2018,PE,11100,579,650.55,567.3,636.05,650.55,636.05,240,2108.45,110.45,222900,-14775,-
NIFTY,01-Mar-2018,28-Mar-2018,PE,10550,162.9,195,145.2,185.1,195,185.1,1899,15264.85,239.01,66450,-11475,-
NIFTY,01-Mar-2018,28-Mar-2018,PE,10600,194,224.35,166.75,212.55,221,212.55,35783,289615.64,5140.79,1608975,-245625,-
NIFTY,01-Mar-2018,28-Mar-2018,PE,10650,202.55,254,199.8,246,253,246,194,1583.21,33.63,18375,-1050,-
NIFTY,01-Mar-2018,28-Mar-2018,PE,10700,250,295.95,227,283.9,290,283.9,9697,79692.77,1874.35,616875,-119025,-
NIFTY,01-Mar-2018,28-Mar-2018,PE,10750,186.25,297.1,186.25,297.1,297.1,297.1,16,132.31,3.31,2250,-600,-
NIFTY,01-Mar-2018,28-Mar-2018,PE,10800,325,374.3,300,360.95,374,360.95,2844,23741.07,704.67,550350,-27300,-
NIFTY,01-Mar-2018,28-Mar-2018,PE,10850,0,0,0,344.05,0,383.75,0,0,0,0,0,-
NIFTY,01-Mar-2018,28-Mar-2018,PE,10200,55.25,67.75,47.4,62.7,67.5,62.7,61610,473952.1,2635.6,2097675,-297900,-
NIFTY,01-Mar-2018,28-Mar-2018,PE,10250,66.45,78.35,56,73.85,77.9,73.85,1523,11785.68,77.62,53625,-6525,-
NIFTY,01-Mar-2018,28-Mar-2018,PE,10300,70.75,95,65.25,86.65,92.2,86.65,102185,795386.61,6007.48,3473550,140100,-
NIFTY,01-Mar-2018,28-Mar-2018,PE,10350,86.65,107.9,78,101.85,107,101.85,5941,46523.47,406.45,264975,-28875,-
NIFTY,01-Mar-2018,28-Mar-2018,PE,10400,104.55,126.95,90.2,118.2,124.7,118.2,128097,1009413.1,10256.5,3678300,-44325,-
NIFTY,01-Mar-2018,28-Mar-2018,PE,10450,149,149,107,138.8,148,138.8,11404,90477.64,1098.79,267825,125100,-
NIFTY,01-Mar-2018,28-Mar-2018,PE,10500,141.85,170,122.2,160.05,167.55,160.05,142905,1140777.81,15400.94,3081450,214725,-
NIFTY,01-Mar-2018,28-Mar-2018,PE,9850,15,21.55,15,20.3,21.55,20.3,53,392.31,.77,50025,450,-
NIFTY,01-Mar-2018,28-Mar-2018,PE,9900,22.4,25.2,15,23.85,24.85,23.85,16534,123035.66,270.71,1408350,32250,-
NIFTY,01-Mar-2018,28-Mar-2018,PE,9950,20,32.4,20,28.3,32.4,28.3,692,5177.53,13.48,43575,6900,-
NIFTY,01-Mar-2018,28-Mar-2018,PE,10000,35,35.1,25.7,33,34.55,33,52779,397043.33,1200.83,3106875,-17850,-
NIFTY,01-Mar-2018,28-Mar-2018,PE,10050,32.9,41.35,30.15,38.5,41,38.5,966,7306.58,25.35,52425,4875,-
NIFTY,01-Mar-2018,28-Mar-2018,PE,10100,43.95,48.8,34.2,45.35,48.8,45.35,38476,292654.16,1198.46,2077800,53025,-
NIFTY,01-Mar-2018,28-Mar-2018,PE,10150,45.45,56.85,40.75,53.8,56,53.8,1340,10249.59,48.84,64275,6375,-
NIFTY,01-Mar-2018,28-Mar-2018,PE,9450,0,0,0,2.8,0,0.3,0,0,0,0,0,-
NIFTY,01-Mar-2018,28-Mar-2018,PE,9500,9.9,9.95,8.25,9.5,9.95,9.5,13855,98810.99,94.12,2592525,42525,-
NIFTY,01-Mar-2018,28-Mar-2018,PE,9550,0,0,0,4.75,0,0.7,0,0,0,0,0,-
NIFTY,01-Mar-2018,28-Mar-2018,PE,9600,10.1,11.15,9.1,10.7,10.8,10.7,5510,39714.39,42.39,551850,39975,-
NIFTY,05-Mar-2018,28-Mar-2018,PE,9600,13.7,17.6,11.5,14.75,14.45,14.75,21682,156350.34,239.94,811125,259275,-
NIFTY,05-Mar-2018,28-Mar-2018,PE,9650,13.15,18,11.1,13.95,14.95,13.95,64,463.87,.67,9600,-75,-
NIFTY,05-Mar-2018,28-Mar-2018,PE,9700,17.8,23.75,14.85,18.3,18.55,18.3,31370,228665.37,448.62,1262775,97275,-
NIFTY,05-Mar-2018,28-Mar-2018,PE,9750,0,0,0,39.65,39.65,4.9,0,0,0,75,0,-
NIFTY,05-Mar-2018,28-Mar-2018,PE,10900,527.25,577.85,512.1,532.15,538.9,532.15,794,6813.76,322.81,652875,-4200,-
NIFTY,05-Mar-2018,28-Mar-2018,PE,10950,0,0,0,386.55,386.55,557.45,0,0,0,75,0,-
NIFTY,05-Mar-2018,28-Mar-2018,PE,11000,605,672,605,629.75,635.8,629.75,1322,11538.21,631.71,1143825,-13125,-
NIFTY,05-Mar-2018,28-Mar-2018,PE,11050,0,0,0,483.35,0,651.35,0,0,0,0,0,-
NIFTY,05-Mar-2018,28-Mar-2018,PE,11100,703.6,770,703.6,727.75,731.15,727.75,155,1376.84,86.46,214875,-8025,-
NIFTY,05-Mar-2018,28-Mar-2018,PE,10550,240,280.95,225.75,243.1,245.55,243.1,641,5193.02,121.1,50025,-16425,-
NIFTY,05-Mar-2018,28-Mar-2018,PE,10600,258,317.45,258,278.95,284.8,278.95,14774,120616.43,3163.13,1431225,-177750,-
NIFTY,05-Mar-2018,28-Mar-2018,PE,10650,296.15,353,295,316.3,322.5,316.3,96,789.82,23.02,14850,-3525,-
NIFTY,05-Mar-2018,28-Mar-2018,PE,10700,342.65,398.95,334.05,359.5,361,359.5,5048,41903.35,1393.15,551475,-65400,-
NIFTY,05-Mar-2018,28-Mar-2018,PE,10750,375.75,442.9,375.75,397.45,397.45,397.45,14,117.33,4.45,1500,-750,-
NIFTY,05-Mar-2018,28-Mar-2018,PE,10800,410,486.65,410,443.9,445.85,443.9,2318,19569.95,794.15,528975,-21375,-
NIFTY,05-Mar-2018,28-Mar-2018,PE,10850,0,0,0,344.05,0,467.1,0,0,0,0,0,-
NIFTY,05-Mar-2018,28-Mar-2018,PE,10150,72.4,94.95,66.6,74.1,76.15,74.1,2605,19986.96,156.4,74250,9975,-
NIFTY,05-Mar-2018,28-Mar-2018,PE,10200,50,109.85,50,86.85,89.85,86.85,139042,1073387.14,9715.84,2567550,469875,-
NIFTY,05-Mar-2018,28-Mar-2018,PE,10250,84,126.4,84,101.35,104.5,101.35,9182,71343.29,756.66,149175,95550,-
NIFTY,05-Mar-2018,28-Mar-2018,PE,10300,112.2,145.9,107.75,118.9,122.65,118.9,161960,1266388.71,15247.71,2987925,-485625,-
NIFTY,05-Mar-2018,28-Mar-2018,PE,10350,150.3,167.75,125.15,140.3,143,140.3,14440,113673.99,1583.49,211950,-53025,-
NIFTY,05-Mar-2018,28-Mar-2018,PE,10400,141.45,193.5,141.45,160.1,165.75,160.1,123398,977867.35,15362.95,3542100,-136200,-
NIFTY,05-Mar-2018,28-Mar-2018,PE,10450,158,220,158,186.5,190.15,186.5,2933,23404.95,417.57,205875,-61950,-
NIFTY,05-Mar-2018,28-Mar-2018,PE,10500,199.75,250,195.2,213.55,220.55,213.55,53064,426627.61,8748.61,2485350,-596100,-
NIFTY,05-Mar-2018,28-Mar-2018,PE,9800,22,32.9,20.8,25.05,25.5,25.05,45474,335136.28,902.38,1943475,349950,-
NIFTY,05-Mar-2018,28-Mar-2018,PE,9850,33.25,37.65,23.65,29,34.7,29,843,6247.32,19.66,68700,18675,-
NIFTY,05-Mar-2018,28-Mar-2018,PE,9900,30.55,44.5,28.6,33.55,34.45,33.55,36667,273239.69,987.22,1608225,199875,-
NIFTY,05-Mar-2018,28-Mar-2018,PE,9950,39.4,51.4,33.4,39.25,41,39.25,1447,10843.62,45.38,58725,15150,-
NIFTY,05-Mar-2018,28-Mar-2018,PE,10000,35.8,60.7,35.8,46,47,46,105605,795999.55,3962.05,3361575,254700,-
NIFTY,05-Mar-2018,28-Mar-2018,PE,10050,52.85,70.4,47.95,53.9,55.5,53.9,2020,15315.48,89.73,62400,9975,-
NIFTY,05-Mar-2018,28-Mar-2018,PE,10100,60.9,82,56.25,62.95,65,62.95,87117,664397.48,4486.2,2673900,596100,-
NIFTY,05-Mar-2018,28-Mar-2018,PE,9450,0,0,0,2.8,0,0.4,0,0,0,0,0,-
NIFTY,05-Mar-2018,28-Mar-2018,PE,9500,11.85,13.5,9.85,11.4,11.2,11.4,27992,199684.01,241.01,2322450,-270075,-
NIFTY,05-Mar-2018,28-Mar-2018,PE,9550,0,0,0,4.75,0,1,0,0,0,0,0,-
NIFTY,06-Mar-2018,28-Mar-2018,PE,9600,12,24.35,9.95,21.95,24.35,21.95,20449,147474.74,241.94,898425,87300,-
NIFTY,06-Mar-2018,28-Mar-2018,PE,9650,15,27.7,11.3,24.25,26,24.25,98,710.67,1.39,10050,450,-
NIFTY,06-Mar-2018,28-Mar-2018,PE,9700,15,32.25,12.05,28.9,32.25,28.9,26001,189560.5,403.23,1339350,76575,-
NIFTY,06-Mar-2018,28-Mar-2018,PE,9750,0,0,0,39.65,39.65,10.4,0,0,0,75,0,-
NIFTY,06-Mar-2018,28-Mar-2018,PE,10900,487.35,671.05,466.55,630.2,671.05,630.2,734,6308.87,308.42,650325,-2550,-
NIFTY,06-Mar-2018,28-Mar-2018,PE,10950,639,639,639,639,639,639,1,8.69,.48,150,75,-
NIFTY,06-Mar-2018,28-Mar-2018,PE,11000,580.05,768.95,562,740.5,768.95,740.5,1029,9001.1,511.85,1142475,-1350,-
NIFTY,06-Mar-2018,28-Mar-2018,PE,11050,739,739,739,739,739,739,1,8.84,.55,75,75,-
NIFTY,06-Mar-2018,28-Mar-2018,PE,11100,680.15,866.05,663.95,844.35,866.05,844.35,162,1440.21,91.56,213900,-975,-
NIFTY,06-Mar-2018,28-Mar-2018,PE,10550,204.35,362.15,190.25,338.35,362.15,338.35,812,6570.13,145.18,48225,-1800,-
NIFTY,06-Mar-2018,28-Mar-2018,PE,10600,243.9,398.75,220.05,376.25,398,376.25,11501,93839.64,2406.69,1340325,-90900,-
NIFTY,06-Mar-2018,28-Mar-2018,PE,10650,259.95,437,258,421.2,425,421.2,123,1011.79,29.33,10950,-3900,-
NIFTY,06-Mar-2018,28-Mar-2018,PE,10700,324.7,488,294.55,462.1,485.1,462.1,3722,30870.24,1001.19,518475,-33000,-
NIFTY,06-Mar-2018,28-Mar-2018,PE,10750,356.6,530,356.6,520,530,520,14,117.04,4.17,1650,150,-
NIFTY,06-Mar-2018,28-Mar-2018,PE,10800,400.1,576,375,552.8,574.7,552.8,1420,11982.66,480.66,524475,-4500,-
NIFTY,06-Mar-2018,28-Mar-2018,PE,10850,0,0,0,344.05,0,567.8,0,0,0,0,0,-
NIFTY,06-Mar-2018,28-Mar-2018,PE,10200,75,144,59.2,131.75,144,131.75,141170,1090214.12,10263.62,2989275,421725,-
NIFTY,06-Mar-2018,28-Mar-2018,PE,10250,85.25,166.5,70.05,152.45,165,152.45,9170,71314.86,820.48,111000,-38175,-
NIFTY,06-Mar-2018,28-Mar-2018,PE,10300,100,190,83.35,174.95,188.1,174.95,181585,1419374.57,16630.45,2757600,-230325,-
NIFTY,06-Mar-2018,28-Mar-2018,PE,10350,116.75,219,98.7,200.7,210.15,200.7,10733,84441.02,1126.11,169950,-42000,-
NIFTY,06-Mar-2018,28-Mar-2018,PE,10400,139.45,249.6,116.6,230,248,230,143100,1133173.19,16993.19,3442725,-99375,-
NIFTY,06-Mar-2018,28-Mar-2018,PE,10450,154.75,282.25,140,264.5,282,264.5,3539,28222.54,485.63,216675,10800,-
NIFTY,06-Mar-2018,28-Mar-2018,PE,10500,184.8,319,163.05,299.65,319,299.65,45321,364105.66,7202.78,2284125,-201225,-
NIFTY,06-Mar-2018,28-Mar-2018,PE,9800,20,44,16.2,39.8,43.65,39.8,37160,273901.2,775.2,1938150,-5325,-
NIFTY,06-Mar-2018,28-Mar-2018,PE,9850,22.55,51,18.5,45.4,51,45.4,777,5759.01,18.92,79350,10650,-
NIFTY,06-Mar-2018,28-Mar-2018,PE,9900,25.6,59.8,21.5,53.5,59.1,53.5,48072,358288.11,1353.51,1661400,53175,-
NIFTY,06-Mar-2018,28-Mar-2018,PE,9950,28.05,68.95,25.45,62.4,67.25,62.4,1179,8838.09,39.8,67875,9150,-
NIFTY,06-Mar-2018,28-Mar-2018,PE,10000,40,80,29.7,73.05,79.2,73.05,119567,901451.55,4699.05,3712875,351300,-
NIFTY,06-Mar-2018,28-Mar-2018,PE,10050,39.2,93.2,35.15,87.75,93,87.75,1509,11444.62,70.53,77025,14625,-
NIFTY,06-Mar-2018,28-Mar-2018,PE,10100,48.85,109,42,99,108,99,105775,806827.51,5581.89,2139375,-534525,-
NIFTY,06-Mar-2018,28-Mar-2018,PE,10150,56,124.95,50.35,115.75,124.9,115.75,1893,14531.72,121.25,70050,-4200,-
NIFTY,06-Mar-2018,28-Mar-2018,PE,9450,0,0,0,2.8,0,1.05,0,0,0,0,0,-
NIFTY,06-Mar-2018,28-Mar-2018,PE,9500,9.85,17.65,8.3,16,17.5,16,29062,207330.45,263.7,2130225,-192225,-
NIFTY,06-Mar-2018,28-Mar-2018,PE,9550,0,0,0,4.75,0,2.45,0,0,0,0,0,-
NIFTY,07-Mar-2018,28-Mar-2018,PE,10850,0,0,0,344.05,0,658.25,0,0,0,0,0,10154.2
NIFTY,07-Mar-2018,28-Mar-2018,PE,10900,693.35,734.05,643.95,718.15,714.45,718.15,581,5050.07,300.39,639975,-10350,10154.2
NIFTY,07-Mar-2018,28-Mar-2018,PE,10950,0,0,0,639,639,754.95,0,0,0,150,0,10154.2
NIFTY,07-Mar-2018,28-Mar-2018,PE,11000,787.55,832.65,740,817.75,810,817.75,937,8286.49,556.24,1152600,10125,10154.2
NIFTY,07-Mar-2018,28-Mar-2018,PE,11050,0,0,0,739,739,852.95,0,0,0,75,0,10154.2
NIFTY,07-Mar-2018,28-Mar-2018,PE,11100,856.1,930,846.45,915,910,915,221,1988.86,149.03,201900,-12000,10154.2
NIFTY,07-Mar-2018,28-Mar-2018,PE,10500,327.55,369,290.5,355.95,350.6,355.95,21337,173337.27,5308.4,1902225,-381900,10154.2
NIFTY,07-Mar-2018,28-Mar-2018,PE,10550,371.95,404.45,335,398,381.15,398,186,1523.14,51.41,46500,-1725,10154.2
NIFTY,07-Mar-2018,28-Mar-2018,PE,10600,403.05,453.4,370,435.8,430.65,435.8,5752,47503.87,1775.47,1224975,-115350,10154.2
NIFTY,07-Mar-2018,28-Mar-2018,PE,10650,444.6,486.6,422.75,480,486.6,480,55,457.61,18.29,7875,-3075,10154.2
NIFTY,07-Mar-2018,28-Mar-2018,PE,10700,499.95,547.35,460,530.1,520,530.1,2792,23446.01,1040.21,485775,-32700,10154.2
NIFTY,07-Mar-2018,28-Mar-2018,PE,10750,0,0,0,520,530,563.8,0,0,0,1650,0,10154.2
NIFTY,07-Mar-2018,28-Mar-2018,PE,10800,603.65,643.2,550.05,623.7,616,623.7,2068,17650.42,899.62,445950,-78525,10154.2
NIFTY,07-Mar-2018,28-Mar-2018,PE,10150,127.75,145.5,107.05,130,126.5,130,11847,91301.78,1116.49,153225,83175,10154.2
NIFTY,07-Mar-2018,28-Mar-2018,PE,10200,148.1,161.65,124.75,152.6,148.05,152.6,202659,1572296.39,21955.04,3312750,323475,10154.2
NIFTY,07-Mar-2018,28-Mar-2018,PE,10250,169.95,187.95,145.25,178.75,174.95,178.75,6910,53987.63,867,99075,-11925,10154.2
NIFTY,07-Mar-2018,28-Mar-2018,PE,10300,190.05,218.8,167.35,208.9,202.2,208.9,108586,854524.51,15697.66,2346075,-411525,10154.2
NIFTY,07-Mar-2018,28-Mar-2018,PE,10350,230,250,194.4,239.25,231.2,239.25,1785,14156.33,300.26,129750,-40200,10154.2
NIFTY,07-Mar-2018,28-Mar-2018,PE,10400,250,288,223.25,275.9,268.9,275.9,51078,408165.27,9756.87,2692050,-750675,10154.2
NIFTY,07-Mar-2018,28-Mar-2018,PE,10450,299.3,325.5,256.8,316.1,301.55,316.1,564,4544.23,123.88,199800,-16875,10154.2
NIFTY,07-Mar-2018,28-Mar-2018,PE,9800,44.3,49.2,35.6,40.6,39.95,40.6,71147,525105.36,2174.91,2241000,302850,10154.2
NIFTY,07-Mar-2018,28-Mar-2018,PE,9850,54.4,54.75,42.2,48.55,47.5,48.55,1656,12293.22,59.52,96150,16800,10154.2
NIFTY,07-Mar-2018,28-Mar-2018,PE,9900,60.05,64,48.55,57.5,55.25,57.5,86486,645817.35,3658.8,1762800,101400,10154.2
NIFTY,07-Mar-2018,28-Mar-2018,PE,9950,70.8,75.6,57,68,66.3,68,2813,21132.35,140.34,59025,-8850,10154.2
NIFTY,07-Mar-2018,28-Mar-2018,PE,10000,74.5,86.7,66.55,80.4,78,80.4,200111,1512490.6,11658.1,4083000,370125,10154.2
NIFTY,07-Mar-2018,28-Mar-2018,PE,10050,95,100.55,78.65,94.35,91.05,94.35,4011,30510.07,277.16,94050,17025,10154.2
NIFTY,07-Mar-2018,28-Mar-2018,PE,10100,105.15,118.1,91.15,111.25,108.1,111.25,158440,1212814.54,12631.54,2522325,382950,10154.2
NIFTY,07-Mar-2018,28-Mar-2018,PE,9450,0,0,0,2.8,0,2.1,0,0,0,0,0,10154.2
NIFTY,07-Mar-2018,28-Mar-2018,PE,9500,13.55,19.45,13.55,15.35,15.15,15.35,35164,250960.65,417.15,2084850,-45375,10154.2
NIFTY,07-Mar-2018,28-Mar-2018,PE,9550,0,0,0,4.75,0,4.6,0,0,0,0,0,10154.2
NIFTY,07-Mar-2018,28-Mar-2018,PE,9600,25.95,28,19.1,21.3,21.5,21.3,30673,221350.39,504.79,974325,75900,10154.2
NIFTY,07-Mar-2018,28-Mar-2018,PE,9650,34.95,34.95,22.55,24.8,25,24.8,393,2851.92,7.59,14850,4800,10154.2
NIFTY,07-Mar-2018,28-Mar-2018,PE,9700,32.25,34.85,25.5,28.75,28.9,28.75,40096,292583.3,884.9,1549575,210225,10154.2
NIFTY,07-Mar-2018,28-Mar-2018,PE,9750,34.45,43.25,21,35.15,37.4,35.15,401,2942.66,10.35,11100,11025,10154.2
NIFTY,08-Mar-2018,28-Mar-2018,PE,9600,13.65,21.45,11.05,12.8,12.3,12.8,28809,207765.64,340.84,970875,-3450,-
NIFTY,08-Mar-2018,28-Mar-2018,PE,9650,17.7,24.9,12.65,15.1,14.5,15.1,664,4815.75,10.05,9825,-5025,-
NIFTY,08-Mar-2018,28-Mar-2018,PE,9700,22.35,29.4,14.25,16.65,16.5,16.65,52188,380492.7,825,1309275,-240300,-
NIFTY,08-Mar-2018,28-Mar-2018,PE,9750,27.1,35.15,17.1,19.15,19.75,19.15,1190,8724.24,22.37,10500,-600,-
NIFTY,08-Mar-2018,28-Mar-2018,PE,10900,666.7,731.95,617.05,638.75,658.7,638.75,288,2500.37,145.97,638550,-1425,-
NIFTY,08-Mar-2018,28-Mar-2018,PE,10950,0,0,0,639,639,670.35,0,0,0,150,0,-
NIFTY,08-Mar-2018,28-Mar-2018,PE,11000,768.45,830.9,720,749.4,758.05,749.4,766,6768.27,448.77,1149675,-2925,-
NIFTY,08-Mar-2018,28-Mar-2018,PE,11050,0,0,0,739,739,767.35,0,0,0,75,0,-
NIFTY,08-Mar-2018,28-Mar-2018,PE,11100,864.7,930,819.65,852.1,860.7,852.1,88,790.67,58.07,201975,75,-
NIFTY,08-Mar-2018,28-Mar-2018,PE,10500,311.75,364.95,258,290.5,293,290.5,10625,86145,2473.13,1754025,-148200,-
NIFTY,08-Mar-2018,28-Mar-2018,PE,10550,351.35,392.1,300,319.9,337.45,319.9,56,457.45,14.35,46200,-300,-
NIFTY,08-Mar-2018,28-Mar-2018,PE,10600,386.9,450,337.6,362.95,374.45,362.95,2690,22189.76,804.26,1191375,-33600,-
NIFTY,08-Mar-2018,28-Mar-2018,PE,10650,439.65,453.05,401.15,401.15,401.15,401.15,27,224.25,8.59,6000,-1875,-
NIFTY,08-Mar-2018,28-Mar-2018,PE,10700,479.95,542.65,431,449.7,470,449.7,2166,18156.6,774.45,411150,-74625,-
NIFTY,08-Mar-2018,28-Mar-2018,PE,10750,547.75,590,528.05,590,590,590,12,101.81,5.06,1200,-450,-
NIFTY,08-Mar-2018,28-Mar-2018,PE,10800,567.6,641,525,549.1,567.3,549.1,521,4448.11,228.01,426375,-19575,-
NIFTY,08-Mar-2018,28-Mar-2018,PE,10850,0,0,0,344.05,0,575.4,0,0,0,0,0,-
NIFTY,08-Mar-2018,28-Mar-2018,PE,10150,124.3,134.75,75.8,89.05,90.35,89.05,12602,96967.29,1034.57,164775,11550,-
NIFTY,08-Mar-2018,28-Mar-2018,PE,10200,134.9,157.95,91.05,106.15,109.9,106.15,189956,1470708.85,17545.45,3659475,346725,-
NIFTY,08-Mar-2018,28-Mar-2018,PE,10250,150.05,183.85,111,126.2,132.35,126.2,7024,54756.04,759.04,145500,46425,-
NIFTY,08-Mar-2018,28-Mar-2018,PE,10300,183.7,214.3,132,150,156.95,150,64288,504938.68,8313.88,2383800,37725,-
NIFTY,08-Mar-2018,28-Mar-2018,PE,10350,196.65,248.5,159.55,184.1,183.8,184.1,1208,9559.85,182.75,117225,-12525,-
NIFTY,08-Mar-2018,28-Mar-2018,PE,10400,236.05,284,189,211.7,219.35,211.7,23448,187114.36,4219.96,2574375,-117675,-
NIFTY,08-Mar-2018,28-Mar-2018,PE,10450,268.45,314.25,220,241.25,249,241.25,1923,15443.57,372.05,168075,-31725,-
NIFTY,08-Mar-2018,28-Mar-2018,PE,9800,34.5,41.7,20.25,24,24.4,24,72727,536190,1646.55,2156775,-84225,-
NIFTY,08-Mar-2018,28-Mar-2018,PE,9850,38.55,48.75,24.45,29.15,29.45,29.15,1752,12991.42,48.52,103575,7425,-
NIFTY,08-Mar-2018,28-Mar-2018,PE,9900,45,58.8,28.7,34.55,35.5,34.55,81282,606165.02,2646.17,2177325,414525,-
NIFTY,08-Mar-2018,28-Mar-2018,PE,9950,54,69.85,35,42.4,43,42.4,2579,19347.35,101.56,74250,15225,-
NIFTY,08-Mar-2018,28-Mar-2018,PE,10000,66,82.5,42.4,50.6,52.4,50.6,208671,1575060.67,10028.17,5152200,1069200,-
NIFTY,08-Mar-2018,28-Mar-2018,PE,10050,85.55,97.1,51.55,61.9,63,61.9,3950,29994.71,221.59,90300,-3750,-
NIFTY,08-Mar-2018,28-Mar-2018,PE,10100,91,114.75,61.3,73.1,76,73.1,181708,1388552.24,12114.14,3080175,557850,-
NIFTY,08-Mar-2018,28-Mar-2018,PE,9450,0,0,0,2.8,0,0.9,0,0,0,0,0,-
NIFTY,08-Mar-2018,28-Mar-2018,PE,9500,12.15,15.5,8.5,9.35,9,9.35,42160,300747.02,357.02,2312175,227325,-
NIFTY,08-Mar-2018,28-Mar-2018,PE,9550,12,16.5,12,16.5,16.5,16.5,16,114.77,.17,600,600,-
NIFTY,09-Mar-2018,28-Mar-2018,PE,9600,10.35,13.8,9.05,12.25,11.3,12.25,19648,141625.92,160.32,1071675,100800,-
NIFTY,09-Mar-2018,28-Mar-2018,PE,9650,11.4,15.6,10.4,14.7,13.5,14.7,276,2000.24,2.69,9675,-150,-
NIFTY,09-Mar-2018,28-Mar-2018,PE,9700,13.9,18.55,11.75,16.75,15.45,16.75,26107,190213.89,285.46,1118625,-190650,-
NIFTY,09-Mar-2018,28-Mar-2018,PE,9750,15.6,21.65,13.95,20.25,19.9,20.25,381,2790.91,4.85,16800,6300,-
NIFTY,09-Mar-2018,28-Mar-2018,PE,10850,0,0,0,344.05,0,589.85,0,0,0,0,0,-
NIFTY,09-Mar-2018,28-Mar-2018,PE,10900,637.7,691.35,600,677.15,670.3,677.15,838,7247.43,396.78,589425,-49125,-
NIFTY,09-Mar-2018,28-Mar-2018,PE,10950,0,0,0,639,639,686.1,0,0,0,150,0,-
NIFTY,09-Mar-2018,28-Mar-2018,PE,11000,733,794.3,698.95,772.85,768.3,772.85,672,5915.06,371.06,1144350,-5325,-
NIFTY,09-Mar-2018,28-Mar-2018,PE,11050,0,0,0,739,739,783.95,0,0,0,75,0,-
NIFTY,09-Mar-2018,28-Mar-2018,PE,11100,843.95,892.45,809,873.6,867.6,873.6,183,1637.99,114.52,200100,-1875,-
NIFTY,09-Mar-2018,28-Mar-2018,PE,10500,260.15,323.7,237.7,301.5,302,301.5,8431,68106.22,1712.09,1694475,-59550,-
NIFTY,09-Mar-2018,28-Mar-2018,PE,10550,303,352.6,287.45,344.15,340.95,344.15,39,317.68,9.09,46650,450,-
NIFTY,09-Mar-2018,28-Mar-2018,PE,10600,345,410.9,319.65,387.5,391.5,387.5,2096,17220.33,557.13,1180800,-10575,-
NIFTY,09-Mar-2018,28-Mar-2018,PE,10650,390.8,406.3,383.55,400.25,400.25,400.25,7,57.96,2.05,5700,-300,-
NIFTY,09-Mar-2018,28-Mar-2018,PE,10700,440,505,410.05,487.05,482.3,487.05,1240,10369.65,418.65,377850,-33300,-
NIFTY,09-Mar-2018,28-Mar-2018,PE,10750,0,0,0,590,590,496.3,0,0,0,1200,0,-
NIFTY,09-Mar-2018,28-Mar-2018,PE,10800,535.4,600,504.95,581.15,580.65,581.15,1133,9638.05,460.75,397425,-28950,-
NIFTY,09-Mar-2018,28-Mar-2018,PE,10150,71.4,101.9,65.15,92.15,90,92.15,12581,96517.21,744.35,382800,218025,-
NIFTY,09-Mar-2018,28-Mar-2018,PE,10200,89,122.85,77.05,112.25,109.65,112.25,229904,1775452.41,16686.81,4017225,357750,-
NIFTY,09-Mar-2018,28-Mar-2018,PE,10250,111,146.65,97,134.55,131,134.55,17574,136635.66,1535.54,194100,48600,-
NIFTY,09-Mar-2018,28-Mar-2018,PE,10300,143.55,174.4,116.55,160.4,160.25,160.4,120462,943109.33,12540.38,2464350,80550,-
NIFTY,09-Mar-2018,28-Mar-2018,PE,10350,160,204.2,145,190.8,184,190.8,1716,13528.91,208.46,125550,8325,-
NIFTY,09-Mar-2018,28-Mar-2018,PE,10400,180,243.85,169.65,226.25,222.25,226.25,27753,220565.9,4092.5,2435400,-138975,-
NIFTY,09-Mar-2018,28-Mar-2018,PE,10450,220.7,276.05,205.85,259.65,258.1,259.65,508,4067.67,86.22,146400,-21675,-
NIFTY,09-Mar-2018,28-Mar-2018,PE,9800,20.4,27,16.25,24.1,22.85,24.1,41853,308269.72,650.17,2269725,112950,-
NIFTY,09-Mar-2018,28-Mar-2018,PE,9850,25,32,19.65,29.05,27.6,29.05,1196,8858.06,22.61,110850,7275,-
NIFTY,09-Mar-2018,28-Mar-2018,PE,9900,32.4,39.9,23.8,35.7,33.95,35.7,53205,396245.05,1197.92,2127300,-50025,-
NIFTY,09-Mar-2018,28-Mar-2018,PE,9950,32,47.5,29,42.85,42,42.85,1737,13009.76,47.4,83700,9450,-
NIFTY,09-Mar-2018,28-Mar-2018,PE,10000,43,58.5,35.25,52.6,50.5,52.6,162085,1221076.02,5438.52,4916550,-235650,-
NIFTY,09-Mar-2018,28-Mar-2018,PE,10050,42.2,70.5,42.2,63.6,61.7,63.6,2846,21566.21,114.49,87375,-2925,-
NIFTY,09-Mar-2018,28-Mar-2018,PE,10100,63.1,85,52.2,76.75,74.55,76.75,141773,1080958.81,7028.34,3031350,-48825,-
NIFTY,09-Mar-2018,28-Mar-2018,PE,9450,0,0,0,2.8,0,0.65,0,0,0,0,0,-
NIFTY,09-Mar-2018,28-Mar-2018,PE,9500,7.15,10.1,7.15,9.2,8.8,9.2,23337,166420.07,143.95,2418225,106050,-
NIFTY,09-Mar-2018,28-Mar-2018,PE,9550,0,0,0,16.5,16.5,1.7,0,0,0,600,0,-
NIFTY,12-Mar-2018,28-Mar-2018,PE,9700,11.2,11.2,7.8,8.3,8.3,8.3,26489,192889.03,181.56,1155975,37350,-
NIFTY,12-Mar-2018,28-Mar-2018,PE,9750,10.25,14,9.1,9.55,9.9,9.55,231,1690.96,1.78,16725,-75,-
NIFTY,12-Mar-2018,28-Mar-2018,PE,9800,14.15,15.6,10.8,11.3,11,11.3,41094,302435.35,394.45,2069925,-199800,-
NIFTY,12-Mar-2018,28-Mar-2018,PE,9450,0,0,0,2.8,0,0.2,0,0,0,0,0,-
NIFTY,12-Mar-2018,28-Mar-2018,PE,10900,577.65,592,458.2,464.2,465.65,464.2,1986,17032.15,796.6,454725,-134700,-
NIFTY,12-Mar-2018,28-Mar-2018,PE,10950,0,0,0,639,639,510.2,0,0,0,150,0,-
NIFTY,12-Mar-2018,28-Mar-2018,PE,11000,676.75,692.95,553.95,562,557.6,562,792,6901.78,367.78,1136025,-8325,-
NIFTY,12-Mar-2018,28-Mar-2018,PE,11050,0,0,0,739,739,602.9,0,0,0,75,0,-
NIFTY,12-Mar-2018,28-Mar-2018,PE,11100,781.35,787.35,655.3,660.4,661.8,660.4,86,762.37,46.42,199275,-825,-
NIFTY,12-Mar-2018,28-Mar-2018,PE,10550,261.7,269.6,163.9,171.4,171.25,171.4,204,1647.17,33.02,45450,-1200,-
NIFTY,12-Mar-2018,28-Mar-2018,PE,10600,295.75,316.8,198.6,205.4,204,205.4,9482,77121.97,1740.07,1117275,-63525,-
NIFTY,12-Mar-2018,28-Mar-2018,PE,10650,336.1,336.1,237.35,244.05,239.9,244.05,32,261.71,6.11,5325,-375,-
NIFTY,12-Mar-2018,28-Mar-2018,PE,10700,407.6,409.05,277.6,285.1,278.8,285.1,1830,15143.69,457.94,374025,-3825,-
NIFTY,12-Mar-2018,28-Mar-2018,PE,10750,430,430,430,430,430,430,1,8.39,.32,1125,-75,-
NIFTY,12-Mar-2018,28-Mar-2018,PE,10800,503.7,504,367.9,378.25,371.1,378.25,2464,20717.65,759.25,372225,-25200,-
NIFTY,12-Mar-2018,28-Mar-2018,PE,10850,0,0,0,344.05,0,421.7,0,0,0,0,0,-
NIFTY,12-Mar-2018,28-Mar-2018,PE,10200,55,77.65,43.7,45.95,44.75,45.95,219290,1687581.84,10013.34,4031700,14475,-
NIFTY,12-Mar-2018,28-Mar-2018,PE,10250,66.6,94.15,53.05,55.6,54.2,55.6,17791,137759.14,990.82,276825,82725,-
NIFTY,12-Mar-2018,28-Mar-2018,PE,10300,112.55,116.6,64.15,67.15,66.4,67.15,254096,1979698.74,16807.14,4338675,1874325,-
NIFTY,12-Mar-2018,28-Mar-2018,PE,10350,119.85,139.25,77.3,82.65,79.35,82.65,17021,133444.24,1318.73,272475,146925,-
NIFTY,12-Mar-2018,28-Mar-2018,PE,10400,151,168.3,93.7,97.5,96,97.5,106180,837822,9618,3798975,1363575,-
NIFTY,12-Mar-2018,28-Mar-2018,PE,10450,181.3,196.3,113.75,117.3,117,117.3,3926,31170.58,400.56,136725,-9675,-
NIFTY,12-Mar-2018,28-Mar-2018,PE,10500,217.3,235.5,138.35,143.15,141.85,143.15,28872,231232.27,3865.27,1756200,61725,-
NIFTY,12-Mar-2018,28-Mar-2018,PE,9850,14.65,18.95,12.55,13,13.05,13,1670,12356.69,19.57,90675,-20175,-
NIFTY,12-Mar-2018,28-Mar-2018,PE,9900,23.7,23.7,14.95,15.6,15,15.6,67575,502679.43,935.06,2179950,52650,-
NIFTY,12-Mar-2018,28-Mar-2018,PE,9950,23.95,27.95,17.55,18.55,18,18.55,2687,20096.01,44.27,106500,22800,-
NIFTY,12-Mar-2018,28-Mar-2018,PE,10000,35.1,35.1,21.3,22.5,21.5,22.5,141058,1060815.61,2880.61,5388825,472275,-
NIFTY,12-Mar-2018,28-Mar-2018,PE,10050,33.35,42.5,25,26.4,25.3,26.4,3196,24167.38,77.53,100350,12975,-
NIFTY,12-Mar-2018,28-Mar-2018,PE,10100,45.1,51.8,30,31.65,30.1,31.65,119002,905017.44,3577.29,2933550,-97800,-
NIFTY,12-Mar-2018,28-Mar-2018,PE,10150,52,63.25,35.95,37.75,36.05,37.75,6997,53521.69,257.03,394125,11325,-
NIFTY,12-Mar-2018,28-Mar-2018,PE,9500,7.15,7.15,5.25,5.85,6,5.85,47628,339561.85,212.35,3433500,1015275,-
NIFTY,12-Mar-2018,28-Mar-2018,PE,9550,0,0,0,16.5,16.5,0.55,0,0,0,600,0,-
NIFTY,12-Mar-2018,28-Mar-2018,PE,9600,6.3,8.5,6.2,6.75,6.6,6.75,29372,211637.86,159.46,1479000,407325,-
NIFTY,12-Mar-2018,28-Mar-2018,PE,9650,7.65,9.55,6.9,7.35,7.25,7.35,266,1926.8,1.62,18450,8775,-
NIFTY,13-Mar-2018,28-Mar-2018,PE,9700,8.2,11.15,6.6,8.75,8.2,8.75,29907,217762.68,189.26,1063875,-92100,10426.85
NIFTY,13-Mar-2018,28-Mar-2018,PE,9750,8.15,13.85,5.65,10.75,10.2,10.75,133,973.63,1.07,12150,-4575,10426.85
NIFTY,13-Mar-2018,28-Mar-2018,PE,9800,11.6,14.85,8.2,11.8,11.5,11.8,41602,306113.32,338.62,2028150,-41775,10426.85
NIFTY,13-Mar-2018,28-Mar-2018,PE,9450,0,0,0,2.8,0,0.1,0,0,0,0,0,10426.85
NIFTY,13-Mar-2018,28-Mar-2018,PE,10900,471.35,509,411.95,477.25,476.85,477.25,1863,15855.03,625,356700,-98025,10426.85
NIFTY,13-Mar-2018,28-Mar-2018,PE,10950,489.6,489.6,489.6,489.6,489.6,489.6,1,8.58,.37,225,75,10426.85
NIFTY,13-Mar-2018,28-Mar-2018,PE,11000,574.3,611,507.2,567.05,571.95,567.05,991,8583.69,407.94,1117275,-18750,10426.85
NIFTY,13-Mar-2018,28-Mar-2018,PE,11050,0,0,0,739,739,597.4,0,0,0,75,0,10426.85
NIFTY,13-Mar-2018,28-Mar-2018,PE,11100,650.55,715,610.75,663.8,672,663.8,405,3570.78,199.16,188025,-11250,10426.85
NIFTY,13-Mar-2018,28-Mar-2018,PE,10550,180.35,209.55,133.7,177.35,175.7,177.35,1103,8859.03,131.54,39975,-5475,10426.85
NIFTY,13-Mar-2018,28-Mar-2018,PE,10600,219.25,246.8,162,207.2,211.25,207.2,21031,170242.28,3045.83,1131450,14175,10426.85
NIFTY,13-Mar-2018,28-Mar-2018,PE,10650,253,276,198.7,233.8,233.8,233.8,74,603.82,12.74,5325,0,10426.85
NIFTY,13-Mar-2018,28-Mar-2018,PE,10700,295.3,332.55,234.65,290.25,292,290.25,2809,23115.67,573.45,376650,2625,10426.85
NIFTY,13-Mar-2018,28-Mar-2018,PE,10750,0,0,0,430,430,329.95,0,0,0,1125,0,10426.85
NIFTY,13-Mar-2018,28-Mar-2018,PE,10800,390.6,425,318.8,380.15,383.9,380.15,1896,15870.31,512.71,333825,-38400,10426.85
NIFTY,13-Mar-2018,28-Mar-2018,PE,10850,0,0,0,344.05,0,413.9,0,0,0,0,0,10426.85
NIFTY,13-Mar-2018,28-Mar-2018,PE,10200,55.1,55.1,30.85,44,45.1,44,216851,1665631.44,6721.29,3799275,-232425,10426.85
NIFTY,13-Mar-2018,28-Mar-2018,PE,10250,63,65.35,37.75,53.6,54,53.6,11256,86947.47,416.97,197250,-79575,10426.85
NIFTY,13-Mar-2018,28-Mar-2018,PE,10300,66.4,80,46.25,65.35,66.55,65.35,278907,2167508.76,12952.18,3716250,-622425,10426.85
NIFTY,13-Mar-2018,28-Mar-2018,PE,10350,82,97.15,57.05,80.05,81.85,80.05,14364,112321.64,821.09,244950,-27525,10426.85
NIFTY,13-Mar-2018,28-Mar-2018,PE,10400,99.35,118.45,70.05,96.45,99,96.45,331725,2610161.35,22706.35,4403325,604350,10426.85
NIFTY,13-Mar-2018,28-Mar-2018,PE,10450,118,143.75,87,117.6,120.5,117.6,20976,166091.82,1692.42,260025,123300,10426.85
NIFTY,13-Mar-2018,28-Mar-2018,PE,10500,153.25,174.8,108,145.85,148.2,145.85,118551,945574.74,11985.62,2258100,501900,10426.85
NIFTY,13-Mar-2018,28-Mar-2018,PE,9850,12.3,16.8,9.35,13.55,12.25,13.55,1985,14682.59,18.4,82125,-8550,10426.85
NIFTY,13-Mar-2018,28-Mar-2018,PE,9900,15.55,20,10.9,15.85,15.6,15.85,56437,419694.9,650.17,1833600,-346350,10426.85
NIFTY,13-Mar-2018,28-Mar-2018,PE,9950,19.85,22.7,12.7,18.25,18.3,18.25,2661,19891.51,33.79,96675,-9825,10426.85
NIFTY,13-Mar-2018,28-Mar-2018,PE,10000,22,26.5,15,21.55,21.5,21.55,133980,1006899.3,2049.3,4879275,-509550,10426.85
NIFTY,13-Mar-2018,28-Mar-2018,PE,10050,26.2,30.85,17.7,25.3,25.9,25.3,2901,21917.42,51.13,120825,20475,10426.85
NIFTY,13-Mar-2018,28-Mar-2018,PE,10100,31.05,37.15,20.8,29.9,30.85,29.9,152876,1161268.99,3233.29,2957850,24300,10426.85
NIFTY,13-Mar-2018,28-Mar-2018,PE,10150,39.65,44.4,25.95,37,37,37,11475,87628.67,275.23,185475,-208650,10426.85
NIFTY,13-Mar-2018,28-Mar-2018,PE,9500,5.4,7.25,4.9,6.2,6.1,6.2,35397,252360.31,156.69,2919225,-514275,10426.85
NIFTY,13-Mar-2018,28-Mar-2018,PE,9550,0,0,0,16.5,16.5,0.3,0,0,0,600,0,10426.85
NIFTY,13-Mar-2018,28-Mar-2018,PE,9600,7,8.95,5.7,7,6.8,7,19051,137262.97,95.77,1381050,-97950,10426.85
NIFTY,13-Mar-2018,28-Mar-2018,PE,9650,6.4,9.3,5.8,7.8,7.8,7.8,227,1644.09,1.17,17775,-675,10426.85
NIFTY,14-Mar-2018,28-Mar-2018,PE,9700,8.5,10.95,7.85,8.45,8.5,8.45,26891,195818.52,186.49,1158450,94575,10410.9
NIFTY,14-Mar-2018,28-Mar-2018,PE,9750,11.8,12,8.8,9.25,9.1,9.25,537,3930.86,4.05,28425,16275,10410.9
NIFTY,14-Mar-2018,28-Mar-2018,PE,9800,12.7,14.7,9.9,10.65,10.6,10.65,26302,193563.74,244.04,1984350,-43800,10410.9
NIFTY,14-Mar-2018,28-Mar-2018,PE,9450,0,0,0,2.8,0,0.05,0,0,0,0,0,10410.9
NIFTY,14-Mar-2018,28-Mar-2018,PE,10900,509,552.7,464.75,473.75,464.95,473.75,896,7660.51,335.71,306375,-50325,10410.9
NIFTY,14-Mar-2018,28-Mar-2018,PE,10950,0,0,0,489.6,489.6,517.7,0,0,0,225,0,10410.9
NIFTY,14-Mar-2018,28-Mar-2018,PE,11000,605.65,648.05,556,566.8,556,566.8,1084,9438.65,495.65,1071450,-45825,10410.9
NIFTY,14-Mar-2018,28-Mar-2018,PE,11050,0,0,0,739,739,613.1,0,0,0,75,0,10410.9
NIFTY,14-Mar-2018,28-Mar-2018,PE,11100,700,747,664.1,666.6,667,666.6,703,6230.19,377.72,159600,-28425,10410.9
NIFTY,14-Mar-2018,28-Mar-2018,PE,10550,204.25,233.95,164,171.05,164,171.05,646,5205.04,93.56,31575,-8400,10410.9
NIFTY,14-Mar-2018,28-Mar-2018,PE,10600,233.85,274.35,196.7,205.8,199.75,205.8,8045,65372.8,1415.05,1136925,5475,10410.9
NIFTY,14-Mar-2018,28-Mar-2018,PE,10650,285,285,240.95,246.75,240.95,246.75,13,106.32,2.48,5250,-75,10410.9
NIFTY,14-Mar-2018,28-Mar-2018,PE,10700,318,362,278,287.95,283.35,287.95,2076,17156.09,496.19,373275,-3375,10410.9
NIFTY,14-Mar-2018,28-Mar-2018,PE,10750,0,0,0,430,430,339.05,0,0,0,1125,0,10410.9
NIFTY,14-Mar-2018,28-Mar-2018,PE,10800,404.25,457,369,383.05,369,383.05,1675,14091.07,523.57,290625,-43200,10410.9
NIFTY,14-Mar-2018,28-Mar-2018,PE,10850,0,0,0,344.05,0,425.7,0,0,0,0,0,10410.9
NIFTY,14-Mar-2018,28-Mar-2018,PE,10200,50,63.6,38.1,40.65,39.15,40.65,167422,1287189.01,6410.71,3818250,18975,10410.9
NIFTY,14-Mar-2018,28-Mar-2018,PE,10250,64.2,76.95,46.15,49,46.8,49,8139,62946.59,378.02,226800,29550,10410.9
NIFTY,14-Mar-2018,28-Mar-2018,PE,10300,75,93.65,56.95,61.15,58.1,61.15,225999,1758684.33,12842.05,3639975,-76275,10410.9
NIFTY,14-Mar-2018,28-Mar-2018,PE,10350,97.35,113.95,70.6,74.85,72.65,74.85,22362,175132.71,1547.69,436500,191550,10410.9
NIFTY,14-Mar-2018,28-Mar-2018,PE,10400,122,138.1,86.2,92.1,90.1,92.1,224198,1767595.63,18851.23,4545450,142125,10410.9
NIFTY,14-Mar-2018,28-Mar-2018,PE,10450,147.1,165,107.05,113.3,110.4,113.3,4770,37865.35,480.48,258450,-1575,10410.9
NIFTY,14-Mar-2018,28-Mar-2018,PE,10500,169.9,200.5,134,141,139,141,42981,343864.63,5389.25,2178000,-80100,10410.9
NIFTY,14-Mar-2018,28-Mar-2018,PE,9850,15.1,16.7,11.25,11.9,11.75,11.9,408,3018.54,4.44,85350,3225,10410.9
NIFTY,14-Mar-2018,28-Mar-2018,PE,9900,16.25,20.2,13.25,14.15,13.95,14.15,35022,260487.43,449.08,1822950,-10650,10410.9
NIFTY,14-Mar-2018,28-Mar-2018,PE,9950,21.2,24.45,15.45,16.6,16,16.6,1697,12689.31,25.45,93300,-3375,10410.9
NIFTY,14-Mar-2018,28-Mar-2018,PE,10000,22.7,29.55,18.4,19.55,18.75,19.55,107565,808695.94,1958.44,4939575,60300,10410.9
NIFTY,14-Mar-2018,28-Mar-2018,PE,10050,29.9,35.05,21.8,23,24,23,2365,17875.81,49.62,126900,6075,10410.9
NIFTY,14-Mar-2018,28-Mar-2018,PE,10100,32.2,43.1,25.95,27.85,26.4,27.85,100155,761281.38,2607.25,3393450,435600,10410.9
NIFTY,14-Mar-2018,28-Mar-2018,PE,10150,42.45,52.3,31.55,33.1,32,33.1,4014,30683.49,126.92,155775,-29700,10410.9
NIFTY,14-Mar-2018,28-Mar-2018,PE,9500,6.5,8.15,5.85,6.65,7,6.65,32063,228608.27,159.39,3208650,289425,10410.9
NIFTY,14-Mar-2018,28-Mar-2018,PE,9550,0,0,0,16.5,16.5,0.2,0,0,0,600,0,10410.9
NIFTY,14-Mar-2018,28-Mar-2018,PE,9600,7.6,8.65,6.55,7.4,7.9,7.4,13485,97170.18,78.18,1394625,13575,10410.9
NIFTY,14-Mar-2018,28-Mar-2018,PE,9650,8.75,9.55,6.55,7.5,8.2,7.5,181,1311.02,1.04,16800,-975,10410.9
NIFTY,15-Mar-2018,28-Mar-2018,PE,9450,0,0,0,2.8,0,0.05,0,0,0,0,0,-
NIFTY,15-Mar-2018,28-Mar-2018,PE,9500,6.1,6.95,5.1,5.65,5.15,5.65,27188,193836.29,121.79,2568375,-640275,-
NIFTY,15-Mar-2018,28-Mar-2018,PE,9550,0,0,0,16.5,16.5,0.15,0,0,0,600,0,-
NIFTY,15-Mar-2018,28-Mar-2018,PE,9600,5.6,8.25,5.6,6.65,6,6.65,11990,86390.23,62.23,1374150,-20475,-
NIFTY,15-Mar-2018,28-Mar-2018,PE,9650,7.65,8.3,6.15,6.2,6.25,6.2,56,405.58,.28,16650,-150,-
NIFTY,15-Mar-2018,28-Mar-2018,PE,9700,7.15,9.65,7.15,8.05,7.4,8.05,16153,117611.22,98.14,1149300,-9150,-
NIFTY,15-Mar-2018,28-Mar-2018,PE,9750,8.95,10.7,8.45,9,8.6,9,547,4003.7,3.76,52650,24225,-
NIFTY,15-Mar-2018,28-Mar-2018,PE,9800,12,12.65,9.2,10.75,10.4,10.75,23699,174375.27,187.62,2014575,30225,-
NIFTY,15-Mar-2018,28-Mar-2018,PE,9850,11.35,14.3,10.8,12.4,11.7,12.4,356,2633.21,3.26,84975,-375,-
NIFTY,15-Mar-2018,28-Mar-2018,PE,9900,13.8,17.05,12.5,14.55,14.4,14.55,24362,181145.69,257.84,1815675,-7275,-
NIFTY,15-Mar-2018,28-Mar-2018,PE,9950,16.55,20,14.9,17.4,17.15,17.4,1281,9575.62,16.15,91125,-2175,-
NIFTY,15-Mar-2018,28-Mar-2018,PE,10000,20.1,24.4,17.5,20.95,20.8,20.95,70852,532458.89,1068.89,4634100,-305475,-
NIFTY,15-Mar-2018,28-Mar-2018,PE,10050,23.6,28.8,20.85,25.2,25.35,25.2,1997,15087.89,35.5,127650,750,-
NIFTY,15-Mar-2018,28-Mar-2018,PE,10100,23.1,35.6,23.1,30.5,30.5,30.5,67433,512264.84,1459.86,3310275,-83175,-
NIFTY,15-Mar-2018,28-Mar-2018,PE,10150,36.15,43.1,30.4,37.85,37.1,37.85,1973,15073.06,53.6,164250,8475,-
NIFTY,15-Mar-2018,28-Mar-2018,PE,10200,38,53.9,37.1,46.9,47.05,46.9,107398,825148.78,3554.08,3733950,-84300,-
NIFTY,15-Mar-2018,28-Mar-2018,PE,10250,54.45,65.5,45.95,58.05,59.3,58.05,12468,96360.45,512.7,336300,109500,-
NIFTY,15-Mar-2018,28-Mar-2018,PE,10300,58.15,81.6,56.6,73.05,75.75,73.05,150683,1171728.35,7702.17,3429900,-210075,-
NIFTY,15-Mar-2018,28-Mar-2018,PE,10350,80,100.15,71,92.35,95.95,92.35,15294,119695.15,975.48,331575,-104925,-
NIFTY,15-Mar-2018,28-Mar-2018,PE,10400,101,123.8,88.1,114.5,119,114.5,165764,1305900.83,12941.63,3960225,-585225,-
NIFTY,15-Mar-2018,28-Mar-2018,PE,10450,124.45,150.1,110.25,140.8,147,140.8,5138,40760.56,491.48,279225,20775,-
NIFTY,15-Mar-2018,28-Mar-2018,PE,10500,149.9,184.7,138.25,172.8,181,172.8,36174,289199.19,4328.94,2143800,-34200,-
NIFTY,15-Mar-2018,28-Mar-2018,PE,10550,190.1,215,170,203.8,213.35,203.8,137,1103.65,19.64,30000,-1575,-
NIFTY,15-Mar-2018,28-Mar-2018,PE,10600,217.95,258,203.7,250.05,254,250.05,7207,58540.92,1245.27,1109925,-27000,-
NIFTY,15-Mar-2018,28-Mar-2018,PE,10650,252,296,245.85,293.35,296,293.35,157,1283.93,29.89,11175,5925,-
NIFTY,15-Mar-2018,28-Mar-2018,PE,10700,301.5,345,285.05,337.35,344.3,337.35,1375,11359.12,324.74,358500,-14775,-
NIFTY,15-Mar-2018,28-Mar-2018,PE,10750,0,0,0,430,430,380.15,0,0,0,1125,0,-
NIFTY,15-Mar-2018,28-Mar-2018,PE,10800,396,439.95,375,427.05,432.75,427.05,978,8216.54,294.74,281025,-9600,-
NIFTY,15-Mar-2018,28-Mar-2018,PE,10850,0,0,0,344.05,0,471.2,0,0,0,0,0,-
NIFTY,15-Mar-2018,28-Mar-2018,PE,10900,491.05,537.85,470.45,519.75,535,519.75,858,7332.24,318.09,269400,-36975,-
NIFTY,15-Mar-2018,28-Mar-2018,PE,10950,0,0,0,489.6,489.6,566.25,0,0,0,225,0,-
NIFTY,15-Mar-2018,28-Mar-2018,PE,11000,591,635,563.55,625.1,628.9,625.1,1219,10596.93,540.18,1008975,-62475,-
NIFTY,15-Mar-2018,28-Mar-2018,PE,11050,0,0,0,739,739,663.7,0,0,0,75,0,-
NIFTY,15-Mar-2018,28-Mar-2018,PE,11100,689.65,735,665.7,734.15,731.15,734.15,283,2504.89,148.91,154275,-5325,-
NIFTY,16-Mar-2018,28-Mar-2018,PE,10850,0,0,0,344.05,0,632.4,0,0,0,0,0,-
NIFTY,16-Mar-2018,28-Mar-2018,PE,10900,569.4,690.05,558.7,663.4,656.85,663.4,816,7054.8,384,259950,-9450,-
NIFTY,16-Mar-2018,28-Mar-2018,PE,10950,0,0,0,489.6,489.6,730.6,0,0,0,225,0,-
NIFTY,16-Mar-2018,28-Mar-2018,PE,11000,662.55,787.95,655.7,763.4,753.55,763.4,1505,13202.49,786.24,983250,-25725,-
NIFTY,16-Mar-2018,28-Mar-2018,PE,11050,0,0,0,739,739,829.65,0,0,0,75,0,-
NIFTY,16-Mar-2018,28-Mar-2018,PE,11100,762.75,894,750.7,856,857,856,370,3303.28,223.03,153075,-1200,-
NIFTY,16-Mar-2018,28-Mar-2018,PE,9450,0,0,0,2.8,0,0.45,0,0,0,0,0,-
NIFTY,16-Mar-2018,28-Mar-2018,PE,9500,5.25,7,4.85,5.95,5.6,5.95,29825,212633.16,130.03,2340525,-227850,-
NIFTY,16-Mar-2018,28-Mar-2018,PE,9550,0,0,0,16.5,16.5,1.3,0,0,0,600,0,-
NIFTY,16-Mar-2018,28-Mar-2018,PE,9600,6.55,8.7,5.95,7.45,6.5,7.45,23491,169261.21,126.01,1228200,-145950,-
NIFTY,16-Mar-2018,28-Mar-2018,PE,9650,6.25,9.75,4.35,8.85,8,8.85,901,6526.11,5.13,27525,10875,-
NIFTY,16-Mar-2018,28-Mar-2018,PE,9700,10.45,12.7,7.05,10.55,9.5,10.55,33137,241304.12,232.44,1158525,9225,-
NIFTY,16-Mar-2018,28-Mar-2018,PE,9750,9.7,15.6,8.05,12.7,11.45,12.7,2262,16559.78,18.91,42675,-9975,-
NIFTY,16-Mar-2018,28-Mar-2018,PE,9800,12,19.75,9.2,15.6,14.2,15.6,61331,451425.66,642.81,2076150,61575,-
NIFTY,16-Mar-2018,28-Mar-2018,PE,9850,13.1,23.85,11.2,18.85,17.25,18.85,1385,10248.89,17.21,108675,23700,-
NIFTY,16-Mar-2018,28-Mar-2018,PE,9900,14.5,30.6,13.9,24.25,22.1,24.25,79644,592622.73,1266.03,1939875,124200,-
NIFTY,16-Mar-2018,28-Mar-2018,PE,9950,18.1,38.3,17.15,29.9,28.4,29.9,3629,27153.82,72.4,135225,44100,-
NIFTY,16-Mar-2018,28-Mar-2018,PE,10000,21.05,48.7,21,38.5,35.95,38.5,178245,1341244.1,4406.6,4636875,2775,-
NIFTY,16-Mar-2018,28-Mar-2018,PE,10050,27.15,59.95,26.05,48.95,45,48.95,6019,45563.37,195.16,115800,-11850,-
NIFTY,16-Mar-2018,28-Mar-2018,PE,10100,35.1,74.75,32.7,60.55,56.5,60.55,211238,1608188.11,8060.26,3347925,37650,-
NIFTY,16-Mar-2018,28-Mar-2018,PE,10150,42.7,92.4,41.35,76.25,72,76.25,14326,109746.31,689.63,217575,53325,-
NIFTY,16-Mar-2018,28-Mar-2018,PE,10200,54.15,114,52.2,95.35,89.9,95.35,306123,2360011.6,18170.65,3977625,243675,-
NIFTY,16-Mar-2018,28-Mar-2018,PE,10250,65,139.95,65,118.75,111.6,118.75,21365,165763.05,1519.62,302475,-33825,-
NIFTY,16-Mar-2018,28-Mar-2018,PE,10300,82.25,169.9,82.25,145.3,138.05,145.3,294187,2297995.43,25400.86,2599125,-830775,-
NIFTY,16-Mar-2018,28-Mar-2018,PE,10350,109.8,201.8,105.8,173.15,165.95,173.15,16681,131135.83,1649.57,146400,-185175,-
NIFTY,16-Mar-2018,28-Mar-2018,PE,10400,118.5,239.95,118.5,212.55,205.25,212.55,131740,1044570.84,16998.84,2458950,-1501275,-
NIFTY,16-Mar-2018,28-Mar-2018,PE,10450,165.75,274.95,161.85,243.05,241.05,243.05,3425,27398.39,554.95,212625,-66600,-
NIFTY,16-Mar-2018,28-Mar-2018,PE,10500,186.35,321.6,186.35,289.1,281,289.1,26514,213723.08,4925.33,1908300,-235500,-
NIFTY,16-Mar-2018,28-Mar-2018,PE,10550,244.95,361.25,237.6,329.15,318.05,329.15,153,1245.3,34.69,28725,-1275,-
NIFTY,16-Mar-2018,28-Mar-2018,PE,10600,280.5,405.75,275,376.95,368.1,376.95,8123,66631.71,2053.86,1052700,-57225,-
NIFTY,16-Mar-2018,28-Mar-2018,PE,10650,326.25,444,326.25,444,444,444,107,887.11,32.45,5475,-5700,-
NIFTY,16-Mar-2018,28-Mar-2018,PE,10700,364.2,500.6,363.55,470.55,467.4,470.55,1070,8917.91,331.16,345900,-12600,-
NIFTY,16-Mar-2018,28-Mar-2018,PE,10750,461.65,499,461.65,499,499,499,4,33.72,1.47,975,-150,-
NIFTY,16-Mar-2018,28-Mar-2018,PE,10800,469.95,600,463.15,567.1,557.45,567.1,646,5480.49,247.89,267900,-13125,-
NIFTY,19-Mar-2018,28-Mar-2018,PE,10850,0,0,0,344.05,0,737.15,0,0,0,0,0,-
NIFTY,19-Mar-2018,28-Mar-2018,PE,10900,687.75,794.3,665.9,778.05,775.8,778.05,1075,9375.16,587.04,218100,-41850,-
NIFTY,19-Mar-2018,28-Mar-2018,PE,10950,0,0,0,489.6,489.6,836.75,0,0,0,225,0,-
NIFTY,19-Mar-2018,28-Mar-2018,PE,11000,788.4,886.4,762.1,863.75,872.8,863.75,1309,11612.21,812.96,944475,-38775,-
NIFTY,19-Mar-2018,28-Mar-2018,PE,11050,0,0,0,739,739,936.5,0,0,0,75,0,-
NIFTY,19-Mar-2018,28-Mar-2018,PE,11100,898.65,983.85,876.5,947.6,963.4,947.6,210,1894.85,146.6,147825,-5250,-
NIFTY,19-Mar-2018,28-Mar-2018,PE,9450,0,0,0,2.8,0,0.45,0,0,0,0,0,-
NIFTY,19-Mar-2018,28-Mar-2018,PE,9500,5.6,7.25,5,6.55,6.8,6.55,39874,284283.17,180.92,2444700,104175,-
NIFTY,19-Mar-2018,28-Mar-2018,PE,9550,0,0,0,16.5,16.5,1.4,0,0,0,600,0,-
NIFTY,19-Mar-2018,28-Mar-2018,PE,9600,6.55,9.95,6.05,8.85,8.9,8.85,43326,312211.09,263.89,1414800,186600,-
NIFTY,19-Mar-2018,28-Mar-2018,PE,9650,8.9,15.9,8.2,11.25,10.25,11.25,83,601.34,.63,26475,-1050,-
NIFTY,19-Mar-2018,28-Mar-2018,PE,9700,9.5,14.95,8.05,12.9,13.45,12.9,50573,368363.42,444.84,1317375,158850,-
NIFTY,19-Mar-2018,28-Mar-2018,PE,9750,11.45,19.15,10.3,16.15,16.55,16.15,2476,18134.58,28.83,85275,42600,-
NIFTY,19-Mar-2018,28-Mar-2018,PE,9800,14.8,25.1,12.7,21.1,21.8,21.1,100142,737546.3,1502.6,2131200,55050,-
NIFTY,19-Mar-2018,28-Mar-2018,PE,9850,17.1,32,15.7,26.95,27.25,26.95,6044,44766.41,116.36,177975,69300,-
NIFTY,19-Mar-2018,28-Mar-2018,PE,9900,21.75,41,19.7,34.7,36.1,34.7,139868,1041891.23,3371.33,2207025,267150,-
NIFTY,19-Mar-2018,28-Mar-2018,PE,9950,21.15,52.1,21.15,43.3,45.5,43.3,11865,88921.12,378.56,187425,52200,-
NIFTY,19-Mar-2018,28-Mar-2018,PE,10000,46.6,66.3,31.25,57.6,58,57.6,327419,2468643.29,13000.79,6297225,1660350,-
NIFTY,19-Mar-2018,28-Mar-2018,PE,10050,55.85,83.25,42.1,72.45,73.7,72.45,19033,144428.34,967.1,181950,66150,-
NIFTY,19-Mar-2018,28-Mar-2018,PE,10100,77.55,104,53.5,91.05,91.5,91.05,296529,2264766.5,18559.32,4239750,891825,-
NIFTY,19-Mar-2018,28-Mar-2018,PE,10150,82,128.7,66.65,114,114.4,114,29889,229822,2291.99,282150,64575,-
NIFTY,19-Mar-2018,28-Mar-2018,PE,10200,112.95,156.75,86,142.45,142,142.45,252384,1954407.24,23669.64,2956875,-1020750,-
NIFTY,19-Mar-2018,28-Mar-2018,PE,10250,100.15,188.9,100.15,171.75,175,171.75,8298,64701.14,910.26,173325,-129150,-
NIFTY,19-Mar-2018,28-Mar-2018,PE,10300,174.95,227,130.05,210.6,210,210.6,88028,692174.46,12158.16,1870200,-728925,-
NIFTY,19-Mar-2018,28-Mar-2018,PE,10350,173.85,265,163.85,247.35,248.5,247.35,1604,12709.62,258.57,125700,-20700,-
NIFTY,19-Mar-2018,28-Mar-2018,PE,10400,233,311.1,200,293.45,294.4,293.45,30758,245891.34,5978.94,2206200,-252750,-
NIFTY,19-Mar-2018,28-Mar-2018,PE,10450,245.05,353,240.2,333.65,337.65,333.65,2076,16739.53,468.88,113700,-98925,-
NIFTY,19-Mar-2018,28-Mar-2018,PE,10500,313.55,402.95,278.45,381.15,384.2,381.15,9354,76115.04,2452.29,1711800,-196500,-
NIFTY,19-Mar-2018,28-Mar-2018,PE,10550,340,438,340,430,432.15,430,48,393.75,13.95,27825,-900,-
NIFTY,19-Mar-2018,28-Mar-2018,PE,10600,409.2,496,368.15,481.8,479.15,481.8,3377,27955.76,1108.61,1015350,-37350,-
NIFTY,19-Mar-2018,28-Mar-2018,PE,10650,463.3,525.25,463.3,525.25,525.25,525.25,30,250.86,11.24,4050,-1425,-
NIFTY,19-Mar-2018,28-Mar-2018,PE,10700,493.85,595.7,463.65,575.85,577,575.85,919,7750.05,375.07,322275,-23625,-
NIFTY,19-Mar-2018,28-Mar-2018,PE,10750,499,589.1,499,589.1,589.1,589.1,9,76.07,3.5,750,-225,-
NIFTY,19-Mar-2018,28-Mar-2018,PE,10800,587.85,692.25,562,667.25,673.25,667.25,336,2883.08,161.48,266625,-1275,-
NIFTY,20-Mar-2018,28-Mar-2018,PE,10850,0,0,0,344.05,0,709.1,0,0,0,0,0,-
NIFTY,20-Mar-2018,28-Mar-2018,PE,10900,800.25,800.25,720,757.25,740.7,757.25,198,1731.87,113.22,212625,-5475,-
NIFTY,20-Mar-2018,28-Mar-2018,PE,10950,0,0,0,489.6,489.6,808.8,0,0,0,225,0,-
NIFTY,20-Mar-2018,28-Mar-2018,PE,11000,910,910,812.45,842.05,837.85,842.05,718,6384.64,461.14,907125,-37350,-
NIFTY,20-Mar-2018,28-Mar-2018,PE,11050,0,0,0,739,739,908.6,0,0,0,75,0,-
NIFTY,20-Mar-2018,28-Mar-2018,PE,11100,1009.75,1009.95,912.6,970,970,970,78,705.87,56.52,144525,-3300,-
NIFTY,20-Mar-2018,28-Mar-2018,PE,9450,3.45,3.45,3.45,3.45,3.45,3.45,2,14.18,.01,75,75,-
NIFTY,20-Mar-2018,28-Mar-2018,PE,9500,8,8.55,4.35,5.2,4.8,5.2,39994,285121.98,164.73,2554350,109650,-
NIFTY,20-Mar-2018,28-Mar-2018,PE,9550,7,7,7,7,7,7,9,64.51,.05,150,-450,-
NIFTY,20-Mar-2018,28-Mar-2018,PE,9600,10.75,10.75,5.8,6.65,5.95,6.65,34527,248788.26,193.86,1418925,4125,-
NIFTY,20-Mar-2018,28-Mar-2018,PE,9650,14.4,14.4,6.65,9.05,12.35,9.05,305,2209.57,2.14,29025,2550,-
NIFTY,20-Mar-2018,28-Mar-2018,PE,9700,15,18,8.25,9.7,8.8,9.7,76511,557244.91,627.39,1479900,162525,-
NIFTY,20-Mar-2018,28-Mar-2018,PE,9750,19.2,19.3,10.2,11.9,10.3,11.9,5428,39748.31,56.06,125625,40350,-
NIFTY,20-Mar-2018,28-Mar-2018,PE,9800,26.4,27.25,13.2,15.8,14.5,15.8,126248,929616.15,1693.35,2337375,206175,-
NIFTY,20-Mar-2018,28-Mar-2018,PE,9850,34,34,16.35,19.1,17.85,19.1,10040,74340.21,169.71,350775,172800,-
NIFTY,20-Mar-2018,28-Mar-2018,PE,9900,38.55,44.05,22.25,26.6,24,26.6,142575,1061859.67,3240.29,2462175,255150,-
NIFTY,20-Mar-2018,28-Mar-2018,PE,9950,69.45,69.5,28.6,34.45,31.65,34.45,13127,98348.44,388.21,269550,82125,-
NIFTY,20-Mar-2018,28-Mar-2018,PE,10000,65.4,74.3,36.35,45.55,40.55,45.55,309530,2333302.55,11827.55,6600150,302925,-
NIFTY,20-Mar-2018,28-Mar-2018,PE,10050,82.4,123.7,47.95,58.25,53.4,58.25,18744,142204.05,921.15,203850,21900,-
NIFTY,20-Mar-2018,28-Mar-2018,PE,10100,102.25,120.7,61.3,74,65.9,74,321390,2453979.8,19450.55,4609350,369600,-
NIFTY,20-Mar-2018,28-Mar-2018,PE,10150,135,149.3,78.8,91.55,86,91.55,19408,149175.14,1431.74,293775,11625,-
NIFTY,20-Mar-2018,28-Mar-2018,PE,10200,161.1,169.95,100.05,120.1,110.2,120.1,158408,1226888.75,15067.55,2785125,-171750,-
NIFTY,20-Mar-2018,28-Mar-2018,PE,10250,195.15,199,125.75,146.35,141.05,146.35,3266,25484.4,377.02,212400,39075,-
NIFTY,20-Mar-2018,28-Mar-2018,PE,10300,232.05,245.1,158.15,185.35,174.95,185.35,37488,295044.13,5449.33,1596300,-273900,-
NIFTY,20-Mar-2018,28-Mar-2018,PE,10350,277.55,279.35,197.45,228.65,215,228.65,1352,10722.04,227.14,71550,-54150,-
NIFTY,20-Mar-2018,28-Mar-2018,PE,10400,324,330.15,234.3,265.25,255,265.25,21410,171401.65,4403.65,1681500,-524700,-
NIFTY,20-Mar-2018,28-Mar-2018,PE,10450,364.9,368.7,278.15,306.7,294.2,306.7,270,2179.42,63.29,110625,-3075,-
NIFTY,20-Mar-2018,28-Mar-2018,PE,10500,417.85,422.85,321.65,360,348,360,6532,53233.58,1794.08,1572900,-138900,-
NIFTY,20-Mar-2018,28-Mar-2018,PE,10550,445,465.8,370,412.25,393.3,412.25,82,674.26,25.44,25800,-2025,-
NIFTY,20-Mar-2018,28-Mar-2018,PE,10600,501.25,511,416.35,448.75,437.8,448.75,5112,42399.84,1759.44,927525,-87825,-
NIFTY,20-Mar-2018,28-Mar-2018,PE,10650,467.6,467.6,467.6,467.6,467.6,467.6,1,8.34,.35,4050,0,-
NIFTY,20-Mar-2018,28-Mar-2018,PE,10700,624,624,519.75,555.35,539.65,555.35,1780,15023.63,739.13,263175,-59100,-
NIFTY,20-Mar-2018,28-Mar-2018,PE,10750,666.65,666.65,651.85,651.9,651.9,651.9,4,34.22,1.97,600,-150,-
NIFTY,20-Mar-2018,28-Mar-2018,PE,10800,701,705.05,616.85,642.2,636.3,642.2,402,3452.83,196.63,252975,-13650,-
NIFTY,21-Mar-2018,28-Mar-2018,PE,10850,0,0,0,344.05,0,680,0,0,0,0,0,10155.25
NIFTY,21-Mar-2018,28-Mar-2018,PE,10900,691.8,748.3,642.15,727.4,718.65,727.4,2053,17838.79,1055.52,146625,-66000,10155.25
NIFTY,21-Mar-2018,28-Mar-2018,PE,10950,0,0,0,489.6,489.6,779.75,0,0,0,225,0,10155.25
NIFTY,21-Mar-2018,28-Mar-2018,PE,11000,795.55,843.4,735.6,819.85,815.65,819.85,3734,33017.46,2211.96,705825,-201300,10155.25
NIFTY,21-Mar-2018,28-Mar-2018,PE,11050,0,0,0,739,739,879.6,0,0,0,75,0,10155.25
NIFTY,21-Mar-2018,28-Mar-2018,PE,11100,881.3,925.6,839.5,912,912,912,13,116.69,8.46,144450,-75,10155.25
NIFTY,21-Mar-2018,28-Mar-2018,PE,9450,2.1,2.2,2.1,2.1,2.1,2.1,5,35.45,.01,375,300,10155.25
NIFTY,21-Mar-2018,28-Mar-2018,PE,9500,4.45,4.45,2.75,3.4,3.5,3.4,35953,256254.26,89.14,2511975,-42375,10155.25
NIFTY,21-Mar-2018,28-Mar-2018,PE,9550,0,0,0,7,7,0.15,0,0,0,150,0,10155.25
NIFTY,21-Mar-2018,28-Mar-2018,PE,9600,4.55,5.25,3.35,4.45,4.55,4.45,36817,265195.81,113.41,1291725,-127200,10155.25
NIFTY,21-Mar-2018,28-Mar-2018,PE,9650,2.25,6,1.6,5.2,5.5,5.2,174,1259.8,.47,25050,-3975,10155.25
NIFTY,21-Mar-2018,28-Mar-2018,PE,9700,6.8,7.85,4.65,6.2,6.1,6.2,59619,433988.87,260.64,1409325,-70575,10155.25
NIFTY,21-Mar-2018,28-Mar-2018,PE,9750,8.05,10.1,5.6,7.8,7.45,7.8,4532,33164.4,24.15,59250,-66375,10155.25
NIFTY,21-Mar-2018,28-Mar-2018,PE,9800,10,13.25,6.75,10.1,10,10.1,105736,777889.57,729.97,2262675,-74700,10155.25
NIFTY,21-Mar-2018,28-Mar-2018,PE,9850,12.55,17.35,8.05,12.6,15,12.6,8724,64521.24,72.69,199350,-151425,10155.25
NIFTY,21-Mar-2018,28-Mar-2018,PE,9900,20,22.9,10.6,17.1,16.55,17.1,151454,1126314.5,1768.55,2147250,-314925,10155.25
NIFTY,21-Mar-2018,28-Mar-2018,PE,9950,11.1,30.3,11.1,22.5,22.2,22.5,11171,83533.36,169.77,242550,-27000,10155.25
NIFTY,21-Mar-2018,28-Mar-2018,PE,10000,30,39.9,18.75,30.1,29.55,30.1,299038,2248835.13,6050.13,5757675,-842475,10155.25
NIFTY,21-Mar-2018,28-Mar-2018,PE,10050,42.75,52.4,24.9,39.7,39.3,39.7,16913,127941.4,459.66,291750,87900,10155.25
NIFTY,21-Mar-2018,28-Mar-2018,PE,10100,56.05,68.45,33,52.8,52,52.8,344201,2619698.22,12375.64,4297875,-311475,10155.25
NIFTY,21-Mar-2018,28-Mar-2018,PE,10150,70.8,87.9,42.2,68.75,68.45,68.75,37355,286112.75,1747.81,330525,36750,10155.25
NIFTY,21-Mar-2018,28-Mar-2018,PE,10200,100,114.8,58.3,91.3,89.95,91.3,336560,2595151.72,20467.72,3280875,495750,10155.25
NIFTY,21-Mar-2018,28-Mar-2018,PE,10250,114.6,141,77.15,118.3,116.85,118.3,11433,88746.37,855.18,292875,80475,10155.25
NIFTY,21-Mar-2018,28-Mar-2018,PE,10300,157.7,179,102,151.65,149,151.65,86626,677863.52,8677.67,1479225,-117075,10155.25
NIFTY,21-Mar-2018,28-Mar-2018,PE,10350,170,216.2,132.7,192.05,188.85,192.05,963,7594.07,118.78,66450,-5100,10155.25
NIFTY,21-Mar-2018,28-Mar-2018,PE,10400,234.5,261.95,169.6,232.45,229.3,232.45,19891,158122.76,2972.96,1333650,-347850,10155.25
NIFTY,21-Mar-2018,28-Mar-2018,PE,10450,264.7,304.5,207.5,279.25,278.95,279.25,669,5363.39,120.1,81750,-28875,10155.25
NIFTY,21-Mar-2018,28-Mar-2018,PE,10500,320.8,356.15,252.25,324.6,322.05,324.6,7061,57174.73,1569.36,1470300,-102600,10155.25
NIFTY,21-Mar-2018,28-Mar-2018,PE,10550,338.2,362.45,297.5,362.4,362.45,362.4,34,277.16,8.14,25200,-600,10155.25
NIFTY,21-Mar-2018,28-Mar-2018,PE,10600,409.9,445,337.3,415.1,412.95,415.1,1853,15258.56,527.21,920700,-6825,10155.25
NIFTY,21-Mar-2018,28-Mar-2018,PE,10650,0,0,0,467.6,467.6,481.65,0,0,0,4050,0,10155.25
NIFTY,21-Mar-2018,28-Mar-2018,PE,10700,520.2,548.15,443.45,520.3,518,520.3,1641,13773.11,604.08,284475,21300,10155.25
NIFTY,21-Mar-2018,28-Mar-2018,PE,10750,517,517,517,517,517,517,1,8.45,.39,600,0,10155.25
NIFTY,21-Mar-2018,28-Mar-2018,PE,10800,609.2,645,541.05,614.4,619,614.4,265,2263.14,116.64,250500,-2475,10155.25
NIFTY,22-Mar-2018,28-Mar-2018,PE,10850,0,0,0,344.05,0,722.45,0,0,0,0,0,-
NIFTY,22-Mar-2018,28-Mar-2018,PE,10900,716.9,783.4,665.9,772,780.35,772,552,4804.57,291.97,127650,-18975,-
NIFTY,22-Mar-2018,28-Mar-2018,PE,10950,795,795,795,795,795,795,1,8.81,.6,225,0,-
NIFTY,22-Mar-2018,28-Mar-2018,PE,11000,814.5,877.65,761.5,864.45,877.3,864.45,2504,22192.66,1534.66,587100,-118725,-
NIFTY,22-Mar-2018,28-Mar-2018,PE,11050,0,0,0,739,739,922.2,0,0,0,75,0,-
NIFTY,22-Mar-2018,28-Mar-2018,PE,11100,885,975.3,860,960.8,975,960.8,290,2615.45,201.2,125550,-18900,-
NIFTY,22-Mar-2018,28-Mar-2018,PE,9450,1.7,2.25,1.7,1.85,1.85,1.85,17,120.51,.03,1350,975,-
NIFTY,22-Mar-2018,28-Mar-2018,PE,9500,2.85,3.3,2.15,2.65,2.65,2.65,32061,228497.24,62.62,2800875,288900,-
NIFTY,22-Mar-2018,28-Mar-2018,PE,9550,2.5,3.25,2.5,3.1,3.25,3.1,30,214.94,.07,1800,1650,-
NIFTY,22-Mar-2018,28-Mar-2018,PE,9600,3.7,4.35,2.6,3.4,3.55,3.4,29381,211619.83,76.63,1170300,-121425,-
NIFTY,22-Mar-2018,28-Mar-2018,PE,9650,5.5,5.5,3.25,4,3.25,4,354,2563.15,1.07,28425,3375,-
NIFTY,22-Mar-2018,28-Mar-2018,PE,9700,5.5,6.7,3.7,5.05,5.4,5.05,54981,400193.6,206.82,1616175,206850,-
NIFTY,22-Mar-2018,28-Mar-2018,PE,9750,5.9,8.4,4.7,6.3,6.8,6.3,2792,20429.63,13.13,54525,-4725,-
NIFTY,22-Mar-2018,28-Mar-2018,PE,9800,11.1,11.35,5.75,8.75,9.55,8.75,98260,722820.4,609.4,2592900,330225,-
NIFTY,22-Mar-2018,28-Mar-2018,PE,9850,10.55,15,7.25,11.45,12.25,11.45,5986,44269.64,48.07,248775,49425,-
NIFTY,22-Mar-2018,28-Mar-2018,PE,9900,13.35,21.5,10,16.35,17.65,16.35,148864,1106977.64,1662.44,2419650,272400,-
NIFTY,22-Mar-2018,28-Mar-2018,PE,9950,18.4,28.45,13,23.25,25.1,23.25,15957,119331.03,251.92,403425,160875,-
NIFTY,22-Mar-2018,28-Mar-2018,PE,10000,28.2,39.3,17.85,33.2,35.7,33.2,295400,2221821.09,6321.09,5884350,126675,-
NIFTY,22-Mar-2018,28-Mar-2018,PE,10050,30.65,53.4,23.6,46.35,50,46.35,41773,316057.84,1193.85,505875,214125,-
NIFTY,22-Mar-2018,28-Mar-2018,PE,10100,47.05,72,31.6,63.95,69.05,63.95,397593,3027537.66,15770.68,4750200,452325,-
NIFTY,22-Mar-2018,28-Mar-2018,PE,10150,58.4,95.2,43,85.55,91.9,85.55,57400,439949.53,2992.03,401850,71325,-
NIFTY,22-Mar-2018,28-Mar-2018,PE,10200,84.9,126.15,58.5,114,122.35,114,274397,2118049.51,18912.46,3083400,-197475,-
NIFTY,22-Mar-2018,28-Mar-2018,PE,10250,112,159,78.05,146.35,159,146.35,12105,94107.09,1049.9,264525,-28350,-
NIFTY,22-Mar-2018,28-Mar-2018,PE,10300,141.15,200,108.8,187,197.85,187,58841,461274.31,6727.59,1293525,-185700,-
NIFTY,22-Mar-2018,28-Mar-2018,PE,10350,184.45,241.95,145,230.95,238.55,230.95,933,7390.08,147.67,57375,-9075,-
NIFTY,22-Mar-2018,28-Mar-2018,PE,10400,224.3,293.8,181,277.65,290,277.65,13235,105582.31,2349.31,1211700,-121950,-
NIFTY,22-Mar-2018,28-Mar-2018,PE,10450,276.15,337.3,230,322.5,337.3,322.5,224,1804.9,49.3,74400,-7350,-
NIFTY,22-Mar-2018,28-Mar-2018,PE,10500,317.85,385.8,270.05,372.2,385,372.2,8310,67452.08,2010.83,1362075,-108225,-
NIFTY,22-Mar-2018,28-Mar-2018,PE,10550,378.4,428,378.4,402.6,402.6,402.6,8,65.75,2.45,25050,-150,-
NIFTY,22-Mar-2018,28-Mar-2018,PE,10600,415,482.2,359.85,468,480,468,5223,43139.47,1616.62,603750,-316950,-
NIFTY,22-Mar-2018,28-Mar-2018,PE,10650,0,0,0,467.6,467.6,523.05,0,0,0,4050,0,-
NIFTY,22-Mar-2018,28-Mar-2018,PE,10700,513.8,583.35,466.85,572.9,583.35,572.9,1032,8694.81,413.01,252375,-32100,-
NIFTY,22-Mar-2018,28-Mar-2018,PE,10750,0,0,0,517,517,622.65,0,0,0,600,0,-
NIFTY,22-Mar-2018,28-Mar-2018,PE,10800,610,680.55,565.3,672.05,678.1,672.05,140,1198.86,64.86,248700,-1800,-
NIFTY,23-Mar-2018,28-Mar-2018,PE,10850,0,0,0,344.05,0,841.2,0,0,0,0,0,9998.05
NIFTY,23-Mar-2018,28-Mar-2018,PE,10900,884.35,922,877.55,889.5,902.15,889.5,221,1955.11,148.43,114375,-13275,9998.05
NIFTY,23-Mar-2018,28-Mar-2018,PE,10950,0,0,0,795,795,941.1,0,0,0,225,0,9998.05
NIFTY,23-Mar-2018,28-Mar-2018,PE,11000,991.2,1027.95,959.85,988.3,990.25,988.3,1547,13925.36,1162.61,518475,-68625,9998.05
NIFTY,23-Mar-2018,28-Mar-2018,PE,11050,0,0,0,739,739,1041,0,0,0,75,0,9998.05
NIFTY,23-Mar-2018,28-Mar-2018,PE,11100,1076.85,1122.85,1052,1078,1078,1078,41,375.34,34.01,126000,450,9998.05
NIFTY,23-Mar-2018,28-Mar-2018,PE,9450,3.6,3.6,2.75,2.75,2.75,2.75,71,503.39,.18,4200,2850,9998.05
NIFTY,23-Mar-2018,28-Mar-2018,PE,9500,5.65,6.45,3.6,4.05,4.2,4.05,69827,497747.4,230.02,3154725,353850,9998.05
NIFTY,23-Mar-2018,28-Mar-2018,PE,9550,4.2,6.95,3.9,4.95,5,4.95,96,687.96,.36,3300,1500,9998.05
NIFTY,23-Mar-2018,28-Mar-2018,PE,9600,6.4,8.5,5.4,5.8,5.75,5.8,65543,472234.44,324.84,1367400,197100,9998.05
NIFTY,23-Mar-2018,28-Mar-2018,PE,9650,7.1,10,6.5,7.15,7.4,7.15,1958,14182.96,11.94,60600,32175,9998.05
NIFTY,23-Mar-2018,28-Mar-2018,PE,9700,11.2,15,8.65,9.75,9.55,9.75,159573,1162208.46,1314.88,1931100,314925,9998.05
NIFTY,23-Mar-2018,28-Mar-2018,PE,9750,16.5,18.7,11.25,13,13.05,13,13411,98214.5,146.56,143550,89025,9998.05
NIFTY,23-Mar-2018,28-Mar-2018,PE,9800,26.7,30,15.2,17.6,17,17.6,270662,1993451.6,4085.9,3029925,437025,9998.05
NIFTY,23-Mar-2018,28-Mar-2018,PE,9850,30,39.15,20.8,24.05,23.6,24.05,37341,276624.94,768.3,349200,100425,9998.05
NIFTY,23-Mar-2018,28-Mar-2018,PE,9900,33,56.15,29.65,34.65,34.05,34.65,477397,3558642.48,13969.76,3863925,1444275,9998.05
NIFTY,23-Mar-2018,28-Mar-2018,PE,9950,44.4,67.9,41.8,48.75,47.5,48.75,77542,581836.06,3178.89,691575,288150,9998.05
NIFTY,23-Mar-2018,28-Mar-2018,PE,10000,70,95,58.2,68,66.55,68,557678,4214076.87,31491.87,5186625,-697725,9998.05
NIFTY,23-Mar-2018,28-Mar-2018,PE,10050,106.55,123,77.45,91.9,92,91.9,29585,225237.37,2240.43,264450,-241425,9998.05
NIFTY,23-Mar-2018,28-Mar-2018,PE,10100,130.35,163.05,107.6,125.9,126,125.9,207530,1592933.84,20894.09,2823375,-1926825,9998.05
NIFTY,23-Mar-2018,28-Mar-2018,PE,10150,207.85,207.85,138.1,162.9,162,162.9,10875,84184.35,1398.42,105225,-296625,9998.05
NIFTY,23-Mar-2018,28-Mar-2018,PE,10200,219.85,247.8,178.6,207.25,206,207.25,74253,579947.1,11911.65,1824450,-1258950,9998.05
NIFTY,23-Mar-2018,28-Mar-2018,PE,10250,296.85,296.85,223.45,250.55,247.85,250.55,2610,20564.45,500.07,193275,-71250,9998.05
NIFTY,23-Mar-2018,28-Mar-2018,PE,10300,346.55,346.6,261.8,296.6,298,296.6,20182,160519.9,4613.95,918975,-374550,9998.05
NIFTY,23-Mar-2018,28-Mar-2018,PE,10350,333.15,384.05,320.2,343.9,343.5,343.9,383,3074.53,101.5,47925,-9450,9998.05
NIFTY,23-Mar-2018,28-Mar-2018,PE,10400,365.1,441.25,360,395.1,398,395.1,9154,74182.47,2781.27,965775,-245925,9998.05
NIFTY,23-Mar-2018,28-Mar-2018,PE,10450,435,479.5,423,443.6,442.9,443.6,131,1071.17,44.46,71100,-3300,9998.05
NIFTY,23-Mar-2018,28-Mar-2018,PE,10500,498,535,454.05,496.65,497,496.65,5956,49138.15,2234.65,1155675,-206400,9998.05
NIFTY,23-Mar-2018,28-Mar-2018,PE,10550,540,562.35,529.15,546.15,546,546.15,121,1007.08,49.66,17775,-7275,9998.05
NIFTY,23-Mar-2018,28-Mar-2018,PE,10600,591.4,633.5,552.45,588.35,592.35,588.35,3533,29664.33,1576.98,521100,-82650,9998.05
NIFTY,23-Mar-2018,28-Mar-2018,PE,10650,625,654.85,625,654.85,654.85,654.85,28,236.89,13.24,3450,-600,9998.05
NIFTY,23-Mar-2018,28-Mar-2018,PE,10700,700.65,739.85,665.5,696.6,698,696.6,789,6744.49,412.76,235275,-17100,9998.05
NIFTY,23-Mar-2018,28-Mar-2018,PE,10750,760,760,719,749.7,749.7,749.7,4,34.48,2.23,525,-75,9998.05
NIFTY,23-Mar-2018,28-Mar-2018,PE,10800,779.2,831,756,797,801,797,348,3026.57,207.77,239325,-9375,9998.05
NIFTY,26-Mar-2018,28-Mar-2018,PE,10800,790,819.9,635,645.05,635,645.05,1242,10740.62,680.42,180150,-59175,-
NIFTY,26-Mar-2018,28-Mar-2018,PE,10850,0,0,0,344.05,0,715.05,0,0,0,0,0,-
NIFTY,26-Mar-2018,28-Mar-2018,PE,10900,892.05,916.45,746,751.8,746,751.8,588,5188.93,382.03,81825,-32550,-
NIFTY,26-Mar-2018,28-Mar-2018,PE,10950,0,0,0,795,795,815,0,0,0,225,0,-
NIFTY,26-Mar-2018,28-Mar-2018,PE,11000,992.1,1015,834.75,844.9,834.75,844.9,3300,29591.82,2366.82,362325,-156150,-
NIFTY,26-Mar-2018,28-Mar-2018,PE,11050,0,0,0,739,739,915,0,0,0,75,0,-
NIFTY,26-Mar-2018,28-Mar-2018,PE,11100,1102.65,1111,950,960,950,960,193,1760.73,154,113025,-12975,-
NIFTY,26-Mar-2018,28-Mar-2018,PE,9450,1.15,1.65,1.15,1.2,1.2,1.2,43,304.8,.04,3000,-1200,-
NIFTY,26-Mar-2018,28-Mar-2018,PE,9500,3.9,3.9,1.15,1.45,1.6,1.45,51946,370179.99,64.74,3146175,-8550,-
NIFTY,26-Mar-2018,28-Mar-2018,PE,9550,5,5,0.75,1.35,1.15,1.35,106,759.38,.15,3675,375,-
NIFTY,26-Mar-2018,28-Mar-2018,PE,9600,4.75,5.85,1.45,1.65,1.95,1.65,46648,335946.15,80.55,1250625,-116775,-
NIFTY,26-Mar-2018,28-Mar-2018,PE,9650,6.1,7.7,1.65,1.95,1.7,1.95,3252,23543.41,7.06,41250,-19350,-
NIFTY,26-Mar-2018,28-Mar-2018,PE,9700,7.65,7.95,2.1,2.35,2.6,2.35,110636,805201.74,324.84,1524600,-406500,-
NIFTY,26-Mar-2018,28-Mar-2018,PE,9750,10,10,2.55,2.8,3,2.8,19697,144109.34,75.03,111375,-32175,-
NIFTY,26-Mar-2018,28-Mar-2018,PE,9800,16.65,16.65,3.4,3.7,3.55,3.7,245421,1805194.14,1349.79,3036750,6825,-
NIFTY,26-Mar-2018,28-Mar-2018,PE,9850,20.05,20.05,4.25,4.9,4.4,4.9,96613,714503.06,774.53,527325,178125,-
NIFTY,26-Mar-2018,28-Mar-2018,PE,9900,28.2,35.4,6.15,7.25,6.25,7.25,517534,3848924.23,6234.28,3887775,23850,-
NIFTY,26-Mar-2018,28-Mar-2018,PE,9950,48.1,48.1,8.65,10.25,9.05,10.25,139800,1045675.21,2417.71,1496025,804450,-
NIFTY,26-Mar-2018,28-Mar-2018,PE,10000,72.5,72.5,13,15.85,13.2,15.85,578320,4353744.95,16344.95,6139275,952650,-
NIFTY,26-Mar-2018,28-Mar-2018,PE,10050,74.1,100.6,18.9,22.8,19,22.8,67110,508083.14,2241.52,897750,633300,-
NIFTY,26-Mar-2018,28-Mar-2018,PE,10100,133.25,137.5,30,36.65,30.6,36.65,244426,1864025.15,12498.2,3588975,765600,-
NIFTY,26-Mar-2018,28-Mar-2018,PE,10150,167.75,178,46.7,53.55,47.7,53.55,13836,106041.51,714.96,371325,266100,-
NIFTY,26-Mar-2018,28-Mar-2018,PE,10200,216.1,224.95,73,82.55,74.5,82.55,57724,447257.91,5669.31,1521150,-303300,-
NIFTY,26-Mar-2018,28-Mar-2018,PE,10250,241.7,269.45,103.4,112.45,103.5,112.45,945,7384.76,120.08,173850,-19425,-
NIFTY,26-Mar-2018,28-Mar-2018,PE,10300,308.15,319.75,144,154.85,144.2,154.85,10700,84516.14,1858.64,738600,-180375,-
NIFTY,26-Mar-2018,28-Mar-2018,PE,10350,340.75,362.3,186,203.15,186,203.15,316,2516.29,63.34,34200,-13725,-
NIFTY,26-Mar-2018,28-Mar-2018,PE,10400,402,421,241.05,254.8,241.6,254.8,5487,44167.19,1368.59,842400,-123375,-
NIFTY,26-Mar-2018,28-Mar-2018,PE,10450,442.9,466,287.45,294.7,287.45,294.7,365,2973.32,112.63,50025,-21075,-
NIFTY,26-Mar-2018,28-Mar-2018,PE,10500,500.2,520.55,332.5,353.35,332.5,353.35,7243,59557.42,2518.8,927750,-227925,-
NIFTY,26-Mar-2018,28-Mar-2018,PE,10550,555.3,558.4,391.7,391.95,392,391.95,52,430.66,19.21,15225,-2550,-
NIFTY,26-Mar-2018,28-Mar-2018,PE,10600,587.15,614.9,434.6,448.05,434.6,448.05,2685,22426.28,1080.53,386325,-134775,-
NIFTY,26-Mar-2018,28-Mar-2018,PE,10650,640,640,510,510,510,510,10,84.33,4.45,2700,-750,-
NIFTY,26-Mar-2018,28-Mar-2018,PE,10700,689.15,717.45,535,550.2,535.4,550.2,1714,14591.14,836.29,156750,-78525,-
NIFTY,26-Mar-2018,28-Mar-2018,PE,10750,0,0,0,749.7,749.7,615.1,0,0,0,525,0,-
NIFTY,27-Mar-2018,28-Mar-2018,PE,10800,613.65,645.05,588,616.6,615.95,616.6,1860,15921.83,855.83,87000,-93150,10184.15
NIFTY,27-Mar-2018,28-Mar-2018,PE,10850,0,0,0,344.05,0,663.7,0,0,0,0,0,10184.15
NIFTY,27-Mar-2018,28-Mar-2018,PE,10900,715,745.7,684.6,714.15,716,714.15,361,3144.66,193.48,65025,-16800,10184.15
NIFTY,27-Mar-2018,28-Mar-2018,PE,10950,755.95,755.95,755.95,755.95,755.95,755.95,1,8.78,.57,150,-75,10184.15
NIFTY,27-Mar-2018,28-Mar-2018,PE,11000,808.6,844.6,784,816.75,817.9,816.75,2636,23359.34,1612.34,267225,-95100,10184.15
NIFTY,27-Mar-2018,28-Mar-2018,PE,11050,0,0,0,739,739,863.65,0,0,0,75,0,10184.15
NIFTY,27-Mar-2018,28-Mar-2018,PE,11100,900,940.9,892.65,920.45,916.5,920.45,286,2578.04,197.09,93375,-19650,10184.15
NIFTY,27-Mar-2018,28-Mar-2018,PE,9450,0.75,0.75,0.75,0.75,0.75,0.75,1,7.09,0,2925,-75,10184.15
NIFTY,27-Mar-2018,28-Mar-2018,PE,9500,1.05,1.2,0.65,0.95,1.05,0.95,23638,168436.33,15.58,3081675,-64500,10184.15
NIFTY,27-Mar-2018,28-Mar-2018,PE,9550,1.1,1.2,0.8,0.9,0.9,0.9,144,1031.51,.11,9525,5850,10184.15
NIFTY,27-Mar-2018,28-Mar-2018,PE,9600,1,1.35,0.7,1.1,1.05,1.1,15025,108191.37,11.37,1170300,-80325,10184.15
NIFTY,27-Mar-2018,28-Mar-2018,PE,9650,1.1,1.45,0.75,1.35,1.4,1.35,399,2888.09,.33,42300,1050,10184.15
NIFTY,27-Mar-2018,28-Mar-2018,PE,9700,1.55,1.6,0.9,1.35,1.25,1.35,34960,254368.38,34.38,1388325,-136275,10184.15
NIFTY,27-Mar-2018,28-Mar-2018,PE,9750,1.55,1.85,1.3,1.5,1.5,1.5,3323,24303.37,3.93,80250,-31125,10184.15
NIFTY,27-Mar-2018,28-Mar-2018,PE,9800,2.1,2.35,1.3,1.75,1.8,1.75,73027,536849.5,101.05,2641050,-395700,10184.15
NIFTY,27-Mar-2018,28-Mar-2018,PE,9850,2.45,2.8,1.55,1.9,1.8,1.9,18964,140128.21,31.66,353925,-173400,10184.15
NIFTY,27-Mar-2018,28-Mar-2018,PE,9900,2.5,4,2.1,2.4,2.3,2.4,165547,1229568.4,381.92,3383475,-504300,10184.15
NIFTY,27-Mar-2018,28-Mar-2018,PE,9950,6.95,7,2.45,2.9,2.65,2.9,85562,638783.71,277.28,840075,-655950,10184.15
NIFTY,27-Mar-2018,28-Mar-2018,PE,10000,5.15,9.3,1.25,4.05,3.7,4.05,452162,3393283.21,2068.21,4728825,-1410450,10184.15
NIFTY,27-Mar-2018,28-Mar-2018,PE,10050,12.85,14.25,4.9,5.7,5.4,5.7,180814,1364066.57,1181.04,819975,-77775,10184.15
NIFTY,27-Mar-2018,28-Mar-2018,PE,10100,16.15,25.2,8.2,10.15,9.4,10.15,677217,5137749.95,7831.18,3937650,348675,10184.15
NIFTY,27-Mar-2018,28-Mar-2018,PE,10150,27.35,43.15,15.1,20.35,19.3,20.35,205851,1571165.45,4124.71,1305375,934050,10184.15
NIFTY,27-Mar-2018,28-Mar-2018,PE,10200,50,71.7,29.25,42.55,41.1,42.55,504468,3877466.8,18286.6,2303850,782700,10184.15
NIFTY,27-Mar-2018,28-Mar-2018,PE,10250,82,109,55,78.1,79.9,78.1,19648,152218.77,1174.77,160125,-13725,10184.15
NIFTY,27-Mar-2018,28-Mar-2018,PE,10300,120.2,152.8,93,121.9,122.3,121.9,57342,448139.58,5172.63,534900,-203700,10184.15
NIFTY,27-Mar-2018,28-Mar-2018,PE,10350,156.05,196.1,137,165.9,164.85,165.9,329,2594.22,40.36,27975,-6225,10184.15
NIFTY,27-Mar-2018,28-Mar-2018,PE,10400,215.8,251.1,186.95,220.55,222.45,220.55,12659,100806.49,2066.29,758250,-84150,10184.15
NIFTY,27-Mar-2018,28-Mar-2018,PE,10450,262.8,290.9,239.1,269,267.35,269,487,3914.77,97.9,27525,-22500,10184.15
NIFTY,27-Mar-2018,28-Mar-2018,PE,10500,314.9,348.75,285.85,318.4,317.9,318.4,6039,48992.26,1435.14,731625,-196125,10184.15
NIFTY,27-Mar-2018,28-Mar-2018,PE,10550,332.75,372,332.75,355.65,355.65,355.65,45,368.5,12.44,12150,-3075,10184.15
NIFTY,27-Mar-2018,28-Mar-2018,PE,10600,406.2,445.5,385,417.95,417.2,417.95,3402,28101.75,1055.85,201825,-184500,10184.15
NIFTY,27-Mar-2018,28-Mar-2018,PE,10650,450.05,476.95,450.05,471.85,471.85,471.85,28,233.38,9.73,675,-2025,10184.15
NIFTY,27-Mar-2018,28-Mar-2018,PE,10700,511.6,545.05,484.5,517.85,519.5,517.85,769,6471.2,299.98,115350,-41400,10184.15
NIFTY,27-Mar-2018,28-Mar-2018,PE,10750,0,0,0,749.7,749.7,563.75,0,0,0,525,0,10184.15
NIFTY,28-Mar-2018,28-Mar-2018,PE,10800,670,690,640,680.9,678,0,1444,12422.15,725.75,12825,-74175,-
NIFTY,28-Mar-2018,28-Mar-2018,PE,10850,0,0,0,344.05,0,0,0,0,0,0,0,-
NIFTY,28-Mar-2018,28-Mar-2018,PE,10900,754.45,791.9,738,770.85,778.55,0,1187,10392.14,688.42,9150,-55875,-
NIFTY,28-Mar-2018,28-Mar-2018,PE,10950,0,0,0,755.95,755.95,0,0,0,0,150,0,-
NIFTY,28-Mar-2018,28-Mar-2018,PE,11000,874.9,889.55,837.5,881.05,875,0,4733,42114.62,3067.37,22800,-244425,-
NIFTY,28-Mar-2018,28-Mar-2018,PE,11050,0,0,0,739,739,0,0,0,0,75,0,-
NIFTY,28-Mar-2018,28-Mar-2018,PE,11100,965.8,992.45,938.1,988.3,988,0,1788,16173.13,1288.03,28950,-64425,-
NIFTY,28-Mar-2018,28-Mar-2018,PE,9450,0.15,0.15,0.05,0.05,0.05,0,16,113.4,0,2400,-525,-
NIFTY,28-Mar-2018,28-Mar-2018,PE,9500,0.1,0.1,0.05,0.05,0.05,0,26133,186198.74,1.11,3158250,76575,-
NIFTY,28-Mar-2018,28-Mar-2018,PE,9550,0.05,0.05,0.05,0.05,0.05,0,61,436.91,0,8025,-1500,-
NIFTY,28-Mar-2018,28-Mar-2018,PE,9600,0.1,0.1,0.05,0.05,0.05,0,8673,62446.04,.44,1222950,52650,-
NIFTY,28-Mar-2018,28-Mar-2018,PE,9650,0.05,0.1,0.05,0.05,0.05,0,112,810.6,0,44325,2025,-
NIFTY,28-Mar-2018,28-Mar-2018,PE,9700,0.2,0.2,0.05,0.05,0.05,0,21036,153038.07,1.17,1411425,23100,-
NIFTY,28-Mar-2018,28-Mar-2018,PE,9750,0.2,0.4,0.05,0.05,0.05,0,2730,19963.36,.24,122025,41775,-
NIFTY,28-Mar-2018,28-Mar-2018,PE,9800,1,1,0.05,0.05,0.05,0,42276,310731.28,2.68,2741475,100425,-
NIFTY,28-Mar-2018,28-Mar-2018,PE,9850,0.4,0.7,0.05,0.05,0.05,0,9161,67677.98,1.09,481950,128025,-
NIFTY,28-Mar-2018,28-Mar-2018,PE,9900,1.9,1.9,0.05,0.05,0.05,0,70988,527105.8,19.9,3473700,90225,-
NIFTY,28-Mar-2018,28-Mar-2018,PE,9950,0.5,2.3,0.05,0.05,0.05,0,91006,679164.68,32.41,1560675,720600,-
NIFTY,28-Mar-2018,28-Mar-2018,PE,10000,3.95,10.85,0.05,0.05,0.05,0,543415,4076035.3,422.8,5590500,861675,-
NIFTY,28-Mar-2018,28-Mar-2018,PE,10050,6.1,15.95,0.05,0.1,0.05,0,428051,3227356.72,922.31,2494800,1674825,-
NIFTY,28-Mar-2018,28-Mar-2018,PE,10100,16.55,24.45,0.05,1.65,0.05,0,1115190,8456505.69,8941.44,3813375,-124275,-
NIFTY,28-Mar-2018,28-Mar-2018,PE,10150,30,50,5.1,24.5,23.5,0,312127,2383223.66,7156.87,184800,-1120575,-
NIFTY,28-Mar-2018,28-Mar-2018,PE,10200,68.5,89.25,35.65,74.9,86.45,0,282410,2175370.43,14933.93,323925,-1979925,-
NIFTY,28-Mar-2018,28-Mar-2018,PE,10250,117.75,137.95,85.15,125.4,124.1,0,5555,43205.8,501.73,20925,-139200,-
NIFTY,28-Mar-2018,28-Mar-2018,PE,10300,164.5,188.9,135,177.3,173.7,0,25926,203540.62,3262.27,137925,-396975,-
NIFTY,28-Mar-2018,28-Mar-2018,PE,10350,223.7,234.3,187.25,222.45,223.25,0,526,4169.37,86.3,12600,-15375,-
NIFTY,28-Mar-2018,28-Mar-2018,PE,10400,270,290,233.35,283.1,286.8,0,16310,130512.65,3294.65,143100,-615150,-
NIFTY,28-Mar-2018,28-Mar-2018,PE,10450,325.9,340.7,285.55,327.85,337.9,0,553,4461.21,127.07,5625,-21900,-
NIFTY,28-Mar-2018,28-Mar-2018,PE,10500,364.8,389.9,332.55,380.25,385.15,0,8655,70527.28,2369.15,335925,-395700,-
NIFTY,28-Mar-2018,28-Mar-2018,PE,10550,412.1,438.85,398.9,433.8,437.5,0,189,1554.92,59.46,5325,-6825,-
NIFTY,28-Mar-2018,28-Mar-2018,PE,10600,461.75,485.15,433,469.2,473.05,0,3522,29208.75,1208.85,30675,-171150,-
NIFTY,28-Mar-2018,28-Mar-2018,PE,10650,535.7,535.7,495.65,531.6,531.6,0,10,83.75,3.87,675,0,-
NIFTY,28-Mar-2018,28-Mar-2018,PE,10700,567.95,588.3,533.8,577.35,571,0,2056,17370.4,871,11025,-104325,-
NIFTY,28-Mar-2018,28-Mar-2018,PE,10750,600.35,620,600,620,620,0,8,68.13,3.63,0,-525,-
