NIFTY,02-Apr-2018,26-Apr-2018,PE,9600,34.15,34.15,18.3,19.5,19,19.5,27283,196958.91,521.31,1896750,56550,-
NIFTY,02-Apr-2018,26-Apr-2018,PE,9650,34.75,36.7,20,22.35,20,22.35,650,4718.82,14.44,22200,11700,-
NIFTY,02-Apr-2018,26-Apr-2018,PE,9700,51.8,51.8,25.2,26.8,26,26.8,41146,300399.35,1062.2,1813350,309450,-
NIFTY,02-Apr-2018,26-Apr-2018,PE,9750,58,58,29,32.35,31.35,32.35,1108,8135.19,32.94,20925,4200,-
NIFTY,02-Apr-2018,26-Apr-2018,PE,9800,58.5,58.85,34.4,36.45,35.25,36.45,50123,370178.14,1774.09,2640525,477675,-
NIFTY,02-Apr-2018,26-Apr-2018,PE,9850,64.55,67.3,40.1,43.25,40.1,43.25,1178,8750.66,48.19,44400,30075,-
NIFTY,02-Apr-2018,26-Apr-2018,PE,9900,79.75,79.75,47.2,50.25,49,50.25,60347,450986.71,2910.23,1889325,430200,-
NIFTY,02-Apr-2018,26-Apr-2018,PE,9950,82.3,91.8,55.5,59.3,57.8,59.3,2075,15600.19,115.5,48075,22875,-
NIFTY,02-Apr-2018,26-Apr-2018,PE,10000,96.65,104.85,64.55,68.65,66.5,68.65,129580,980266.01,8416.01,4006650,804975,-
NIFTY,02-Apr-2018,26-Apr-2018,PE,10050,112,122,76.2,80.45,77,80.45,2982,22697.79,220.97,117975,54900,-
NIFTY,02-Apr-2018,26-Apr-2018,PE,10100,126.2,139.5,86.6,92.75,89.8,92.75,98167,752102.81,8487.79,2247300,713700,-
NIFTY,02-Apr-2018,26-Apr-2018,PE,10150,147.95,158.35,101.75,107.05,104.45,107.05,11707,90281.36,1161.82,214650,44175,-
NIFTY,02-Apr-2018,26-Apr-2018,PE,10200,167.7,180.1,116.85,123.35,120,123.35,89349,693454.47,9934.62,2085600,536250,-
NIFTY,02-Apr-2018,26-Apr-2018,PE,10250,189,203.95,136.85,144.45,138.25,144.45,1837,14343,221.07,61650,39525,-
NIFTY,02-Apr-2018,26-Apr-2018,PE,10300,187.2,230,155.75,163.35,158.9,163.35,19748,155380.14,2826.84,1060650,172575,-
NIFTY,02-Apr-2018,26-Apr-2018,PE,10350,225.85,239.9,182.85,184.75,184.4,184.75,48,379.8,7.2,3000,2775,-
NIFTY,02-Apr-2018,26-Apr-2018,PE,10400,275.85,291.5,207.6,215.15,208,215.15,11859,94751.29,2251.09,635025,-93825,-
NIFTY,02-Apr-2018,26-Apr-2018,PE,10450,0,0,0,18.2,0,281.3,0,0,0,0,0,-
NIFTY,02-Apr-2018,26-Apr-2018,PE,10500,349.05,363.2,270.95,279.15,270.95,279.15,5431,44061.21,1292.08,1042800,-22275,-
NIFTY,02-Apr-2018,26-Apr-2018,PE,10550,291.8,291.8,291.8,291.8,291.8,291.8,1,8.13,.22,825,75,-
NIFTY,02-Apr-2018,26-Apr-2018,PE,10600,418.5,447.6,346.95,356.35,347.2,356.35,1443,11907.23,435.38,241725,-29325,-
NIFTY,02-Apr-2018,26-Apr-2018,PE,10650,449.4,449.4,449.4,449.4,449.4,449.4,3,24.97,1.01,225,225,-
NIFTY,02-Apr-2018,26-Apr-2018,PE,10700,505.55,535,435.8,443.8,435.8,443.8,2585,21688.94,944.31,530775,-103725,-
NIFTY,02-Apr-2018,26-Apr-2018,PE,10750,560,560,560,560,560,560,1,8.48,.42,525,0,-
NIFTY,02-Apr-2018,26-Apr-2018,PE,10800,587.25,627,528,536.7,528,536.7,370,3161.75,164.75,608850,-12450,-
NIFTY,02-Apr-2018,26-Apr-2018,PE,10850,0,0,0,82,82,603.3,0,0,0,150,0,-
NIFTY,02-Apr-2018,26-Apr-2018,PE,10900,710.85,720,624.25,628.65,625.25,628.65,89,772.28,44.7,757725,-3150,-
NIFTY,02-Apr-2018,26-Apr-2018,PE,10950,0,0,0,731.75,731.75,695.55,0,0,0,75,0,-
NIFTY,02-Apr-2018,26-Apr-2018,PE,11000,800.05,824,719,726.05,721,726.05,7193,63590.45,4248.2,1479675,-213525,-
NIFTY,02-Apr-2018,26-Apr-2018,PE,11050,800,805,800,803,803,803,1334,11857.98,802.46,258075,-100050,-
NIFTY,02-Apr-2018,26-Apr-2018,PE,11100,893.8,909,826.95,831.8,826.95,831.8,1382,12393.01,887.86,403575,-100050,-
NIFTY,02-Apr-2018,26-Apr-2018,PE,11150,0,0,0,176.65,0,886.9,0,0,0,0,0,-
NIFTY,03-Apr-2018,26-Apr-2018,PE,9600,22.65,24.05,15.85,16.45,16.5,16.45,22189,160087.02,326.22,1905150,8400,10245
NIFTY,03-Apr-2018,26-Apr-2018,PE,9650,23.8,28.95,18.6,19.55,20,19.55,820,5949.37,14.62,21375,-825,10245
NIFTY,03-Apr-2018,26-Apr-2018,PE,9700,30.95,33.1,21.95,22.65,22.85,22.65,28831,210334.99,589.47,1925175,111825,10245
NIFTY,03-Apr-2018,26-Apr-2018,PE,9750,34.35,38.2,24.75,26.3,29.25,26.3,1185,8694.54,29.22,24600,3675,10245
NIFTY,03-Apr-2018,26-Apr-2018,PE,9800,40.9,44.95,29.9,31.15,31.2,31.15,49830,367655.22,1404.72,3083475,442950,10245
NIFTY,03-Apr-2018,26-Apr-2018,PE,9850,47.95,62.25,35.5,37.05,38,37.05,1099,8154.78,35.92,43725,-675,10245
NIFTY,03-Apr-2018,26-Apr-2018,PE,9900,59.15,61.4,41.5,43.45,43.45,43.45,53132,396588.07,2082.97,1979025,89700,10245
NIFTY,03-Apr-2018,26-Apr-2018,PE,9950,60.05,71.85,49.05,51.15,52.7,51.15,1920,14414.5,86.5,72075,24000,10245
NIFTY,03-Apr-2018,26-Apr-2018,PE,10000,79.9,83.35,57.35,59.9,60.8,59.9,116386,879175.65,6280.65,4417200,410550,10245
NIFTY,03-Apr-2018,26-Apr-2018,PE,10050,97.5,97.6,68,71.2,72.55,71.2,3147,23919.15,198.64,129525,11550,10245
NIFTY,03-Apr-2018,26-Apr-2018,PE,10100,109.05,113,79.25,82.8,84.05,82.8,117284,897001.15,8574.85,2540850,293550,10245
NIFTY,03-Apr-2018,26-Apr-2018,PE,10150,120,130,92.95,97.3,99.5,97.3,10327,79497.03,882.74,220725,6075,10245
NIFTY,03-Apr-2018,26-Apr-2018,PE,10200,144,149.6,108,112.3,115.45,112.3,121585,942009.65,11884.4,2292075,206475,10245
NIFTY,03-Apr-2018,26-Apr-2018,PE,10250,153.3,171.25,126.25,130.7,133.45,130.7,5340,41650.1,598.85,127875,66225,10245
NIFTY,03-Apr-2018,26-Apr-2018,PE,10300,186.5,196.3,145,150.8,155.15,150.8,40992,321897.33,5234.13,1106250,45600,10245
NIFTY,03-Apr-2018,26-Apr-2018,PE,10350,209.05,218.25,167.3,172.7,177.15,172.7,306,2418.95,43.62,6300,3300,10245
NIFTY,03-Apr-2018,26-Apr-2018,PE,10400,225,253.75,192.8,200.35,204.6,200.35,9420,75065.26,1589.26,654600,19575,10245
NIFTY,03-Apr-2018,26-Apr-2018,PE,10450,0,0,0,18.2,0,257.7,0,0,0,0,0,10245
NIFTY,03-Apr-2018,26-Apr-2018,PE,10500,310,324.95,250.4,262.4,265.95,262.4,6932,56095.54,1506.04,1095675,52875,10245
NIFTY,03-Apr-2018,26-Apr-2018,PE,10550,294.8,294.8,294.8,294.8,294.8,294.8,1,8.13,.22,825,0,10245
NIFTY,03-Apr-2018,26-Apr-2018,PE,10600,378.45,405.5,328,335.35,340,335.35,999,8218.5,276.45,237150,-4575,10245
NIFTY,03-Apr-2018,26-Apr-2018,PE,10650,0,0,0,449.4,449.4,405.15,0,0,0,225,0,10245
NIFTY,03-Apr-2018,26-Apr-2018,PE,10700,464.75,496.2,415,421.75,425.9,421.75,3000,25122.51,1047.51,432450,-98325,10245
NIFTY,03-Apr-2018,26-Apr-2018,PE,10750,0,0,0,560,560,488.9,0,0,0,525,0,10245
NIFTY,03-Apr-2018,26-Apr-2018,PE,10800,560.1,590.8,507,514.5,518.35,514.5,933,7950.81,393.51,572625,-36225,10245
NIFTY,03-Apr-2018,26-Apr-2018,PE,10850,0,0,0,82,82,577.6,0,0,0,150,0,10245
NIFTY,03-Apr-2018,26-Apr-2018,PE,10900,648.45,679,600.45,609.15,610.35,609.15,82,710.4,40.05,757500,-225,10245
NIFTY,03-Apr-2018,26-Apr-2018,PE,10950,0,0,0,731.75,731.75,670,0,0,0,75,0,10245
NIFTY,03-Apr-2018,26-Apr-2018,PE,11000,748.25,782.05,695.85,707.65,709.2,707.65,2511,22118.41,1402.66,1366725,-112950,10245
NIFTY,03-Apr-2018,26-Apr-2018,PE,11050,0,0,0,803,803,765.05,0,0,0,258075,0,10245
NIFTY,03-Apr-2018,26-Apr-2018,PE,11100,827.15,865.55,799.5,809.1,801.15,809.1,34,304.34,21.29,403200,-375,10245
NIFTY,03-Apr-2018,26-Apr-2018,PE,11150,0,0,0,176.65,0,861.85,0,0,0,0,0,10245
NIFTY,04-Apr-2018,26-Apr-2018,PE,9600,14.5,31.95,13.3,27.95,29.05,27.95,39583,285644.11,646.51,2133975,228825,10128.4
NIFTY,04-Apr-2018,26-Apr-2018,PE,9650,19.5,36.4,15.85,33.75,34.15,33.75,748,5427.43,13.78,20625,-750,10128.4
NIFTY,04-Apr-2018,26-Apr-2018,PE,9700,21.35,43.25,18.8,39.1,39.65,39.1,59264,432469,1323.4,2118450,193275,10128.4
NIFTY,04-Apr-2018,26-Apr-2018,PE,9750,25.75,50.5,22.45,46.15,48,46.15,1055,7743.98,29.29,21375,-3225,10128.4
NIFTY,04-Apr-2018,26-Apr-2018,PE,9800,29,59,26.85,54.05,55.15,54.05,93541,690439.11,2912.76,3192300,108825,10128.4
NIFTY,04-Apr-2018,26-Apr-2018,PE,9850,37.8,69.65,32.15,64.25,66.15,64.25,1977,14682.54,77.46,45450,1725,10128.4
NIFTY,04-Apr-2018,26-Apr-2018,PE,9900,39.75,81.2,38.15,74.55,74.55,74.55,99141,740594.33,4472.4,2208450,229425,10128.4
NIFTY,04-Apr-2018,26-Apr-2018,PE,9950,51.8,93.95,45.55,87.35,89,87.35,3955,29724.75,210.57,82350,10275,10128.4
NIFTY,04-Apr-2018,26-Apr-2018,PE,10000,57.65,109.45,53.55,100.95,103.5,100.95,204799,1548561.98,12569.48,4424325,7125,10128.4
NIFTY,04-Apr-2018,26-Apr-2018,PE,10050,72.85,126.95,62.9,117.9,120.6,117.9,4776,36349.55,350.45,119475,-10050,10128.4
NIFTY,04-Apr-2018,26-Apr-2018,PE,10100,78.5,146,74.65,135.85,139,135.85,154648,1184092.52,12633.92,2700225,159375,10128.4
NIFTY,04-Apr-2018,26-Apr-2018,PE,10150,90,167.7,88.2,157.1,161.5,157.1,11614,89572.71,1161.13,201300,-19425,10128.4
NIFTY,04-Apr-2018,26-Apr-2018,PE,10200,101.6,192.35,101.6,180,184.15,180,171354,1328791.67,17933.57,2259900,-32175,10128.4
NIFTY,04-Apr-2018,26-Apr-2018,PE,10250,133.95,217.5,120,205,210,205,9740,75997.58,1121.33,174150,46275,10128.4
NIFTY,04-Apr-2018,26-Apr-2018,PE,10300,140.45,250,139.9,234.45,237.15,234.45,67763,532864.99,9395.82,1193925,87675,10128.4
NIFTY,04-Apr-2018,26-Apr-2018,PE,10350,176.6,280,162.8,263.35,260,263.35,421,3335.27,67.26,4725,-1575,10128.4
NIFTY,04-Apr-2018,26-Apr-2018,PE,10400,193.45,318.95,185.9,299.4,306.3,299.4,17834,142310.21,3205.01,671700,17100,10128.4
NIFTY,04-Apr-2018,26-Apr-2018,PE,10450,348,348,348,348,348,348,3,24.3,.78,225,225,10128.4
NIFTY,04-Apr-2018,26-Apr-2018,PE,10500,264.95,397.75,245.95,375.95,385,375.95,6954,56407.11,1644.36,1008600,-87075,10128.4
NIFTY,04-Apr-2018,26-Apr-2018,PE,10550,294.8,302.45,294.8,298.5,298.5,298.5,4,32.55,.9,825,0,10128.4
NIFTY,04-Apr-2018,26-Apr-2018,PE,10600,346.7,484.95,320.6,463.9,470,463.9,991,8170.93,292.48,221100,-16050,10128.4
NIFTY,04-Apr-2018,26-Apr-2018,PE,10650,0,0,0,449.4,449.4,505.2,0,0,0,225,0,10128.4
NIFTY,04-Apr-2018,26-Apr-2018,PE,10700,437.2,577.15,408,554.05,561.9,554.05,2767,23147.3,942.13,366600,-65850,10128.4
NIFTY,04-Apr-2018,26-Apr-2018,PE,10750,0,0,0,560,560,594.9,0,0,0,525,0,10128.4
NIFTY,04-Apr-2018,26-Apr-2018,PE,10800,515,673.7,497.6,649.5,650,649.5,908,7723.32,368.52,553425,-19200,10128.4
NIFTY,04-Apr-2018,26-Apr-2018,PE,10850,0,0,0,82,82,688.1,0,0,0,150,0,10128.4
NIFTY,04-Apr-2018,26-Apr-2018,PE,10900,606.15,765.3,592.35,747.15,744.6,747.15,96,833.71,48.91,757275,-225,10128.4
NIFTY,04-Apr-2018,26-Apr-2018,PE,10950,0,0,0,731.75,731.75,783.65,0,0,0,75,0,10128.4
NIFTY,04-Apr-2018,26-Apr-2018,PE,11000,702,869,689.85,845,851.95,845,1730,15299.99,1027.49,1328325,-38400,10128.4
NIFTY,04-Apr-2018,26-Apr-2018,PE,11050,0,0,0,803,803,880.85,0,0,0,258075,0,10128.4
NIFTY,04-Apr-2018,26-Apr-2018,PE,11100,800.9,963.2,800.9,943.05,947.3,943.05,70,631.39,48.64,403275,75,10128.4
NIFTY,04-Apr-2018,26-Apr-2018,PE,11150,0,0,0,176.65,0,979.05,0,0,0,0,0,10128.4
NIFTY,05-Apr-2018,26-Apr-2018,PE,9600,16.55,17.85,11.4,12.4,11.75,12.4,35214,253878.69,337.89,2036100,-97875,-
NIFTY,05-Apr-2018,26-Apr-2018,PE,9650,14.1,19.35,13.05,14.05,15.5,14.05,921,6676.1,10.36,22050,1425,-
NIFTY,05-Apr-2018,26-Apr-2018,PE,9700,22.25,23,15.7,16.45,15.9,16.45,46603,339661.45,624.62,1946550,-171900,-
NIFTY,05-Apr-2018,26-Apr-2018,PE,9750,16.1,23.5,16.1,19.1,18.4,19.1,1298,9512.12,20.5,20925,-450,-
NIFTY,05-Apr-2018,26-Apr-2018,PE,9800,38.45,38.45,21.25,22.35,21.6,22.35,79871,588532.83,1480.98,2827275,-365025,-
NIFTY,05-Apr-2018,26-Apr-2018,PE,9850,32.6,34.1,23.85,25.65,25,25.65,1746,12936.74,38.16,45525,75,-
NIFTY,05-Apr-2018,26-Apr-2018,PE,9900,51.45,51.45,29.4,30.65,29.4,30.65,89912,669956.07,2359.47,2388225,179775,-
NIFTY,05-Apr-2018,26-Apr-2018,PE,9950,40.25,48.95,34,35.2,35,35.2,10740,80480.47,333.22,455325,372975,-
NIFTY,05-Apr-2018,26-Apr-2018,PE,10000,69.9,69.9,40.6,42.65,41,42.65,152969,1152894.44,5626.94,4858275,433950,-
NIFTY,05-Apr-2018,26-Apr-2018,PE,10050,71.6,71.7,48.05,50.3,48.9,50.3,2910,22062,127.87,140850,21375,-
NIFTY,05-Apr-2018,26-Apr-2018,PE,10100,90,90,56.7,58.9,57,58.9,133892,1021105.88,6873.98,2687025,-13200,-
NIFTY,05-Apr-2018,26-Apr-2018,PE,10150,134.95,134.95,67,69.55,67.5,69.55,6651,51036.08,405.34,240375,39075,-
NIFTY,05-Apr-2018,26-Apr-2018,PE,10200,119.9,124.75,78,81.6,79.05,81.6,171992,1327948.2,12209.4,3725400,1465500,-
NIFTY,05-Apr-2018,26-Apr-2018,PE,10250,164.35,164.35,92,95.5,93,95.5,12241,95121.66,1018.97,283875,109725,-
NIFTY,05-Apr-2018,26-Apr-2018,PE,10300,170,170,108.7,112.3,109.5,112.3,109510,856410.51,10445.76,2244675,1050750,-
NIFTY,05-Apr-2018,26-Apr-2018,PE,10350,168.45,172.3,127.25,131.15,128.4,131.15,1527,12018.35,165.01,31050,26325,-
NIFTY,05-Apr-2018,26-Apr-2018,PE,10400,222.15,222.15,149.15,153.85,150.35,153.85,26708,211748.77,3426.37,1001850,330150,-
NIFTY,05-Apr-2018,26-Apr-2018,PE,10450,207.75,220.1,173.9,178.65,178.25,178.65,137,1092.98,19.25,4800,4575,-
NIFTY,05-Apr-2018,26-Apr-2018,PE,10500,276.85,278,203,207.8,204,207.8,8159,65688.95,1436.82,976500,-32100,-
NIFTY,05-Apr-2018,26-Apr-2018,PE,10550,257.8,257.8,256.15,256.15,256.15,256.15,4,32.42,.77,825,0,-
NIFTY,05-Apr-2018,26-Apr-2018,PE,10600,339.6,343,272,277.55,272,277.55,1508,12338.75,350.15,222900,1800,-
NIFTY,05-Apr-2018,26-Apr-2018,PE,10650,0,0,0,449.4,449.4,359.25,0,0,0,225,0,-
NIFTY,05-Apr-2018,26-Apr-2018,PE,10700,426.55,431,353.85,360.6,353.85,360.6,1563,13018.85,475.77,338925,-27675,-
NIFTY,05-Apr-2018,26-Apr-2018,PE,10750,0,0,0,560,560,436.4,0,0,0,525,0,-
NIFTY,05-Apr-2018,26-Apr-2018,PE,10800,550,550,446.55,458,447,458,3048,25806.95,1118.15,429600,-123825,-
NIFTY,05-Apr-2018,26-Apr-2018,PE,10850,0,0,0,82,82,519.3,0,0,0,150,0,-
NIFTY,05-Apr-2018,26-Apr-2018,PE,10900,617.1,617.1,540.1,543.85,544,543.85,208,1787.9,87.5,749625,-7650,-
NIFTY,05-Apr-2018,26-Apr-2018,PE,10950,640,640,640,640,640,640,1,8.69,.48,75,0,-
NIFTY,05-Apr-2018,26-Apr-2018,PE,11000,715,716.7,637,645.7,637,645.7,1627,14257.11,834.36,1288050,-40275,-
NIFTY,05-Apr-2018,26-Apr-2018,PE,11050,0,0,0,803,803,698.2,0,0,0,258075,0,-
NIFTY,05-Apr-2018,26-Apr-2018,PE,11100,816,816,732.85,740.3,732.85,740.3,107,954.01,63.23,399600,-3675,-
NIFTY,05-Apr-2018,26-Apr-2018,PE,11150,0,0,0,176.65,0,792.25,0,0,0,0,0,-
NIFTY,06-Apr-2018,26-Apr-2018,PE,9600,11.55,13.75,11.05,12,12.55,12,23539,169705.46,224.66,1681500,-354600,-
NIFTY,06-Apr-2018,26-Apr-2018,PE,9650,15,16.95,10.25,13.9,16.05,13.9,504,3653.26,5.56,21225,-825,-
NIFTY,06-Apr-2018,26-Apr-2018,PE,9700,15,18.4,14.35,15.9,16.5,15.9,27473,200214.37,348.3,1854825,-91725,-
NIFTY,06-Apr-2018,26-Apr-2018,PE,9750,19.9,22.15,16.65,18.2,19.5,18.2,722,5290.18,10.55,22500,1575,-
NIFTY,06-Apr-2018,26-Apr-2018,PE,9800,16.55,25.3,16.55,21.25,22.35,21.25,46620,343453.24,796.24,2734800,-92475,-
NIFTY,06-Apr-2018,26-Apr-2018,PE,9850,20.1,29.75,20.1,23.85,25.55,23.85,1045,7740.52,20.59,43275,-2250,-
NIFTY,06-Apr-2018,26-Apr-2018,PE,9900,29.75,35.3,26.15,28.95,30.3,28.95,46630,347315.58,1087.83,2535000,146775,-
NIFTY,06-Apr-2018,26-Apr-2018,PE,9950,35.85,41.5,29,33.45,35.75,33.45,5611,42025.36,153.27,291150,-164175,-
NIFTY,06-Apr-2018,26-Apr-2018,PE,10000,46,49.2,36.1,40.5,42,40.5,107333,808508.32,3510.82,4924875,66600,-
NIFTY,06-Apr-2018,26-Apr-2018,PE,10050,51.4,57.95,42.8,47.35,50.25,47.35,2493,18885.43,94.44,147675,6825,-
NIFTY,06-Apr-2018,26-Apr-2018,PE,10100,60,67.85,50.05,56.1,59,56.1,87950,670213.52,3992.27,2762625,75600,-
NIFTY,06-Apr-2018,26-Apr-2018,PE,10150,70,80.1,59.5,65.9,70.45,65.9,5229,40085.77,280.01,255600,15225,-
NIFTY,06-Apr-2018,26-Apr-2018,PE,10200,80,94.25,70.05,77.25,82.5,77.25,149868,1155923.36,9433.16,3614100,-111300,-
NIFTY,06-Apr-2018,26-Apr-2018,PE,10250,103,111,82.6,91.75,97,91.75,10469,81263.69,783.25,304500,20625,-
NIFTY,06-Apr-2018,26-Apr-2018,PE,10300,120.15,130,97.6,106.95,114.1,106.95,148068,1156727.1,12901.8,2872050,627375,-
NIFTY,06-Apr-2018,26-Apr-2018,PE,10350,135,151.7,116.1,125.95,132.55,125.95,3781,29733.2,383.19,71925,40875,-
NIFTY,06-Apr-2018,26-Apr-2018,PE,10400,166,176.85,135,147.4,156.95,147.4,39841,315502.83,4743.03,1183575,181725,-
NIFTY,06-Apr-2018,26-Apr-2018,PE,10450,189.2,199.2,161.1,171.7,195.15,171.7,395,3147.21,51.39,5625,825,-
NIFTY,06-Apr-2018,26-Apr-2018,PE,10500,221.85,236.6,187.35,202.6,213.85,202.6,9519,76498.46,1536.33,1017300,40800,-
NIFTY,06-Apr-2018,26-Apr-2018,PE,10550,248.65,263,230,230,230,230,9,72.87,1.66,900,75,-
NIFTY,06-Apr-2018,26-Apr-2018,PE,10600,281.95,310,256,271.75,285,271.75,3357,27406.3,718.15,264000,41100,-
NIFTY,06-Apr-2018,26-Apr-2018,PE,10650,340,340,340,340,340,340,1,8.24,.26,300,75,-
NIFTY,06-Apr-2018,26-Apr-2018,PE,10700,374.05,395,338.6,359.5,366.25,359.5,1819,15101.48,504,343950,5025,-
NIFTY,06-Apr-2018,26-Apr-2018,PE,10750,0,0,0,560,560,426.15,0,0,0,525,0,-
NIFTY,06-Apr-2018,26-Apr-2018,PE,10800,467,492.15,427.55,450.85,463.35,450.85,2114,17868.76,745.36,345750,-83850,-
NIFTY,06-Apr-2018,26-Apr-2018,PE,10850,0,0,0,82,82,510.05,0,0,0,150,0,-
NIFTY,06-Apr-2018,26-Apr-2018,PE,10900,567,584.45,523.95,538.4,549.5,538.4,217,1864.07,90.1,740550,-9075,-
NIFTY,06-Apr-2018,26-Apr-2018,PE,10950,0,0,0,640,640,598.75,0,0,0,75,0,-
NIFTY,06-Apr-2018,26-Apr-2018,PE,11000,659.05,684,619.85,644.05,652.9,644.05,1598,13971.58,788.08,1297425,9375,-
NIFTY,06-Apr-2018,26-Apr-2018,PE,11050,0,0,0,803,803,691,0,0,0,258075,0,-
NIFTY,06-Apr-2018,26-Apr-2018,PE,11100,756.8,780.75,747.85,747.95,747.95,747.95,12,106.74,6.84,399450,-150,-
NIFTY,06-Apr-2018,26-Apr-2018,PE,11150,0,0,0,176.65,0,785.85,0,0,0,0,0,-
NIFTY,09-Apr-2018,26-Apr-2018,PE,9600,10.6,11.25,9.15,9.75,9.5,9.75,13448,96925.25,99.65,1629450,-52050,-
NIFTY,09-Apr-2018,26-Apr-2018,PE,9650,11.3,11.65,10.5,10.85,10.5,10.85,165,1195.56,1.37,19500,-1725,-
NIFTY,09-Apr-2018,26-Apr-2018,PE,9700,13.7,14.9,11.75,12.35,12.25,12.35,18124,132024.43,172.33,1736400,-118425,-
NIFTY,09-Apr-2018,26-Apr-2018,PE,9750,16.45,18.5,13.55,14,14,14,482,3529.9,5.28,26325,3825,-
NIFTY,09-Apr-2018,26-Apr-2018,PE,9800,18.7,21.85,15.1,16.1,15.95,16.1,42110,310032.49,523.99,2530050,-204750,-
NIFTY,09-Apr-2018,26-Apr-2018,PE,9850,21.35,23.85,17.5,18.5,18.4,18.5,550,4071.05,7.92,51975,8700,-
NIFTY,09-Apr-2018,26-Apr-2018,PE,9900,34,34,20.3,21.8,21.7,21.8,46133,343317.8,780.28,2429700,-105300,-
NIFTY,09-Apr-2018,26-Apr-2018,PE,9950,30.6,43.2,24,25.85,25.7,25.85,6580,49235.87,132.62,139125,-152025,-
NIFTY,09-Apr-2018,26-Apr-2018,PE,10000,34.1,39.6,28.3,30.2,30,30.2,94535,711236.79,2224.29,4634475,-290400,-
NIFTY,09-Apr-2018,26-Apr-2018,PE,10050,54.5,57.1,33.7,35.7,35.1,35.7,2773,20979.49,78,164325,16650,-
NIFTY,09-Apr-2018,26-Apr-2018,PE,10100,80,80,39.55,42.7,42.75,42.7,79908,607944.27,2641.17,2938200,175575,-
NIFTY,09-Apr-2018,26-Apr-2018,PE,10150,76.05,76.05,47.65,51.4,51,51.4,4090,31298.11,162.98,257475,1875,-
NIFTY,09-Apr-2018,26-Apr-2018,PE,10200,77.4,77.45,56.2,60.65,59.7,60.65,131999,1015977.96,6185.61,3622575,8475,-
NIFTY,09-Apr-2018,26-Apr-2018,PE,10250,81.4,93.8,67.7,72.6,71.55,72.6,7351,56922.26,411.44,306900,2400,-
NIFTY,09-Apr-2018,26-Apr-2018,PE,10300,105,109.4,80.65,86.75,85.35,86.75,135658,1057016.71,9058.66,3243450,371400,-
NIFTY,09-Apr-2018,26-Apr-2018,PE,10350,133.55,133.55,97.35,104.15,103.65,104.15,9720,76226.05,774.55,168450,96525,-
NIFTY,09-Apr-2018,26-Apr-2018,PE,10400,146.65,149.95,115.15,123.6,123.3,123.6,85771,677070.92,8057.12,1488450,304875,-
NIFTY,09-Apr-2018,26-Apr-2018,PE,10450,171.15,171.15,137.45,146.45,145.3,146.45,1246,9906.25,140.72,22575,16950,-
NIFTY,09-Apr-2018,26-Apr-2018,PE,10500,203.25,203.25,162.3,173.4,172,173.4,20616,165046.08,2695.08,1151850,134550,-
NIFTY,09-Apr-2018,26-Apr-2018,PE,10550,202,207.4,202,207.3,207.3,207.3,20,161.34,3.09,1650,750,-
NIFTY,09-Apr-2018,26-Apr-2018,PE,10600,270.65,270.65,225,239.25,237.05,239.25,5160,41949.41,927.41,298950,34950,-
NIFTY,09-Apr-2018,26-Apr-2018,PE,10650,0,0,0,340,340,303.45,0,0,0,300,0,-
NIFTY,09-Apr-2018,26-Apr-2018,PE,10700,349.35,354.45,303,319.6,320,319.6,1113,9200.4,268.57,353250,9300,-
NIFTY,09-Apr-2018,26-Apr-2018,PE,10750,0,0,0,560,560,380.7,0,0,0,525,0,-
NIFTY,09-Apr-2018,26-Apr-2018,PE,10800,443.6,444.25,393.05,403.85,415.25,403.85,2571,21609.1,784,316425,-29325,-
NIFTY,09-Apr-2018,26-Apr-2018,PE,10850,0,0,0,82,82,464.6,0,0,0,150,0,-
NIFTY,09-Apr-2018,26-Apr-2018,PE,10900,501,514.75,486.1,501.15,508.6,501.15,294,2514.08,110.63,735525,-5025,-
NIFTY,09-Apr-2018,26-Apr-2018,PE,10950,0,0,0,640,640,553.7,0,0,0,75,0,-
NIFTY,09-Apr-2018,26-Apr-2018,PE,11000,635.1,639.05,582,599.45,601.8,599.45,1265,11002.29,566.04,1273125,-24300,-
NIFTY,09-Apr-2018,26-Apr-2018,PE,11050,0,0,0,803,803,646.6,0,0,0,258075,0,-
NIFTY,09-Apr-2018,26-Apr-2018,PE,11100,681.7,707.5,681.7,703.9,703.9,703.9,132,1168.18,69.28,390675,-8775,-
NIFTY,09-Apr-2018,26-Apr-2018,PE,11150,0,0,0,176.65,0,742.15,0,0,0,0,0,-
NIFTY,10-Apr-2018,26-Apr-2018,PE,9600,8.15,9.8,7.35,8.45,8.45,8.45,10700,77109.05,69.05,1732575,103125,-
NIFTY,10-Apr-2018,26-Apr-2018,PE,9650,9,10.6,8.6,9.35,9.3,9.35,240,1738.78,1.78,17775,-1725,-
NIFTY,10-Apr-2018,26-Apr-2018,PE,9700,9.6,12.3,9,10.45,10.05,10.45,16012,116614.74,127.44,1905675,169275,-
NIFTY,10-Apr-2018,26-Apr-2018,PE,9750,11.35,13.5,10.75,11.65,11.65,11.65,366,2679.62,3.24,23550,-2775,-
NIFTY,10-Apr-2018,26-Apr-2018,PE,9800,15,15.8,12.1,13.15,12.95,13.15,33938,249790.59,346.29,2565900,35850,-
NIFTY,10-Apr-2018,26-Apr-2018,PE,9850,14.2,18,14.1,14.7,15.1,14.7,605,4476.42,6.99,51900,-75,-
NIFTY,10-Apr-2018,26-Apr-2018,PE,9900,15,21.35,15,17.75,17.8,17.75,35538,264360.15,490.5,2446800,17100,-
NIFTY,10-Apr-2018,26-Apr-2018,PE,9950,25.45,25.45,19.6,20.45,21.1,20.45,2724,20371.02,43.17,119250,-19875,-
NIFTY,10-Apr-2018,26-Apr-2018,PE,10000,24.8,29.7,23.2,24.3,24.2,24.3,80717,606913.03,1535.53,4566450,-68025,-
NIFTY,10-Apr-2018,26-Apr-2018,PE,10050,26.05,34.6,26,28.55,28.65,28.55,2614,19761.42,58.39,147525,-16800,-
NIFTY,10-Apr-2018,26-Apr-2018,PE,10100,35.25,41,32.05,33.65,33.55,33.65,76748,583400.05,2033.95,3099450,161250,-
NIFTY,10-Apr-2018,26-Apr-2018,PE,10150,38.9,48.9,38.5,40.9,41,40.9,2670,20409.23,83.85,265050,7575,-
NIFTY,10-Apr-2018,26-Apr-2018,PE,10200,52.6,58.75,46.25,48.65,48.4,48.65,100124,769765.69,3817.09,3924225,301650,-
NIFTY,10-Apr-2018,26-Apr-2018,PE,10250,58,70.3,50.85,59.1,58.8,59.1,4894,37846.1,223.47,318975,12075,-
NIFTY,10-Apr-2018,26-Apr-2018,PE,10300,74.1,84.7,67.05,71.05,70.3,71.05,144920,1127552.6,8045.6,3876450,633000,-
NIFTY,10-Apr-2018,26-Apr-2018,PE,10350,86.25,101.85,81,86.3,86,86.3,7771,60847.62,525.24,196875,28425,-
NIFTY,10-Apr-2018,26-Apr-2018,PE,10400,105,121.55,97,103.95,103.15,103.95,149197,1175727.41,11990.81,2462400,973950,-
NIFTY,10-Apr-2018,26-Apr-2018,PE,10450,120.55,144.45,117.5,124.65,123.6,124.65,3470,27533.03,336.91,42825,20250,-
NIFTY,10-Apr-2018,26-Apr-2018,PE,10500,152,172.2,140,148.8,148.5,148.8,35745,285593.43,4101.56,1138875,-12975,-
NIFTY,10-Apr-2018,26-Apr-2018,PE,10550,169.9,199,155.05,155.05,155.05,155.05,5,40.21,.65,1650,0,-
NIFTY,10-Apr-2018,26-Apr-2018,PE,10600,214.9,237.3,201,212.8,212.2,212.8,8159,66177.25,1313.2,347775,48825,-
NIFTY,10-Apr-2018,26-Apr-2018,PE,10650,0,0,0,340,340,280.85,0,0,0,300,0,-
NIFTY,10-Apr-2018,26-Apr-2018,PE,10700,290,317,279,291.9,291.2,291.9,1544,12729.95,339.35,335850,-17400,-
NIFTY,10-Apr-2018,26-Apr-2018,PE,10750,0,0,0,560,560,357.65,0,0,0,525,0,-
NIFTY,10-Apr-2018,26-Apr-2018,PE,10800,385,412,369,385.15,381.65,385.15,2116,17760.01,620.41,246600,-69825,-
NIFTY,10-Apr-2018,26-Apr-2018,PE,10850,0,0,0,82,82,441.6,0,0,0,150,0,-
NIFTY,10-Apr-2018,26-Apr-2018,PE,10900,476.85,507,461,480.5,476.95,480.5,1854,15826.44,669.99,660075,-75450,-
NIFTY,10-Apr-2018,26-Apr-2018,PE,10950,0,0,0,640,640,531.05,0,0,0,75,0,-
NIFTY,10-Apr-2018,26-Apr-2018,PE,11000,570.6,600,555,575.15,570,575.15,904,7849.07,391.07,1246500,-26625,-
NIFTY,10-Apr-2018,26-Apr-2018,PE,11050,0,0,0,803,803,624.35,0,0,0,258075,0,-
NIFTY,10-Apr-2018,26-Apr-2018,PE,11100,667.45,698.2,664.7,675.1,674.1,675.1,844,7460.02,433.72,351975,-38700,-
NIFTY,10-Apr-2018,26-Apr-2018,PE,11150,0,0,0,176.65,0,720.35,0,0,0,0,0,-
NIFTY,11-Apr-2018,26-Apr-2018,PE,9600,9,9.35,7,7.7,7.95,7.7,14275,102866.96,86.96,1674675,-57900,10417.15
NIFTY,11-Apr-2018,26-Apr-2018,PE,9650,9.5,10.45,6.2,10.45,10.45,10.45,61,441.9,.41,15900,-1875,10417.15
NIFTY,11-Apr-2018,26-Apr-2018,PE,9700,9.25,11.95,8.4,9.1,9.6,9.1,23917,174172.26,176.09,1843800,-61875,10417.15
NIFTY,11-Apr-2018,26-Apr-2018,PE,9750,11.35,13.45,9.65,10.4,10.8,10.4,232,1698.47,1.97,20400,-3150,10417.15
NIFTY,11-Apr-2018,26-Apr-2018,PE,9800,11.75,15.55,11,11.85,12.45,11.85,37487,275893.97,364.52,2658525,92625,10417.15
NIFTY,11-Apr-2018,26-Apr-2018,PE,9850,14.9,18,12.95,13.9,14.7,13.9,1195,8841.57,13.51,73050,21150,10417.15
NIFTY,11-Apr-2018,26-Apr-2018,PE,9900,15.5,21.75,15.5,16.7,17.4,16.7,35770,266083.36,491.11,2569500,122700,10417.15
NIFTY,11-Apr-2018,26-Apr-2018,PE,9950,20.45,25.5,15.65,19.75,20.35,19.75,2120,15855.57,35.07,109425,-9825,10417.15
NIFTY,11-Apr-2018,26-Apr-2018,PE,10000,22.15,30.7,21.1,23.3,24.3,23.3,72104,542161.07,1381.07,4574325,7875,10417.15
NIFTY,11-Apr-2018,26-Apr-2018,PE,10050,26.6,36.5,25.4,27.55,28.8,27.55,2165,16368.59,49.91,135975,-11550,10417.15
NIFTY,11-Apr-2018,26-Apr-2018,PE,10100,32.35,43.5,30.25,32.6,34.2,32.6,75232,571931.4,2049,2861850,-237600,10417.15
NIFTY,11-Apr-2018,26-Apr-2018,PE,10150,39,52.4,34.45,39.6,40.85,39.6,3964,30307.74,131.79,260550,-4500,10417.15
NIFTY,11-Apr-2018,26-Apr-2018,PE,10200,48,62.8,43,47.05,49,47.05,117485,903397.49,4637.24,4133475,209250,10417.15
NIFTY,11-Apr-2018,26-Apr-2018,PE,10250,56,75.9,52.85,57.35,59,57.35,5939,45942.2,286.13,347175,28200,10417.15
NIFTY,11-Apr-2018,26-Apr-2018,PE,10300,67.95,92,63.35,69.05,71.4,69.05,160462,1248805.61,9236.66,4354275,477825,10417.15
NIFTY,11-Apr-2018,26-Apr-2018,PE,10350,83.75,110.7,78,83.55,86.5,83.55,12418,97265.71,870.99,308925,112050,10417.15
NIFTY,11-Apr-2018,26-Apr-2018,PE,10400,99.9,132.75,93.7,100.7,104.3,100.7,169285,1334546.21,14123.21,3152400,690000,10417.15
NIFTY,11-Apr-2018,26-Apr-2018,PE,10450,138.65,157,114.4,120.6,125.3,120.6,2395,19011.98,241.17,40125,-2700,10417.15
NIFTY,11-Apr-2018,26-Apr-2018,PE,10500,145,187.5,136.75,144.7,149.8,144.7,34555,276274.31,4153.68,1179525,40650,10417.15
NIFTY,11-Apr-2018,26-Apr-2018,PE,10550,199,209.7,172.1,172.15,172.1,172.15,12,96.68,1.73,1875,225,10417.15
NIFTY,11-Apr-2018,26-Apr-2018,PE,10600,211.95,259,198.05,208.3,215,208.3,8713,70734.82,1466.47,346425,-1350,10417.15
NIFTY,11-Apr-2018,26-Apr-2018,PE,10650,0,0,0,340,340,264.15,0,0,0,300,0,10417.15
NIFTY,11-Apr-2018,26-Apr-2018,PE,10700,293.7,344.35,279,290.6,300,290.6,2032,16776.71,469.91,335775,-75,10417.15
NIFTY,11-Apr-2018,26-Apr-2018,PE,10750,350,350,350,350,350,350,1,8.33,.26,450,-75,10417.15
NIFTY,11-Apr-2018,26-Apr-2018,PE,10800,390.4,438,373,386.25,389.75,386.25,819,6884.07,250.17,230775,-15825,10417.15
NIFTY,11-Apr-2018,26-Apr-2018,PE,10850,0,0,0,82,82,425.75,0,0,0,150,0,10417.15
NIFTY,11-Apr-2018,26-Apr-2018,PE,10900,484.05,526,469.9,474.65,481.25,474.65,8690,74360.79,3320.04,587250,-72825,10417.15
NIFTY,11-Apr-2018,26-Apr-2018,PE,10950,561.2,561.25,561.2,561.25,561.25,561.25,8,69.07,3.37,600,525,10417.15
NIFTY,11-Apr-2018,26-Apr-2018,PE,11000,578,630.1,561,572.95,579.85,572.95,1489,12940.15,655.9,1191975,-54525,10417.15
NIFTY,11-Apr-2018,26-Apr-2018,PE,11050,0,0,0,803,803,609.9,0,0,0,258075,0,10417.15
NIFTY,11-Apr-2018,26-Apr-2018,PE,11100,683.9,734.3,666,675.45,682.5,675.45,958,8490.37,515.02,323325,-28650,10417.15
NIFTY,11-Apr-2018,26-Apr-2018,PE,11150,0,0,0,176.65,0,706.45,0,0,0,0,0,10417.15
NIFTY,12-Apr-2018,26-Apr-2018,PE,9600,8.15,8.2,5.55,6.45,6.85,6.45,13728,98910.4,68.8,1683975,9300,10458.65
NIFTY,12-Apr-2018,26-Apr-2018,PE,9650,10.45,10.45,6.05,6.85,7.85,6.85,86,622.88,.46,15225,-675,10458.65
NIFTY,12-Apr-2018,26-Apr-2018,PE,9700,11,12.6,6.1,7.25,7.3,7.25,25094,182702.5,143.65,2028900,185100,10458.65
NIFTY,12-Apr-2018,26-Apr-2018,PE,9750,10.5,10.8,7,8.35,9.2,8.35,360,2634.83,2.33,22725,2325,10458.65
NIFTY,12-Apr-2018,26-Apr-2018,PE,9800,11.2,13.75,8.15,9.6,9.7,9.6,40537,298256.37,309.42,2782200,123675,10458.65
NIFTY,12-Apr-2018,26-Apr-2018,PE,9850,15.4,15.4,9.75,10.9,11,10.9,585,4326.94,5.25,67500,-5550,10458.65
NIFTY,12-Apr-2018,26-Apr-2018,PE,9900,16.6,18.25,11.55,13.1,13.2,13.1,34395,255752.67,369.8,2641950,72450,10458.65
NIFTY,12-Apr-2018,26-Apr-2018,PE,9950,20.9,21.95,13.75,15.05,15.05,15.05,2029,15166.96,25.54,149025,39600,10458.65
NIFTY,12-Apr-2018,26-Apr-2018,PE,10000,34,34,16.3,18.35,17.75,18.35,86259,648257.14,1314.64,5066775,492450,10458.65
NIFTY,12-Apr-2018,26-Apr-2018,PE,10050,30.4,30.55,19.65,21.5,21,21.5,2414,18237.79,42.27,152100,16125,10458.65
NIFTY,12-Apr-2018,26-Apr-2018,PE,10100,33.3,36.75,23.6,26,25,26,72565,551255.41,1575.54,2897025,35175,10458.65
NIFTY,12-Apr-2018,26-Apr-2018,PE,10150,47.5,47.5,28.9,31.35,30.5,31.35,4258,32525.47,111.45,260700,150,10458.65
NIFTY,12-Apr-2018,26-Apr-2018,PE,10200,49.15,53.15,34.35,37.6,36.7,37.6,107133,822969.74,3402.29,4577325,443850,10458.65
NIFTY,12-Apr-2018,26-Apr-2018,PE,10250,59.05,64.6,42.35,46.05,44.85,46.05,7382,57028.53,279.4,386025,38850,10458.65
NIFTY,12-Apr-2018,26-Apr-2018,PE,10300,70.2,78.15,51.1,55.75,54,55.75,157739,1225887.15,7353.38,5540850,1186575,10458.65
NIFTY,12-Apr-2018,26-Apr-2018,PE,10350,88.25,94.8,62.15,67.75,66,67.75,10578,82728.04,616.32,345375,36450,10458.65
NIFTY,12-Apr-2018,26-Apr-2018,PE,10400,107,114,75.65,81.9,80.65,81.9,188229,1481113.99,12927.79,4474950,1322550,10458.65
NIFTY,12-Apr-2018,26-Apr-2018,PE,10450,130.85,137,92.3,99.65,97.5,99.65,8914,70567.63,704.16,192675,152550,10458.65
NIFTY,12-Apr-2018,26-Apr-2018,PE,10500,153.95,163.05,112.55,121,119.65,121,62287,496698.13,6188,1387500,207975,10458.65
NIFTY,12-Apr-2018,26-Apr-2018,PE,10550,172.1,208.85,138.2,146,144,146,737,5913.84,82.33,13350,11475,10458.65
NIFTY,12-Apr-2018,26-Apr-2018,PE,10600,220,230.1,167.25,177.35,175,177.35,10271,83148.24,1493.79,335550,-10875,10458.65
NIFTY,12-Apr-2018,26-Apr-2018,PE,10650,214,214,203,203,203,203,4,32.57,.62,600,300,10458.65
NIFTY,12-Apr-2018,26-Apr-2018,PE,10700,308.8,315.1,240.55,254.45,253,254.45,2101,17287.03,426.5,320700,-15075,10458.65
NIFTY,12-Apr-2018,26-Apr-2018,PE,10750,357.9,357.9,321.25,327.45,327.45,327.45,4,33.25,1,525,75,10458.65
NIFTY,12-Apr-2018,26-Apr-2018,PE,10800,405,405.3,329,343.15,339.95,343.15,1124,9418.2,313.8,212775,-18000,10458.65
NIFTY,12-Apr-2018,26-Apr-2018,PE,10850,0,0,0,82,82,387.25,0,0,0,150,0,10458.65
NIFTY,12-Apr-2018,26-Apr-2018,PE,10900,494.25,500.05,423.25,433.7,431.95,433.7,254,2162.18,85.73,586125,-1125,10458.65
NIFTY,12-Apr-2018,26-Apr-2018,PE,10950,483.45,483.45,483.45,483.45,483.45,483.45,2,17.15,.73,450,-150,10458.65
NIFTY,12-Apr-2018,26-Apr-2018,PE,11000,585.3,596.95,521.1,536.05,533,536.05,3106,26909.6,1285.1,1041000,-150975,10458.65
NIFTY,12-Apr-2018,26-Apr-2018,PE,11050,0,0,0,803,803,570.3,0,0,0,258075,0,10458.65
NIFTY,12-Apr-2018,26-Apr-2018,PE,11100,698.2,698.2,625.8,643,643,643,358,3162.7,182.35,326625,3300,10458.65
NIFTY,12-Apr-2018,26-Apr-2018,PE,11150,0,0,0,176.65,0,666.8,0,0,0,0,0,10458.65
NIFTY,13-Apr-2018,26-Apr-2018,PE,9600,5,6.15,4.95,5.2,5,5.2,15510,111734.59,62.59,1635150,-48825,10480.6
NIFTY,13-Apr-2018,26-Apr-2018,PE,9650,5.35,6.35,5.25,5.7,5.65,5.7,125,905.22,.53,17700,2475,10480.6
NIFTY,13-Apr-2018,26-Apr-2018,PE,9700,6,7.45,5.85,6.5,6,6.5,25995,189238.18,124.56,2018100,-10800,10480.6
NIFTY,13-Apr-2018,26-Apr-2018,PE,9750,6.8,8.25,6.3,6.95,6.6,6.95,414,3029.59,2.21,23925,1200,10480.6
NIFTY,13-Apr-2018,26-Apr-2018,PE,9800,6.9,9.4,6.9,7.9,7.25,7.9,37072,272698.36,219.16,3208200,426000,10480.6
NIFTY,13-Apr-2018,26-Apr-2018,PE,9850,9.9,10.05,7.85,8.6,8,8.6,792,5856.03,5.13,67425,-75,10480.6
NIFTY,13-Apr-2018,26-Apr-2018,PE,9900,11.2,12.3,9.4,10.2,9.4,10.2,48340,359297.87,373.37,2526675,-115275,10480.6
NIFTY,13-Apr-2018,26-Apr-2018,PE,9950,13.8,13.85,10.5,11.2,10.55,11.2,2004,14972.34,17.49,151800,2775,10480.6
NIFTY,13-Apr-2018,26-Apr-2018,PE,10000,13,17.6,12,13.35,12.35,13.35,81162,609566.72,851.72,4720800,-345975,10480.6
NIFTY,13-Apr-2018,26-Apr-2018,PE,10050,18.95,19.25,13.75,15.25,14.05,15.25,2378,17952.72,28.54,122700,-29400,10480.6
NIFTY,13-Apr-2018,26-Apr-2018,PE,10100,22.7,23.75,16.1,18.2,17.4,18.2,93821,712070.2,1376.12,2995275,98250,10480.6
NIFTY,13-Apr-2018,26-Apr-2018,PE,10150,28.15,28.15,18.95,21.65,19.75,21.65,5819,44398.65,101.51,267900,7200,10480.6
NIFTY,13-Apr-2018,26-Apr-2018,PE,10200,38,38,23.05,26.3,24.9,26.3,148958,1142687.32,3158.62,5072400,495075,10480.6
NIFTY,13-Apr-2018,26-Apr-2018,PE,10250,44.05,44.05,28.1,32.4,30.3,32.4,7487,57751.87,195.56,359175,-26850,10480.6
NIFTY,13-Apr-2018,26-Apr-2018,PE,10300,35.1,52.05,34.05,40.85,38.1,40.85,171816,1332845.38,5566.78,5232375,-308475,10480.6
NIFTY,13-Apr-2018,26-Apr-2018,PE,10350,55.95,64.15,42.55,50.7,48.8,50.7,10553,82340.89,423.23,368625,23250,10480.6
NIFTY,13-Apr-2018,26-Apr-2018,PE,10400,81.9,81.9,52.3,63.1,60.05,63.1,266143,2089055.2,13139.8,4865025,390075,10480.6
NIFTY,13-Apr-2018,26-Apr-2018,PE,10450,92.65,96.5,65.65,78.4,76.75,78.4,21363,168736.47,1303.96,278325,85650,10480.6
NIFTY,13-Apr-2018,26-Apr-2018,PE,10500,109.8,118.45,81.2,97,93,97,183883,1461824.19,13745.56,2731575,1344075,10480.6
NIFTY,13-Apr-2018,26-Apr-2018,PE,10550,136.45,145.55,102.15,122.4,118.05,122.4,3564,28525.91,325.76,48600,35250,10480.6
NIFTY,13-Apr-2018,26-Apr-2018,PE,10600,166.05,177.75,128,151.3,147,151.3,29710,239591.79,3397.29,513375,177825,10480.6
NIFTY,13-Apr-2018,26-Apr-2018,PE,10650,190.75,213,167,180,180,180,9,73.13,1.24,825,225,10480.6
NIFTY,13-Apr-2018,26-Apr-2018,PE,10700,241.05,255.45,196.15,227.55,218.75,227.55,5375,44045.26,910.89,322350,1650,10480.6
NIFTY,13-Apr-2018,26-Apr-2018,PE,10750,0,0,0,327.45,327.45,282.4,0,0,0,525,0,10480.6
NIFTY,13-Apr-2018,26-Apr-2018,PE,10800,329.55,346.95,280.5,312.8,311.35,312.8,1113,9272.71,257.41,200700,-12075,10480.6
NIFTY,13-Apr-2018,26-Apr-2018,PE,10850,0,0,0,82,82,365.4,0,0,0,150,0,10480.6
NIFTY,13-Apr-2018,26-Apr-2018,PE,10900,423,440,373.05,406.65,400.4,406.65,217,1840.4,66.43,584700,-1425,10480.6
NIFTY,13-Apr-2018,26-Apr-2018,PE,10950,0,0,0,483.45,483.45,455.1,0,0,0,450,0,10480.6
NIFTY,13-Apr-2018,26-Apr-2018,PE,11000,521.15,543,475.25,509.1,506.65,509.1,5055,43590.38,1886.63,930150,-110850,10480.6
NIFTY,13-Apr-2018,26-Apr-2018,PE,11050,563.5,563.5,563.5,563.5,563.5,563.5,2,17.42,.85,258075,0,10480.6
NIFTY,13-Apr-2018,26-Apr-2018,PE,11100,615,635.05,582,612.3,621.3,612.3,43,377.74,19.76,324525,-2100,10480.6
NIFTY,13-Apr-2018,26-Apr-2018,PE,11150,0,0,0,176.65,0,646.1,0,0,0,0,0,10480.6
NIFTY,16-Apr-2018,26-Apr-2018,PE,9600,5.4,5.5,3.85,4.35,4.5,4.35,10579,76202.59,33.79,1571175,-63975,10528.35
NIFTY,16-Apr-2018,26-Apr-2018,PE,9650,4.95,5.1,4.1,4.75,4.85,4.75,128,926.85,.45,17175,-525,10528.35
NIFTY,16-Apr-2018,26-Apr-2018,PE,9700,7.1,7.35,4.65,5.2,5.3,5.2,13891,101111.43,54.41,1967850,-50250,10528.35
NIFTY,16-Apr-2018,26-Apr-2018,PE,9750,6.6,6.6,4.9,5.5,5.5,5.5,295,2158.43,1.24,22650,-1275,10528.35
NIFTY,16-Apr-2018,26-Apr-2018,PE,9800,7.25,8.95,5.5,6.1,6,6.1,34166,251285.06,164.96,3095925,-112275,10528.35
NIFTY,16-Apr-2018,26-Apr-2018,PE,9850,8.25,8.25,5.95,6.75,6.9,6.75,623,4605.68,3.27,49200,-18225,10528.35
NIFTY,16-Apr-2018,26-Apr-2018,PE,9900,12.9,12.9,6.75,7.3,7.15,7.3,41403,307666.15,248.87,2402175,-124500,10528.35
NIFTY,16-Apr-2018,26-Apr-2018,PE,9950,15.3,15.3,7.4,8.1,7.95,8.1,1440,10755.97,9.97,138450,-13350,10528.35
NIFTY,16-Apr-2018,26-Apr-2018,PE,10000,15,17.45,8.4,9.1,9,9.1,88876,667271.27,701.27,4479600,-241200,10528.35
NIFTY,16-Apr-2018,26-Apr-2018,PE,10050,17.8,17.8,9.6,10.1,9.8,10.1,1945,14677.96,17.52,107175,-15525,10528.35
NIFTY,16-Apr-2018,26-Apr-2018,PE,10100,22.35,24.85,11.5,12.3,11.9,12.3,105881,803205.44,1156.86,3164175,168900,10528.35
NIFTY,16-Apr-2018,26-Apr-2018,PE,10150,26.65,26.9,13.35,14.1,13.8,14.1,6253,47682.91,81.95,251700,-16200,10528.35
NIFTY,16-Apr-2018,26-Apr-2018,PE,10200,38.6,39,15.8,17,16,17,132637,1016854.28,2181.23,4470600,-601800,10528.35
NIFTY,16-Apr-2018,26-Apr-2018,PE,10250,41,41.85,19.45,20.65,19.5,20.65,7346,56625.76,153.38,340500,-18675,10528.35
NIFTY,16-Apr-2018,26-Apr-2018,PE,10300,62.5,69.9,23.7,25.7,23.75,25.7,180267,1397318.71,4756.13,5545875,313500,10528.35
NIFTY,16-Apr-2018,26-Apr-2018,PE,10350,58,64.85,30.2,32.25,30.2,32.25,10814,84311.4,367.73,436350,67725,10528.35
NIFTY,16-Apr-2018,26-Apr-2018,PE,10400,71.1,90.75,38,40.35,38.05,40.35,247404,1940237.56,10486.36,5351400,486375,10528.35
NIFTY,16-Apr-2018,26-Apr-2018,PE,10450,96,110.45,48.9,51.95,49.5,51.95,22840,180251.06,1242.56,459000,180675,10528.35
NIFTY,16-Apr-2018,26-Apr-2018,PE,10500,147.95,148,62.3,65.65,62.65,65.65,190090,1509282.27,12323.52,3504150,772575,10528.35
NIFTY,16-Apr-2018,26-Apr-2018,PE,10550,159.8,159.8,79.9,83.1,81.4,83.1,5511,44029.85,424.06,160050,111450,10528.35
NIFTY,16-Apr-2018,26-Apr-2018,PE,10600,216.35,216.4,105.05,109.65,105.5,109.65,35703,287520.23,3681.38,747675,234300,10528.35
NIFTY,16-Apr-2018,26-Apr-2018,PE,10650,190,192.7,132.95,136.5,132.95,136.5,29,234.99,3.36,1725,900,10528.35
NIFTY,16-Apr-2018,26-Apr-2018,PE,10700,252.35,277.7,171.6,176.9,173,176.9,4471,36572.03,692.26,338175,15825,10528.35
NIFTY,16-Apr-2018,26-Apr-2018,PE,10750,274.15,274.15,237.75,238.7,238.7,238.7,3,24.75,.56,600,75,10528.35
NIFTY,16-Apr-2018,26-Apr-2018,PE,10800,357.1,359.95,257.6,261.8,258.1,261.8,799,6647.65,175.75,195525,-5175,10528.35
NIFTY,16-Apr-2018,26-Apr-2018,PE,10850,0,0,0,82,82,319.7,0,0,0,150,0,10528.35
NIFTY,16-Apr-2018,26-Apr-2018,PE,10900,432.95,440,350.05,353.65,352.9,353.65,451,3819.41,132.49,605925,21225,10528.35
NIFTY,16-Apr-2018,26-Apr-2018,PE,10950,0,0,0,483.45,483.45,410.2,0,0,0,450,0,10528.35
NIFTY,16-Apr-2018,26-Apr-2018,PE,11000,554.75,579.3,452.45,460.1,455.1,460.1,2099,18076.13,759.38,886350,-43800,10528.35
NIFTY,16-Apr-2018,26-Apr-2018,PE,11050,520.6,520.6,520.6,520.6,520.6,520.6,2,17.36,.78,258075,0,10528.35
NIFTY,16-Apr-2018,26-Apr-2018,PE,11100,655,655,550.95,553.15,552,553.15,57,499.86,25.34,323625,-900,10528.35
NIFTY,16-Apr-2018,26-Apr-2018,PE,11150,0,0,0,176.65,0,603.15,0,0,0,0,0,10528.35
NIFTY,17-Apr-2018,26-Apr-2018,PE,9600,3.75,4.05,3.45,3.65,3.45,3.65,11551,83198.42,31.22,1496925,-74250,10548.7
NIFTY,17-Apr-2018,26-Apr-2018,PE,9650,3.95,4.05,3.55,3.8,3.55,3.8,182,1317.75,.52,22275,5100,10548.7
NIFTY,17-Apr-2018,26-Apr-2018,PE,9700,5.05,5.1,3.8,3.95,3.95,3.95,11009,80124.57,34.09,1911300,-56550,10548.7
NIFTY,17-Apr-2018,26-Apr-2018,PE,9750,4.5,4.75,4.2,4.25,4.2,4.25,43,314.58,.15,22800,150,10548.7
NIFTY,17-Apr-2018,26-Apr-2018,PE,9800,5.45,5.9,4.5,4.65,4.5,4.65,24730,181857.5,92,2906850,-189075,10548.7
NIFTY,17-Apr-2018,26-Apr-2018,PE,9850,5.95,6.05,4.65,4.95,5,4.95,261,1929.2,1.06,46125,-3075,10548.7
NIFTY,17-Apr-2018,26-Apr-2018,PE,9900,6.15,7,5.1,5.35,5.25,5.35,31422,233447.5,139.15,2334450,-67725,10548.7
NIFTY,17-Apr-2018,26-Apr-2018,PE,9950,7.45,7.45,5.75,5.95,5.75,5.95,964,7198.47,4.62,126975,-11475,10548.7
NIFTY,17-Apr-2018,26-Apr-2018,PE,10000,9.95,9.95,6.2,6.5,6.2,6.5,55550,416927.78,302.78,4346700,-132900,10548.7
NIFTY,17-Apr-2018,26-Apr-2018,PE,10050,9.3,10.25,7.2,7.65,7.6,7.65,1457,10991.54,9.4,82875,-24300,10548.7
NIFTY,17-Apr-2018,26-Apr-2018,PE,10100,10,12.4,8,8.85,8.6,8.85,77204,585383.49,563.19,2837250,-326925,10548.7
NIFTY,17-Apr-2018,26-Apr-2018,PE,10150,12.85,15,9.6,10.3,10.15,10.3,2512,19144.35,21.75,247050,-4650,10548.7
NIFTY,17-Apr-2018,26-Apr-2018,PE,10200,12,18.65,11.55,12.45,12.1,12.45,127155,974110.22,1374.47,4132425,-338175,10548.7
NIFTY,17-Apr-2018,26-Apr-2018,PE,10250,17.25,23.55,14.4,15.35,15,15.35,5098,39259.55,68.68,324525,-15975,10548.7
NIFTY,17-Apr-2018,26-Apr-2018,PE,10300,24.5,31.85,17,19.65,19.55,19.65,173736,1345074.74,2964.14,4964550,-581325,10548.7
NIFTY,17-Apr-2018,26-Apr-2018,PE,10350,28.6,37.9,22.85,24.9,25,24.9,10984,85502.83,239.53,440850,4500,10548.7
NIFTY,17-Apr-2018,26-Apr-2018,PE,10400,39.75,49,28.9,33,32.9,33,213282,1669609.35,6009.75,5266125,-85275,10548.7
NIFTY,17-Apr-2018,26-Apr-2018,PE,10450,42.1,63,38.1,42.7,43,42.7,25478,200610.92,927.1,537975,78975,10548.7
NIFTY,17-Apr-2018,26-Apr-2018,PE,10500,64.8,81,50.2,56.9,57.3,56.9,286113,2266830.01,13690.13,4067850,563700,10548.7
NIFTY,17-Apr-2018,26-Apr-2018,PE,10550,77.4,103.8,66.05,74.2,74.2,74.2,20943,166982.77,1271.28,503175,343125,10548.7
NIFTY,17-Apr-2018,26-Apr-2018,PE,10600,99,134.5,88.35,98.85,99.75,98.85,89508,718882.08,7293.48,889875,142200,10548.7
NIFTY,17-Apr-2018,26-Apr-2018,PE,10650,164.1,166.4,118.4,128.45,130.05,128.45,1010,8164.63,97.25,30150,28425,10548.7
NIFTY,17-Apr-2018,26-Apr-2018,PE,10700,169.85,210.6,153.5,166.55,168,166.55,12661,103303.28,1698.75,364875,26700,10548.7
NIFTY,17-Apr-2018,26-Apr-2018,PE,10750,230.1,234,195,212,212,212,11,90.46,1.77,825,225,10548.7
NIFTY,17-Apr-2018,26-Apr-2018,PE,10800,250,300,240.05,251.1,254,251.1,1773,14711.11,349.81,175950,-19575,10548.7
NIFTY,17-Apr-2018,26-Apr-2018,PE,10850,0,0,0,82,82,299.3,0,0,0,150,0,10548.7
NIFTY,17-Apr-2018,26-Apr-2018,PE,10900,356.65,389.9,330.25,345.65,346.3,345.65,252,2128.1,68,600675,-5250,10548.7
NIFTY,17-Apr-2018,26-Apr-2018,PE,10950,0,0,0,483.45,483.45,390.35,0,0,0,450,0,10548.7
NIFTY,17-Apr-2018,26-Apr-2018,PE,11000,466.2,498.65,432.5,450.45,451.05,450.45,3696,31752.76,1260.76,814575,-71775,10548.7
NIFTY,17-Apr-2018,26-Apr-2018,PE,11050,0,0,0,520.6,520.6,486.15,0,0,0,258075,0,10548.7
NIFTY,17-Apr-2018,26-Apr-2018,PE,11100,552.05,580.45,539.4,546.65,550.25,546.65,99,865.53,41.35,319200,-4425,10548.7
NIFTY,17-Apr-2018,26-Apr-2018,PE,11150,0,0,0,176.65,0,584.35,0,0,0,0,0,10548.7
NIFTY,18-Apr-2018,26-Apr-2018,PE,9600,3.1,3.45,2.85,3.3,3.2,3.3,6802,48990.15,15.75,1455825,-41100,10526.2
NIFTY,18-Apr-2018,26-Apr-2018,PE,9650,3.1,3.55,2.95,3.35,3.4,3.35,165,1194.59,.4,21225,-1050,10526.2
NIFTY,18-Apr-2018,26-Apr-2018,PE,9700,3.15,3.95,3.05,3.65,3.45,3.65,8378,60971.88,21.93,1860300,-51000,10526.2
NIFTY,18-Apr-2018,26-Apr-2018,PE,9750,3.65,4.3,3.45,3.9,3.8,3.9,173,1265.55,.49,24450,1650,10526.2
NIFTY,18-Apr-2018,26-Apr-2018,PE,9800,3.65,4.7,3.05,4.15,4.15,4.15,16809,123596.57,50.42,2744400,-162450,10526.2
NIFTY,18-Apr-2018,26-Apr-2018,PE,9850,4.15,4.75,3.85,4.35,4.3,4.35,443,3274.07,1.41,53475,7350,10526.2
NIFTY,18-Apr-2018,26-Apr-2018,PE,9900,5,5.4,4.05,4.8,5,4.8,20178,149890.47,68.82,2152650,-181800,10526.2
NIFTY,18-Apr-2018,26-Apr-2018,PE,9950,4.7,5.95,4.4,5.35,5.55,5.35,757,5651.93,2.81,112500,-14475,10526.2
NIFTY,18-Apr-2018,26-Apr-2018,PE,10000,4.7,6.9,4.7,6.15,6.1,6.15,45489,341354.74,187.24,4187700,-159000,10526.2
NIFTY,18-Apr-2018,26-Apr-2018,PE,10050,6.05,8,5.1,7.25,7.4,7.25,959,7232.98,4.52,77025,-5850,10526.2
NIFTY,18-Apr-2018,26-Apr-2018,PE,10100,5.85,9.7,5.75,8.55,8.95,8.55,60390,457785.45,331.2,2597025,-240225,10526.2
NIFTY,18-Apr-2018,26-Apr-2018,PE,10150,8.05,11.45,6.9,9.95,9.7,9.95,2514,19154.28,16.46,242475,-4575,10526.2
NIFTY,18-Apr-2018,26-Apr-2018,PE,10200,8,14.35,8,12.3,12,12.3,92708,709948.29,732.09,4290675,158250,10526.2
NIFTY,18-Apr-2018,26-Apr-2018,PE,10250,12.25,17.85,10.1,15.65,14.8,15.65,5403,41590.02,54.46,348375,23850,10526.2
NIFTY,18-Apr-2018,26-Apr-2018,PE,10300,15.45,23.3,13,20.25,18.65,20.25,162135,1254563.86,2070.98,4652550,-312000,10526.2
NIFTY,18-Apr-2018,26-Apr-2018,PE,10350,26.2,30.2,16.45,26.05,23.85,26.05,17096,132987.16,279.46,579075,138225,10526.2
NIFTY,18-Apr-2018,26-Apr-2018,PE,10400,26,39.55,22,34.1,31.75,34.1,205100,1604272.37,4492.37,5146200,-119925,10526.2
NIFTY,18-Apr-2018,26-Apr-2018,PE,10450,43.9,51.1,28.9,43.35,40.9,43.35,29064,228620.85,831.75,648450,110475,10526.2
NIFTY,18-Apr-2018,26-Apr-2018,PE,10500,47,67.8,38.55,59.5,54.7,59.5,323359,2558926.46,12474.33,4850850,783000,10526.2
NIFTY,18-Apr-2018,26-Apr-2018,PE,10550,60,87.9,52,78,71.2,78,41389,329576.81,2086.35,610875,107700,10526.2
NIFTY,18-Apr-2018,26-Apr-2018,PE,10600,81.1,117.55,71.1,104.45,97.95,104.45,150720,1208466.98,10242.98,1201575,311700,10526.2
NIFTY,18-Apr-2018,26-Apr-2018,PE,10650,115.25,147.65,95.15,131.25,134.6,131.25,3010,24308.11,265.74,44100,13950,10526.2
NIFTY,18-Apr-2018,26-Apr-2018,PE,10700,146.35,190.5,126.35,173.7,163.6,173.7,32392,263704.09,3758.29,367350,2475,10526.2
NIFTY,18-Apr-2018,26-Apr-2018,PE,10750,168.45,221.2,166.3,220.65,221.2,220.65,8,65.67,1.17,1050,225,10526.2
NIFTY,18-Apr-2018,26-Apr-2018,PE,10800,241.95,280,209,260.7,251.6,260.7,2680,22186.67,478.67,174450,-1500,10526.2
NIFTY,18-Apr-2018,26-Apr-2018,PE,10850,0,0,0,82,82,317.4,0,0,0,150,0,10526.2
NIFTY,18-Apr-2018,26-Apr-2018,PE,10900,332,375,306.6,359.95,342,359.95,633,5332.94,158.16,570975,-29700,10526.2
NIFTY,18-Apr-2018,26-Apr-2018,PE,10950,0,0,0,483.45,483.45,411.55,0,0,0,450,0,10526.2
NIFTY,18-Apr-2018,26-Apr-2018,PE,11000,430.7,480,405.2,460.85,450.45,460.85,2086,17895.87,686.37,760800,-53775,10526.2
NIFTY,18-Apr-2018,26-Apr-2018,PE,11050,0,0,0,520.6,520.6,509.2,0,0,0,258075,0,10526.2
NIFTY,18-Apr-2018,26-Apr-2018,PE,11100,534.75,560.95,505.3,559,557,559,13,113.42,5.19,319200,0,10526.2
NIFTY,18-Apr-2018,26-Apr-2018,PE,11150,0,0,0,176.65,0,608.3,0,0,0,0,0,10526.2
NIFTY,19-Apr-2018,26-Apr-2018,PE,9600,2.8,2.8,2.4,2.7,2.7,2.7,5149,37082.87,10.07,1422075,-33750,10565.3
NIFTY,19-Apr-2018,26-Apr-2018,PE,9650,2.85,3.15,2.8,3.05,3,3.05,58,419.91,.13,23100,1875,10565.3
NIFTY,19-Apr-2018,26-Apr-2018,PE,9700,2.95,3.35,2.7,3.05,3.1,3.05,4832,35163.46,10.66,1812375,-47925,10565.3
NIFTY,19-Apr-2018,26-Apr-2018,PE,9750,3.2,3.3,2.85,3.05,3.15,3.05,227,1660.46,.53,23550,-900,10565.3
NIFTY,19-Apr-2018,26-Apr-2018,PE,9800,4.15,4.15,3.05,3.5,3.6,3.5,15520,114111.44,39.44,2811900,67500,10565.3
NIFTY,19-Apr-2018,26-Apr-2018,PE,9850,3.35,4,3.1,3.7,4,3.7,92,679.9,.25,53925,450,10565.3
NIFTY,19-Apr-2018,26-Apr-2018,PE,9900,4,4.3,3.5,3.95,4.2,3.95,15350,114017.72,43.97,2075025,-77625,10565.3
NIFTY,19-Apr-2018,26-Apr-2018,PE,9950,5.95,5.95,3.55,4.25,3.55,4.25,884,6599.72,2.87,102225,-10275,10565.3
NIFTY,19-Apr-2018,26-Apr-2018,PE,10000,5.1,5.2,4.2,4.75,4.9,4.75,35213,264219.64,122.14,4263750,76050,10565.3
NIFTY,19-Apr-2018,26-Apr-2018,PE,10050,7.1,7.3,4.5,5.2,5.35,5.2,898,6772.15,3.48,77850,825,10565.3
NIFTY,19-Apr-2018,26-Apr-2018,PE,10100,8.3,8.3,5.45,5.9,5.75,5.9,40715,308600.37,184.24,2333025,-264000,10565.3
NIFTY,19-Apr-2018,26-Apr-2018,PE,10150,7,7.9,6.3,6.9,7.05,6.9,1644,12523.76,8.81,221925,-20550,10565.3
NIFTY,19-Apr-2018,26-Apr-2018,PE,10200,11.75,11.75,7.7,8.45,8.15,8.45,68964,528024.96,450.36,4662075,371400,10565.3
NIFTY,19-Apr-2018,26-Apr-2018,PE,10250,10.8,12.6,9.3,10.1,9.75,10.1,3630,27935.46,29.84,336150,-12225,10565.3
NIFTY,19-Apr-2018,26-Apr-2018,PE,10300,13.35,17.9,12,13.2,12.55,13.2,105493,816064.19,1130.76,4405575,-246975,10565.3
NIFTY,19-Apr-2018,26-Apr-2018,PE,10350,18.55,21.15,15.55,16.7,15.95,16.7,11438,88944.47,156.99,530475,-48600,10565.3
NIFTY,19-Apr-2018,26-Apr-2018,PE,10400,25.5,28,20.6,22.4,21.3,22.4,147862,1156034.21,2710.61,5161425,15225,10565.3
NIFTY,19-Apr-2018,26-Apr-2018,PE,10450,33.6,36.85,26.85,28.9,27.5,28.9,26825,210894.63,653.69,856800,208350,10565.3
NIFTY,19-Apr-2018,26-Apr-2018,PE,10500,49.5,50.75,36.75,40.1,38.25,40.1,233659,1847822.5,7757.88,5445900,595050,10565.3
NIFTY,19-Apr-2018,26-Apr-2018,PE,10550,70,70,50.1,53.35,52,53.35,36192,287976.76,1607.56,764325,153450,10565.3
NIFTY,19-Apr-2018,26-Apr-2018,PE,10600,69.5,94.35,69.5,75.25,72.8,75.25,115665,926616.18,7079.43,1585950,384375,10565.3
NIFTY,19-Apr-2018,26-Apr-2018,PE,10650,109,124.3,96.2,100.05,98.3,100.05,3288,26529.78,266.88,91425,47325,10565.3
NIFTY,19-Apr-2018,26-Apr-2018,PE,10700,118.75,160.65,118.75,137.9,136.15,137.9,26214,213244.54,2877.19,396600,29250,10565.3
NIFTY,19-Apr-2018,26-Apr-2018,PE,10750,182,182,182,182,182,182,2,16.4,.27,1050,0,10565.3
NIFTY,19-Apr-2018,26-Apr-2018,PE,10800,227.85,250.05,218,225.4,221.15,225.4,1670,13820.11,293.11,156600,-17850,10565.3
NIFTY,19-Apr-2018,26-Apr-2018,PE,10850,0,0,0,82,82,280.45,0,0,0,150,0,10565.3
NIFTY,19-Apr-2018,26-Apr-2018,PE,10900,320,348.25,314.45,323.15,316.2,323.15,488,4110.19,120.79,548925,-22050,10565.3
NIFTY,19-Apr-2018,26-Apr-2018,PE,10950,0,0,0,483.45,483.45,374.2,0,0,0,450,0,10565.3
NIFTY,19-Apr-2018,26-Apr-2018,PE,11000,427.45,445.7,414,421.15,418.55,421.15,1448,12413.2,467.2,713700,-47100,10565.3
NIFTY,19-Apr-2018,26-Apr-2018,PE,11050,0,0,0,520.6,520.6,471.9,0,0,0,258075,0,10565.3
NIFTY,19-Apr-2018,26-Apr-2018,PE,11100,525,545,516.4,519.15,516.4,519.15,20,174.43,7.93,318900,-300,10565.3
NIFTY,19-Apr-2018,26-Apr-2018,PE,11150,0,0,0,176.65,0,571.1,0,0,0,0,0,10565.3
NIFTY,20-Apr-2018,26-Apr-2018,PE,9600,2.35,2.75,1.5,1.55,1.5,1.55,44279,318881.36,72.56,2068950,646875,10564.05
NIFTY,20-Apr-2018,26-Apr-2018,PE,9650,0.45,2.6,0.45,1.2,0.9,1.2,133,962.82,.23,19650,-3450,10564.05
NIFTY,20-Apr-2018,26-Apr-2018,PE,9700,2.6,3.05,1.5,1.55,1.5,1.55,21490,156374.37,34.62,1745175,-67200,10564.05
NIFTY,20-Apr-2018,26-Apr-2018,PE,9750,2.75,2.85,0.7,1.35,0.7,1.35,182,1331.14,.27,14700,-8850,10564.05
NIFTY,20-Apr-2018,26-Apr-2018,PE,9800,3.15,3.6,1.3,1.5,1.45,1.5,58720,431689.67,97.67,2905875,93975,10564.05
NIFTY,20-Apr-2018,26-Apr-2018,PE,9850,1,3.25,1,1.3,1.25,1.3,440,3251.36,.86,65550,11625,10564.05
NIFTY,20-Apr-2018,26-Apr-2018,PE,9900,3.5,4,1.65,1.9,1.65,1.9,25756,191287.77,49.47,2079300,4275,10564.05
NIFTY,20-Apr-2018,26-Apr-2018,PE,9950,3.95,4.15,1.8,2,1.9,2,2674,19960.95,6.23,152100,49875,10564.05
NIFTY,20-Apr-2018,26-Apr-2018,PE,10000,5.5,5.5,1.7,2.1,1.8,2.1,62237,466923.44,145.94,3969225,-294525,10564.05
NIFTY,20-Apr-2018,26-Apr-2018,PE,10050,5.15,5.15,1.75,2.25,1.9,2.25,1167,8799.38,3.12,65550,-12300,10564.05
NIFTY,20-Apr-2018,26-Apr-2018,PE,10100,4.5,6.3,1.75,2.25,1.95,2.25,50725,384396.18,154.31,2015850,-317175,10564.05
NIFTY,20-Apr-2018,26-Apr-2018,PE,10150,7.3,7.35,1.9,2.6,2.05,2.6,6180,47064.76,19.51,190875,-31050,10564.05
NIFTY,20-Apr-2018,26-Apr-2018,PE,10200,10.9,11.85,2.35,3.05,2.5,3.05,118462,906772.03,537.73,3598875,-1063200,10564.05
NIFTY,20-Apr-2018,26-Apr-2018,PE,10250,11.25,11.65,3.35,4,3.6,4,8153,62719.61,43.42,299850,-36300,10564.05
NIFTY,20-Apr-2018,26-Apr-2018,PE,10300,18.8,18.8,4.5,5.6,4.85,5.6,177471,1372322.48,1359,3673875,-731700,10564.05
NIFTY,20-Apr-2018,26-Apr-2018,PE,10350,19.2,19.8,5.65,7.65,6.3,7.65,33913,263582.81,333.15,714600,184125,10564.05
NIFTY,20-Apr-2018,26-Apr-2018,PE,10400,25.2,27,9,11.6,9.75,11.6,232422,1816273.21,3381.61,4749600,-411825,10564.05
NIFTY,20-Apr-2018,26-Apr-2018,PE,10450,32,34.9,13.15,16.65,14.5,16.65,44671,350995.17,886.21,820200,-36600,10564.05
NIFTY,20-Apr-2018,26-Apr-2018,PE,10500,49.5,52.2,20.45,25.95,22,25.95,362761,2867428.13,10685.25,5496075,50175,10564.05
NIFTY,20-Apr-2018,26-Apr-2018,PE,10550,64.95,67.6,30.15,38.7,34,38.7,55239,439324.35,2245.76,876150,111825,10564.05
NIFTY,20-Apr-2018,26-Apr-2018,PE,10600,90,95.7,51.75,60.55,54.25,60.55,155403,1244854.88,9401.03,1585650,-300,10564.05
NIFTY,20-Apr-2018,26-Apr-2018,PE,10650,119.95,129.45,78,89.35,80.05,89.35,5235,42248.35,433.79,96525,5100,10564.05
NIFTY,20-Apr-2018,26-Apr-2018,PE,10700,160,172.15,114.2,125.5,116.95,125.5,29929,243610.14,3429.92,390300,-6300,10564.05
NIFTY,20-Apr-2018,26-Apr-2018,PE,10750,201.7,220.65,156.15,165.4,156.15,165.4,32,262.44,4.44,1725,675,10564.05
NIFTY,20-Apr-2018,26-Apr-2018,PE,10800,251.8,265,201.65,214.35,203.75,214.35,3942,32641.85,711.65,140625,-15975,10564.05
NIFTY,20-Apr-2018,26-Apr-2018,PE,10850,0,0,0,82,82,280.15,0,0,0,150,0,10564.05
NIFTY,20-Apr-2018,26-Apr-2018,PE,10900,348.5,363,298,306.05,301.8,306.05,2614,22047.31,677.86,461100,-87825,10564.05
NIFTY,20-Apr-2018,26-Apr-2018,PE,10950,0,0,0,483.45,483.45,375.85,0,0,0,450,0,10564.05
NIFTY,20-Apr-2018,26-Apr-2018,PE,11000,449.1,464.75,398.9,414.4,402.45,414.4,2358,20242.99,789.49,613425,-100275,10564.05
NIFTY,20-Apr-2018,26-Apr-2018,PE,11050,457.1,457.1,457.1,457.1,457.1,457.1,13,112.19,4.46,258075,0,10564.05
NIFTY,20-Apr-2018,26-Apr-2018,PE,11100,551.2,560.5,501.6,506.5,501.8,506.5,245,2139.09,99.47,305925,-12975,10564.05
NIFTY,20-Apr-2018,26-Apr-2018,PE,11150,0,0,0,176.65,0,574.15,0,0,0,0,0,10564.05
NIFTY,23-Apr-2018,26-Apr-2018,PE,9600,0.8,1.2,0.75,0.95,1,0.95,16834,121215.09,10.29,1344075,-724875,10584.7
NIFTY,23-Apr-2018,26-Apr-2018,PE,9650,0.9,1.5,0.6,1.25,1.35,1.25,44,318.49,.04,19500,-150,10584.7
NIFTY,23-Apr-2018,26-Apr-2018,PE,9700,1.2,1.5,0.8,1.15,1.2,1.15,8603,62592.89,6.06,1744350,-825,10584.7
NIFTY,23-Apr-2018,26-Apr-2018,PE,9750,0.25,0.8,0.25,0.45,0.4,0.45,28,204.76,.01,13725,-975,10584.7
NIFTY,23-Apr-2018,26-Apr-2018,PE,9800,0.9,1.6,0.75,1.35,1.3,1.35,33160,243750.86,24.86,2790900,-114975,10584.7
NIFTY,23-Apr-2018,26-Apr-2018,PE,9850,0.35,1.35,0.3,1.05,1.1,1.05,442,3265.53,.25,55500,-10050,10584.7
NIFTY,23-Apr-2018,26-Apr-2018,PE,9900,1.2,1.6,0.85,1.35,1.5,1.35,16050,119183.87,12.62,2011875,-67425,10584.7
NIFTY,23-Apr-2018,26-Apr-2018,PE,9950,1.9,1.9,0.5,1.25,1.35,1.25,2193,16366.8,1.54,86475,-65625,10584.7
NIFTY,23-Apr-2018,26-Apr-2018,PE,10000,1.8,1.8,1,1.6,1.8,1.6,37836,283806.14,36.14,3829350,-139875,10584.7
NIFTY,23-Apr-2018,26-Apr-2018,PE,10050,1.45,1.75,1.1,1.6,1.6,1.6,931,7018.38,.97,62625,-2925,10584.7
NIFTY,23-Apr-2018,26-Apr-2018,PE,10100,1.85,2.15,1.2,1.75,1.6,1.75,40399,306067.02,44.6,1994850,-21000,10584.7
NIFTY,23-Apr-2018,26-Apr-2018,PE,10150,1.65,3.85,1.4,2,2.1,2,3025,23031.67,3.86,154275,-36600,10584.7
NIFTY,23-Apr-2018,26-Apr-2018,PE,10200,3,3.35,1.45,2.1,2.1,2.1,66899,511872.46,95.11,3252225,-346650,10584.7
NIFTY,23-Apr-2018,26-Apr-2018,PE,10250,3.6,3.75,2,2.55,2.7,2.55,10058,77340.59,19.72,325350,25500,10584.7
NIFTY,23-Apr-2018,26-Apr-2018,PE,10300,2.8,5.4,2.7,3.7,3.5,3.7,148909,1150740.28,418.26,3234000,-439875,10584.7
NIFTY,23-Apr-2018,26-Apr-2018,PE,10350,5.9,8,4.15,5.45,5.45,5.45,35435,275215.21,151.02,637575,-77025,10584.7
NIFTY,23-Apr-2018,26-Apr-2018,PE,10400,7.9,12.5,6.1,8.3,8,8.3,268830,2098529.16,1655.16,4421175,-328425,10584.7
NIFTY,23-Apr-2018,26-Apr-2018,PE,10450,10.6,19.35,9.45,12.25,11.6,12.25,90486,710046.85,862.82,1011300,191100,10584.7
NIFTY,23-Apr-2018,26-Apr-2018,PE,10500,13.05,31,13.05,20,18.6,20,396412,3127869.24,6124.74,5773725,277650,10584.7
NIFTY,23-Apr-2018,26-Apr-2018,PE,10550,36.1,48.8,23.15,31.6,29.1,31.6,116358,923470.46,2787.78,1593750,717600,10584.7
NIFTY,23-Apr-2018,26-Apr-2018,PE,10600,52,75.3,38.3,52.05,50.5,52.05,316118,2524970.66,11832.56,2301825,716175,10584.7
NIFTY,23-Apr-2018,26-Apr-2018,PE,10650,89,108.35,61.1,79.65,79,79.65,16617,133669.69,941.4,93975,-2550,10584.7
NIFTY,23-Apr-2018,26-Apr-2018,PE,10700,138.4,150,92.3,117.35,119.55,117.35,62273,504934.36,5193.54,386100,-4200,10584.7
NIFTY,23-Apr-2018,26-Apr-2018,PE,10750,194.65,207.05,131.3,166.65,165.65,166.65,367,3001.43,42.49,5175,3450,10584.7
NIFTY,23-Apr-2018,26-Apr-2018,PE,10800,230,244.55,177.25,208.3,212.1,208.3,8045,66373.12,1208.62,175875,35250,10584.7
NIFTY,23-Apr-2018,26-Apr-2018,PE,10850,0,0,0,82,82,260.55,0,0,0,150,0,10584.7
NIFTY,23-Apr-2018,26-Apr-2018,PE,10900,327.75,341,272.3,307.25,308.5,307.25,3907,32794.86,855.13,360750,-100350,10584.7
NIFTY,23-Apr-2018,26-Apr-2018,PE,10950,0,0,0,483.45,483.45,359.6,0,0,0,450,0,10584.7
NIFTY,23-Apr-2018,26-Apr-2018,PE,11000,424.1,440.05,373.25,405.65,408.65,405.65,2200,18806.38,656.38,562200,-51225,10584.7
NIFTY,23-Apr-2018,26-Apr-2018,PE,11050,451,464.3,431.05,458.1,457.9,458.1,80,690.27,27.27,252075,-6000,10584.7
NIFTY,23-Apr-2018,26-Apr-2018,PE,11100,537.4,539.5,473.25,504.45,508.5,504.45,378,3288.51,141.66,295650,-10275,10584.7
NIFTY,23-Apr-2018,26-Apr-2018,PE,11150,0,0,0,176.65,0,559.35,0,0,0,0,0,10584.7
NIFTY,24-Apr-2018,26-Apr-2018,PE,9600,0.8,1.05,0.55,0.9,0.8,0.9,3260,23473.98,1.98,1354425,10350,10614.35
NIFTY,24-Apr-2018,26-Apr-2018,PE,9650,1.25,1.25,0.7,0.95,0.85,0.95,16,115.81,.01,18975,-525,10614.35
NIFTY,24-Apr-2018,26-Apr-2018,PE,9700,0.85,1.15,0.6,1.05,0.95,1.05,3906,28418.86,2.71,1733775,-10575,10614.35
NIFTY,24-Apr-2018,26-Apr-2018,PE,9750,0.5,1.5,0.5,1.5,1.5,1.5,25,182.83,.02,14250,525,10614.35
NIFTY,24-Apr-2018,26-Apr-2018,PE,9800,0.9,1.2,0.65,1.1,1,1.1,7025,51638.87,5.12,2678625,-112275,10614.35
NIFTY,24-Apr-2018,26-Apr-2018,PE,9850,0.55,1.3,0.25,0.95,0.75,0.95,166,1226.43,.1,51150,-4350,10614.35
NIFTY,24-Apr-2018,26-Apr-2018,PE,9900,0.35,1.3,0.35,1.25,1.25,1.25,9119,67715.66,7.08,2050800,38925,10614.35
NIFTY,24-Apr-2018,26-Apr-2018,PE,9950,1.25,1.5,0.55,1.15,1.05,1.15,225,1679.24,.18,80850,-5625,10614.35
NIFTY,24-Apr-2018,26-Apr-2018,PE,10000,1.2,1.5,0.8,1.3,1,1.3,35933,269530.3,32.8,3724425,-104925,10614.35
NIFTY,24-Apr-2018,26-Apr-2018,PE,10050,0.15,1.4,0.15,1.2,0.9,1.2,238,1794.11,.19,59625,-3000,10614.35
NIFTY,24-Apr-2018,26-Apr-2018,PE,10100,1.05,1.5,0.9,1.4,1.35,1.4,26444,200337.94,24.64,1783575,-211275,10614.35
NIFTY,24-Apr-2018,26-Apr-2018,PE,10150,1.5,1.7,1.15,1.55,1.55,1.55,1738,13232.37,1.84,146400,-7875,10614.35
NIFTY,24-Apr-2018,26-Apr-2018,PE,10200,1.45,1.95,1.15,1.6,1.4,1.6,40479,309707.53,43.18,3002925,-249300,10614.35
NIFTY,24-Apr-2018,26-Apr-2018,PE,10250,2.1,2.25,1.5,1.95,1.65,1.95,5808,44657.03,8.03,308925,-16425,10614.35
NIFTY,24-Apr-2018,26-Apr-2018,PE,10300,3.05,3.35,2.1,2.5,2.15,2.5,95616,738813.53,179.93,2810850,-423150,10614.35
NIFTY,24-Apr-2018,26-Apr-2018,PE,10350,4.15,4.95,2.4,3,2.45,3,23225,180344.22,60.16,516150,-121425,10614.35
NIFTY,24-Apr-2018,26-Apr-2018,PE,10400,5.35,7.9,3.4,4,3.5,4,199716,1558564.12,779.32,3976725,-444450,10614.35
NIFTY,24-Apr-2018,26-Apr-2018,PE,10450,11.3,12.4,4.3,5.2,4.55,5.2,93653,734534.77,529.38,1013550,2250,10614.35
NIFTY,24-Apr-2018,26-Apr-2018,PE,10500,16.95,21.05,7.3,8.75,7.75,8.75,329378,2597074.34,3222.59,4956975,-816750,10614.35
NIFTY,24-Apr-2018,26-Apr-2018,PE,10550,28.95,35,12.4,15.6,14.6,15.6,112555,892456.41,1864.97,1791150,197400,10614.35
NIFTY,24-Apr-2018,26-Apr-2018,PE,10600,59.05,59.05,24,30,28,30,318540,2541834.42,9441.42,2903325,601500,10614.35
NIFTY,24-Apr-2018,26-Apr-2018,PE,10650,84.95,91.25,43.2,52.8,50.7,52.8,22748,182758.33,1058.68,321375,227400,10614.35
NIFTY,24-Apr-2018,26-Apr-2018,PE,10700,123.7,133,75.3,88.2,84.9,88.2,56544,458138.61,4373.01,448275,62175,10614.35
NIFTY,24-Apr-2018,26-Apr-2018,PE,10750,157.2,177.75,116.55,131.3,129.75,131.3,619,5057.74,67.05,9450,4275,10614.35
NIFTY,24-Apr-2018,26-Apr-2018,PE,10800,212.15,225.75,161.65,177.85,174.9,177.85,4238,34936.69,608.89,163725,-12150,10614.35
NIFTY,24-Apr-2018,26-Apr-2018,PE,10850,0,0,0,82,82,232.2,0,0,0,150,0,10614.35
NIFTY,24-Apr-2018,26-Apr-2018,PE,10900,310.4,324.8,262,276.1,271.45,276.1,2564,21536.75,576.05,209100,-151650,10614.35
NIFTY,24-Apr-2018,26-Apr-2018,PE,10950,0,0,0,483.45,483.45,331.8,0,0,0,450,0,10614.35
NIFTY,24-Apr-2018,26-Apr-2018,PE,11000,408.7,424.8,359,375,373.5,375,2675,22860.45,791.7,428100,-134100,10614.35
NIFTY,24-Apr-2018,26-Apr-2018,PE,11050,453.05,456.1,453.05,454.2,454.2,454.2,12,103.55,4.1,251175,-900,10614.35
NIFTY,24-Apr-2018,26-Apr-2018,PE,11100,502.6,516,459.5,476.45,477.35,476.45,154,1339.06,57.01,286875,-8775,10614.35
NIFTY,24-Apr-2018,26-Apr-2018,PE,11150,0,0,0,176.65,0,531.7,0,0,0,0,0,10614.35
NIFTY,25-Apr-2018,26-Apr-2018,PE,9600,0.65,0.75,0.35,0.5,0.35,0.5,2964,21341.97,1.17,1296825,-57600,10570.55
NIFTY,25-Apr-2018,26-Apr-2018,PE,9650,0.8,0.8,0.5,0.7,0.55,0.7,30,217.14,.01,18375,-600,10570.55
NIFTY,25-Apr-2018,26-Apr-2018,PE,9700,0.75,0.8,0.4,0.55,0.4,0.55,4242,30862.37,1.82,1621650,-112125,10570.55
NIFTY,25-Apr-2018,26-Apr-2018,PE,9750,0.35,0.35,0.35,0.35,0.35,0.35,6,43.88,0,13800,-450,10570.55
NIFTY,25-Apr-2018,26-Apr-2018,PE,9800,1.5,1.5,0.45,0.55,0.5,0.55,6329,46520.96,2.81,2510550,-168075,10570.55
NIFTY,25-Apr-2018,26-Apr-2018,PE,9850,0.3,0.65,0.3,0.4,0.35,0.4,7,51.71,0,51000,-150,10570.55
NIFTY,25-Apr-2018,26-Apr-2018,PE,9900,1,1,0.25,0.5,0.45,0.5,8755,65010.11,4.23,1864125,-186675,10570.55
NIFTY,25-Apr-2018,26-Apr-2018,PE,9950,0.4,1.5,0.25,0.25,0.25,0.25,245,1828.38,.07,76950,-3900,10570.55
NIFTY,25-Apr-2018,26-Apr-2018,PE,10000,1,1,0.45,0.55,0.6,0.55,29369,220282.08,14.58,3337800,-386625,10570.55
NIFTY,25-Apr-2018,26-Apr-2018,PE,10050,0.55,0.95,0.25,0.35,0.25,0.35,145,1092.99,.05,58200,-1425,10570.55
NIFTY,25-Apr-2018,26-Apr-2018,PE,10100,0.95,1.1,0.5,0.6,0.55,0.6,22970,174010.65,12.9,1631850,-151725,10570.55
NIFTY,25-Apr-2018,26-Apr-2018,PE,10150,1.5,1.5,0.3,0.65,0.75,0.65,1352,10293.04,.94,128700,-17700,10570.55
NIFTY,25-Apr-2018,26-Apr-2018,PE,10200,1,1.65,0.5,0.6,0.65,0.6,48831,373587.55,30.4,2792550,-210375,10570.55
NIFTY,25-Apr-2018,26-Apr-2018,PE,10250,1.6,2.05,0.65,0.8,0.7,0.8,7615,58546.99,6.68,293550,-15375,10570.55
NIFTY,25-Apr-2018,26-Apr-2018,PE,10300,2.1,2.75,1.15,1.35,1.3,1.35,101298,782663.49,136.44,2416350,-394500,10570.55
NIFTY,25-Apr-2018,26-Apr-2018,PE,10350,3,4.1,1.45,1.65,1.6,1.65,47226,366679.48,87.65,677925,161775,10570.55
NIFTY,25-Apr-2018,26-Apr-2018,PE,10400,3.75,7.35,2.3,2.65,2.5,2.65,235382,1836711,731.4,3440250,-536475,10570.55
NIFTY,25-Apr-2018,26-Apr-2018,PE,10450,6,12.85,3.5,4.3,4.35,4.3,145519,1141247.46,742.29,1552050,538500,10570.55
NIFTY,25-Apr-2018,26-Apr-2018,PE,10500,5.75,24.4,5.65,9.6,9.4,9.6,531354,4189762.64,5349.89,4491000,-465975,10570.55
NIFTY,25-Apr-2018,26-Apr-2018,PE,10550,14.65,44.1,12.7,20.35,20.5,20.35,244728,1940995.22,4584.92,1693275,-97875,10570.55
NIFTY,25-Apr-2018,26-Apr-2018,PE,10600,29.7,74.8,27.1,43.3,42.5,43.3,474305,3787103.89,16379.14,1769100,-1134225,10570.55
NIFTY,25-Apr-2018,26-Apr-2018,PE,10650,55.95,117.9,51.55,80.3,80,80.3,33815,272010.79,1913.48,120525,-200850,10570.55
NIFTY,25-Apr-2018,26-Apr-2018,PE,10700,102.35,163.9,89.6,125.65,126.5,125.65,89109,723200.43,8100.7,267225,-181050,10570.55
NIFTY,25-Apr-2018,26-Apr-2018,PE,10750,167.5,209,135.25,173.3,176.65,173.3,530,4338.16,65.03,3150,-6300,10570.55
NIFTY,25-Apr-2018,26-Apr-2018,PE,10800,213.05,259.4,181.3,219.4,220.85,219.4,6945,57364.3,1109.8,80475,-83250,10570.55
NIFTY,25-Apr-2018,26-Apr-2018,PE,10850,276.8,276.8,276.8,276.8,276.8,276.8,1,8.35,.21,150,0,10570.55
NIFTY,25-Apr-2018,26-Apr-2018,PE,10900,309.35,359.1,282.3,323.6,323.7,323.6,2110,17750.91,501.66,111600,-97500,10570.55
NIFTY,25-Apr-2018,26-Apr-2018,PE,10950,0,0,0,483.45,483.45,377.5,0,0,0,450,0,10570.55
NIFTY,25-Apr-2018,26-Apr-2018,PE,11000,408,459.85,381.7,423,426,423,4449,38079.63,1375.38,204900,-223200,10570.55
NIFTY,25-Apr-2018,26-Apr-2018,PE,11050,465,491,465,491,491,491,2,17.29,.72,251100,-75,10570.55
NIFTY,25-Apr-2018,26-Apr-2018,PE,11100,500.4,560.35,482.4,526.25,525.25,526.25,255,2220.98,98.1,270675,-16200,10570.55
NIFTY,25-Apr-2018,26-Apr-2018,PE,11150,0,0,0,176.65,0,577.5,0,0,0,0,0,10570.55
NIFTY,26-Apr-2018,26-Apr-2018,PE,9600,0.05,0.1,0.05,0.05,0.05,0,5986,43099.45,.25,1300425,3600,10617.8
NIFTY,26-Apr-2018,26-Apr-2018,PE,9650,0.1,0.1,0.05,0.1,0.1,0,36,260.55,0,18525,150,10617.8
NIFTY,26-Apr-2018,26-Apr-2018,PE,9700,0.4,0.4,0.05,0.05,0.05,0,5446,39619.87,.22,1620450,-1200,10617.8
NIFTY,26-Apr-2018,26-Apr-2018,PE,9750,0.1,0.2,0.05,0.05,0.05,0,20,146.25,0,13725,-75,10617.8
NIFTY,26-Apr-2018,26-Apr-2018,PE,9800,0.25,0.25,0.05,0.05,0.05,0,5299,38947.87,.22,2576625,66075,10617.8
NIFTY,26-Apr-2018,26-Apr-2018,PE,9850,0.05,0.05,0.05,0.05,0.05,0,324,2393.56,.01,50925,-75,10617.8
NIFTY,26-Apr-2018,26-Apr-2018,PE,9900,0.1,0.1,0.05,0.05,0.05,0,2445,18154.22,.1,1821600,-42525,10617.8
NIFTY,26-Apr-2018,26-Apr-2018,PE,9950,0.1,0.1,0.05,0.05,0.05,0,36,268.65,0,76125,-825,10617.8
NIFTY,26-Apr-2018,26-Apr-2018,PE,10000,0.05,0.1,0.05,0.05,0.05,0,14271,107033.05,.55,3318675,-19125,10617.8
NIFTY,26-Apr-2018,26-Apr-2018,PE,10050,0.1,0.1,0.05,0.05,0.05,0,36,271.35,0,57975,-225,10617.8
NIFTY,26-Apr-2018,26-Apr-2018,PE,10100,0.1,0.1,0.05,0.05,0.05,0,6002,45465.4,.25,1653525,21675,10617.8
NIFTY,26-Apr-2018,26-Apr-2018,PE,10150,0.1,0.6,0.05,0.05,0.05,0,503,3829.12,.03,123225,-5475,10617.8
NIFTY,26-Apr-2018,26-Apr-2018,PE,10200,0.1,0.1,0.05,0.05,0.05,0,6755,51676.01,.26,2716725,-75825,10617.8
NIFTY,26-Apr-2018,26-Apr-2018,PE,10250,0.2,0.2,0.05,0.05,0.05,0,4035,31019.24,.18,281325,-12225,10617.8
NIFTY,26-Apr-2018,26-Apr-2018,PE,10300,0.05,0.6,0.05,0.05,0.05,0,39745,307032.34,2.21,2669400,253050,10617.8
NIFTY,26-Apr-2018,26-Apr-2018,PE,10350,0.55,0.55,0.05,0.05,0.05,0,19792,153637.36,1.96,591300,-86625,10617.8
NIFTY,26-Apr-2018,26-Apr-2018,PE,10400,1.45,1.45,0.05,0.05,0.05,0,127866,997378.2,23.4,3552600,112350,10617.8
NIFTY,26-Apr-2018,26-Apr-2018,PE,10450,2.05,2.05,0.05,0.05,0.05,0,189140,1482434.57,49.82,1397700,-154350,10617.8
NIFTY,26-Apr-2018,26-Apr-2018,PE,10500,6.9,6.9,0.05,0.05,0.05,0,554852,4370143.6,684.1,5747325,1256325,10617.8
NIFTY,26-Apr-2018,26-Apr-2018,PE,10550,15.2,15.95,0.05,0.3,0.05,0,499887,3957830.98,2475.09,3168225,1474950,10617.8
NIFTY,26-Apr-2018,26-Apr-2018,PE,10600,32.25,43.3,0.05,3,0.05,0,599255,4774597.18,10519.93,2421900,652800,10617.8
NIFTY,26-Apr-2018,26-Apr-2018,PE,10650,78.4,88,18,28.3,19.9,0,31570,253501.04,1335.67,15600,-104925,10617.8
NIFTY,26-Apr-2018,26-Apr-2018,PE,10700,125,135.7,74.55,83.95,80.1,0,42348,343341.02,3498.32,45375,-221850,10617.8
NIFTY,26-Apr-2018,26-Apr-2018,PE,10750,170,185.3,118.4,126.45,118.4,0,230,1879.96,25.58,1350,-1800,10617.8
NIFTY,26-Apr-2018,26-Apr-2018,PE,10800,225.05,235,167.8,177.45,182.05,0,3760,31026.36,570.36,5025,-75450,10617.8
NIFTY,26-Apr-2018,26-Apr-2018,PE,10850,229.8,229.8,229.8,229.8,229.8,0,1,8.31,.17,150,0,10617.8
NIFTY,26-Apr-2018,26-Apr-2018,PE,10900,322.3,332.25,268,276.95,269,0,2080,17477.74,473.74,5550,-106050,10617.8
NIFTY,26-Apr-2018,26-Apr-2018,PE,10950,0,0,0,483.45,483.45,0,0,0,0,450,0,10617.8
NIFTY,26-Apr-2018,26-Apr-2018,PE,11000,418,433.95,367.95,382.85,368.2,0,4261,36465.13,1311.88,14250,-190650,10617.8
NIFTY,26-Apr-2018,26-Apr-2018,PE,11050,455,467.05,447.7,447.7,447.7,0,3361,29014.33,1160.05,450,-250650,10617.8
NIFTY,26-Apr-2018,26-Apr-2018,PE,11100,510.35,529.65,466.45,470.3,468,0,3746,32608.67,1423.22,1800,-268875,10617.8
NIFTY,26-Apr-2018,26-Apr-2018,PE,11150,0,0,0,176.65,0,0,0,0,0,0,0,10617.8
