NIFTY,02-Apr-2018,26-Apr-2018,CE,9600,615,682.05,586,677.8,682.05,677.8,621,4765.06,293.86,139725,-27600,-
NIFTY,02-Apr-2018,26-Apr-2018,CE,9650,0,0,0,1582.5,0,622.85,0,0,0,0,0,-
NIFTY,02-Apr-2018,26-Apr-2018,CE,9700,527.15,590.1,498,577.65,589.1,577.65,2003,15386.14,814.31,198000,-33150,-
NIFTY,02-Apr-2018,26-Apr-2018,CE,9750,0,0,0,1484.4,0,532.65,0,0,0,0,0,-
NIFTY,02-Apr-2018,26-Apr-2018,CE,9800,443.15,500,417.1,492.4,500,492.4,1750,13438.35,575.85,308625,-2850,-
NIFTY,02-Apr-2018,26-Apr-2018,CE,9850,354.6,392.2,354.6,392.2,392.2,392.2,2,15.34,.56,300,0,-
NIFTY,02-Apr-2018,26-Apr-2018,CE,9900,361.65,414.35,339.15,405.35,412.8,405.35,1962,15107.19,539.34,435975,11025,-
NIFTY,02-Apr-2018,26-Apr-2018,CE,9950,315,378.55,310.7,372.45,375.75,372.45,101,779.21,25.49,3450,450,-
NIFTY,02-Apr-2018,26-Apr-2018,CE,10000,280.85,334.35,265.2,328.05,333,328.05,13132,101408.29,2918.29,1023225,-85500,-
NIFTY,02-Apr-2018,26-Apr-2018,CE,10050,245,299.45,236,290.65,299.45,290.65,174,1345.55,34.03,9525,-2400,-
NIFTY,02-Apr-2018,26-Apr-2018,CE,10100,218.7,258,200.55,252.05,256,252.05,33863,262281.68,5769.45,816300,-273675,-
NIFTY,02-Apr-2018,26-Apr-2018,CE,10150,200,223.1,171.85,217.25,214.85,217.25,5720,44360.16,816.66,149100,-6975,-
NIFTY,02-Apr-2018,26-Apr-2018,CE,10200,141,191.15,141,185.1,188.95,185.1,111118,863807.74,13755.04,1896750,332475,-
NIFTY,02-Apr-2018,26-Apr-2018,CE,10250,120,159.95,118.55,154.55,158,154.55,6249,48691.71,652.52,115350,40725,-
NIFTY,02-Apr-2018,26-Apr-2018,CE,10300,102.55,132,96.3,127.15,130.4,127.15,112409,877830.78,9471.25,2154675,249375,-
NIFTY,02-Apr-2018,26-Apr-2018,CE,10350,87.95,106,77.3,102.8,88,102.8,3565,27916.13,242.82,85725,29475,-
NIFTY,02-Apr-2018,26-Apr-2018,CE,10400,62.55,83.75,60.3,80.25,82.7,80.25,114239,897150.12,6085.92,2085675,325050,-
NIFTY,02-Apr-2018,26-Apr-2018,CE,10450,48,64.8,43.6,62.65,64.8,62.65,2175,17135.81,89.25,74700,33675,-
NIFTY,02-Apr-2018,26-Apr-2018,CE,10500,35.35,49.4,34.7,47.25,47.5,47.25,91485,723278.89,2834.51,3291300,200850,-
NIFTY,02-Apr-2018,26-Apr-2018,CE,10550,44.9,44.9,25,34.85,34.3,34.85,1817,14417.91,40.9,66075,36150,-
NIFTY,02-Apr-2018,26-Apr-2018,CE,10600,20.55,26.3,18.3,25.15,25.55,25.15,67741,539657.33,1116.38,1942725,392175,-
NIFTY,02-Apr-2018,26-Apr-2018,CE,10650,16.5,19.5,13.25,17.95,17.55,17.95,1073,8583.17,12.58,62025,26850,-
NIFTY,02-Apr-2018,26-Apr-2018,CE,10700,11.9,13,8.95,12.5,12.5,12.5,49538,397947.99,405.54,2085825,-298875,-
NIFTY,02-Apr-2018,26-Apr-2018,CE,10750,7.75,9.3,6.65,8.55,8,8.55,687,5542.97,4.04,22800,3825,-
NIFTY,02-Apr-2018,26-Apr-2018,CE,10800,5.2,6.75,4.85,6.2,6.25,6.2,28751,233005.17,122.07,1377900,124575,-
NIFTY,02-Apr-2018,26-Apr-2018,CE,10850,5.85,5.85,3.55,4.95,5,4.95,394,3207.58,1.4,46200,11850,-
NIFTY,02-Apr-2018,26-Apr-2018,CE,10900,3.35,4.05,3,3.75,3.65,3.75,18944,154918.27,51.07,900900,105600,-
NIFTY,02-Apr-2018,26-Apr-2018,CE,10950,4.95,4.95,3.35,3.35,3.35,3.35,3,24.65,.01,375,75,-
NIFTY,02-Apr-2018,26-Apr-2018,CE,11000,3.9,3.9,2.8,3.2,3.2,3.2,50723,418582.09,117.34,3492750,130575,-
NIFTY,02-Apr-2018,26-Apr-2018,CE,11050,8,8,0.75,5.8,5.8,5.8,1355,11232.91,3.34,253575,-99600,-
NIFTY,02-Apr-2018,26-Apr-2018,CE,11100,2.75,2.8,2.15,2.4,2.2,2.4,6110,50876.64,10.89,822600,-10950,-
NIFTY,02-Apr-2018,26-Apr-2018,CE,11150,0,0,0,284.2,0,4.05,0,0,0,0,0,-
NIFTY,03-Apr-2018,26-Apr-2018,CE,9600,655,703,624.85,695.55,694,695.55,207,1593.85,103.45,134550,-5175,10245
NIFTY,03-Apr-2018,26-Apr-2018,CE,9650,0,0,0,1582.5,0,644.65,0,0,0,0,0,10245
NIFTY,03-Apr-2018,26-Apr-2018,CE,9700,563.2,606.1,530.25,600.7,599,600.7,910,6999.62,379.37,183225,-14775,10245
NIFTY,03-Apr-2018,26-Apr-2018,CE,9750,0,0,0,1484.4,0,552.45,0,0,0,0,0,10245
NIFTY,03-Apr-2018,26-Apr-2018,CE,9800,456.9,515.15,445,506.85,502,506.85,470,3623.52,169.02,301575,-7050,10245
NIFTY,03-Apr-2018,26-Apr-2018,CE,9850,0,0,0,392.2,392.2,464.5,0,0,0,300,0,10245
NIFTY,03-Apr-2018,26-Apr-2018,CE,9900,375.05,428.95,362.8,416.7,413.3,416.7,2646,20429.75,783.2,407475,-28500,10245
NIFTY,03-Apr-2018,26-Apr-2018,CE,9950,354.2,385.9,335.5,379.25,385.9,379.25,22,170.08,5.9,3075,-375,10245
NIFTY,03-Apr-2018,26-Apr-2018,CE,10000,295,347.85,284.8,339.6,336,339.6,8687,67193.39,2040.89,898200,-125025,10245
NIFTY,03-Apr-2018,26-Apr-2018,CE,10050,288.6,306.65,250,298.8,306.65,298.8,97,751.47,20.33,7575,-1950,10245
NIFTY,03-Apr-2018,26-Apr-2018,CE,10100,242.35,269.5,214,262.85,262,262.85,20515,159108.66,3707.54,767850,-48450,10245
NIFTY,03-Apr-2018,26-Apr-2018,CE,10150,187.65,232.9,183.4,227.15,227.35,227.15,2682,20832.42,415.7,80625,-68475,10245
NIFTY,03-Apr-2018,26-Apr-2018,CE,10200,169,199.8,152.6,194.8,193.5,194.8,90231,702225.19,11958.04,1834050,-62700,10245
NIFTY,03-Apr-2018,26-Apr-2018,CE,10250,149.9,169.25,126,163.1,164,163.1,9447,73674.55,1050.73,154800,39450,10245
NIFTY,03-Apr-2018,26-Apr-2018,CE,10300,108.75,140,101.4,134.9,134.9,134.9,144294,1127691.48,13020.33,2792100,637425,10245
NIFTY,03-Apr-2018,26-Apr-2018,CE,10350,85,112.75,80.8,108,109.85,108,5209,40814.76,379.9,111075,25350,10245
NIFTY,03-Apr-2018,26-Apr-2018,CE,10400,71.15,88.85,61.8,85.25,85.5,85.25,127784,1003927.65,7212.45,2446200,360525,10245
NIFTY,03-Apr-2018,26-Apr-2018,CE,10450,44.7,68.95,44.7,65.55,65.5,65.55,3755,29594.92,165.11,83925,9225,10245
NIFTY,03-Apr-2018,26-Apr-2018,CE,10500,44.4,52,35.1,49.45,49.8,49.45,110954,877373.76,3611.01,3315750,24450,10245
NIFTY,03-Apr-2018,26-Apr-2018,CE,10550,27.85,38.5,25.4,36.25,37,36.25,2395,19008.21,57.77,72525,6450,10245
NIFTY,03-Apr-2018,26-Apr-2018,CE,10600,22.4,27.8,18.2,26.15,26.65,26.15,74632,594608.48,1284.08,2084700,141975,10245
NIFTY,03-Apr-2018,26-Apr-2018,CE,10650,16.4,19.15,12.8,18.1,18.4,18.1,2205,17639.04,26.6,88950,26925,10245
NIFTY,03-Apr-2018,26-Apr-2018,CE,10700,10.55,13.6,8.85,12.6,13,12.6,52878,424786.43,440.48,2109300,23475,10245
NIFTY,03-Apr-2018,26-Apr-2018,CE,10750,8,9.05,6.1,8.45,9.05,8.45,579,4671.5,3.32,24225,1425,10245
NIFTY,03-Apr-2018,26-Apr-2018,CE,10800,6.3,7.7,4.5,6.1,6.3,6.1,23636,191548.1,96.5,1438050,60150,10245
NIFTY,03-Apr-2018,26-Apr-2018,CE,10850,4.65,4.7,4,4.55,4.2,4.55,523,4257.64,1.72,57900,11700,10245
NIFTY,03-Apr-2018,26-Apr-2018,CE,10900,3.7,3.7,2.8,3.45,3.6,3.45,11342,92748.25,27.4,934500,33600,10245
NIFTY,03-Apr-2018,26-Apr-2018,CE,10950,0,0,0,3.35,3.35,10.85,0,0,0,375,0,10245
NIFTY,03-Apr-2018,26-Apr-2018,CE,11000,2.9,3.1,2.4,2.95,2.85,2.95,27604,227790.68,57.68,3495225,2475,10245
NIFTY,03-Apr-2018,26-Apr-2018,CE,11050,5.8,5.8,5.8,5.8,5.8,5.8,2,16.58,.01,253725,150,10245
NIFTY,03-Apr-2018,26-Apr-2018,CE,11100,2.15,2.3,1.95,2.1,2.05,2.1,2199,18310.05,3.38,818250,-4350,10245
NIFTY,03-Apr-2018,26-Apr-2018,CE,11150,0,0,0,284.2,0,3.55,0,0,0,0,0,10245
NIFTY,04-Apr-2018,26-Apr-2018,CE,9600,685,705.2,549.4,564.65,568.85,564.65,284,2175.59,130.79,127050,-7500,10128.4
NIFTY,04-Apr-2018,26-Apr-2018,CE,9650,0,0,0,1582.5,0,534.5,0,0,0,0,0,10128.4
NIFTY,04-Apr-2018,26-Apr-2018,CE,9700,590,610.65,468.25,476.5,473,476.5,835,6426.69,352.06,158850,-24375,10128.4
NIFTY,04-Apr-2018,26-Apr-2018,CE,9750,0,0,0,1484.4,0,447.35,0,0,0,0,0,10128.4
NIFTY,04-Apr-2018,26-Apr-2018,CE,9800,503,520,375.8,392.1,385,392.1,2057,15745.81,626.86,351000,49425,10128.4
NIFTY,04-Apr-2018,26-Apr-2018,CE,9850,0,0,0,392.2,392.2,366.1,0,0,0,300,0,10128.4
NIFTY,04-Apr-2018,26-Apr-2018,CE,9900,407.75,434,298.85,310.7,307.6,310.7,3861,29722.44,1054.51,448500,41025,10128.4
NIFTY,04-Apr-2018,26-Apr-2018,CE,9950,367.2,367.2,264.6,275,275,275,10,76.82,2.2,3075,0,10128.4
NIFTY,04-Apr-2018,26-Apr-2018,CE,10000,331.05,351.8,226.15,242.1,238,242.1,11525,88835.47,2397.97,950625,52425,10128.4
NIFTY,04-Apr-2018,26-Apr-2018,CE,10050,289.8,307,197,210.35,205.45,210.35,142,1094.95,24.63,7650,75,10128.4
NIFTY,04-Apr-2018,26-Apr-2018,CE,10100,260.1,273,166.25,178.95,178,178.95,27422,211827.8,4106.15,824250,56400,10128.4
NIFTY,04-Apr-2018,26-Apr-2018,CE,10150,230,235.65,137.65,150.25,148,150.25,7211,55772.36,878.62,133275,52650,10128.4
NIFTY,04-Apr-2018,26-Apr-2018,CE,10200,199.6,203.45,113.5,124.65,123,124.65,131258,1018647.68,14523.98,2537550,703500,10128.4
NIFTY,04-Apr-2018,26-Apr-2018,CE,10250,165,182.35,92.15,100.9,99,100.9,15851,123418.36,1563.79,243675,88875,10128.4
NIFTY,04-Apr-2018,26-Apr-2018,CE,10300,140.2,141.25,72.1,80.5,79.5,80.5,220371,1719649.49,17283.51,3723750,931650,10128.4
NIFTY,04-Apr-2018,26-Apr-2018,CE,10350,128.9,128.9,56.05,62.45,60.8,62.45,13248,103750.47,912.87,272700,161625,10128.4
NIFTY,04-Apr-2018,26-Apr-2018,CE,10400,88.9,89.85,42.75,48.1,47.85,48.1,197323,1548672.39,9552.99,3179700,733500,10128.4
NIFTY,04-Apr-2018,26-Apr-2018,CE,10450,65.7,69.35,32.05,36.45,37,36.45,6642,52308.56,251.88,110100,26175,10128.4
NIFTY,04-Apr-2018,26-Apr-2018,CE,10500,51.5,52.95,24.2,27.45,27.6,27.45,186682,1475242.35,5121.6,3885900,570150,10128.4
NIFTY,04-Apr-2018,26-Apr-2018,CE,10550,34.85,38.35,17.55,20.15,20.6,20.15,4927,39088.3,103.41,103425,30900,10128.4
NIFTY,04-Apr-2018,26-Apr-2018,CE,10600,25,28.35,12.9,14.65,15,14.65,94306,751114.75,1382.05,2258700,174000,10128.4
NIFTY,04-Apr-2018,26-Apr-2018,CE,10650,18.45,23.95,8.9,10.4,10.75,10.4,2730,21832.43,26.56,86475,-2475,10128.4
NIFTY,04-Apr-2018,26-Apr-2018,CE,10700,17.7,17.7,6.3,7.25,7.55,7.25,69788,560527.27,478.57,2459175,349875,10128.4
NIFTY,04-Apr-2018,26-Apr-2018,CE,10750,9.05,9.25,4.85,5.55,5.9,5.55,769,6204.21,4.14,33525,9300,10128.4
NIFTY,04-Apr-2018,26-Apr-2018,CE,10800,6.05,6.55,3.3,4.15,4.25,4.15,31061,251706.91,112.81,1502025,63975,10128.4
NIFTY,04-Apr-2018,26-Apr-2018,CE,10850,4.3,4.7,3,3.55,3.8,3.55,317,2580.49,.9,63750,5850,10128.4
NIFTY,04-Apr-2018,26-Apr-2018,CE,10900,4,4.2,2.15,2.6,2.5,2.6,14869,121585.93,31.86,963525,29025,10128.4
NIFTY,04-Apr-2018,26-Apr-2018,CE,10950,3.35,3.35,2.6,2.6,2.6,2.6,5,41.07,.01,750,375,10128.4
NIFTY,04-Apr-2018,26-Apr-2018,CE,11000,2.7,3.05,2,2.3,2.2,2.3,41135,339436.48,72.73,3872325,377100,10128.4
NIFTY,04-Apr-2018,26-Apr-2018,CE,11050,5.8,5.8,2.05,2.15,2.45,2.15,27,223.82,.06,254100,375,10128.4
NIFTY,04-Apr-2018,26-Apr-2018,CE,11100,2,3,1.65,1.9,1.7,1.9,4249,35378.97,6.04,842175,23925,10128.4
NIFTY,04-Apr-2018,26-Apr-2018,CE,11150,0,0,0,284.2,0,1.6,0,0,0,0,0,10128.4
NIFTY,05-Apr-2018,26-Apr-2018,CE,9600,690.1,761.55,684,757.85,761.4,757.85,350,2708.21,188.21,112275,-14775,-
NIFTY,05-Apr-2018,26-Apr-2018,CE,9650,0,0,0,1582.5,0,720.75,0,0,0,0,0,-
NIFTY,05-Apr-2018,26-Apr-2018,CE,9700,589.7,665,587,655.65,665,655.65,371,2871,171.97,154275,-4575,-
NIFTY,05-Apr-2018,26-Apr-2018,CE,9750,0,0,0,1484.4,0,627.95,0,0,0,0,0,-
NIFTY,05-Apr-2018,26-Apr-2018,CE,9800,475,571,475,566.9,570.5,566.9,1998,15464.11,778.81,258075,-92925,-
NIFTY,05-Apr-2018,26-Apr-2018,CE,9850,464.25,464.25,464.25,464.25,464.25,464.25,1,7.74,.35,300,0,-
NIFTY,05-Apr-2018,26-Apr-2018,CE,9900,400.05,480.85,400.05,474.7,480.85,474.7,1350,10461.8,438.05,444525,-3975,-
NIFTY,05-Apr-2018,26-Apr-2018,CE,9950,366.5,431.55,366.5,428.75,431,428.75,18,139.78,5.45,2925,-150,-
NIFTY,05-Apr-2018,26-Apr-2018,CE,10000,315.6,393.2,309,388.1,392,388.1,6263,48606.75,1634.25,884850,-65775,-
NIFTY,05-Apr-2018,26-Apr-2018,CE,10050,278.65,346.7,278.65,342.2,346.7,342.2,60,465.9,13.65,6600,-1050,-
NIFTY,05-Apr-2018,26-Apr-2018,CE,10100,268,310.6,237.4,304.15,308,304.15,14797,115070.8,2983.52,663825,-160425,-
NIFTY,05-Apr-2018,26-Apr-2018,CE,10150,205,270.35,198.25,263.3,266,263.3,2593,20176.95,437.74,49500,-83775,-
NIFTY,05-Apr-2018,26-Apr-2018,CE,10200,189.8,234,170.7,228.85,232,228.85,71189,555197.26,10601.41,1792500,-745050,-
NIFTY,05-Apr-2018,26-Apr-2018,CE,10250,155,197,138.2,192.6,193.05,192.6,9283,72531.13,1168.07,171825,-71850,-
NIFTY,05-Apr-2018,26-Apr-2018,CE,10300,121.3,165.35,114.6,161.05,163.45,161.05,174810,1368690.91,18283.66,3409500,-314250,-
NIFTY,05-Apr-2018,26-Apr-2018,CE,10350,95.05,134.45,90.45,130.65,132.5,130.65,14593,114490.38,1212.22,138525,-134175,-
NIFTY,05-Apr-2018,26-Apr-2018,CE,10400,82.25,107.05,70.1,103.75,105.65,103.75,183047,1439969.14,12202.54,2912100,-267600,-
NIFTY,05-Apr-2018,26-Apr-2018,CE,10450,46,83.35,46,80.1,83,80.1,6863,54143.42,354.65,95475,-14625,-
NIFTY,05-Apr-2018,26-Apr-2018,CE,10500,44.9,62.8,40.45,60.4,61.75,60.4,158576,1254881.69,6095.69,3651750,-234150,-
NIFTY,05-Apr-2018,26-Apr-2018,CE,10550,45,46.7,23.05,44.3,45.5,44.3,5111,40588,147.22,114600,11175,-
NIFTY,05-Apr-2018,26-Apr-2018,CE,10600,24.15,33.25,20,31.85,32.9,31.85,109103,869565.31,2196.46,2506200,247500,-
NIFTY,05-Apr-2018,26-Apr-2018,CE,10650,16.95,23.1,15,21.85,22,21.85,3121,24972.2,43.21,128775,42300,-
NIFTY,05-Apr-2018,26-Apr-2018,CE,10700,10.95,15.7,10.2,15.05,15.6,15.05,76254,612654.64,716.29,3289050,829875,-
NIFTY,05-Apr-2018,26-Apr-2018,CE,10750,3.65,11,3.65,9.95,10.5,9.95,1416,11425.99,9.49,47475,13950,-
NIFTY,05-Apr-2018,26-Apr-2018,CE,10800,5,7.5,5,7,7.5,7,35349,286486.55,159.65,1631850,129825,-
NIFTY,05-Apr-2018,26-Apr-2018,CE,10850,4.75,4.9,2.1,4.55,4.9,4.55,788,6414.76,2.41,61575,-2175,-
NIFTY,05-Apr-2018,26-Apr-2018,CE,10900,1.6,3.95,1.6,3.55,3.95,3.55,16389,134019.79,39.71,980625,17100,-
NIFTY,05-Apr-2018,26-Apr-2018,CE,10950,3.1,3.9,3,3.25,3.45,3.25,137,1125.46,.35,6300,5550,-
NIFTY,05-Apr-2018,26-Apr-2018,CE,11000,2.7,2.85,2.4,2.7,2.75,2.7,31539,260258.53,61.78,3778275,-94050,-
NIFTY,05-Apr-2018,26-Apr-2018,CE,11050,3,3,2.2,2.2,2.2,2.2,7,58.03,.02,254100,0,-
NIFTY,05-Apr-2018,26-Apr-2018,CE,11100,2.35,2.35,1.85,2,1.9,2,4699,39126.34,7.16,852300,10125,-
NIFTY,05-Apr-2018,26-Apr-2018,CE,11150,0,0,0,284.2,0,9.2,0,0,0,0,0,-
NIFTY,06-Apr-2018,26-Apr-2018,CE,9600,738.8,778.6,723,763.6,747.85,763.6,463,3594.33,260.73,93075,-19200,-
NIFTY,06-Apr-2018,26-Apr-2018,CE,9650,0,0,0,1582.5,0,722.85,0,0,0,0,0,-
NIFTY,06-Apr-2018,26-Apr-2018,CE,9700,634.75,675.75,620,664.55,653.3,664.55,219,1699.02,105.8,146400,-7875,-
NIFTY,06-Apr-2018,26-Apr-2018,CE,9750,0,0,0,1484.4,0,628.85,0,0,0,0,0,-
NIFTY,06-Apr-2018,26-Apr-2018,CE,9800,546.15,588.4,528.55,564.2,557,564.2,1494,11596.98,616.08,237750,-20325,-
NIFTY,06-Apr-2018,26-Apr-2018,CE,9850,524.5,524.5,524.5,524.5,524.5,524.5,1,7.78,.39,225,-75,-
NIFTY,06-Apr-2018,26-Apr-2018,CE,9900,461.65,495,440,483.85,465,483.85,2297,17853.86,798.64,395625,-48900,-
NIFTY,06-Apr-2018,26-Apr-2018,CE,9950,430.7,430.7,410,425.95,425.95,425.95,4,31.12,1.27,3075,150,-
NIFTY,06-Apr-2018,26-Apr-2018,CE,10000,380.05,404.95,354.3,387.3,375.15,387.3,5161,40157.88,1450.38,874425,-10425,-
NIFTY,06-Apr-2018,26-Apr-2018,CE,10050,322.3,366.35,322.3,332,332,332,9,70.08,2.24,6600,0,-
NIFTY,06-Apr-2018,26-Apr-2018,CE,10100,298.6,318.85,273,302.7,292.65,302.7,6333,49357.26,1384.78,617850,-45975,-
NIFTY,06-Apr-2018,26-Apr-2018,CE,10150,249.9,275.9,238.05,262.35,252.3,262.35,305,2379.89,58.08,48000,-1500,-
NIFTY,06-Apr-2018,26-Apr-2018,CE,10200,230,240,201,226.7,218.1,226.7,24397,190624.07,3987.02,1603350,-189150,-
NIFTY,06-Apr-2018,26-Apr-2018,CE,10250,178.85,203.8,168,189.4,180.75,189.4,3448,26979.83,473.33,136725,-35100,-
NIFTY,06-Apr-2018,26-Apr-2018,CE,10300,160,170.75,138.2,157.95,150.2,157.95,100052,784317.83,11416.13,3435525,26025,-
NIFTY,06-Apr-2018,26-Apr-2018,CE,10350,132.7,138.55,110.65,128.65,122,128.65,13003,102137.93,1202.14,158250,19725,-
NIFTY,06-Apr-2018,26-Apr-2018,CE,10400,102.7,110,86.65,101,95.45,101,142057,1118326.21,10281.61,2786475,-125625,-
NIFTY,06-Apr-2018,26-Apr-2018,CE,10450,78,84.75,67,77.25,72.35,77.25,9975,78732.36,553.3,279975,184500,-
NIFTY,06-Apr-2018,26-Apr-2018,CE,10500,41.55,64.5,41.55,57.8,54.3,57.8,133060,1053381.78,5534.28,3730125,78375,-
NIFTY,06-Apr-2018,26-Apr-2018,CE,10550,45.5,47,36,41.35,39,41.35,4366,34677.85,131.87,143475,28875,-
NIFTY,06-Apr-2018,26-Apr-2018,CE,10600,28.5,34.05,25.3,29.9,28,29.9,77928,621202.6,1675,2634525,128325,-
NIFTY,06-Apr-2018,26-Apr-2018,CE,10650,30,30,17.2,19.1,18.85,19.1,2413,19308.8,34.96,149475,20700,-
NIFTY,06-Apr-2018,26-Apr-2018,CE,10700,14.45,15.85,11.85,13.8,12.9,13.8,71826,577116.45,712.8,3299775,10725,-
NIFTY,06-Apr-2018,26-Apr-2018,CE,10750,8.95,13.45,7.45,9.65,8.65,9.65,862,6955.87,6,49425,1950,-
NIFTY,06-Apr-2018,26-Apr-2018,CE,10800,7,7.5,5.75,6.65,6.2,6.65,34299,277984.75,162.85,1698225,66375,-
NIFTY,06-Apr-2018,26-Apr-2018,CE,10850,4.45,5,3.9,4.4,4.45,4.4,661,5381.01,2.13,46050,-15525,-
NIFTY,06-Apr-2018,26-Apr-2018,CE,10900,3.95,4,3.1,3.5,3.6,3.5,11067,90500.76,28.03,937275,-43350,-
NIFTY,06-Apr-2018,26-Apr-2018,CE,10950,3.05,3.75,1.3,3.6,3.35,3.6,159,1306.11,.33,4425,-1875,-
NIFTY,06-Apr-2018,26-Apr-2018,CE,11000,2.35,2.8,2.2,2.5,2.6,2.5,16217,133819.39,29.14,3808950,30675,-
NIFTY,06-Apr-2018,26-Apr-2018,CE,11050,2.75,3.2,1.9,1.9,1.9,1.9,6,49.74,.01,254100,0,-
NIFTY,06-Apr-2018,26-Apr-2018,CE,11100,1.8,2,1.7,1.8,1.8,1.8,3209,26719.34,4.42,840150,-12150,-
NIFTY,06-Apr-2018,26-Apr-2018,CE,11150,0,0,0,284.2,0,7.1,0,0,0,0,0,-
NIFTY,09-Apr-2018,26-Apr-2018,CE,9600,770.65,813,770.65,794.15,791.05,794.15,89,693.85,53.05,89550,-3525,-
NIFTY,09-Apr-2018,26-Apr-2018,CE,9650,0,0,0,1582.5,0,761.45,0,0,0,0,0,-
NIFTY,09-Apr-2018,26-Apr-2018,CE,9700,671.2,716.9,671.2,703.35,699,703.35,164,1279.69,86.59,140175,-6225,-
NIFTY,09-Apr-2018,26-Apr-2018,CE,9750,0,0,0,1484.4,0,664.8,0,0,0,0,0,-
NIFTY,09-Apr-2018,26-Apr-2018,CE,9800,589.3,620,575,605.5,602,605.5,529,4128.92,240.77,225750,-12000,-
NIFTY,09-Apr-2018,26-Apr-2018,CE,9850,0,0,0,524.5,524.5,570.6,0,0,0,225,0,-
NIFTY,09-Apr-2018,26-Apr-2018,CE,9900,488.65,529.1,484.85,510.2,504.45,510.2,1796,14029.74,694.44,325350,-70275,-
NIFTY,09-Apr-2018,26-Apr-2018,CE,9950,450,478.15,450,460,460,460,10,78.11,3.49,2700,-375,-
NIFTY,09-Apr-2018,26-Apr-2018,CE,10000,375.1,436.95,375.1,417.05,419.9,417.05,4062,31743.51,1278.51,788625,-85800,-
NIFTY,09-Apr-2018,26-Apr-2018,CE,10050,358,358,358,358,358,358,1,7.81,.27,6675,75,-
NIFTY,09-Apr-2018,26-Apr-2018,CE,10100,312.9,349.4,300.25,331.4,328.1,331.4,6248,48879.29,1550.69,576375,-41475,-
NIFTY,09-Apr-2018,26-Apr-2018,CE,10150,269.95,305.6,269.95,286.25,283,286.25,148,1159.01,32.36,47025,-975,-
NIFTY,09-Apr-2018,26-Apr-2018,CE,10200,218.05,270.95,215.8,249.8,246.45,249.8,18313,143567.39,3472.94,1409625,-193725,-
NIFTY,09-Apr-2018,26-Apr-2018,CE,10250,185,229.85,185,210.95,210,210.95,1362,10688.76,218.38,131100,-5625,-
NIFTY,09-Apr-2018,26-Apr-2018,CE,10300,149.95,194.3,144.45,176.75,175,176.75,63633,500151.76,8586.84,3200400,-235125,-
NIFTY,09-Apr-2018,26-Apr-2018,CE,10350,139.4,159.75,122.6,144.4,144.15,144.4,9292,73160.55,1031.4,164625,6375,-
NIFTY,09-Apr-2018,26-Apr-2018,CE,10400,96.55,128.95,93.1,115.55,113.75,115.55,155952,1230236.51,13810.91,2896500,110025,-
NIFTY,09-Apr-2018,26-Apr-2018,CE,10450,77.6,101.5,74.5,89.25,88.35,89.25,11688,92419.36,814.66,238350,-41625,-
NIFTY,09-Apr-2018,26-Apr-2018,CE,10500,54.15,77.2,53.55,67.55,66.35,67.55,160182,1269849.97,8416.72,3963450,233325,-
NIFTY,09-Apr-2018,26-Apr-2018,CE,10550,40.05,57.15,40,48.95,48.15,48.95,5505,43769.8,211.49,174150,30675,-
NIFTY,09-Apr-2018,26-Apr-2018,CE,10600,28.1,40.95,27.3,35.5,34.45,35.5,117935,940811.73,3228.48,2913900,279375,-
NIFTY,09-Apr-2018,26-Apr-2018,CE,10650,20.6,30,19.9,23.75,23.2,23.75,3723,29807.82,70.36,180000,30525,-
NIFTY,09-Apr-2018,26-Apr-2018,CE,10700,12.55,18.9,12.35,16.15,15.55,16.15,84393,678321.74,1067.92,3693375,393600,-
NIFTY,09-Apr-2018,26-Apr-2018,CE,10750,9.15,12.5,9.15,10.1,9.75,10.1,2655,21427.58,21.64,115575,66150,-
NIFTY,09-Apr-2018,26-Apr-2018,CE,10800,5.95,8.5,5.95,7.3,6.95,7.3,39346,318929.03,226.43,1732200,33975,-
NIFTY,09-Apr-2018,26-Apr-2018,CE,10850,8,8,3,4.95,5.2,4.95,702,5715.24,2.71,47850,1800,-
NIFTY,09-Apr-2018,26-Apr-2018,CE,10900,3.7,4.15,3.2,3.65,3.4,3.65,23473,191959.13,67.35,1029300,92025,-
NIFTY,09-Apr-2018,26-Apr-2018,CE,10950,3.35,3.9,2.5,3.35,3.05,3.35,100,821.5,.25,4725,300,-
NIFTY,09-Apr-2018,26-Apr-2018,CE,11000,2.5,2.8,2.35,2.55,2.5,2.55,19776,163190.33,38.33,3853425,44475,-
NIFTY,09-Apr-2018,26-Apr-2018,CE,11050,1.9,3.4,1,2.1,2.7,2.1,111,920.11,.2,260250,6150,-
NIFTY,09-Apr-2018,26-Apr-2018,CE,11100,1.65,2,1.6,1.7,1.6,1.7,3039,25303.77,4.09,859950,19800,-
NIFTY,09-Apr-2018,26-Apr-2018,CE,11150,0,0,0,284.2,0,5.2,0,0,0,0,0,-
NIFTY,10-Apr-2018,26-Apr-2018,CE,9600,831,841.5,798.6,824,826.1,824,87,680.23,53.83,87150,-2400,-
NIFTY,10-Apr-2018,26-Apr-2018,CE,9650,0,0,0,1582.5,0,781.3,0,0,0,0,0,-
NIFTY,10-Apr-2018,26-Apr-2018,CE,9700,728.8,732,699.25,719.95,720.5,719.95,70,547.08,37.83,138300,-1875,-
NIFTY,10-Apr-2018,26-Apr-2018,CE,9750,0,0,0,1484.4,0,683.65,0,0,0,0,0,-
NIFTY,10-Apr-2018,26-Apr-2018,CE,9800,633.25,644,605,623.75,630,623.75,410,3207.16,193.66,215025,-10725,-
NIFTY,10-Apr-2018,26-Apr-2018,CE,9850,0,0,0,524.5,524.5,587.9,0,0,0,225,0,-
NIFTY,10-Apr-2018,26-Apr-2018,CE,9900,534,549.65,508,532.35,534,532.35,712,5568.49,281.89,300600,-24750,-
NIFTY,10-Apr-2018,26-Apr-2018,CE,9950,474.45,474.45,474.45,474.45,474.45,474.45,1,7.82,.36,2700,0,-
NIFTY,10-Apr-2018,26-Apr-2018,CE,10000,432,456.65,416.05,439.6,446.9,439.6,2658,20800.93,865.93,764775,-23850,-
NIFTY,10-Apr-2018,26-Apr-2018,CE,10050,396.45,396.45,396.45,396.45,396.45,396.45,1,7.83,.3,6675,0,-
NIFTY,10-Apr-2018,26-Apr-2018,CE,10100,357.75,363.95,326.65,349.6,350.1,349.6,2235,17515.49,585.36,526800,-49575,-
NIFTY,10-Apr-2018,26-Apr-2018,CE,10150,300.05,318,285,300.6,304.65,300.6,73,572.28,16.57,45375,-1650,-
NIFTY,10-Apr-2018,26-Apr-2018,CE,10200,268.15,279.25,245.05,264.45,267.55,264.45,10432,81850.93,2046.13,1315200,-94425,-
NIFTY,10-Apr-2018,26-Apr-2018,CE,10250,231.05,236.35,207,223.55,223.05,223.55,684,5374,115.75,126375,-4725,-
NIFTY,10-Apr-2018,26-Apr-2018,CE,10300,190,201,172.1,188.35,190,188.35,36771,289258.62,5202.65,2910975,-289425,-
NIFTY,10-Apr-2018,26-Apr-2018,CE,10350,158.2,165,141,153.2,154.35,153.2,4520,35607.53,521.03,119400,-45225,-
NIFTY,10-Apr-2018,26-Apr-2018,CE,10400,124.1,133,110.3,123,124.05,123,144563,1140862.15,13270.75,2997225,100725,-
NIFTY,10-Apr-2018,26-Apr-2018,CE,10450,95.95,104.6,85.2,95.35,96.3,95.35,16505,130547.99,1190.05,274725,36375,-
NIFTY,10-Apr-2018,26-Apr-2018,CE,10500,74.85,78.75,63.35,70.65,72,70.65,160101,1269383.19,8587.81,4166475,203025,-
NIFTY,10-Apr-2018,26-Apr-2018,CE,10550,52.8,58,45.5,51.05,52.1,51.05,6671,53043.97,259.68,207825,33675,-
NIFTY,10-Apr-2018,26-Apr-2018,CE,10600,40.05,42.45,31.8,35.75,36.6,35.75,112877,900470.11,3097.96,3027375,113475,-
NIFTY,10-Apr-2018,26-Apr-2018,CE,10650,29.5,30,21.15,23.8,24.1,23.8,5032,40286.2,93.1,260400,80400,-
NIFTY,10-Apr-2018,26-Apr-2018,CE,10700,16.1,18.85,13.95,15.9,16.45,15.9,82834,665756.3,1013.45,3625425,-67950,-
NIFTY,10-Apr-2018,26-Apr-2018,CE,10750,10.85,12,9.05,10.75,11,10.75,1928,15560.1,15.6,91050,-24525,-
NIFTY,10-Apr-2018,26-Apr-2018,CE,10800,7.35,8.35,6.4,7.35,7.35,7.35,41147,333517.79,227.09,1785750,53550,-
NIFTY,10-Apr-2018,26-Apr-2018,CE,10850,4.5,5.7,4.1,5.05,5,5.05,355,2890.19,1.38,46125,-1725,-
NIFTY,10-Apr-2018,26-Apr-2018,CE,10900,4.25,4.25,2.9,3.9,3.95,3.9,26228,214487.2,73.3,1020975,-8325,-
NIFTY,10-Apr-2018,26-Apr-2018,CE,10950,3.1,3.4,2.95,3.4,3.4,3.4,17,139.65,.04,5475,750,-
NIFTY,10-Apr-2018,26-Apr-2018,CE,11000,2.55,2.65,2.25,2.5,2.5,2.5,16895,139414.58,30.83,3876825,23400,-
NIFTY,10-Apr-2018,26-Apr-2018,CE,11050,2.7,2.7,1.25,1.25,1.25,1.25,34,281.83,.06,260625,375,-
NIFTY,10-Apr-2018,26-Apr-2018,CE,11100,2.9,2.9,1.55,1.8,1.75,1.8,3329,27718.31,4.38,861975,2025,-
NIFTY,10-Apr-2018,26-Apr-2018,CE,11150,0,0,0,284.2,0,4.25,0,0,0,0,0,-
NIFTY,11-Apr-2018,26-Apr-2018,CE,9600,806,834.5,771,827.65,816.8,827.65,81,632.68,49.48,83100,-4050,10417.15
NIFTY,11-Apr-2018,26-Apr-2018,CE,9650,0,0,0,1582.5,0,793.7,0,0,0,0,0,10417.15
NIFTY,11-Apr-2018,26-Apr-2018,CE,9700,698.95,728.2,668.05,721.7,724.35,721.7,158,1232.17,82.72,133125,-5175,10417.15
NIFTY,11-Apr-2018,26-Apr-2018,CE,9750,0,0,0,1484.4,0,695.3,0,0,0,0,0,10417.15
NIFTY,11-Apr-2018,26-Apr-2018,CE,9800,610,637.5,575,634.1,626.95,634.1,260,2029.58,118.58,213300,-1725,10417.15
NIFTY,11-Apr-2018,26-Apr-2018,CE,9850,0,0,0,524.5,524.5,598.4,0,0,0,225,0,10417.15
NIFTY,11-Apr-2018,26-Apr-2018,CE,9900,519.4,541.5,482.1,535.85,532.4,535.85,460,3595.73,180.23,288825,-11775,10417.15
NIFTY,11-Apr-2018,26-Apr-2018,CE,9950,0,0,0,474.45,474.45,504.15,0,0,0,2700,0,10417.15
NIFTY,11-Apr-2018,26-Apr-2018,CE,10000,420.1,452,389,441.45,433.85,441.45,2144,16756.07,676.07,730575,-34200,10417.15
NIFTY,11-Apr-2018,26-Apr-2018,CE,10050,0,0,0,396.45,396.45,414.15,0,0,0,6675,0,10417.15
NIFTY,11-Apr-2018,26-Apr-2018,CE,10100,349.2,359.95,300.6,350.35,344,350.35,2718,21263.51,674.66,516225,-10575,10417.15
NIFTY,11-Apr-2018,26-Apr-2018,CE,10150,293.2,316.85,259.65,303.5,288.95,303.5,160,1251.8,33.8,40275,-5100,10417.15
NIFTY,11-Apr-2018,26-Apr-2018,CE,10200,265.25,274.3,220.05,264.3,258,264.3,12744,99814.66,2323.06,1257825,-57375,10417.15
NIFTY,11-Apr-2018,26-Apr-2018,CE,10250,219.95,231,181,223.2,209.25,223.2,535,4196.46,83.64,124650,-1725,10417.15
NIFTY,11-Apr-2018,26-Apr-2018,CE,10300,190,196.65,150.4,186.9,180.65,186.9,32835,257870.73,4220.35,2890125,-20850,10417.15
NIFTY,11-Apr-2018,26-Apr-2018,CE,10350,152.05,160,121,151.9,147,151.9,5615,44168.55,582.11,128775,9375,10417.15
NIFTY,11-Apr-2018,26-Apr-2018,CE,10400,126.05,129.55,93.2,120.2,115.6,120.2,171913,1355147.68,14226.28,3353625,356400,10417.15
NIFTY,11-Apr-2018,26-Apr-2018,CE,10450,100.4,101,70.4,92.55,88.05,92.55,15238,120407.77,979.95,237900,-36825,10417.15
NIFTY,11-Apr-2018,26-Apr-2018,CE,10500,74.95,74.95,50.8,67.7,64.5,67.7,173941,1377862.15,8076.78,4383675,217200,10417.15
NIFTY,11-Apr-2018,26-Apr-2018,CE,10550,51.55,53,35.75,48.45,46.2,48.45,8639,68643.98,287.89,276600,68775,10417.15
NIFTY,11-Apr-2018,26-Apr-2018,CE,10600,37,37.75,24.6,33.45,31.7,33.45,126452,1008133.78,2840.38,3845850,818475,10417.15
NIFTY,11-Apr-2018,26-Apr-2018,CE,10650,25.3,25.35,15.8,22.3,21,22.3,4427,35427.79,67.12,275025,14625,10417.15
NIFTY,11-Apr-2018,26-Apr-2018,CE,10700,15.8,17.55,10.55,15,14.75,15,99087,796145.62,972.45,2501775,-1123650,10417.15
NIFTY,11-Apr-2018,26-Apr-2018,CE,10750,10.4,10.75,7.5,9.9,9.55,9.9,1671,13483.31,10.87,78750,-12300,10417.15
NIFTY,11-Apr-2018,26-Apr-2018,CE,10800,7.35,7.5,5.15,6.8,6.75,6.8,47785,387281.17,222.67,1806750,21000,10417.15
NIFTY,11-Apr-2018,26-Apr-2018,CE,10850,4.65,5,3.1,4.6,4.7,4.6,288,2344.52,.92,47175,1050,10417.15
NIFTY,11-Apr-2018,26-Apr-2018,CE,10900,3.9,3.95,2.9,3.65,3.65,3.65,15120,123643.57,37.57,1012725,-8250,10417.15
NIFTY,11-Apr-2018,26-Apr-2018,CE,10950,3,3.5,2,3.1,3.1,3.1,30,246.44,.06,6300,825,10417.15
NIFTY,11-Apr-2018,26-Apr-2018,CE,11000,2.65,2.85,2.05,2.4,2.4,2.4,15112,124699.62,25.62,3787425,-89400,10417.15
NIFTY,11-Apr-2018,26-Apr-2018,CE,11050,1.25,2.95,1.05,1.85,1.85,1.85,27,223.79,.03,260175,-450,10417.15
NIFTY,11-Apr-2018,26-Apr-2018,CE,11100,1.65,1.8,1.45,1.6,1.5,1.6,3849,32047.69,4.76,873750,11775,10417.15
NIFTY,11-Apr-2018,26-Apr-2018,CE,11150,0,0,0,284.2,0,3.2,0,0,0,0,0,10417.15
NIFTY,12-Apr-2018,26-Apr-2018,CE,9600,811,872,804.2,862.3,863.5,862.3,187,1464.93,118.53,78375,-4725,10458.65
NIFTY,12-Apr-2018,26-Apr-2018,CE,9650,0,0,0,1582.5,0,832.95,0,0,0,0,0,10458.65
NIFTY,12-Apr-2018,26-Apr-2018,CE,9700,706,772,706,758.4,760.25,758.4,149,1167.98,84,126975,-6150,10458.65
NIFTY,12-Apr-2018,26-Apr-2018,CE,9750,0,0,0,1484.4,0,733.9,0,0,0,0,0,10458.65
NIFTY,12-Apr-2018,26-Apr-2018,CE,9800,605,675,605,667.3,666.2,667.3,303,2372.62,145.57,208800,-4500,10458.65
NIFTY,12-Apr-2018,26-Apr-2018,CE,9850,0,0,0,524.5,524.5,635.75,0,0,0,225,0,10458.65
NIFTY,12-Apr-2018,26-Apr-2018,CE,9900,512.6,583.85,512.6,571.7,569.95,571.7,227,1779.43,93.96,283125,-5700,10458.65
NIFTY,12-Apr-2018,26-Apr-2018,CE,9950,534.6,534.6,534.6,534.6,534.6,534.6,1,7.86,.4,2625,-75,10458.65
NIFTY,12-Apr-2018,26-Apr-2018,CE,10000,426.55,489,419.4,477.5,477.85,477.5,2541,19917.48,859.98,704550,-26025,10458.65
NIFTY,12-Apr-2018,26-Apr-2018,CE,10050,366.45,410,366.45,410,410,410,6,46.97,1.74,6450,-225,10458.65
NIFTY,12-Apr-2018,26-Apr-2018,CE,10100,337,392.7,327.55,382.2,383,382.2,1741,13664.31,476.23,483375,-32850,10458.65
NIFTY,12-Apr-2018,26-Apr-2018,CE,10150,307,342,288,333.55,336,333.55,179,1406.43,43.79,36675,-3600,10458.65
NIFTY,12-Apr-2018,26-Apr-2018,CE,10200,253,304.9,243,293.35,294,293.35,8419,66140.74,1735.39,1267200,9375,10458.65
NIFTY,12-Apr-2018,26-Apr-2018,CE,10250,209,260.85,207.35,252.05,246.45,252.05,2054,16178.08,387.95,66450,-58200,10458.65
NIFTY,12-Apr-2018,26-Apr-2018,CE,10300,177.65,223,165.55,213.5,214,213.5,30908,243392.29,4627.99,2481375,-408750,10458.65
NIFTY,12-Apr-2018,26-Apr-2018,CE,10350,136.5,184,136.5,174.65,175,174.65,2852,22479.41,340.76,96525,-32250,10458.65
NIFTY,12-Apr-2018,26-Apr-2018,CE,10400,117.85,148.55,103.2,139.1,139.5,139.1,133140,1051219.24,12727.24,3553050,199425,10458.65
NIFTY,12-Apr-2018,26-Apr-2018,CE,10450,83.1,115.65,77.95,108.35,108,108.35,15528,122845.96,1145.26,209925,-27975,10458.65
NIFTY,12-Apr-2018,26-Apr-2018,CE,10500,65.1,87.45,55.75,80.55,80.2,80.55,169601,1344991.01,9383.14,3789525,-594150,10458.65
NIFTY,12-Apr-2018,26-Apr-2018,CE,10550,42.85,63.15,39,57.65,56.8,57.65,12750,101385.86,501.48,365400,88800,10458.65
NIFTY,12-Apr-2018,26-Apr-2018,CE,10600,32.75,44.5,24.55,39.85,39.7,39.85,118034,941575.92,3205.62,3908025,62175,10458.65
NIFTY,12-Apr-2018,26-Apr-2018,CE,10650,32.8,32.8,11.65,25.85,25.65,25.85,7392,59178.46,134.86,378900,103875,10458.65
NIFTY,12-Apr-2018,26-Apr-2018,CE,10700,13.75,19.85,11.45,17.5,17.35,17.5,68698,552126.27,824.82,2629875,128100,10458.65
NIFTY,12-Apr-2018,26-Apr-2018,CE,10750,8.15,12.5,8,10.8,10.55,10.8,3163,25526.43,24.74,148800,70050,10458.65
NIFTY,12-Apr-2018,26-Apr-2018,CE,10800,6.4,8.2,5.55,7.15,7,7.15,43335,351233.9,220.4,1725225,-81525,10458.65
NIFTY,12-Apr-2018,26-Apr-2018,CE,10850,3.8,5.5,3.75,4.8,4.6,4.8,659,5364.91,2.29,54900,7725,10458.65
NIFTY,12-Apr-2018,26-Apr-2018,CE,10900,3.2,3.7,3,3.3,3.15,3.3,13478,110216.08,33.43,1045050,32325,10458.65
NIFTY,12-Apr-2018,26-Apr-2018,CE,10950,2.5,3.15,1.25,2.75,2.75,2.75,28,230.01,.06,6675,375,10458.65
NIFTY,12-Apr-2018,26-Apr-2018,CE,11000,2.45,2.45,1.7,2.1,2.05,2.1,18705,154345.18,28.93,3532350,-255075,10458.65
NIFTY,12-Apr-2018,26-Apr-2018,CE,11050,2.1,2.2,1.2,2.1,2.1,2.1,12,99.47,.02,260325,150,10458.65
NIFTY,12-Apr-2018,26-Apr-2018,CE,11100,2.25,2.25,1.25,1.45,1.25,1.45,1908,15886.17,2.07,862875,-10875,10458.65
NIFTY,12-Apr-2018,26-Apr-2018,CE,11150,0,0,0,284.2,0,3.05,0,0,0,0,0,10458.65
NIFTY,13-Apr-2018,26-Apr-2018,CE,9600,881,910.95,860.1,890.1,890,890.1,219,1723.04,146.24,71550,-6825,10480.6
NIFTY,13-Apr-2018,26-Apr-2018,CE,9650,845.6,845.6,807.55,807.55,807.55,807.55,13,102.14,8.06,75,75,10480.6
NIFTY,13-Apr-2018,26-Apr-2018,CE,9700,776.95,819.3,753.8,789,789,789,195,1533.88,115.25,124650,-2325,10480.6
NIFTY,13-Apr-2018,26-Apr-2018,CE,9750,743.85,750,710,710,710,710,20,157.16,10.91,150,150,10480.6
NIFTY,13-Apr-2018,26-Apr-2018,CE,9800,678.15,725.5,662.55,693.25,693.35,693.25,341,2684.08,177.73,199275,-9525,10480.6
NIFTY,13-Apr-2018,26-Apr-2018,CE,9850,0,0,0,524.5,524.5,654.7,0,0,0,225,0,10480.6
NIFTY,13-Apr-2018,26-Apr-2018,CE,9900,591.7,628.15,569.05,595,596,595,495,3897.6,222.22,258750,-24375,10480.6
NIFTY,13-Apr-2018,26-Apr-2018,CE,9950,0,0,0,534.6,534.6,557.15,0,0,0,2625,0,10480.6
NIFTY,13-Apr-2018,26-Apr-2018,CE,10000,485.95,531.95,467,495.75,499.35,495.75,2828,22272.59,1062.59,609900,-94650,10480.6
NIFTY,13-Apr-2018,26-Apr-2018,CE,10050,0,0,0,410,410,462.15,0,0,0,6450,0,10480.6
NIFTY,13-Apr-2018,26-Apr-2018,CE,10100,390.7,433.55,371,400.55,404.3,400.55,2294,18070.68,693.63,441600,-41775,10480.6
NIFTY,13-Apr-2018,26-Apr-2018,CE,10150,347.75,381.5,343.1,353.6,352.85,353.6,137,1080.29,37.37,30225,-6450,10480.6
NIFTY,13-Apr-2018,26-Apr-2018,CE,10200,315.7,342.95,281.55,308.3,312,308.3,6139,48399.83,1436.48,1193550,-73650,10480.6
NIFTY,13-Apr-2018,26-Apr-2018,CE,10250,258.2,297.3,244.3,264.15,269.1,264.15,445,3509.89,88.96,52725,-13725,10480.6
NIFTY,13-Apr-2018,26-Apr-2018,CE,10300,221.2,255.9,202.05,225.9,228.4,225.9,18644,147224.12,3199.22,2199375,-282000,10480.6
NIFTY,13-Apr-2018,26-Apr-2018,CE,10350,191.25,211.85,163.95,185.25,185.8,185.25,1515,11971.61,211.42,75375,-21150,10480.6
NIFTY,13-Apr-2018,26-Apr-2018,CE,10400,144.8,174.15,128.2,146.75,148.5,146.75,85304,675013.78,9642.58,2810100,-742950,10480.6
NIFTY,13-Apr-2018,26-Apr-2018,CE,10450,113.95,137,98.1,114.75,114.05,114.75,11255,89195.16,984.1,195225,-14700,10480.6
NIFTY,13-Apr-2018,26-Apr-2018,CE,10500,85.2,104.7,70.45,84.1,84.7,84.1,249155,1978454.43,16358.81,4215675,426150,10480.6
NIFTY,13-Apr-2018,26-Apr-2018,CE,10550,62.95,77,49.05,60,61.3,60,24115,191939.71,1129.78,454050,88650,10480.6
NIFTY,13-Apr-2018,26-Apr-2018,CE,10600,42.1,53.8,33.2,40.7,41.45,40.7,222884,1779241.35,7313.55,3072825,-835200,10480.6
NIFTY,13-Apr-2018,26-Apr-2018,CE,10650,30,35.75,20.9,26.55,27,26.55,23407,187457.58,494.17,566925,188025,10480.6
NIFTY,13-Apr-2018,26-Apr-2018,CE,10700,18.3,23,13,16.4,16.7,16.4,168852,1357336.48,2299.18,4056225,1426350,10480.6
NIFTY,13-Apr-2018,26-Apr-2018,CE,10750,11.8,14,8.5,10.2,10.5,10.2,5699,45995.13,46.95,190050,41250,10480.6
NIFTY,13-Apr-2018,26-Apr-2018,CE,10800,8.7,9,5.6,6.7,6.95,6.7,85238,690882.77,454.97,1886775,161550,10480.6
NIFTY,13-Apr-2018,26-Apr-2018,CE,10850,5,5.45,3.75,4.3,4.35,4.3,1388,11299.68,4.83,78900,24000,10480.6
NIFTY,13-Apr-2018,26-Apr-2018,CE,10900,3.5,3.7,2.9,3.05,3.1,3.05,25142,205597.21,61.36,1167225,122175,10480.6
NIFTY,13-Apr-2018,26-Apr-2018,CE,10950,1.35,3.8,1.35,2.7,3.1,2.7,156,1281.46,.31,12450,5775,10480.6
NIFTY,13-Apr-2018,26-Apr-2018,CE,11000,2,2.15,1.85,1.95,2.05,1.95,29277,241579.18,43.93,3546675,14325,10480.6
NIFTY,13-Apr-2018,26-Apr-2018,CE,11050,2.1,2.9,1.25,2.05,2.05,2.05,27,223.81,.04,260475,150,10480.6
NIFTY,13-Apr-2018,26-Apr-2018,CE,11100,1.5,1.55,1.25,1.35,1.25,1.35,2188,18217.44,2.34,858450,-4425,10480.6
NIFTY,13-Apr-2018,26-Apr-2018,CE,11150,0,0,0,284.2,0,2.4,0,0,0,0,0,10480.6
NIFTY,16-Apr-2018,26-Apr-2018,CE,9600,861,944,861,942.5,944,942.5,34,267.76,22.96,71100,-450,10528.35
NIFTY,16-Apr-2018,26-Apr-2018,CE,9650,0,0,0,807.55,807.55,895.45,0,0,0,75,0,10528.35
NIFTY,16-Apr-2018,26-Apr-2018,CE,9700,762.9,838.65,762.9,834.75,838.45,834.75,96,756.64,58.24,122775,-1875,10528.35
NIFTY,16-Apr-2018,26-Apr-2018,CE,9750,0,0,0,710,710,795.7,0,0,0,150,0,10528.35
NIFTY,16-Apr-2018,26-Apr-2018,CE,9800,654.45,747.3,653.15,739.4,745.8,739.4,372,2932.86,198.66,191325,-7950,10528.35
NIFTY,16-Apr-2018,26-Apr-2018,CE,9850,0,0,0,524.5,524.5,696.05,0,0,0,225,0,10528.35
NIFTY,16-Apr-2018,26-Apr-2018,CE,9900,540,648.75,540,637.1,648.75,637.1,607,4779.62,272.64,233700,-25050,10528.35
NIFTY,16-Apr-2018,26-Apr-2018,CE,9950,0,0,0,534.6,534.6,596.85,0,0,0,2625,0,10528.35
NIFTY,16-Apr-2018,26-Apr-2018,CE,10000,437.5,549,437.45,545.15,545,545.15,1159,9127.69,435.19,588000,-21900,10528.35
NIFTY,16-Apr-2018,26-Apr-2018,CE,10050,415,494.7,415,494.7,494.7,494.7,15,118.16,5.09,5700,-750,10528.35
NIFTY,16-Apr-2018,26-Apr-2018,CE,10100,358.6,452.8,336.3,449.15,452,449.15,996,7844.28,299.58,417825,-23775,10528.35
NIFTY,16-Apr-2018,26-Apr-2018,CE,10150,319.8,400.9,319.8,397.75,400.9,397.75,24,189.26,6.56,29700,-525,10528.35
NIFTY,16-Apr-2018,26-Apr-2018,CE,10200,231.15,358.1,231.1,352.5,355,352.5,5553,43832.97,1352.52,1077000,-116550,10528.35
NIFTY,16-Apr-2018,26-Apr-2018,CE,10250,235,310.3,227.35,305.3,310,305.3,428,3380.89,90.64,44400,-8325,10528.35
NIFTY,16-Apr-2018,26-Apr-2018,CE,10300,160.1,268.8,160.1,263.1,266.05,263.1,17918,141496.76,3080.21,2056125,-143250,10528.35
NIFTY,16-Apr-2018,26-Apr-2018,CE,10350,147.15,221.55,126.05,217.85,219.15,217.85,2020,15959.27,279.02,74625,-750,10528.35
NIFTY,16-Apr-2018,26-Apr-2018,CE,10400,62.05,180,62.05,176.45,179.4,176.45,80832,639363.91,8874.31,2532375,-277725,10528.35
NIFTY,16-Apr-2018,26-Apr-2018,CE,10450,70,142,57.1,139,141.4,139,14006,110929.11,1157.08,184125,-11100,10528.35
NIFTY,16-Apr-2018,26-Apr-2018,CE,10500,39.1,106,39.1,103.15,105.7,103.15,225571,1790577.04,14205.42,3978750,-236925,10528.35
NIFTY,16-Apr-2018,26-Apr-2018,CE,10550,38.15,76,37.9,73.95,75.35,73.95,24292,193323.47,1113.02,517200,63150,10528.35
NIFTY,16-Apr-2018,26-Apr-2018,CE,10600,34.9,52.65,25,51.1,51.85,51.1,180468,1440384.82,5664.22,2955150,-117675,10528.35
NIFTY,16-Apr-2018,26-Apr-2018,CE,10650,19.35,36,14.8,33.4,34,33.4,17610,141022.82,362.94,537600,-29325,10528.35
NIFTY,16-Apr-2018,26-Apr-2018,CE,10700,12.2,21.2,7.5,20.3,20.7,20.3,132960,1068640.83,1636.83,4416075,359850,10528.35
NIFTY,16-Apr-2018,26-Apr-2018,CE,10750,5.45,12.4,5.2,11.85,11.9,11.85,5939,47925.77,42.59,225150,35100,10528.35
NIFTY,16-Apr-2018,26-Apr-2018,CE,10800,4.75,7.5,4.1,7.2,7.3,7.2,66190,536436.03,297.03,1903350,16575,10528.35
NIFTY,16-Apr-2018,26-Apr-2018,CE,10850,3.4,4.55,2.05,4.35,4.15,4.35,1231,10020.94,3.68,85200,6300,10528.35
NIFTY,16-Apr-2018,26-Apr-2018,CE,10900,2.35,2.85,2.05,2.7,2.75,2.7,21220,173513.14,39.64,1160175,-7050,10528.35
NIFTY,16-Apr-2018,26-Apr-2018,CE,10950,1.95,3,1.75,2.05,2,2.05,41,336.78,.06,12450,0,10528.35
NIFTY,16-Apr-2018,26-Apr-2018,CE,11000,2,2,1.5,1.75,1.65,1.75,22250,183590.47,27.97,3598125,51450,10528.35
NIFTY,16-Apr-2018,26-Apr-2018,CE,11050,0.5,3,0.5,1.4,1.45,1.4,24,198.93,.03,260850,375,10528.35
NIFTY,16-Apr-2018,26-Apr-2018,CE,11100,1.15,1.3,0.85,1.1,1,1.1,2718,22629.71,2.36,867975,9525,10528.35
NIFTY,16-Apr-2018,26-Apr-2018,CE,11150,0,0,0,284.2,0,1.25,0,0,0,0,0,10528.35
NIFTY,17-Apr-2018,26-Apr-2018,CE,9600,933.75,954.65,900.1,952,952,952,7,55.32,4.92,70950,-150,10548.7
NIFTY,17-Apr-2018,26-Apr-2018,CE,9650,0,0,0,807.55,807.55,914.1,0,0,0,75,0,10548.7
NIFTY,17-Apr-2018,26-Apr-2018,CE,9700,834.3,856.75,802.45,843.8,841.15,843.8,126,995.72,79.07,121425,-1350,10548.7
NIFTY,17-Apr-2018,26-Apr-2018,CE,9750,0,0,0,710,710,814.3,0,0,0,150,0,10548.7
NIFTY,17-Apr-2018,26-Apr-2018,CE,9800,740,765,705,747.6,745.55,747.6,146,1154.46,81.36,189600,-1725,10548.7
NIFTY,17-Apr-2018,26-Apr-2018,CE,9850,0,0,0,524.5,524.5,714.5,0,0,0,225,0,10548.7
NIFTY,17-Apr-2018,26-Apr-2018,CE,9900,630.45,661.8,617.4,649.75,649,649.75,139,1098.78,66.71,226725,-6975,10548.7
NIFTY,17-Apr-2018,26-Apr-2018,CE,9950,0,0,0,534.6,534.6,614.9,0,0,0,2625,0,10548.7
NIFTY,17-Apr-2018,26-Apr-2018,CE,10000,508.3,567.5,503.7,553.95,550.1,553.95,952,7527.8,387.8,570975,-17025,10548.7
NIFTY,17-Apr-2018,26-Apr-2018,CE,10050,489.75,503.8,489.75,503.8,503.8,503.8,6,47.45,2.23,5850,150,10548.7
NIFTY,17-Apr-2018,26-Apr-2018,CE,10100,579.55,579.55,413.05,453.5,450.4,453.5,928,7340.29,310.69,378075,-39750,10548.7
NIFTY,17-Apr-2018,26-Apr-2018,CE,10150,397,407,376.9,407,407,407,7,55.36,2.07,29625,-75,10548.7
NIFTY,17-Apr-2018,26-Apr-2018,CE,10200,384.9,384.9,312.85,357.2,356.05,357.2,2967,23467.85,770.3,1025325,-51675,10548.7
NIFTY,17-Apr-2018,26-Apr-2018,CE,10250,310,324.3,274.65,311.8,306.85,311.8,192,1519.98,43.98,43125,-1275,10548.7
NIFTY,17-Apr-2018,26-Apr-2018,CE,10300,291.7,405.4,226.25,266.8,264.35,266.8,10568,83673.41,2035.61,1959000,-97125,10548.7
NIFTY,17-Apr-2018,26-Apr-2018,CE,10350,217.75,232.05,183,218.9,216.55,218.9,946,7494.92,151.6,63600,-11025,10548.7
NIFTY,17-Apr-2018,26-Apr-2018,CE,10400,195,208.25,143.65,178.15,176,178.15,39861,315998.66,5082.86,2076900,-455475,10548.7
NIFTY,17-Apr-2018,26-Apr-2018,CE,10450,139.05,149.85,108.85,138.85,135.6,138.85,6423,50973.04,632.78,121200,-62925,10548.7
NIFTY,17-Apr-2018,26-Apr-2018,CE,10500,120.05,134.3,77.1,103.3,101.6,103.3,195657,1555138.47,14339.6,3878700,-100050,10548.7
NIFTY,17-Apr-2018,26-Apr-2018,CE,10550,78,81.25,52.35,72.5,71,72.5,48710,387929.81,2511.94,460125,-57075,10548.7
NIFTY,17-Apr-2018,26-Apr-2018,CE,10600,52.05,55.25,34.25,48.2,47.3,48.2,253368,2023131.93,8856.33,3236100,280950,10548.7
NIFTY,17-Apr-2018,26-Apr-2018,CE,10650,33.5,35.15,21.15,30.1,29.3,30.1,22695,181778.54,502.23,674775,137175,10548.7
NIFTY,17-Apr-2018,26-Apr-2018,CE,10700,22,23.6,12.55,18,17.25,18,184610,1483989.44,2494.19,4630650,214575,10548.7
NIFTY,17-Apr-2018,26-Apr-2018,CE,10750,13.8,13.8,7.5,10.15,9.8,10.15,9336,75344.42,72.92,317325,92175,10548.7
NIFTY,17-Apr-2018,26-Apr-2018,CE,10800,6.9,7.7,4.8,6.1,6,6.1,85843,695737.41,409.11,1890075,-13275,10548.7
NIFTY,17-Apr-2018,26-Apr-2018,CE,10850,3.8,4.4,3.1,3.6,3.4,3.6,4083,33237.02,11.6,149325,64125,10548.7
NIFTY,17-Apr-2018,26-Apr-2018,CE,10900,2.2,3,1.75,2.3,2.1,2.3,33025,270040.12,60.75,1223850,63675,10548.7
NIFTY,17-Apr-2018,26-Apr-2018,CE,10950,3,3,1.7,1.85,1.9,1.85,314,2579.18,.46,19800,7350,10548.7
NIFTY,17-Apr-2018,26-Apr-2018,CE,11000,2.45,2.45,1.45,1.55,1.45,1.55,29020,239450.14,35.14,3480900,-117225,10548.7
NIFTY,17-Apr-2018,26-Apr-2018,CE,11050,1.4,1.5,1.15,1.15,1.15,1.15,20,165.77,.02,261600,750,10548.7
NIFTY,17-Apr-2018,26-Apr-2018,CE,11100,1.2,1.3,0.75,0.8,0.75,0.8,3993,33244.4,2.67,913800,45825,10548.7
NIFTY,17-Apr-2018,26-Apr-2018,CE,11150,0,0,0,284.2,0,0.85,0,0,0,0,0,10548.7
NIFTY,18-Apr-2018,26-Apr-2018,CE,9600,953,982,930.5,948.85,953,948.85,37,293.04,26.64,69675,-1275,10526.2
NIFTY,18-Apr-2018,26-Apr-2018,CE,9650,0,0,0,807.55,807.55,889.85,0,0,0,75,0,10526.2
NIFTY,18-Apr-2018,26-Apr-2018,CE,9700,862.5,886.65,814.5,831.15,835.1,831.15,175,1385.78,112.65,120300,-1125,10526.2
NIFTY,18-Apr-2018,26-Apr-2018,CE,9750,0,0,0,710,710,790,0,0,0,150,0,10526.2
NIFTY,18-Apr-2018,26-Apr-2018,CE,9800,760.15,793.25,723.1,731.9,753.85,731.9,177,1403.14,102.19,185025,-4575,10526.2
NIFTY,18-Apr-2018,26-Apr-2018,CE,9850,0,0,0,524.5,524.5,690.2,0,0,0,225,0,10526.2
NIFTY,18-Apr-2018,26-Apr-2018,CE,9900,666,692.55,626.35,640.8,655,640.8,104,823.74,51.54,225225,-1500,10526.2
NIFTY,18-Apr-2018,26-Apr-2018,CE,9950,595.4,595.4,595.4,595.4,595.4,595.4,1,7.91,.45,2625,0,10526.2
NIFTY,18-Apr-2018,26-Apr-2018,CE,10000,565.05,593,525.45,540.45,549,540.45,772,6115.87,325.87,545025,-25950,10526.2
NIFTY,18-Apr-2018,26-Apr-2018,CE,10050,514.1,518.6,514.1,518.6,518.6,518.6,3,23.77,1.16,5700,-150,10526.2
NIFTY,18-Apr-2018,26-Apr-2018,CE,10100,465,494,425.05,437.15,453,437.15,959,7596.87,332.45,332325,-45750,10526.2
NIFTY,18-Apr-2018,26-Apr-2018,CE,10150,414.05,420.7,377,380.25,377,380.25,43,340.47,13.13,28275,-1350,10526.2
NIFTY,18-Apr-2018,26-Apr-2018,CE,10200,383.95,396,326.35,338.1,352.25,338.1,2649,20985.47,720.62,999150,-26175,10526.2
NIFTY,18-Apr-2018,26-Apr-2018,CE,10250,319.2,347.15,293.2,298.6,313.6,298.6,191,1514.45,46.14,38025,-5100,10526.2
NIFTY,18-Apr-2018,26-Apr-2018,CE,10300,289.05,304.8,238.6,250.1,265.25,250.1,6525,51740.63,1335,1845450,-113550,10526.2
NIFTY,18-Apr-2018,26-Apr-2018,CE,10350,228.4,250.4,194,209.3,216,209.3,563,4465.45,95.16,58200,-5400,10526.2
NIFTY,18-Apr-2018,26-Apr-2018,CE,10400,194.75,211.8,152.5,164.35,173.85,164.35,26040,206689.33,3577.33,1898325,-178575,10526.2
NIFTY,18-Apr-2018,26-Apr-2018,CE,10450,149.55,167.35,113.7,126.55,134.85,126.55,3421,27173.11,361.02,111750,-9450,10526.2
NIFTY,18-Apr-2018,26-Apr-2018,CE,10500,110.15,130,81,91.7,98.35,91.7,158080,1257591.6,12711.6,3907275,28575,10526.2
NIFTY,18-Apr-2018,26-Apr-2018,CE,10550,88.2,93.45,53.7,61.7,68.65,61.7,35906,286107.13,2000.91,535200,75075,10526.2
NIFTY,18-Apr-2018,26-Apr-2018,CE,10600,56.2,64.5,33.45,39.8,43.4,39.8,302018,2412478.95,11435.85,3573000,336900,10526.2
NIFTY,18-Apr-2018,26-Apr-2018,CE,10650,34.95,40.45,18.7,23.95,25.95,23.95,51181,409978.12,1169.88,1076475,401700,10526.2
NIFTY,18-Apr-2018,26-Apr-2018,CE,10700,21.8,23.6,10.15,12.65,14.4,12.65,250813,2016042.73,3268.4,5059500,428850,10526.2
NIFTY,18-Apr-2018,26-Apr-2018,CE,10750,11.15,12.65,5,6.8,8,6.8,20163,162703.39,139.2,436350,119025,10526.2
NIFTY,18-Apr-2018,26-Apr-2018,CE,10800,6,7.9,3.5,4.2,4.85,4.2,110035,891734.44,450.94,2171250,281175,10526.2
NIFTY,18-Apr-2018,26-Apr-2018,CE,10850,3.55,3.75,2.25,2.45,2.65,2.45,6051,49252.97,12.96,288375,139050,10526.2
NIFTY,18-Apr-2018,26-Apr-2018,CE,10900,2.65,2.65,1.25,1.9,1.75,1.9,30669,250764.57,45.5,1269225,45375,10526.2
NIFTY,18-Apr-2018,26-Apr-2018,CE,10950,1.9,1.9,0.8,1.55,1.25,1.55,153,1256.69,.17,16875,-2925,10526.2
NIFTY,18-Apr-2018,26-Apr-2018,CE,11000,1.5,1.5,1.15,1.3,1.2,1.3,23618,194872.45,23.95,3371700,-109200,10526.2
NIFTY,18-Apr-2018,26-Apr-2018,CE,11050,1.1,2,0.4,0.55,0.55,0.55,7,58.02,.01,261525,-75,10526.2
NIFTY,18-Apr-2018,26-Apr-2018,CE,11100,0.35,1,0.25,0.95,0.8,0.95,2377,19790.04,1.51,895350,-18450,10526.2
NIFTY,18-Apr-2018,26-Apr-2018,CE,11150,0,0,0,284.2,0,0.3,0,0,0,0,0,10526.2
NIFTY,19-Apr-2018,26-Apr-2018,CE,9600,956,977.15,956,977.15,977.15,977.15,6,47.52,4.32,69675,0,10565.3
NIFTY,19-Apr-2018,26-Apr-2018,CE,9650,0,0,0,807.55,807.55,927.3,0,0,0,75,0,10565.3
NIFTY,19-Apr-2018,26-Apr-2018,CE,9700,859.95,877,855.1,872.3,877,872.3,24,190.1,15.5,119775,-525,10565.3
NIFTY,19-Apr-2018,26-Apr-2018,CE,9750,0,0,0,710,710,827.4,0,0,0,150,0,10565.3
NIFTY,19-Apr-2018,26-Apr-2018,CE,9800,770,781,750.5,775.7,780.05,775.7,250,1980.75,143.25,173475,-11550,10565.3
NIFTY,19-Apr-2018,26-Apr-2018,CE,9850,0,0,0,524.5,524.5,727.55,0,0,0,225,0,10565.3
NIFTY,19-Apr-2018,26-Apr-2018,CE,9900,671.3,682.55,656,675.75,678.5,675.75,55,435.89,27.51,222450,-2775,10565.3
NIFTY,19-Apr-2018,26-Apr-2018,CE,9950,0,0,0,595.4,595.4,627.7,0,0,0,2625,0,10565.3
NIFTY,19-Apr-2018,26-Apr-2018,CE,10000,577.85,585.65,550.95,582.55,578.35,582.55,543,4305.47,232.97,534675,-10350,10565.3
NIFTY,19-Apr-2018,26-Apr-2018,CE,10050,511.6,520.3,509.85,520.3,520.3,520.3,6,47.54,2.32,5625,-75,10565.3
NIFTY,19-Apr-2018,26-Apr-2018,CE,10100,475.1,481.65,452.2,478.05,479.25,478.05,303,2402.03,106.81,326700,-5625,10565.3
NIFTY,19-Apr-2018,26-Apr-2018,CE,10150,414,425,404.5,422.95,425,422.95,25,198.12,7.81,27150,-1125,10565.3
NIFTY,19-Apr-2018,26-Apr-2018,CE,10200,386.65,387,355,379.9,381.9,379.9,3138,24885.41,879.71,980550,-18600,10565.3
NIFTY,19-Apr-2018,26-Apr-2018,CE,10250,324.55,337.45,315.55,332.15,332.9,332.15,77,610.83,18.89,36975,-1050,10565.3
NIFTY,19-Apr-2018,26-Apr-2018,CE,10300,304.9,319.05,263,286.95,288.95,286.95,3840,30469,805,1823325,-22125,10565.3
NIFTY,19-Apr-2018,26-Apr-2018,CE,10350,234.6,240.8,217.2,237.25,232.35,237.25,232,1840.94,40.04,56700,-1500,10565.3
NIFTY,19-Apr-2018,26-Apr-2018,CE,10400,200,200.2,172.25,192.3,194,192.3,14945,118662,2091,1781475,-116850,10565.3
NIFTY,19-Apr-2018,26-Apr-2018,CE,10450,150,156.25,130.1,149.5,150.4,149.5,2509,19936.06,271.77,94125,-17625,10565.3
NIFTY,19-Apr-2018,26-Apr-2018,CE,10500,112.15,120.25,95.75,111,112.7,111,119416,950011.65,9610.65,3598875,-308400,10565.3
NIFTY,19-Apr-2018,26-Apr-2018,CE,10550,78,85,63.6,75.6,75.95,75.6,26416,210462.98,1446.38,507000,-28200,10565.3
NIFTY,19-Apr-2018,26-Apr-2018,CE,10600,49.35,59.05,39.05,48.2,48,48.2,225419,1799963.73,7882.68,3780150,207150,10565.3
NIFTY,19-Apr-2018,26-Apr-2018,CE,10650,28.8,33,22.35,27.45,27.2,27.45,30564,244753.94,623.99,1021800,-54675,10565.3
NIFTY,19-Apr-2018,26-Apr-2018,CE,10700,15.7,24.4,11.85,14.05,14,14.05,121477,976145.2,1292.28,5067000,7500,10565.3
NIFTY,19-Apr-2018,26-Apr-2018,CE,10750,9.15,9.2,6.05,6.8,7.1,6.8,13885,112020.74,72.92,507825,71475,10565.3
NIFTY,19-Apr-2018,26-Apr-2018,CE,10800,6.9,6.9,3.25,3.55,3.6,3.55,42753,346424.9,125.6,2236350,65100,10565.3
NIFTY,19-Apr-2018,26-Apr-2018,CE,10850,2.75,3.25,1.6,1.85,1.6,1.85,3818,31075,6.02,230100,-58275,10565.3
NIFTY,19-Apr-2018,26-Apr-2018,CE,10900,1.35,2,0.9,1.15,0.95,1.15,15829,129417.71,15.64,1107600,-161625,10565.3
NIFTY,19-Apr-2018,26-Apr-2018,CE,10950,1.65,1.65,0.9,1.1,0.9,1.1,57,468.17,.05,19350,2475,10565.3
NIFTY,19-Apr-2018,26-Apr-2018,CE,11000,1.3,1.3,0.9,0.95,0.9,0.95,21819,180023.38,16.63,3393675,21975,10565.3
NIFTY,19-Apr-2018,26-Apr-2018,CE,11050,0.75,1.45,0.7,0.85,0.85,0.85,61,505.58,.04,263025,1500,10565.3
NIFTY,19-Apr-2018,26-Apr-2018,CE,11100,0.8,0.95,0.6,0.6,0.6,0.6,1008,8392.12,.52,869400,-25950,10565.3
NIFTY,19-Apr-2018,26-Apr-2018,CE,11150,0,0,0,284.2,0,0.25,0,0,0,0,0,10565.3
NIFTY,20-Apr-2018,26-Apr-2018,CE,9600,943,990.8,929.7,975.55,987.75,975.55,195,1543.25,139.25,60450,-9225,10564.05
NIFTY,20-Apr-2018,26-Apr-2018,CE,9650,0,0,0,807.55,807.55,924.35,0,0,0,75,0,10564.05
NIFTY,20-Apr-2018,26-Apr-2018,CE,9700,842.65,885.45,827,880.6,883.9,880.6,462,3655.22,294.17,96375,-23400,10564.05
NIFTY,20-Apr-2018,26-Apr-2018,CE,9750,0,0,0,710,710,824.45,0,0,0,150,0,10564.05
NIFTY,20-Apr-2018,26-Apr-2018,CE,9800,749,790.8,733.6,781.25,788.7,781.25,550,4353.51,311.01,137475,-36000,10564.05
NIFTY,20-Apr-2018,26-Apr-2018,CE,9850,732.05,732.05,732.05,732.05,732.05,732.05,2,15.87,1.1,225,0,10564.05
NIFTY,20-Apr-2018,26-Apr-2018,CE,9900,640.75,695.8,634,679.5,695.8,679.5,153,1210.42,74.39,218025,-4425,10564.05
NIFTY,20-Apr-2018,26-Apr-2018,CE,9950,0,0,0,595.4,595.4,624.65,0,0,0,2625,0,10564.05
NIFTY,20-Apr-2018,26-Apr-2018,CE,10000,550.05,592.9,532,582.5,590.7,582.5,1476,11673.42,603.42,469500,-65175,10564.05
NIFTY,20-Apr-2018,26-Apr-2018,CE,10050,481,515,481,515,515,515,18,142.4,6.72,4275,-1350,10564.05
NIFTY,20-Apr-2018,26-Apr-2018,CE,10100,448.8,493,433,484.45,491,484.45,386,3055.92,131.97,315075,-11625,10564.05
NIFTY,20-Apr-2018,26-Apr-2018,CE,10150,389.9,432.65,383,432.65,432.65,432.65,42,332.36,12.64,25275,-1875,10564.05
NIFTY,20-Apr-2018,26-Apr-2018,CE,10200,355,394.05,333,380.4,392.3,380.4,2691,21308.32,722.17,910800,-69750,10564.05
NIFTY,20-Apr-2018,26-Apr-2018,CE,10250,307.5,339.85,288,329.85,339.85,329.85,175,1385.09,39.78,29250,-7725,10564.05
NIFTY,20-Apr-2018,26-Apr-2018,CE,10300,260.05,298.15,241.7,286.85,297,286.85,7522,59595.33,1487.88,1662975,-160350,10564.05
NIFTY,20-Apr-2018,26-Apr-2018,CE,10350,214.75,247,195,238.8,243,238.8,465,3685.18,75.62,52425,-4275,10564.05
NIFTY,20-Apr-2018,26-Apr-2018,CE,10400,173.55,200,150.8,187.7,199,187.7,34204,271070.88,4279.68,1598850,-182625,10564.05
NIFTY,20-Apr-2018,26-Apr-2018,CE,10450,125,153.25,109,140.4,150,140.4,3869,30679.09,355.81,87525,-6600,10564.05
NIFTY,20-Apr-2018,26-Apr-2018,CE,10500,104.8,112.5,75.6,101.65,110.05,101.65,192802,1531038.03,12722.28,3254175,-344700,10564.05
NIFTY,20-Apr-2018,26-Apr-2018,CE,10550,59.7,75.75,47,67.85,75,67.85,54329,432202.21,2324,668100,161100,10564.05
NIFTY,20-Apr-2018,26-Apr-2018,CE,10600,44.9,45.5,26.2,39.05,44.7,39.05,327309,2610128.03,8021.48,3491550,-288600,10564.05
NIFTY,20-Apr-2018,26-Apr-2018,CE,10650,18.2,23.75,12.2,19.7,23.25,19.7,67840,542708.42,836.42,1030500,8700,10564.05
NIFTY,20-Apr-2018,26-Apr-2018,CE,10700,8,10.9,5.25,9,10.35,9,271735,2182152.97,1479.6,5001750,-65250,10564.05
NIFTY,20-Apr-2018,26-Apr-2018,CE,10750,4,6.3,2.25,3.85,4.05,3.85,23393,188662.78,56.71,418875,-88950,10564.05
NIFTY,20-Apr-2018,26-Apr-2018,CE,10800,2.5,4.15,1.25,2,2.05,2,99071,802602.36,127.26,2161125,-75225,10564.05
NIFTY,20-Apr-2018,26-Apr-2018,CE,10850,0.65,1.7,0.6,1.1,1.3,1.1,2593,21102.52,1.99,204450,-25650,10564.05
NIFTY,20-Apr-2018,26-Apr-2018,CE,10900,1.3,1.3,0.65,0.8,0.95,0.8,27208,222441.13,15.73,1077750,-29850,10564.05
NIFTY,20-Apr-2018,26-Apr-2018,CE,10950,0.85,1.25,0.55,0.85,1,0.85,124,1018.43,.08,18750,-600,10564.05
NIFTY,20-Apr-2018,26-Apr-2018,CE,11000,0.75,0.85,0.55,0.7,0.7,0.7,34791,287042.76,17.01,3435300,41625,10564.05
NIFTY,20-Apr-2018,26-Apr-2018,CE,11050,0.5,0.85,0.15,0.75,0.85,0.75,23,190.62,.01,262950,-75,10564.05
NIFTY,20-Apr-2018,26-Apr-2018,CE,11100,0.55,0.55,0.35,0.5,0.5,0.5,2168,18049.37,.77,887325,17925,10564.05
NIFTY,20-Apr-2018,26-Apr-2018,CE,11150,0,0,0,284.2,0,0.1,0,0,0,0,0,10564.05
NIFTY,23-Apr-2018,26-Apr-2018,CE,9600,955.45,1010.35,952,973.55,973.8,973.55,506,4022.16,378.96,28425,-32025,10584.7
NIFTY,23-Apr-2018,26-Apr-2018,CE,9650,0,0,0,807.55,807.55,939.85,0,0,0,75,0,10584.7
NIFTY,23-Apr-2018,26-Apr-2018,CE,9700,861.4,909.6,848,898.9,898.9,898.9,188,1491.82,124.12,87225,-9150,10584.7
NIFTY,23-Apr-2018,26-Apr-2018,CE,9750,0,0,0,710,710,839.9,0,0,0,150,0,10584.7
NIFTY,23-Apr-2018,26-Apr-2018,CE,9800,763,815.55,751,775.8,778.85,775.8,479,3802.95,282.3,109875,-27600,10584.7
NIFTY,23-Apr-2018,26-Apr-2018,CE,9850,751.75,751.75,751.75,751.75,751.75,751.75,1,7.95,.56,150,-75,10584.7
NIFTY,23-Apr-2018,26-Apr-2018,CE,9900,669.45,711.65,650.6,684.75,678.15,684.75,634,5032.86,325.41,183600,-34425,10584.7
NIFTY,23-Apr-2018,26-Apr-2018,CE,9950,629.1,650,629.1,650,650,650,32,254.04,15.24,750,-1875,10584.7
NIFTY,23-Apr-2018,26-Apr-2018,CE,10000,580.05,613.3,551,579.8,580,579.8,2887,22932.7,1280.2,348225,-121275,10584.7
NIFTY,23-Apr-2018,26-Apr-2018,CE,10050,510,554.9,510,554.9,554.9,554.9,12,95.11,4.66,3375,-900,10584.7
NIFTY,23-Apr-2018,26-Apr-2018,CE,10100,473.6,517,447.7,481.05,479.9,481.05,1282,10186.95,475.8,256650,-58425,10584.7
NIFTY,23-Apr-2018,26-Apr-2018,CE,10150,398,459.55,397.55,433.05,415,433.05,82,650.78,26.56,22275,-3000,10584.7
NIFTY,23-Apr-2018,26-Apr-2018,CE,10200,397.85,418.25,349.45,387.15,383,387.15,4499,35754.26,1336.91,738750,-172050,10584.7
NIFTY,23-Apr-2018,26-Apr-2018,CE,10250,310,365.3,310,332.3,332,332.3,101,802.23,25.79,23175,-6075,10584.7
NIFTY,23-Apr-2018,26-Apr-2018,CE,10300,276,318.5,253.55,287.3,284.75,287.3,10383,82460.67,2251.99,1240200,-422775,10584.7
NIFTY,23-Apr-2018,26-Apr-2018,CE,10350,213.2,268.5,200.85,236.7,232,236.7,472,3747.77,83.87,38025,-14400,10584.7
NIFTY,23-Apr-2018,26-Apr-2018,CE,10400,166.8,222.25,158.6,187.75,187.9,187.75,24130,191685.52,3471.52,1354800,-244050,10584.7
NIFTY,23-Apr-2018,26-Apr-2018,CE,10450,127.2,173.75,116,141.5,136.7,141.5,1808,14367.79,197.59,84375,-3150,10584.7
NIFTY,23-Apr-2018,26-Apr-2018,CE,10500,101.65,130.85,79.25,99.4,96.7,99.4,181088,1440523.43,14455.43,2888550,-365625,10584.7
NIFTY,23-Apr-2018,26-Apr-2018,CE,10550,71.35,91,48,63.75,60.8,63.75,63591,506451.16,3287.38,460125,-207975,10584.7
NIFTY,23-Apr-2018,26-Apr-2018,CE,10600,36.95,56.45,26.5,34.65,32.6,34.65,435693,3477522.77,13763.42,3254100,-237450,10584.7
NIFTY,23-Apr-2018,26-Apr-2018,CE,10650,15.4,30,12.2,16.15,14.9,16.15,95674,765752.22,1556.15,1197225,166725,10584.7
NIFTY,23-Apr-2018,26-Apr-2018,CE,10700,5.7,14.05,4.75,6.6,5.75,6.6,375978,3019899.97,2676.52,4858875,-142875,10584.7
NIFTY,23-Apr-2018,26-Apr-2018,CE,10750,4.05,5.9,1.7,2.7,2.25,2.7,54217,437270.6,146.04,553350,134475,10584.7
NIFTY,23-Apr-2018,26-Apr-2018,CE,10800,1.8,2.6,0.8,1.45,1.2,1.45,147648,1196113.62,164.82,2490600,329475,10584.7
NIFTY,23-Apr-2018,26-Apr-2018,CE,10850,1.1,1.15,0.45,0.75,0.75,0.75,5406,43994.53,3.21,213825,9375,10584.7
NIFTY,23-Apr-2018,26-Apr-2018,CE,10900,0.75,0.95,0.35,0.55,0.35,0.55,42630,348517.27,17.02,1005150,-72600,10584.7
NIFTY,23-Apr-2018,26-Apr-2018,CE,10950,0.45,3.8,0.1,0.35,0.3,0.35,183,1502.98,.1,16725,-2025,10584.7
NIFTY,23-Apr-2018,26-Apr-2018,CE,11000,0.55,0.65,0.45,0.55,0.55,0.55,21588,178109.15,8.15,3259200,-176100,10584.7
NIFTY,23-Apr-2018,26-Apr-2018,CE,11050,0.5,0.9,0.05,0.5,0.5,0.5,163,1350.91,.05,265875,2925,10584.7
NIFTY,23-Apr-2018,26-Apr-2018,CE,11100,0.35,0.5,0.25,0.4,0.45,0.4,2077,17291.58,.56,856050,-31275,10584.7
NIFTY,23-Apr-2018,26-Apr-2018,CE,11150,0,0,0,284.2,0,0,0,0,0,0,0,10584.7
NIFTY,24-Apr-2018,26-Apr-2018,CE,9600,982,1017.1,966,1009.75,1009.45,1009.75,68,540.26,50.66,25425,-3000,10614.35
NIFTY,24-Apr-2018,26-Apr-2018,CE,9650,0,0,0,807.55,807.55,967.8,0,0,0,75,0,10614.35
NIFTY,24-Apr-2018,26-Apr-2018,CE,9700,887.05,925,863.6,910.2,908.4,910.2,391,3107,262.48,64650,-22575,10614.35
NIFTY,24-Apr-2018,26-Apr-2018,CE,9750,0,0,0,710,710,867.85,0,0,0,150,0,10614.35
NIFTY,24-Apr-2018,26-Apr-2018,CE,9800,788.6,827.2,767.6,813.6,811.45,813.6,378,3002.85,224.55,89550,-20325,10614.35
NIFTY,24-Apr-2018,26-Apr-2018,CE,9850,0,0,0,751.75,751.75,767.9,0,0,0,150,0,10614.35
NIFTY,24-Apr-2018,26-Apr-2018,CE,9900,688.35,728.8,664.05,712.5,712.15,712.5,420,3335.65,217.15,167175,-16425,10614.35
NIFTY,24-Apr-2018,26-Apr-2018,CE,9950,647.7,647.7,637.3,637.3,637.3,637.3,2,15.89,.96,675,-75,10614.35
NIFTY,24-Apr-2018,26-Apr-2018,CE,10000,582.85,628.8,565.05,610.95,615.2,610.95,1261,10012.65,555.15,303675,-44550,10614.35
NIFTY,24-Apr-2018,26-Apr-2018,CE,10050,0,0,0,554.9,554.9,567.95,0,0,0,3375,0,10614.35
NIFTY,24-Apr-2018,26-Apr-2018,CE,10100,485,528,464.1,512.9,516.6,512.9,1316,10454.62,485.92,200475,-56175,10614.35
NIFTY,24-Apr-2018,26-Apr-2018,CE,10150,430.05,468.6,417.5,458.85,462.6,458.85,51,405.55,17.32,21375,-900,10614.35
NIFTY,24-Apr-2018,26-Apr-2018,CE,10200,385.65,430,363.15,414,416,414,5094,40483.96,1514.86,598350,-140400,10614.35
NIFTY,24-Apr-2018,26-Apr-2018,CE,10250,339.5,380,322,363.35,365,363.35,59,469.04,15.48,20400,-2775,10614.35
NIFTY,24-Apr-2018,26-Apr-2018,CE,10300,280.05,332.4,266,313.6,319,313.6,7069,56152.56,1544.53,1014825,-225375,10614.35
NIFTY,24-Apr-2018,26-Apr-2018,CE,10350,238.6,274.95,219,262.35,265.8,262.35,289,2297.57,54.2,36675,-1350,10614.35
NIFTY,24-Apr-2018,26-Apr-2018,CE,10400,179.5,234,170.6,216.85,220,216.85,19139,152104.11,2819.91,1023600,-331200,10614.35
NIFTY,24-Apr-2018,26-Apr-2018,CE,10450,145.55,181.1,125.05,163.95,163.85,163.95,1167,9283.39,137.03,61800,-22575,10614.35
NIFTY,24-Apr-2018,26-Apr-2018,CE,10500,90.95,137.65,84.4,120.5,121,120.5,136691,1087417.97,10976.34,2181600,-706950,10614.35
NIFTY,24-Apr-2018,26-Apr-2018,CE,10550,57.1,92.6,50.1,78,78.95,78,37470,298402.49,1921.12,368100,-92025,10614.35
NIFTY,24-Apr-2018,26-Apr-2018,CE,10600,35.8,55.85,25.95,44.25,45.55,44.25,385735,3077734.99,11141.74,2800875,-453225,10614.35
NIFTY,24-Apr-2018,26-Apr-2018,CE,10650,12.95,28,10.8,20.55,20.6,20.55,115794,926498.56,1593.98,1227750,30525,10614.35
NIFTY,24-Apr-2018,26-Apr-2018,CE,10700,7,11.9,4.35,8.2,8.25,8.2,333027,2674350.92,1809.25,4493925,-364950,10614.35
NIFTY,24-Apr-2018,26-Apr-2018,CE,10750,1.25,4.45,1.25,3.05,2.85,3.05,54145,436656.46,112.4,711675,158325,10614.35
NIFTY,24-Apr-2018,26-Apr-2018,CE,10800,1,1.8,0.8,1.3,1.2,1.3,92630,750387.82,84.82,2451225,-39375,10614.35
NIFTY,24-Apr-2018,26-Apr-2018,CE,10850,0.7,1.05,0.35,0.85,0.85,0.85,4911,39965.86,2.6,191850,-21975,10614.35
NIFTY,24-Apr-2018,26-Apr-2018,CE,10900,0.35,0.8,0.35,0.65,0.55,0.65,36721,300209.14,14.97,828750,-176400,10614.35
NIFTY,24-Apr-2018,26-Apr-2018,CE,10950,0.2,0.65,0.2,0.6,0.6,0.6,14,114.98,0,16425,-300,10614.35
NIFTY,24-Apr-2018,26-Apr-2018,CE,11000,0.45,0.65,0.35,0.55,0.55,0.55,17561,144884.83,6.58,3109200,-150000,10614.35
NIFTY,24-Apr-2018,26-Apr-2018,CE,11050,0.15,0.45,0.1,0.2,0.1,0.2,37,306.64,0,263325,-2550,10614.35
NIFTY,24-Apr-2018,26-Apr-2018,CE,11100,0.4,0.6,0.25,0.5,0.6,0.5,3007,25034.2,.93,788325,-67725,10614.35
NIFTY,24-Apr-2018,26-Apr-2018,CE,11150,0,0,0,284.2,0,0,0,0,0,0,0,10614.35
NIFTY,25-Apr-2018,26-Apr-2018,CE,9600,990,1005.1,930,964.6,966.1,964.6,244,1934.76,177.96,8700,-16725,10570.55
NIFTY,25-Apr-2018,26-Apr-2018,CE,9650,0,0,0,807.55,807.55,922.3,0,0,0,75,0,10570.55
NIFTY,25-Apr-2018,26-Apr-2018,CE,9700,885.1,901.8,831,860.9,863.05,860.9,372,2942.81,236.51,46050,-18600,10570.55
NIFTY,25-Apr-2018,26-Apr-2018,CE,9750,0,0,0,710,710,822.3,0,0,0,150,0,10570.55
NIFTY,25-Apr-2018,26-Apr-2018,CE,9800,785,803,728,763.25,765,763.25,542,4293.9,310.2,59550,-30000,10570.55
NIFTY,25-Apr-2018,26-Apr-2018,CE,9850,0,0,0,751.75,751.75,722.35,0,0,0,150,0,10570.55
NIFTY,25-Apr-2018,26-Apr-2018,CE,9900,689.25,706.4,632.7,664.25,663.75,664.25,1394,11047.72,697.27,89400,-77775,10570.55
NIFTY,25-Apr-2018,26-Apr-2018,CE,9950,633.05,633.05,633.05,633.05,633.05,633.05,1,7.94,.47,600,-75,10570.55
NIFTY,25-Apr-2018,26-Apr-2018,CE,10000,580,605.1,525.5,563.1,561.1,563.1,2286,18124.22,979.22,212475,-91200,10570.55
NIFTY,25-Apr-2018,26-Apr-2018,CE,10050,507.45,529.5,485,485,485,485,8,63.31,3.01,2925,-450,10570.55
NIFTY,25-Apr-2018,26-Apr-2018,CE,10100,483,505.1,424.35,464.25,464,464.25,1874,14858.85,663.3,122550,-77925,10570.55
NIFTY,25-Apr-2018,26-Apr-2018,CE,10150,430.3,446.05,384.55,412.6,409,412.6,26,206.15,8.22,20175,-1200,10570.55
NIFTY,25-Apr-2018,26-Apr-2018,CE,10200,385,408.95,328,364.7,365,364.7,7135,56593.01,2010.26,314325,-284025,10570.55
NIFTY,25-Apr-2018,26-Apr-2018,CE,10250,336.1,351.75,280,313.4,311.6,313.4,223,1769.25,54.94,12900,-7500,10570.55
NIFTY,25-Apr-2018,26-Apr-2018,CE,10300,283,309,231.85,266.5,266,266.5,8289,65721.92,1689.39,665850,-348975,10570.55
NIFTY,25-Apr-2018,26-Apr-2018,CE,10350,234,252.5,182.15,215.65,214.1,215.65,374,2963.54,60.36,28725,-7950,10570.55
NIFTY,25-Apr-2018,26-Apr-2018,CE,10400,195.9,210,135.55,169.2,169.7,169.2,23280,184554.1,2970.1,744075,-279525,10570.55
NIFTY,25-Apr-2018,26-Apr-2018,CE,10450,140,159.55,91,118.75,117.25,118.75,2323,18416.36,209.85,41775,-20025,10570.55
NIFTY,25-Apr-2018,26-Apr-2018,CE,10500,99,115.35,53.7,77.1,75,77.1,218232,1731724.28,13147.28,1776975,-404625,10570.55
NIFTY,25-Apr-2018,26-Apr-2018,CE,10550,59.6,71.9,24.45,39.55,37.4,39.55,124287,987302.8,3881.92,1054200,686100,10570.55
NIFTY,25-Apr-2018,26-Apr-2018,CE,10600,31.3,38.55,9.3,16.3,14,16.3,656544,5229967.34,10442.54,3609075,808200,10570.55
NIFTY,25-Apr-2018,26-Apr-2018,CE,10650,15,16,3.15,5.15,3.85,5.15,215426,1722011.77,1296.6,1927875,700125,10570.55
NIFTY,25-Apr-2018,26-Apr-2018,CE,10700,5.5,6.25,1.2,1.9,1.2,1.9,476572,3825485.37,995.07,4046400,-447525,10570.55
NIFTY,25-Apr-2018,26-Apr-2018,CE,10750,2.15,2.4,0.05,0.7,0.35,0.7,73470,592414.23,62.36,757125,45450,10570.55
NIFTY,25-Apr-2018,26-Apr-2018,CE,10800,1.4,1.4,0.25,0.55,0.25,0.55,142539,1154637.02,71.12,2343675,-107550,10570.55
NIFTY,25-Apr-2018,26-Apr-2018,CE,10850,0.4,4.5,0.2,0.45,0.3,0.45,3168,25780.75,1.15,165975,-25875,10570.55
NIFTY,25-Apr-2018,26-Apr-2018,CE,10900,0.3,0.6,0.3,0.4,0.35,0.4,18985,155208.68,6.31,740250,-88500,10570.55
NIFTY,25-Apr-2018,26-Apr-2018,CE,10950,0.1,0.4,0.1,0.15,0.15,0.15,7,57.49,0,16425,0,10570.55
NIFTY,25-Apr-2018,26-Apr-2018,CE,11000,0.4,0.45,0.25,0.35,0.35,0.35,21797,179831.07,5.82,2829525,-279675,10570.55
NIFTY,25-Apr-2018,26-Apr-2018,CE,11050,0.1,0.25,0.05,0.1,0.1,0.1,37,306.64,0,263175,-150,10570.55
NIFTY,25-Apr-2018,26-Apr-2018,CE,11100,0.6,0.6,0.15,0.25,0.25,0.25,3742,31152.95,.8,736800,-51525,10570.55
NIFTY,25-Apr-2018,26-Apr-2018,CE,11150,0,0,0,284.2,0,0,0,0,0,0,0,10570.55
NIFTY,26-Apr-2018,26-Apr-2018,CE,9600,976.65,1014.3,958.25,990,1014.3,0,158,1252.64,115.04,1350,-7350,10617.8
NIFTY,26-Apr-2018,26-Apr-2018,CE,9650,0,0,0,807.55,807.55,0,0,0,0,75,0,10617.8
NIFTY,26-Apr-2018,26-Apr-2018,CE,9700,865.55,916.6,852,907.3,916.6,0,837,6636.98,547.8,1575,-44475,10617.8
NIFTY,26-Apr-2018,26-Apr-2018,CE,9750,0,0,0,710,710,0,0,0,0,150,0,10617.8
NIFTY,26-Apr-2018,26-Apr-2018,CE,9800,783.4,816.75,755.25,805.95,815.75,0,877,6957.33,511.38,1500,-58050,10617.8
NIFTY,26-Apr-2018,26-Apr-2018,CE,9850,712,712,712,712,712,0,2,15.84,1.07,0,-150,10617.8
NIFTY,26-Apr-2018,26-Apr-2018,CE,9900,673.75,720.05,657.8,713.3,720.05,0,1262,10025.15,654.8,2250,-87150,10617.8
NIFTY,26-Apr-2018,26-Apr-2018,CE,9950,646.7,670.05,620,665.5,666.45,0,6,47.69,2.91,375,-225,10617.8
NIFTY,26-Apr-2018,26-Apr-2018,CE,10000,571.05,615.4,554,608.1,611.1,0,3302,26184.86,1419.86,30675,-181800,10617.8
NIFTY,26-Apr-2018,26-Apr-2018,CE,10050,515,563.45,512.45,560.9,561.05,0,17,135.12,6.98,1725,-1200,10617.8
NIFTY,26-Apr-2018,26-Apr-2018,CE,10100,450.05,518.6,450.05,508.45,512.8,0,1705,13530.71,615.34,26325,-96225,10617.8
NIFTY,26-Apr-2018,26-Apr-2018,CE,10150,426.95,469.05,403,457.2,461.75,0,287,2276.64,91.85,3225,-16950,10617.8
NIFTY,26-Apr-2018,26-Apr-2018,CE,10200,371.6,417.7,352,410.25,417,0,4225,33540.7,1219.45,105450,-208875,10617.8
NIFTY,26-Apr-2018,26-Apr-2018,CE,10250,320,357.95,304.85,351.1,357.95,0,160,1270.15,40.15,6525,-6375,10617.8
NIFTY,26-Apr-2018,26-Apr-2018,CE,10300,291.85,316.95,251.85,307.9,316.95,0,9756,77428.49,2063.39,236475,-429375,10617.8
NIFTY,26-Apr-2018,26-Apr-2018,CE,10350,201.15,262.75,200,243.6,255.2,0,329,2609.92,56.06,19950,-8775,10617.8
NIFTY,26-Apr-2018,26-Apr-2018,CE,10400,167.5,218.8,152.8,202.25,211,0,20808,165065.51,2763.11,225525,-518550,10617.8
NIFTY,26-Apr-2018,26-Apr-2018,CE,10450,117.7,161.7,102,149.05,155.55,0,2743,21756.16,257.9,14775,-27000,10617.8
NIFTY,26-Apr-2018,26-Apr-2018,CE,10500,85.1,116.15,57.35,100.7,111.1,0,183464,1455445.77,10666.77,521325,-1255650,10617.8
NIFTY,26-Apr-2018,26-Apr-2018,CE,10550,40,63,18.25,48.55,56.85,0,211315,1677301.77,5271.84,141000,-913200,10617.8
NIFTY,26-Apr-2018,26-Apr-2018,CE,10600,11.95,16.25,1.5,8.55,8.75,0,929694,7397155.88,6088.58,695400,-2913675,10617.8
NIFTY,26-Apr-2018,26-Apr-2018,CE,10650,1.05,3.05,0.05,0.1,0.05,0,392357,3134223.32,271.78,2340975,413100,10617.8
NIFTY,26-Apr-2018,26-Apr-2018,CE,10700,0.75,0.75,0.05,0.05,0.05,0,175879,1411456.77,27.79,4755675,709275,10617.8
NIFTY,26-Apr-2018,26-Apr-2018,CE,10750,0.55,0.55,0.05,0.05,0.05,0,9594,77352.07,.44,997725,240600,10617.8
NIFTY,26-Apr-2018,26-Apr-2018,CE,10800,0.05,0.2,0.05,0.05,0.05,0,21609,175033.78,.88,2520750,177075,10617.8
NIFTY,26-Apr-2018,26-Apr-2018,CE,10850,0.05,0.05,0.05,0.05,0.05,0,1247,10147.51,.05,163125,-2850,10617.8
NIFTY,26-Apr-2018,26-Apr-2018,CE,10900,0.05,0.1,0.05,0.05,0.05,0,5490,44880.96,.21,787725,47475,10617.8
NIFTY,26-Apr-2018,26-Apr-2018,CE,10950,0.05,0.05,0.05,0.05,0.05,0,6,49.28,0,16275,-150,10617.8
NIFTY,26-Apr-2018,26-Apr-2018,CE,11000,0.05,0.1,0.05,0.05,0.05,0,17153,141512.9,.65,2876550,47025,10617.8
NIFTY,26-Apr-2018,26-Apr-2018,CE,11050,0,0,0,0.1,0.1,0,0,0,0,263175,0,10617.8
NIFTY,26-Apr-2018,26-Apr-2018,CE,11100,0.05,0.05,0.05,0.05,0.05,0,770,6410.28,.03,733800,-3000,10617.8
NIFTY,26-Apr-2018,26-Apr-2018,CE,11150,0,0,0,284.2,0,0,0,0,0,0,0,10617.8
