NIFTY,31-Aug-2017,28-Sep-2017,CE,9950,96.3,110.45,86.4,107.45,109.4,107.45,4693,35370.35,348.83,134700,58650,9917.9
NIFTY,31-Aug-2017,28-Sep-2017,CE,10000,74.15,86,65,83.4,84,83.4,79829,603209.15,4491.65,2860275,853125,9917.9
NIFTY,31-Aug-2017,28-Sep-2017,CE,10050,54.9,64.75,47.95,62.15,62.6,62.15,1937,14682.81,82.67,62700,32775,9917.9
NIFTY,31-Aug-2017,28-Sep-2017,CE,10100,41.8,47.45,34.1,46.05,45.75,46.05,52667,400576.41,1623.89,2016150,532350,9917.9
NIFTY,31-Aug-2017,28-Sep-2017,CE,10150,28.55,33.65,24.5,32.25,33.3,32.25,573,4374.66,12.7,35250,14025,9917.9
NIFTY,31-Aug-2017,28-Sep-2017,CE,10200,21,23.9,17.1,22.8,23.3,22.8,43035,329880.2,662.45,2000625,567675,9917.9
NIFTY,31-Aug-2017,28-Sep-2017,CE,10250,15.95,19.8,12.3,16.15,19.8,16.15,286,2201.81,3.19,24375,3900,9917.9
NIFTY,31-Aug-2017,28-Sep-2017,CE,10300,12,12.1,8.75,11.3,11.45,11.3,26570,205458.94,205.69,1378950,394425,9917.9
NIFTY,31-Aug-2017,28-Sep-2017,CE,10350,9,11,9,9.7,11,9.7,4,31.08,.03,1350,150,9917.9
NIFTY,31-Aug-2017,28-Sep-2017,CE,10400,7,7.15,4.7,5.3,5.3,5.3,14383,112244.48,57.08,1085925,370050,9917.9
NIFTY,31-Aug-2017,28-Sep-2017,CE,10450,0,0,0,13,13,15.05,0,0,0,600,0,9917.9
NIFTY,31-Aug-2017,28-Sep-2017,CE,10500,4.9,4.9,2.25,2.8,3.05,2.8,23243,183090.66,52.04,2035200,621300,9917.9
NIFTY,31-Aug-2017,28-Sep-2017,CE,10550,0,0,0,35,35,8.25,0,0,0,75,0,9917.9
NIFTY,31-Aug-2017,28-Sep-2017,CE,10600,3.1,3.1,1.9,2,1.95,2,3518,27973.74,5.64,476700,12675,9917.9
NIFTY,31-Aug-2017,28-Sep-2017,CE,10650,0,0,0,1.5,0,4.3,0,0,0,0,0,9917.9
NIFTY,31-Aug-2017,28-Sep-2017,CE,10700,2,2.05,1,1.35,1.2,1.35,3786,30386.85,4.2,321075,106050,9917.9
NIFTY,31-Aug-2017,28-Sep-2017,CE,9200,700,741,684.5,731.35,737.55,731.35,361,2682.93,192.03,183300,18075,9917.9
NIFTY,31-Aug-2017,28-Sep-2017,CE,9250,0,0,0,434.85,0,714.1,0,0,0,0,0,9917.9
NIFTY,31-Aug-2017,28-Sep-2017,CE,9300,618.1,643,589.05,638.05,641.05,638.05,739,5490.11,335.59,154950,43950,9917.9
NIFTY,31-Aug-2017,28-Sep-2017,CE,9350,0,0,0,355.1,0,617.3,0,0,0,0,0,9917.9
NIFTY,31-Aug-2017,28-Sep-2017,CE,9400,525,550.4,496.6,542.8,545,542.8,908,6752.82,351.42,247200,56325,9917.9
NIFTY,31-Aug-2017,28-Sep-2017,CE,9450,0,0,0,282.8,0,522.95,0,0,0,0,0,9917.9
NIFTY,31-Aug-2017,28-Sep-2017,CE,9500,428,457.55,408.5,449.7,455.8,449.7,3451,25721.11,1132.73,547125,159975,9917.9
NIFTY,31-Aug-2017,28-Sep-2017,CE,9550,0,0,0,219.2,0,432.6,0,0,0,0,0,9917.9
NIFTY,31-Aug-2017,28-Sep-2017,CE,9600,340.55,368,323,362.35,363.85,362.35,3666,27329.33,934.13,397125,123450,9917.9
NIFTY,31-Aug-2017,28-Sep-2017,CE,9650,305.6,315.4,305,315.4,315.4,315.4,17,126.97,3.93,1650,1125,9917.9
NIFTY,31-Aug-2017,28-Sep-2017,CE,9700,258.05,288.05,244,281.35,280.05,281.35,4221,31534.03,826.25,599400,101775,9917.9
NIFTY,31-Aug-2017,28-Sep-2017,CE,9750,206.85,244.2,206.6,236.95,242,236.95,82,613.36,13.74,12900,5700,9917.9
NIFTY,31-Aug-2017,28-Sep-2017,CE,9800,188.25,206.95,170.6,201.85,203.25,201.85,15633,117099.77,2197.22,1490025,153750,9917.9
NIFTY,31-Aug-2017,28-Sep-2017,CE,9850,153.7,171.2,138.85,167.65,170.85,167.65,1933,14504.4,224.36,103275,11100,9917.9
NIFTY,31-Aug-2017,28-Sep-2017,CE,9900,122.15,140.7,110.2,135.75,136.25,135.75,57201,430054.92,5337.49,1745850,516525,9917.9
NIFTY,01-Sep-2017,28-Sep-2017,CE,10600,2.1,2.75,1.9,2.35,2.3,2.35,6932,55121.81,12.41,606975,130275,9974.4
NIFTY,01-Sep-2017,28-Sep-2017,CE,10650,0,0,0,1.5,0,5.5,0,0,0,0,0,9974.4
NIFTY,01-Sep-2017,28-Sep-2017,CE,10700,1.15,1.95,1.15,1.6,1.6,1.6,7020,56344.11,8.61,292275,-28800,9974.4
NIFTY,01-Sep-2017,28-Sep-2017,CE,10250,18.65,25.6,16.65,22.7,22.4,22.7,2669,20562.14,44.2,61350,36975,9974.4
NIFTY,01-Sep-2017,28-Sep-2017,CE,10300,12.2,18.05,11.55,16,15.4,16,57602,445644.85,669.4,1678950,300000,9974.4
NIFTY,01-Sep-2017,28-Sep-2017,CE,10350,9.75,13.05,9.75,10.3,10.8,10.3,424,3294.86,3.56,21300,19950,9974.4
NIFTY,01-Sep-2017,28-Sep-2017,CE,10400,6,8.5,5.2,7.45,7.2,7.45,24487,191132.71,134.11,1119975,34050,9974.4
NIFTY,01-Sep-2017,28-Sep-2017,CE,10450,7.75,7.75,4,4.9,5.5,4.9,43,337.2,.19,1875,1275,9974.4
NIFTY,01-Sep-2017,28-Sep-2017,CE,10500,3.4,4.65,3.1,3.95,3.9,3.95,39170,308582.31,118.56,2002350,-32850,9974.4
NIFTY,01-Sep-2017,28-Sep-2017,CE,10550,0,0,0,35,35,10.5,0,0,0,75,0,9974.4
NIFTY,01-Sep-2017,28-Sep-2017,CE,9950,119.9,147.75,100.1,142.9,141.95,142.9,10294,77841.43,1022.46,149175,14475,9974.4
NIFTY,01-Sep-2017,28-Sep-2017,CE,10000,84.5,117.9,80.5,113.7,112,113.7,142871,1082913.52,11381.02,3507600,647325,9974.4
NIFTY,01-Sep-2017,28-Sep-2017,CE,10050,71.15,91.85,59.95,87.75,85.6,87.75,8234,62572.04,508.27,77025,14325,9974.4
NIFTY,01-Sep-2017,28-Sep-2017,CE,10100,48.8,69.15,44.1,64.9,64.35,64.9,121509,926016.13,5585.46,2586600,570450,9974.4
NIFTY,01-Sep-2017,28-Sep-2017,CE,10150,35.05,50.5,33.75,46.4,45.1,46.4,5171,39535.86,171.62,80325,45075,9974.4
NIFTY,01-Sep-2017,28-Sep-2017,CE,10200,25.05,36.6,24.1,33.25,32.5,33.25,96874,743379.82,2293.72,2306775,306150,9974.4
NIFTY,01-Sep-2017,28-Sep-2017,CE,9650,360,360,360,360,360,360,2,15.02,.54,1650,0,9974.4
NIFTY,01-Sep-2017,28-Sep-2017,CE,9700,281.4,342.4,280.65,334.85,330.5,334.85,3968,29813.74,946.54,552300,-47100,9974.4
NIFTY,01-Sep-2017,28-Sep-2017,CE,9750,241.5,296.2,241.5,287.9,287.45,287.9,151,1135.06,30.88,13650,750,9974.4
NIFTY,01-Sep-2017,28-Sep-2017,CE,9800,196.05,259.3,196.05,251.5,249,251.5,16322,122898.45,2931.75,1320525,-169500,9974.4
NIFTY,01-Sep-2017,28-Sep-2017,CE,9850,172.4,219,167.85,212.9,206.15,212.9,1362,10265.64,203.87,67425,-35850,9974.4
NIFTY,01-Sep-2017,28-Sep-2017,CE,9900,140.05,182.5,135.8,176.75,173.4,176.75,58071,438338.45,7161.28,1555500,-190350,9974.4
NIFTY,01-Sep-2017,28-Sep-2017,CE,9350,0,0,0,355.1,0,670.1,0,0,0,0,0,9974.4
NIFTY,01-Sep-2017,28-Sep-2017,CE,9400,552.1,615.8,552.05,613.2,608.95,613.2,454,3401.97,201.27,221850,-25350,9974.4
NIFTY,01-Sep-2017,28-Sep-2017,CE,9450,0,0,0,282.8,0,573.9,0,0,0,0,0,9974.4
NIFTY,01-Sep-2017,28-Sep-2017,CE,9500,454,524.6,454,516.5,512,516.5,1699,12748.38,643.01,564000,16875,9974.4
NIFTY,01-Sep-2017,28-Sep-2017,CE,9550,0,0,0,219.2,0,480.75,0,0,0,0,0,9974.4
NIFTY,01-Sep-2017,28-Sep-2017,CE,9600,368.8,432,363.15,422.8,425,422.8,2429,18234.08,745.28,337200,-59925,9974.4
NIFTY,01-Sep-2017,28-Sep-2017,CE,9200,743.15,810,743.15,806.1,798.05,806.1,121,907.06,72.16,185175,1875,9974.4
NIFTY,01-Sep-2017,28-Sep-2017,CE,9250,0,0,0,434.85,0,768,0,0,0,0,0,9974.4
NIFTY,01-Sep-2017,28-Sep-2017,CE,9300,643.75,709.85,643.75,702.7,700,702.7,85,637.07,44.19,155100,150,9974.4
NIFTY,04-Sep-2017,28-Sep-2017,CE,10600,2.95,2.95,1.65,1.9,1.85,1.9,7943,63158.08,11.23,537900,-69075,9912.85
NIFTY,04-Sep-2017,28-Sep-2017,CE,10650,2,2,2,2,2,2,1,7.99,0,75,75,9912.85
NIFTY,04-Sep-2017,28-Sep-2017,CE,10700,1.55,1.65,1.2,1.35,1.3,1.35,2931,23524.31,3.04,318975,26700,9912.85
NIFTY,04-Sep-2017,28-Sep-2017,CE,10250,19.85,23.5,13.45,15.85,15.35,15.85,4827,37168.09,60.53,90825,29475,9912.85
NIFTY,04-Sep-2017,28-Sep-2017,CE,10300,15.4,16.55,9.3,11,10.55,11,68436,529259.4,591.3,1863525,184575,9912.85
NIFTY,04-Sep-2017,28-Sep-2017,CE,10350,10.75,11.35,6.4,7.55,7.35,7.55,1328,10316.76,8.16,44250,22950,9912.85
NIFTY,04-Sep-2017,28-Sep-2017,CE,10400,6.15,9.1,4.5,5.25,4.95,5.25,25995,202866.3,105.3,1327275,207300,9912.85
NIFTY,04-Sep-2017,28-Sep-2017,CE,10450,3.5,6.9,3.45,4.35,3.45,4.35,12,94.09,.04,2400,525,9912.85
NIFTY,04-Sep-2017,28-Sep-2017,CE,10500,4.1,4.3,2.55,3.05,2.9,3.05,32510,256089.34,73.09,2139075,136725,9912.85
NIFTY,04-Sep-2017,28-Sep-2017,CE,10550,0,0,0,35,35,4.75,0,0,0,75,0,9912.85
NIFTY,04-Sep-2017,28-Sep-2017,CE,9950,134.95,138,94.6,107.5,103.95,107.5,17370,131021.35,1397.73,255375,106200,9912.85
NIFTY,04-Sep-2017,28-Sep-2017,CE,10000,111.9,111.9,72,83.8,80,83.8,223398,1689747.6,14262.6,4468950,961350,9912.85
NIFTY,04-Sep-2017,28-Sep-2017,CE,10050,79.95,84.2,53.85,62.5,59.5,62.5,17277,131053.61,828.22,389400,312375,9912.85
NIFTY,04-Sep-2017,28-Sep-2017,CE,10100,61.95,63.7,38.65,45.7,43.25,45.7,152442,1160218.82,5470.67,3260850,674250,9912.85
NIFTY,04-Sep-2017,28-Sep-2017,CE,10150,42.45,46.5,27.65,32.45,31.05,32.45,5035,38456.47,127.53,105225,24900,9912.85
NIFTY,04-Sep-2017,28-Sep-2017,CE,10200,30.85,33.8,19.5,23.15,22,23.15,127488,977617.17,2333.97,2749650,442875,9912.85
NIFTY,04-Sep-2017,28-Sep-2017,CE,9650,0,0,0,360,360,330.9,0,0,0,1650,0,9912.85
NIFTY,04-Sep-2017,28-Sep-2017,CE,9700,323.8,325.25,253.55,279.05,270.8,279.05,4759,35623.89,1002.17,536850,-15450,9912.85
NIFTY,04-Sep-2017,28-Sep-2017,CE,9750,278.4,285.85,219.45,237.5,236.1,237.5,677,5083.67,133.1,27375,13725,9912.85
NIFTY,04-Sep-2017,28-Sep-2017,CE,9800,241.7,245.05,180.35,198.9,194.55,198.9,18736,140547.15,2837.55,1447800,127275,9912.85
NIFTY,04-Sep-2017,28-Sep-2017,CE,9850,198.85,205.5,148.8,165.75,161.85,165.75,2420,18177.16,299.41,98700,31275,9912.85
NIFTY,04-Sep-2017,28-Sep-2017,CE,9900,172,172,119,134.35,130,134.35,101291,762362.04,10276.37,2241075,685575,9912.85
NIFTY,04-Sep-2017,28-Sep-2017,CE,9300,690.65,693.05,599.95,630.95,630,630.95,125,931.02,59.15,150825,-4275,9912.85
NIFTY,04-Sep-2017,28-Sep-2017,CE,9350,0,0,0,355.1,0,604.2,0,0,0,0,0,9912.85
NIFTY,04-Sep-2017,28-Sep-2017,CE,9400,587.45,593,509,537.3,535,537.3,499,3727.75,209.8,202350,-19500,9912.85
NIFTY,04-Sep-2017,28-Sep-2017,CE,9450,0,0,0,282.8,0,508.7,0,0,0,0,0,9912.85
NIFTY,04-Sep-2017,28-Sep-2017,CE,9500,496.2,502.55,418.95,450.5,443,450.5,2079,15519.32,706.45,522150,-41850,9912.85
NIFTY,04-Sep-2017,28-Sep-2017,CE,9550,0,0,0,219.2,0,416.9,0,0,0,0,0,9912.85
NIFTY,04-Sep-2017,28-Sep-2017,CE,9600,404.8,411.5,334.05,359.65,351.4,359.65,3745,27992.15,1028.15,332700,-4500,9912.85
NIFTY,04-Sep-2017,28-Sep-2017,CE,9200,779.1,789.9,694.3,729.1,730,729.1,100,746.64,56.64,183375,-1800,9912.85
NIFTY,04-Sep-2017,28-Sep-2017,CE,9250,0,0,0,434.85,0,701.9,0,0,0,0,0,9912.85
NIFTY,05-Sep-2017,28-Sep-2017,CE,10600,1.8,1.95,1.65,1.75,1.8,1.75,5008,39820.34,6.74,468225,-69675,9952.2
NIFTY,05-Sep-2017,28-Sep-2017,CE,10650,0,0,0,2,2,2.35,0,0,0,75,0,9952.2
NIFTY,05-Sep-2017,28-Sep-2017,CE,10700,1.3,1.35,1.25,1.3,1.3,1.3,777,6236.18,.75,322800,3825,9952.2
NIFTY,05-Sep-2017,28-Sep-2017,CE,10250,15.55,17.95,13.2,16.85,17.2,16.85,4468,34401.61,53.86,141225,50400,9952.2
NIFTY,05-Sep-2017,28-Sep-2017,CE,10300,11.25,12,9.3,11.2,11.25,11.2,45654,353047.41,370.26,1936050,72525,9952.2
NIFTY,05-Sep-2017,28-Sep-2017,CE,10350,7.1,8.95,6.35,7.55,7.6,7.55,823,6393.16,4.62,55125,10875,9952.2
NIFTY,05-Sep-2017,28-Sep-2017,CE,10400,5.25,5.8,4.55,5.15,5.05,5.15,18771,146486.04,72.24,1400250,72975,9952.2
NIFTY,05-Sep-2017,28-Sep-2017,CE,10450,3.45,4.85,3.1,3.1,3.1,3.1,3,23.52,.01,2400,0,9952.2
NIFTY,05-Sep-2017,28-Sep-2017,CE,10500,2.75,3.15,2.6,2.9,2.85,2.9,23432,184577.75,50.75,2226900,87825,9952.2
NIFTY,05-Sep-2017,28-Sep-2017,CE,10550,0,0,0,35,35,5.15,0,0,0,75,0,9952.2
NIFTY,05-Sep-2017,28-Sep-2017,CE,9950,112.05,129.95,100.5,124.55,125.15,124.55,16914,127708.1,1487.37,262950,7575,9952.2
NIFTY,05-Sep-2017,28-Sep-2017,CE,10000,86.6,101.75,77.3,96.3,97.5,96.3,179783,1360587.59,12215.09,4173150,-295800,9952.2
NIFTY,05-Sep-2017,28-Sep-2017,CE,10050,63.15,76.5,56.85,71.9,72.4,71.9,19490,147907.62,1001.75,466575,77175,9952.2
NIFTY,05-Sep-2017,28-Sep-2017,CE,10100,41.1,55.75,41.05,52.1,52.75,52.1,126328,961601.93,4667.33,3064725,-196125,9952.2
NIFTY,05-Sep-2017,28-Sep-2017,CE,10150,32.6,39,28.65,36.25,36.85,36.25,3976,30369.66,102.36,116700,11475,9952.2
NIFTY,05-Sep-2017,28-Sep-2017,CE,10200,24.15,27,20.05,25.15,25.45,25.15,95695,733793.26,1726.51,2972925,223275,9952.2
NIFTY,05-Sep-2017,28-Sep-2017,CE,9650,0,0,0,360,360,360.15,0,0,0,1650,0,9952.2
NIFTY,05-Sep-2017,28-Sep-2017,CE,9700,284.25,316,268.8,308.65,310.95,308.65,2524,18925.53,563.43,520275,-16575,9952.2
NIFTY,05-Sep-2017,28-Sep-2017,CE,9750,251.25,268.5,250,268.45,268.45,268.45,119,893.77,23.58,21375,-6000,9952.2
NIFTY,05-Sep-2017,28-Sep-2017,CE,9800,205,234,193,227.5,229.5,227.5,10731,80614.9,1742.05,1454325,6525,9952.2
NIFTY,05-Sep-2017,28-Sep-2017,CE,9850,169.1,196.5,159.6,190.6,194,190.6,1848,13898.74,246.64,71325,-27375,9952.2
NIFTY,05-Sep-2017,28-Sep-2017,CE,9900,138,161.85,127.55,155.5,157.85,155.5,71608,539542.84,7853.44,2121075,-120000,9952.2
NIFTY,05-Sep-2017,28-Sep-2017,CE,9300,666.1,678.25,623.15,674.5,673.8,674.5,61,455.52,30.04,153600,2775,9952.2
NIFTY,05-Sep-2017,28-Sep-2017,CE,9350,0,0,0,355.1,0,640.55,0,0,0,0,0,9952.2
NIFTY,05-Sep-2017,28-Sep-2017,CE,9400,545.9,583.55,530,578.3,580.4,578.3,401,2997.36,170.31,213975,11625,9952.2
NIFTY,05-Sep-2017,28-Sep-2017,CE,9450,0,0,0,282.8,0,543.6,0,0,0,0,0,9952.2
NIFTY,05-Sep-2017,28-Sep-2017,CE,9500,453.9,493.8,439.5,485.6,486.85,485.6,483,3613.61,172.23,505500,-16650,9952.2
NIFTY,05-Sep-2017,28-Sep-2017,CE,9550,0,0,0,219.2,0,449.45,0,0,0,0,0,9952.2
NIFTY,05-Sep-2017,28-Sep-2017,CE,9600,368.8,402,350,395.05,395.7,395.05,1102,8248.79,314.39,337875,5175,9952.2
NIFTY,05-Sep-2017,28-Sep-2017,CE,9200,733.45,774,719,766.7,766.7,766.7,54,403.29,30.69,181800,-1575,9952.2
NIFTY,05-Sep-2017,28-Sep-2017,CE,9250,0,0,0,434.85,0,739.05,0,0,0,0,0,9952.2
NIFTY,06-Sep-2017,28-Sep-2017,CE,10550,6.5,6.5,6.5,6.5,6.5,6.5,1,7.92,0,150,75,9916.2
NIFTY,06-Sep-2017,28-Sep-2017,CE,10600,1.2,1.8,1.2,1.55,1.55,1.55,2611,20760.43,2.98,421350,-46875,9916.2
NIFTY,06-Sep-2017,28-Sep-2017,CE,10650,0.25,1.25,0.25,1.25,1.25,1.25,2,15.98,0,150,75,9916.2
NIFTY,06-Sep-2017,28-Sep-2017,CE,10700,1.15,1.2,1,1.1,1,1.1,2072,16629.49,1.69,288225,-34575,9916.2
NIFTY,06-Sep-2017,28-Sep-2017,CE,10300,9.7,10,7.95,8.85,8.95,8.85,35814,276900.85,237.7,1946925,10875,9916.2
NIFTY,06-Sep-2017,28-Sep-2017,CE,10350,7.15,7.15,5.05,6.05,6.2,6.05,320,2485.43,1.43,58500,3375,9916.2
NIFTY,06-Sep-2017,28-Sep-2017,CE,10400,4.55,4.95,3.9,4.2,4.15,4.2,24548,191552.4,78,1426650,26400,9916.2
NIFTY,06-Sep-2017,28-Sep-2017,CE,10450,3.1,3.9,3.1,3.5,3.5,3.5,7,54.88,.02,2775,375,9916.2
NIFTY,06-Sep-2017,28-Sep-2017,CE,10500,2.85,2.85,2.2,2.5,2.55,2.5,18779,147919.28,34.65,2387325,160425,9916.2
NIFTY,06-Sep-2017,28-Sep-2017,CE,9950,110,124.55,90.55,105.85,108.6,105.85,21666,163361.94,1679.42,512925,249975,9916.2
NIFTY,06-Sep-2017,28-Sep-2017,CE,10000,78.05,89,72.75,81.05,84.3,81.05,173113,1308699.38,10351.88,4327800,154650,9916.2
NIFTY,06-Sep-2017,28-Sep-2017,CE,10050,54.2,65.9,53.35,59.55,62.1,59.55,12471,94540.42,540.26,415425,-51150,9916.2
NIFTY,06-Sep-2017,28-Sep-2017,CE,10100,38.25,47.5,37.7,42.35,43.95,42.35,107339,816451.51,3358.58,3262125,197400,9916.2
NIFTY,06-Sep-2017,28-Sep-2017,CE,10150,25,32.75,25,29.15,30.5,29.15,3732,28490.81,80.96,119925,3225,9916.2
NIFTY,06-Sep-2017,28-Sep-2017,CE,10200,16.8,22.6,16.8,19.95,20.7,19.95,80602,617799.12,1193.82,2975100,2175,9916.2
NIFTY,06-Sep-2017,28-Sep-2017,CE,10250,11.85,15,11.55,13.4,13.8,13.4,2331,17942.56,23,143100,1875,9916.2
NIFTY,06-Sep-2017,28-Sep-2017,CE,9650,0,0,0,360,360,324.85,0,0,0,1650,0,9916.2
NIFTY,06-Sep-2017,28-Sep-2017,CE,9700,273.45,293.8,262,279.7,285.9,279.7,2255,16871.9,466.77,508500,-11775,9916.2
NIFTY,06-Sep-2017,28-Sep-2017,CE,9750,230.65,253.5,227.95,241.6,247.45,241.6,497,3724.77,90.46,38625,17250,9916.2
NIFTY,06-Sep-2017,28-Sep-2017,CE,9800,197.95,215,186.4,202.55,208.95,202.55,13065,97979.71,1951.96,1475700,21375,9916.2
NIFTY,06-Sep-2017,28-Sep-2017,CE,9850,173,176.75,153.75,167.25,172.7,167.25,1375,10327.91,170.1,69600,-1725,9916.2
NIFTY,06-Sep-2017,28-Sep-2017,CE,9900,133,145,122.4,134.5,139,134.5,88508,665951.58,8779.68,2323950,202875,9916.2
NIFTY,06-Sep-2017,28-Sep-2017,CE,9350,0,0,0,355.1,0,603.1,0,0,0,0,0,9916.2
NIFTY,06-Sep-2017,28-Sep-2017,CE,9400,532.05,555,526,546.35,547.6,546.35,143,1065.4,57.25,208425,-5550,9916.2
NIFTY,06-Sep-2017,28-Sep-2017,CE,9450,0,0,0,282.8,0,506.4,0,0,0,0,0,9916.2
NIFTY,06-Sep-2017,28-Sep-2017,CE,9500,437.5,470,434,455.25,459.5,455.25,418,3119.35,141.1,495300,-10200,9916.2
NIFTY,06-Sep-2017,28-Sep-2017,CE,9550,0,0,0,219.2,0,412.9,0,0,0,0,0,9916.2
NIFTY,06-Sep-2017,28-Sep-2017,CE,9600,353.55,376.8,340.4,362.5,370,362.5,640,4779.93,171.93,342075,4200,9916.2
NIFTY,06-Sep-2017,28-Sep-2017,CE,9200,725,745.35,715.4,733.05,735.1,733.05,53,394.87,29.17,180000,-1800,9916.2
NIFTY,06-Sep-2017,28-Sep-2017,CE,9250,0,0,0,434.85,0,701.55,0,0,0,0,0,9916.2
NIFTY,06-Sep-2017,28-Sep-2017,CE,9300,629.1,651.75,627,648,648,648,29,216.11,13.84,152250,-1350,9916.2
NIFTY,07-Sep-2017,28-Sep-2017,CE,10600,1.7,2.15,1.35,1.5,1.5,1.5,3659,29092.94,3.89,423150,1800,9929.9
NIFTY,07-Sep-2017,28-Sep-2017,CE,10650,0,0,0,1.25,1.25,0.95,0,0,0,150,0,9929.9
NIFTY,07-Sep-2017,28-Sep-2017,CE,10700,1.05,1.15,1,1.15,1.1,1.15,1009,8098.05,.82,299475,11250,9929.9
NIFTY,07-Sep-2017,28-Sep-2017,CE,10300,11.1,11.1,8.1,8.75,8.25,8.75,26186,202464.31,177.46,2085975,139050,9929.9
NIFTY,07-Sep-2017,28-Sep-2017,CE,10350,6.55,6.65,5.6,5.8,5.6,5.8,323,2508.72,1.44,59550,1050,9929.9
NIFTY,07-Sep-2017,28-Sep-2017,CE,10400,5,5.3,3.65,4,3.7,4,14246,111162.43,43.63,1552650,126000,9929.9
NIFTY,07-Sep-2017,28-Sep-2017,CE,10450,4,4,2.15,3.5,3.5,3.5,18,141.12,.05,2925,150,9929.9
NIFTY,07-Sep-2017,28-Sep-2017,CE,10500,2.8,2.85,2.2,2.4,2.25,2.4,12045,94876.1,21.72,2442975,55650,9929.9
NIFTY,07-Sep-2017,28-Sep-2017,CE,10550,0,0,0,6.5,6.5,2.35,0,0,0,150,0,9929.9
NIFTY,07-Sep-2017,28-Sep-2017,CE,9950,115,123.5,108,110.65,109,110.65,12649,95478.72,1085.56,563550,50625,9929.9
NIFTY,07-Sep-2017,28-Sep-2017,CE,10000,87,95.7,82.25,85.4,83.5,85.4,146062,1105102.18,9637.18,4714350,386550,9929.9
NIFTY,07-Sep-2017,28-Sep-2017,CE,10050,65.55,70.5,59.85,61.9,61.05,61.9,8051,61075.28,390.87,443850,28425,9929.9
NIFTY,07-Sep-2017,28-Sep-2017,CE,10100,41,50.7,41,44.05,42.9,44.05,80116,609636.74,2758.04,3347025,84900,9929.9
NIFTY,07-Sep-2017,28-Sep-2017,CE,10150,33.4,35.8,26,29.65,29.15,29.65,4250,32452.52,99.4,169050,49125,9929.9
NIFTY,07-Sep-2017,28-Sep-2017,CE,10200,23,24.55,19.3,20.75,19.75,20.75,63461,486496.08,1019.43,3157950,182850,9929.9
NIFTY,07-Sep-2017,28-Sep-2017,CE,10250,14.35,15.2,12.5,13.55,12.9,13.55,2259,17389.54,23.48,165750,22650,9929.9
NIFTY,07-Sep-2017,28-Sep-2017,CE,9650,0,0,0,360,360,331.95,0,0,0,1650,0,9929.9
NIFTY,07-Sep-2017,28-Sep-2017,CE,9700,300.6,313.5,287.2,291.9,287.25,291.9,1779,13338.51,396.29,516450,7950,9929.9
NIFTY,07-Sep-2017,28-Sep-2017,CE,9750,257.75,267.25,248.3,251.5,249.8,251.5,346,2597.35,67.23,36750,-1875,9929.9
NIFTY,07-Sep-2017,28-Sep-2017,CE,9800,248.45,248.45,206.5,211.65,209.4,211.65,9835,73882.37,1595.12,1481850,6150,9929.9
NIFTY,07-Sep-2017,28-Sep-2017,CE,9850,211.85,211.85,171.4,173.6,174.55,173.6,652,4904.98,88.33,66225,-3375,9929.9
NIFTY,07-Sep-2017,28-Sep-2017,CE,9900,173.9,173.9,137.15,141.1,139.65,141.1,54079,407429.38,5892.8,2495025,171075,9929.9
NIFTY,07-Sep-2017,28-Sep-2017,CE,9300,663.1,671,652.05,652.15,652.05,652.15,26,194.33,12.98,151425,-825,9929.9
NIFTY,07-Sep-2017,28-Sep-2017,CE,9350,0,0,0,355.1,0,614.45,0,0,0,0,0,9929.9
NIFTY,07-Sep-2017,28-Sep-2017,CE,9400,574,577,560.85,570,570,570,101,755.32,43.27,210375,1950,9929.9
NIFTY,07-Sep-2017,28-Sep-2017,CE,9450,0,0,0,282.8,0,516.85,0,0,0,0,0,9929.9
NIFTY,07-Sep-2017,28-Sep-2017,CE,9500,476,490.3,463,468.5,464.1,468.5,344,2573.72,122.72,486375,-8925,9929.9
NIFTY,07-Sep-2017,28-Sep-2017,CE,9550,0,0,0,219.2,0,421.95,0,0,0,0,0,9929.9
NIFTY,07-Sep-2017,28-Sep-2017,CE,9600,387.1,399.45,372.6,377.45,377.75,377.45,540,4043.56,155.56,339750,-2325,9929.9
NIFTY,07-Sep-2017,28-Sep-2017,CE,9200,764.95,768.35,745.1,753.95,749.3,753.95,67,500.3,38,177075,-2925,9929.9
NIFTY,07-Sep-2017,28-Sep-2017,CE,9250,0,0,0,434.85,0,713.3,0,0,0,0,0,9929.9
NIFTY,08-Sep-2017,28-Sep-2017,CE,10600,1.5,1.55,1.3,1.45,1.4,1.45,978,7776.15,1.05,415125,-8025,9934.8
NIFTY,08-Sep-2017,28-Sep-2017,CE,10650,0,0,0,1.25,1.25,0.6,0,0,0,150,0,9934.8
NIFTY,08-Sep-2017,28-Sep-2017,CE,10700,1.2,1.2,0.9,0.95,0.95,0.95,621,4983.98,.46,306600,7125,9934.8
NIFTY,08-Sep-2017,28-Sep-2017,CE,10300,9,9,6.15,7.55,7.2,7.55,34701,268262.25,197.03,2122500,36525,9934.8
NIFTY,08-Sep-2017,28-Sep-2017,CE,10350,5.1,6.1,3,5.1,3,5.1,1384,10748.63,5.33,108675,49125,9934.8
NIFTY,08-Sep-2017,28-Sep-2017,CE,10400,3.85,4,3.25,3.65,3.4,3.65,24859,193966.77,66.57,1408125,-144525,9934.8
NIFTY,08-Sep-2017,28-Sep-2017,CE,10450,3.45,3.9,1.65,2.55,2.7,2.55,165,1293.51,.33,3225,300,9934.8
NIFTY,08-Sep-2017,28-Sep-2017,CE,10500,2,2.5,2,2.3,2.25,2.3,16799,132320.18,28.05,2293575,-149400,9934.8
NIFTY,08-Sep-2017,28-Sep-2017,CE,10550,0,0,0,6.5,6.5,1.7,0,0,0,150,0,9934.8
NIFTY,08-Sep-2017,28-Sep-2017,CE,9950,115,119,90.1,104.85,103.6,104.85,18204,137272.12,1424.77,456750,-106800,9934.8
NIFTY,08-Sep-2017,28-Sep-2017,CE,10000,90.25,91.5,66.65,79.45,77.6,79.45,187403,1416644.84,11122.34,4735125,20775,9934.8
NIFTY,08-Sep-2017,28-Sep-2017,CE,10050,66.65,67.55,46.55,56.95,55,56.95,15513,117576.43,647.19,600075,156225,9934.8
NIFTY,08-Sep-2017,28-Sep-2017,CE,10100,46.35,47.65,32.2,39.9,38.6,39.9,104510,794807.22,3143.97,3528300,181275,9934.8
NIFTY,08-Sep-2017,28-Sep-2017,CE,10150,31.95,32.5,21.3,26.5,25.5,26.5,6666,50874.73,129.81,244650,75600,9934.8
NIFTY,08-Sep-2017,28-Sep-2017,CE,10200,20.65,21.8,14.25,17.8,17.2,17.8,78064,598243.69,1054.09,3161550,3600,9934.8
NIFTY,08-Sep-2017,28-Sep-2017,CE,10250,13.05,14.05,9.25,11.45,11.2,11.45,2393,18417.02,20.84,192150,26400,9934.8
NIFTY,08-Sep-2017,28-Sep-2017,CE,9650,0,0,0,360,360,331.95,0,0,0,1650,0,9934.8
NIFTY,08-Sep-2017,28-Sep-2017,CE,9700,304.6,308.5,263.65,284.7,280.05,284.7,2100,15725.89,448.39,502200,-14250,9934.8
NIFTY,08-Sep-2017,28-Sep-2017,CE,9750,264.9,264.9,234,244.55,240.3,244.55,50,374.96,9.33,38550,1800,9934.8
NIFTY,08-Sep-2017,28-Sep-2017,CE,9800,224.15,224.15,185,204.5,203.8,204.5,9913,74373.61,1513.06,1509750,27900,9934.8
NIFTY,08-Sep-2017,28-Sep-2017,CE,9850,184.05,186.65,151.8,166.5,164.25,166.5,1052,7902.49,130.84,62700,-3525,9934.8
NIFTY,08-Sep-2017,28-Sep-2017,CE,9900,147,152.45,118,133.8,131.05,133.8,72647,546729.26,7325.29,2673075,178050,9934.8
NIFTY,08-Sep-2017,28-Sep-2017,CE,9300,673,677.45,630.4,655.2,648,655.2,210,1570,105.25,140175,-11250,9934.8
NIFTY,08-Sep-2017,28-Sep-2017,CE,9350,0,0,0,355.1,0,617.45,0,0,0,0,0,9934.8
NIFTY,08-Sep-2017,28-Sep-2017,CE,9400,575,578,532.9,557.1,553,557.1,537,4009.9,224.05,214350,3975,9934.8
NIFTY,08-Sep-2017,28-Sep-2017,CE,9450,0,0,0,282.8,0,519.25,0,0,0,0,0,9934.8
NIFTY,08-Sep-2017,28-Sep-2017,CE,9500,479.7,487.1,439.95,462.05,458,462.05,371,2771.45,128.08,482175,-4200,9934.8
NIFTY,08-Sep-2017,28-Sep-2017,CE,9550,0,0,0,219.2,0,423.4,0,0,0,0,0,9934.8
NIFTY,08-Sep-2017,28-Sep-2017,CE,9600,392.25,396,350,373.5,369,373.5,538,4023.07,149.47,339300,-450,9934.8
NIFTY,08-Sep-2017,28-Sep-2017,CE,9200,764.95,771,721.1,744.65,742.9,744.65,209,1561.09,118.99,167400,-9675,9934.8
NIFTY,08-Sep-2017,28-Sep-2017,CE,9250,0,0,0,434.85,0,716.6,0,0,0,0,0,9934.8
NIFTY,11-Sep-2017,28-Sep-2017,CE,10550,2.95,2.95,2.95,2.95,2.95,2.95,1,7.91,0,225,75,10006.05
NIFTY,11-Sep-2017,28-Sep-2017,CE,10600,1.55,1.75,1.45,1.55,1.5,1.55,1733,13779.45,2.1,395100,-20025,10006.05
NIFTY,11-Sep-2017,28-Sep-2017,CE,10650,0,0,0,1.25,1.25,0.75,0,0,0,150,0,10006.05
NIFTY,11-Sep-2017,28-Sep-2017,CE,10700,1.05,1.15,0.95,1.05,0.95,1.05,749,6011.31,.59,315525,8925,10006.05
NIFTY,11-Sep-2017,28-Sep-2017,CE,10300,9.3,12.25,7.1,10.65,9.85,10.65,51378,397304.59,409.54,2134725,12225,10006.05
NIFTY,11-Sep-2017,28-Sep-2017,CE,10350,5.6,9.1,5.45,6.95,6.65,6.95,1241,9639.55,6.28,128175,19500,10006.05
NIFTY,11-Sep-2017,28-Sep-2017,CE,10400,3.1,5.4,3.1,4.7,4.35,4.7,24956,194743.2,86.4,1407975,-150,10006.05
NIFTY,11-Sep-2017,28-Sep-2017,CE,10450,3.7,3.7,3.7,3.7,3.7,3.7,9,70.56,.02,3525,300,10006.05
NIFTY,11-Sep-2017,28-Sep-2017,CE,10500,2.95,3.1,2.3,2.75,2.6,2.75,29316,230922.3,58.8,2271150,-22425,10006.05
NIFTY,11-Sep-2017,28-Sep-2017,CE,9950,114,151,114,137.45,134,137.45,13830,104589.82,1383.44,252825,-203925,10006.05
NIFTY,11-Sep-2017,28-Sep-2017,CE,10000,95,118,91.45,104.95,103.3,104.95,184651,1399329.98,14447.48,3889875,-845250,10006.05
NIFTY,11-Sep-2017,28-Sep-2017,CE,10050,73.55,87.75,67.05,76.25,75.2,76.25,23102,175474.9,1343.58,576600,-23475,10006.05
NIFTY,11-Sep-2017,28-Sep-2017,CE,10100,56.9,63.95,47.55,54.85,53,54.85,155401,1183685.23,6522.66,3627225,98925,10006.05
NIFTY,11-Sep-2017,28-Sep-2017,CE,10150,35.35,43.5,30,36.85,34.9,36.85,9526,72791.04,274.37,346350,101700,10006.05
NIFTY,11-Sep-2017,28-Sep-2017,CE,10200,24.75,29.45,21.05,24.9,23.75,24.9,110679,848802.25,2107.9,3656775,495225,10006.05
NIFTY,11-Sep-2017,28-Sep-2017,CE,10250,15.2,18.6,13.35,15.9,14.65,15.9,7060,54361.53,87.78,231225,39075,10006.05
NIFTY,11-Sep-2017,28-Sep-2017,CE,9600,416.3,454.1,404.45,432.95,432.5,432.95,921,6927.99,296.79,322275,-17025,10006.05
NIFTY,11-Sep-2017,28-Sep-2017,CE,9650,366.85,367.05,360.15,367.05,367.05,367.05,4,30.05,1.1,1650,0,10006.05
NIFTY,11-Sep-2017,28-Sep-2017,CE,9700,325.45,361.5,313.95,344.45,341.95,344.45,1815,13670.72,466.6,476025,-26175,10006.05
NIFTY,11-Sep-2017,28-Sep-2017,CE,9750,285.6,312.35,273.65,295.9,301.85,295.9,557,4195.62,122.56,33150,-5400,10006.05
NIFTY,11-Sep-2017,28-Sep-2017,CE,9800,244,272.25,228.3,254.95,254.1,254.95,15327,115586.8,2933.35,1093425,-416325,10006.05
NIFTY,11-Sep-2017,28-Sep-2017,CE,9850,191.7,229.05,191.55,212.7,210.15,212.7,684,5159.16,106.11,50925,-11775,10006.05
NIFTY,11-Sep-2017,28-Sep-2017,CE,9900,154.95,189.4,151.55,173.15,172.25,173.15,54081,408445.4,6893.97,2258775,-414300,10006.05
NIFTY,11-Sep-2017,28-Sep-2017,CE,9300,700,741.1,695,721.85,720,721.85,36,270.39,19.29,138825,-1350,10006.05
NIFTY,11-Sep-2017,28-Sep-2017,CE,9350,0,0,0,355.1,0,683.3,0,0,0,0,0,10006.05
NIFTY,11-Sep-2017,28-Sep-2017,CE,9400,603,645.6,602,626.55,621.65,626.55,1877,14128.37,895.52,311850,97500,10006.05
NIFTY,11-Sep-2017,28-Sep-2017,CE,9450,0,0,0,282.8,0,584.1,0,0,0,0,0,10006.05
NIFTY,11-Sep-2017,28-Sep-2017,CE,9500,508.9,549,497.35,532.45,531.3,532.45,1148,8636.66,457.16,444975,-37200,10006.05
NIFTY,11-Sep-2017,28-Sep-2017,CE,9550,0,0,0,219.2,0,485.9,0,0,0,0,0,10006.05
NIFTY,11-Sep-2017,28-Sep-2017,CE,9200,802.65,842.3,797,817.65,815.55,817.65,39,293.06,23.96,166275,-1125,10006.05
NIFTY,11-Sep-2017,28-Sep-2017,CE,9250,0,0,0,434.85,0,782.9,0,0,0,0,0,10006.05
NIFTY,12-Sep-2017,28-Sep-2017,CE,10600,1.5,1.7,1.25,1.45,1.3,1.45,4595,36535.31,5.06,467700,72600,10093.05
NIFTY,12-Sep-2017,28-Sep-2017,CE,10650,0,0,0,1.25,1.25,2,0,0,0,150,0,10093.05
NIFTY,12-Sep-2017,28-Sep-2017,CE,10700,0.95,0.95,0.7,0.75,0.7,0.75,2428,19486.11,1.41,394050,78525,10093.05
NIFTY,12-Sep-2017,28-Sep-2017,CE,10250,18.45,23.95,14.8,22.95,22.35,22.95,9226,71057.85,132.97,328050,96825,10093.05
NIFTY,12-Sep-2017,28-Sep-2017,CE,10300,11.25,14.95,9.6,14.25,13.65,14.25,68535,530054.48,621.61,2515950,381225,10093.05
NIFTY,12-Sep-2017,28-Sep-2017,CE,10350,6.35,9,6,8.3,8.15,8.3,2701,20982.23,15.71,142125,13950,10093.05
NIFTY,12-Sep-2017,28-Sep-2017,CE,10400,4.55,6,4.2,5.15,4.95,5.15,27699,216151.75,99.55,1591350,183375,10093.05
NIFTY,12-Sep-2017,28-Sep-2017,CE,10450,3.5,4,2.6,3,3.6,3,193,1513.14,.5,9975,6450,10093.05
NIFTY,12-Sep-2017,28-Sep-2017,CE,10500,2.9,3.4,2.4,2.6,2.5,2.6,30222,238056.82,58.57,2232300,-38850,10093.05
NIFTY,12-Sep-2017,28-Sep-2017,CE,10550,2,2,1.85,1.85,1.85,1.85,3,23.74,0,300,75,10093.05
NIFTY,12-Sep-2017,28-Sep-2017,CE,9950,149.95,192.75,139.3,188.8,187,188.8,5491,41636.91,660.32,177750,-75075,10093.05
NIFTY,12-Sep-2017,28-Sep-2017,CE,10000,112.6,152.75,106.45,148.8,147,148.8,127846,970885.2,12040.2,3734850,-155025,10093.05
NIFTY,12-Sep-2017,28-Sep-2017,CE,10050,86.8,115.25,77.6,112.1,111,112.1,25148,191287.22,1734.17,642225,65625,10093.05
NIFTY,12-Sep-2017,28-Sep-2017,CE,10100,60.1,85.25,54.3,82.45,81.75,82.45,185861,1417447.04,9549.96,3560325,-66900,10093.05
NIFTY,12-Sep-2017,28-Sep-2017,CE,10150,41.2,59,35.9,56.9,56,56.9,18256,139635.78,661.98,423900,77550,10093.05
NIFTY,12-Sep-2017,28-Sep-2017,CE,10200,28.5,38.95,23.65,37.55,36.5,37.55,131808,1011383.54,3052.34,3836025,179250,10093.05
NIFTY,12-Sep-2017,28-Sep-2017,CE,9600,451.35,516.05,446,511.4,512,511.4,767,5795.57,273.17,303300,-18975,10093.05
NIFTY,12-Sep-2017,28-Sep-2017,CE,9650,287.15,287.15,287.15,287.15,287.15,287.15,1,7.45,.22,1650,0,10093.05
NIFTY,12-Sep-2017,28-Sep-2017,CE,9700,359.6,418.65,351.3,415.35,410.35,415.35,1439,10887.26,418.54,440250,-35775,10093.05
NIFTY,12-Sep-2017,28-Sep-2017,CE,9750,310,352,306,352,352,352,306,2311.83,74.2,31725,-1425,10093.05
NIFTY,12-Sep-2017,28-Sep-2017,CE,9800,273.75,325.25,261,320.5,320,320.5,5171,39120.99,1114.14,963150,-130275,10093.05
NIFTY,12-Sep-2017,28-Sep-2017,CE,9850,222.4,279,219.55,275.1,274,275.1,305,2309.75,56.56,46725,-4200,10093.05
NIFTY,12-Sep-2017,28-Sep-2017,CE,9900,185,236,177,231.6,229.05,231.6,28886,218897.64,4419.09,1711275,-547500,10093.05
NIFTY,12-Sep-2017,28-Sep-2017,CE,9300,740,809.35,740,808.75,801,808.75,87,658.36,51.53,133725,-5100,10093.05
NIFTY,12-Sep-2017,28-Sep-2017,CE,9350,0,0,0,355.1,0,768.6,0,0,0,0,0,10093.05
NIFTY,12-Sep-2017,28-Sep-2017,CE,9400,638.95,708.95,634.6,705.55,702,705.55,300,2265.7,150.7,306225,-5625,10093.05
NIFTY,12-Sep-2017,28-Sep-2017,CE,9450,0,0,0,282.8,0,669.05,0,0,0,0,0,10093.05
NIFTY,12-Sep-2017,28-Sep-2017,CE,9500,548,616.3,539.5,607.2,605.8,607.2,1638,12390.07,719.32,362175,-82800,10093.05
NIFTY,12-Sep-2017,28-Sep-2017,CE,9550,0,0,0,219.2,0,569.95,0,0,0,0,0,10093.05
NIFTY,12-Sep-2017,28-Sep-2017,CE,9200,846.2,906.5,843.8,900.2,897.2,900.2,64,483.53,41.93,165675,-600,10093.05
NIFTY,12-Sep-2017,28-Sep-2017,CE,9250,0,0,0,434.85,0,868.3,0,0,0,0,0,10093.05
NIFTY,13-Sep-2017,28-Sep-2017,CE,10600,1.7,2,0.85,1.05,1,1.05,26271,208883.8,29.35,500100,32400,10079.3
NIFTY,13-Sep-2017,28-Sep-2017,CE,10650,0,0,0,1.25,1.25,1.1,0,0,0,150,0,10079.3
NIFTY,13-Sep-2017,28-Sep-2017,CE,10700,0.7,1.2,0.6,0.7,0.6,0.7,4794,38474.63,2.78,384450,-9600,10079.3
NIFTY,13-Sep-2017,28-Sep-2017,CE,10250,19.4,30.55,17.5,19.35,18.65,19.35,14979,115412.55,261.48,403200,75150,10079.3
NIFTY,13-Sep-2017,28-Sep-2017,CE,10300,12.6,18.95,11,12,12.1,12,122665,948957.46,1370.34,2831025,315075,10079.3
NIFTY,13-Sep-2017,28-Sep-2017,CE,10350,7.9,11,6.6,7.15,6.65,7.15,5727,44493.16,37.32,136725,-5400,10079.3
NIFTY,13-Sep-2017,28-Sep-2017,CE,10400,4.05,6.6,3.85,4.5,4.55,4.5,46629,363894.42,188.22,1521900,-69450,10079.3
NIFTY,13-Sep-2017,28-Sep-2017,CE,10450,4,4.55,2.15,3.3,3.25,3.3,315,2469.66,.84,15600,5625,10079.3
NIFTY,13-Sep-2017,28-Sep-2017,CE,10500,2.4,3.3,2.1,2.5,2.5,2.5,54659,430554.04,114.41,2405175,172875,10079.3
NIFTY,13-Sep-2017,28-Sep-2017,CE,10550,1.2,2.5,1.2,2.5,2.5,2.5,12,94.97,.02,525,225,10079.3
NIFTY,13-Sep-2017,28-Sep-2017,CE,9950,177.65,217.5,166.95,175.95,179.5,175.95,2179,16584.07,323.28,156000,-21750,10079.3
NIFTY,13-Sep-2017,28-Sep-2017,CE,10000,144.95,175.6,127.9,136.05,138,136.05,73937,563012.11,8484.61,3458550,-276300,10079.3
NIFTY,13-Sep-2017,28-Sep-2017,CE,10050,103.3,135,93.9,101.35,102,101.35,9526,72626.85,824.62,652200,9975,10079.3
NIFTY,13-Sep-2017,28-Sep-2017,CE,10100,83,102.05,66.7,72.65,73.15,72.65,208407,1591890.16,13207.14,4067625,507300,10079.3
NIFTY,13-Sep-2017,28-Sep-2017,CE,10150,55.45,71.65,44.45,48.35,49.15,48.35,36439,278975.51,1583.62,615150,191250,10079.3
NIFTY,13-Sep-2017,28-Sep-2017,CE,10200,38.8,48.8,29,31.9,32.15,31.9,207478,1593290.71,6084.01,4123650,287625,10079.3
NIFTY,13-Sep-2017,28-Sep-2017,CE,9600,501,538.7,482,496.3,500,496.3,1450,10992.58,552.58,254475,-48825,10079.3
NIFTY,13-Sep-2017,28-Sep-2017,CE,9650,0,0,0,287.15,287.15,456.15,0,0,0,1650,0,10079.3
NIFTY,13-Sep-2017,28-Sep-2017,CE,9700,401.4,447,387.45,394.55,401.65,394.55,1404,10661.02,446.92,406650,-33600,10079.3
NIFTY,13-Sep-2017,28-Sep-2017,CE,9750,355.55,376.7,352.35,356.05,356.05,356.05,15,113.76,4.07,31725,0,10079.3
NIFTY,13-Sep-2017,28-Sep-2017,CE,9800,308.15,354.5,295.65,305.75,307.95,305.75,2972,22575.04,730.84,919500,-43650,10079.3
NIFTY,13-Sep-2017,28-Sep-2017,CE,9850,263,308.35,250.5,258.1,266.05,258.1,151,1147.82,32.31,43275,-3450,10079.3
NIFTY,13-Sep-2017,28-Sep-2017,CE,9900,224.1,261.5,206.5,216.45,221.7,216.45,11699,88937.39,2072.31,1651650,-59625,10079.3
NIFTY,13-Sep-2017,28-Sep-2017,CE,9300,802.2,840,787.4,789.7,791.8,789.7,76,576.42,46.32,131025,-2700,10079.3
NIFTY,13-Sep-2017,28-Sep-2017,CE,9350,0,0,0,355.1,0,753.25,0,0,0,0,0,10079.3
NIFTY,13-Sep-2017,28-Sep-2017,CE,9400,705,738,688,688,688,688,106,804.58,57.28,305625,-600,10079.3
NIFTY,13-Sep-2017,28-Sep-2017,CE,9450,0,0,0,282.8,0,653.65,0,0,0,0,0,10079.3
NIFTY,13-Sep-2017,28-Sep-2017,CE,9500,597.55,643.1,581.3,591.4,597.4,591.4,641,4863.82,296.69,344775,-17400,10079.3
NIFTY,13-Sep-2017,28-Sep-2017,CE,9550,0,0,0,219.2,0,554.35,0,0,0,0,0,10079.3
NIFTY,13-Sep-2017,28-Sep-2017,CE,9200,906.05,938.4,888,893.2,893.2,893.2,23,174.39,15.69,165525,-150,10079.3
NIFTY,13-Sep-2017,28-Sep-2017,CE,9250,0,0,0,434.85,0,853,0,0,0,0,0,10079.3
NIFTY,14-Sep-2017,28-Sep-2017,CE,10600,1.15,1.35,0.9,1,0.9,1,6251,49700.68,5.23,459750,-40350,10086.6
NIFTY,14-Sep-2017,28-Sep-2017,CE,10650,0,0,0,1.25,1.25,0.7,0,0,0,150,0,10086.6
NIFTY,14-Sep-2017,28-Sep-2017,CE,10700,0.65,0.7,0.6,0.7,0.7,0.7,1309,10505.37,.65,370125,-14325,10086.6
NIFTY,14-Sep-2017,28-Sep-2017,CE,10250,18.7,30.45,17.8,21.2,20.75,21.2,12836,98890.51,213.76,419850,16650,10086.6
NIFTY,14-Sep-2017,28-Sep-2017,CE,10300,12.4,19.45,10.45,13.1,12.45,13.1,113324,876593.36,1165.46,2921550,90525,10086.6
NIFTY,14-Sep-2017,28-Sep-2017,CE,10350,7.45,11.2,6.3,7.55,7.5,7.55,4628,35953.85,29,185325,48600,10086.6
NIFTY,14-Sep-2017,28-Sep-2017,CE,10400,5.2,6.7,3.9,4.65,4.15,4.65,35680,278436.17,132.17,1626000,104100,10086.6
NIFTY,14-Sep-2017,28-Sep-2017,CE,10450,3.65,4.5,2,3.4,3.25,3.4,628,4923.6,1.65,37800,22200,10086.6
NIFTY,14-Sep-2017,28-Sep-2017,CE,10500,2.6,3.25,2.2,2.5,2.4,2.5,27175,214056.74,53.62,2452050,46875,10086.6
NIFTY,14-Sep-2017,28-Sep-2017,CE,10550,2,2,1.25,1.75,1.75,1.75,22,174.1,.03,1275,750,10086.6
NIFTY,14-Sep-2017,28-Sep-2017,CE,9950,184.25,216.2,174.5,192.05,189.95,192.05,1505,11447.98,216.91,138975,-17025,10086.6
NIFTY,14-Sep-2017,28-Sep-2017,CE,10000,129.95,173.5,129.75,150.2,150.2,150.2,62597,476647.47,7169.97,2889000,-569550,10086.6
NIFTY,14-Sep-2017,28-Sep-2017,CE,10050,102.4,132.5,98,111.65,112,111.65,7674,58490.77,647.99,647850,-4350,10086.6
NIFTY,14-Sep-2017,28-Sep-2017,CE,10100,72.65,99.8,65,80.55,81.05,80.55,212064,1619437.9,13053.1,4125375,57750,10086.6
NIFTY,14-Sep-2017,28-Sep-2017,CE,10150,46.85,70.25,45.7,54.15,53.7,54.15,33528,256659.69,1427.79,908250,293100,10086.6
NIFTY,14-Sep-2017,28-Sep-2017,CE,10200,32.2,48.4,29.65,35.55,35.2,35.55,212644,1632601.35,5874.75,4356000,232350,10086.6
NIFTY,14-Sep-2017,28-Sep-2017,CE,9600,505.55,543.2,496.1,516.15,520,516.15,315,2388.96,120.96,238500,-15975,10086.6
NIFTY,14-Sep-2017,28-Sep-2017,CE,9650,0,0,0,287.15,287.15,461,0,0,0,1650,0,10086.6
NIFTY,14-Sep-2017,28-Sep-2017,CE,9700,406.45,446,396.05,421.2,422.65,421.2,596,4523.46,187.56,390525,-16125,10086.6
NIFTY,14-Sep-2017,28-Sep-2017,CE,9750,388.35,388.35,356,369.35,369.35,369.35,19,144.21,5.27,31275,-450,10086.6
NIFTY,14-Sep-2017,28-Sep-2017,CE,9800,306.45,351.3,306,325.05,327.95,325.05,3142,23856.33,762.63,869925,-49575,10086.6
NIFTY,14-Sep-2017,28-Sep-2017,CE,9850,280,305,262,279.65,279.8,279.65,59,448.18,12.32,42450,-825,10086.6
NIFTY,14-Sep-2017,28-Sep-2017,CE,9900,220,259,215,233.9,236.45,233.9,8541,64913.3,1496.38,1607325,-44325,10086.6
NIFTY,14-Sep-2017,28-Sep-2017,CE,9300,821.9,830,790.7,811.55,814.65,811.55,72,546.01,43.81,128100,-2925,10086.6
NIFTY,14-Sep-2017,28-Sep-2017,CE,9350,0,0,0,355.1,0,758.95,0,0,0,0,0,10086.6
NIFTY,14-Sep-2017,28-Sep-2017,CE,9400,708,730,691.9,715.65,715,715.65,1044,7908.41,548.21,240225,-65400,10086.6
NIFTY,14-Sep-2017,28-Sep-2017,CE,9450,0,0,0,282.8,0,659.25,0,0,0,0,0,10086.6
NIFTY,14-Sep-2017,28-Sep-2017,CE,9500,613.8,643,592.95,614,615.55,614,419,3178.57,193.2,326625,-18150,10086.6
NIFTY,14-Sep-2017,28-Sep-2017,CE,9550,0,0,0,219.2,0,559.75,0,0,0,0,0,10086.6
NIFTY,14-Sep-2017,28-Sep-2017,CE,9200,900,928.3,890,913.3,913.3,913.3,30,227.25,20.25,163875,-1650,10086.6
NIFTY,14-Sep-2017,28-Sep-2017,CE,9250,0,0,0,434.85,0,858.7,0,0,0,0,0,10086.6
NIFTY,15-Sep-2017,28-Sep-2017,CE,9200,890,925,867,900.8,900,900.8,79,597.97,52.87,158850,-5025,10085.4
NIFTY,15-Sep-2017,28-Sep-2017,CE,9250,0,0,0,434.85,0,855.9,0,0,0,0,0,10085.4
NIFTY,15-Sep-2017,28-Sep-2017,CE,9300,769.15,823.65,764.7,798.6,794.3,798.6,82,620.12,48.17,125625,-2475,10085.4
NIFTY,15-Sep-2017,28-Sep-2017,CE,9350,0,0,0,355.1,0,756.15,0,0,0,0,0,10085.4
NIFTY,15-Sep-2017,28-Sep-2017,CE,9400,677.2,722.8,667,702.3,698,702.3,414,3130.93,212.23,223650,-16575,10085.4
NIFTY,15-Sep-2017,28-Sep-2017,CE,9450,0,0,0,282.8,0,656.4,0,0,0,0,0,10085.4
NIFTY,15-Sep-2017,28-Sep-2017,CE,9500,586.15,628.6,570,607.05,594,607.05,419,3172.11,186.73,309900,-16725,10085.4
NIFTY,15-Sep-2017,28-Sep-2017,CE,9550,0,0,0,219.2,0,556.75,0,0,0,0,0,10085.4
NIFTY,15-Sep-2017,28-Sep-2017,CE,9600,488,529.75,471.8,503.7,500.75,503.7,477,3608.87,174.47,222825,-15675,10085.4
NIFTY,15-Sep-2017,28-Sep-2017,CE,9650,0,0,0,287.15,287.15,457.65,0,0,0,1650,0,10085.4
NIFTY,15-Sep-2017,28-Sep-2017,CE,9700,395.3,433,372.9,406.2,399.3,406.2,1135,8590.76,333.64,360525,-30000,10085.4
NIFTY,15-Sep-2017,28-Sep-2017,CE,9750,369.85,379.15,359.9,365.25,359.9,365.25,21,159.44,5.87,31275,0,10085.4
NIFTY,15-Sep-2017,28-Sep-2017,CE,9800,295.25,337.4,282.3,311.85,304.85,311.85,2910,22055.65,667.15,857400,-12525,10085.4
NIFTY,15-Sep-2017,28-Sep-2017,CE,9850,264.35,292.05,240.4,264.6,262,264.6,156,1182.54,30.09,35550,-6900,10085.4
NIFTY,15-Sep-2017,28-Sep-2017,CE,9900,220.05,246.8,194.1,224.4,217.75,224.4,16286,123545.93,2622.38,1545150,-62175,10085.4
NIFTY,15-Sep-2017,28-Sep-2017,CE,9950,167.05,203,155,181.15,176,181.15,999,7584.77,129.73,128175,-10800,10085.4
NIFTY,15-Sep-2017,28-Sep-2017,CE,10000,130.65,161.1,117.2,140.3,134.9,140.3,86436,656904.81,8634.81,2814600,-74400,10085.4
NIFTY,15-Sep-2017,28-Sep-2017,CE,10050,88.65,121.2,83.9,100.85,99.45,100.85,14764,112348.62,1064.97,677400,29550,10085.4
NIFTY,15-Sep-2017,28-Sep-2017,CE,10100,67.1,89,57.85,73.1,69.8,73.1,274567,2094051.15,14206.12,4338450,213075,10085.4
NIFTY,15-Sep-2017,28-Sep-2017,CE,10150,42.25,60.25,36.15,49,44.9,49,42614,325874.53,1475.46,852525,-55725,10085.4
NIFTY,15-Sep-2017,28-Sep-2017,CE,10200,23.75,40.3,22.65,31.2,29.05,31.2,243692,1869551.83,5308.03,4885800,529800,10085.4
NIFTY,15-Sep-2017,28-Sep-2017,CE,10250,15.35,24.25,10.5,18.1,16.8,18.1,20520,158012.77,265.27,527775,107925,10085.4
NIFTY,15-Sep-2017,28-Sep-2017,CE,10300,8.15,14.4,7.5,10.75,9.75,10.75,141170,1091604.44,1066.19,2568375,-353175,10085.4
NIFTY,15-Sep-2017,28-Sep-2017,CE,10350,7.4,8.25,4.6,6.2,5.4,6.2,5858,45498.67,25.95,231975,46650,10085.4
NIFTY,15-Sep-2017,28-Sep-2017,CE,10400,2.7,5.05,2.7,3.8,3.55,3.8,44377,346262.94,122.34,1688700,62700,10085.4
NIFTY,15-Sep-2017,28-Sep-2017,CE,10450,2.15,3.7,2.15,2.85,2.9,2.85,613,4805.7,1.32,38025,225,10085.4
NIFTY,15-Sep-2017,28-Sep-2017,CE,10500,2.05,2.7,1.8,2.25,2.05,2.25,49671,391237.9,78.77,2670750,218700,10085.4
NIFTY,15-Sep-2017,28-Sep-2017,CE,10550,1.75,3.3,0.8,1.3,1.55,1.3,15,118.7,.02,1350,75,10085.4
NIFTY,15-Sep-2017,28-Sep-2017,CE,10600,1,1.05,0.75,0.85,0.75,0.85,7231,57491.17,4.72,490275,30525,10085.4
NIFTY,15-Sep-2017,28-Sep-2017,CE,10650,0,0,0,1.25,1.25,0.4,0,0,0,150,0,10085.4
NIFTY,15-Sep-2017,28-Sep-2017,CE,10700,0.55,0.65,0.45,0.55,0.6,0.55,520,4173.21,.21,377925,7800,10085.4
NIFTY,18-Sep-2017,28-Sep-2017,CE,9950,207.1,247.05,207.1,235.25,237.3,235.25,995,7603.26,178.08,99975,-28200,10153.1
NIFTY,18-Sep-2017,28-Sep-2017,CE,10000,163.9,202.5,163.9,191.45,194.55,191.45,40294,308039.41,5834.41,2287650,-526950,10153.1
NIFTY,18-Sep-2017,28-Sep-2017,CE,10050,126.45,157.45,126.45,146.5,150,146.5,4497,34402.74,506.6,535425,-141975,10153.1
NIFTY,18-Sep-2017,28-Sep-2017,CE,10100,87.2,120,87.2,110.05,114.5,110.05,133693,1023937.94,11213.47,3162075,-1176375,10153.1
NIFTY,18-Sep-2017,28-Sep-2017,CE,10150,63.1,84.45,63.1,75.9,78.5,75.9,27611,211809.66,1620.92,684600,-167925,10153.1
NIFTY,18-Sep-2017,28-Sep-2017,CE,10200,37.7,57.45,37.7,51.05,53,51.05,230802,1774731.05,9095.75,5399850,514050,10153.1
NIFTY,18-Sep-2017,28-Sep-2017,CE,10250,26.75,40.55,21.3,30.75,32,30.75,33438,257858.29,803.67,933375,405600,10153.1
NIFTY,18-Sep-2017,28-Sep-2017,CE,10300,13.9,21.85,13.85,18.2,18.95,18.2,158315,1225286.77,2303.39,2978850,410475,10153.1
NIFTY,18-Sep-2017,28-Sep-2017,CE,10350,10.1,12.3,7,10,10.3,10,11012,85570.53,89.88,293925,61950,10153.1
NIFTY,18-Sep-2017,28-Sep-2017,CE,10400,4.7,6.9,4.15,5.75,5.7,5.75,57277,447025.63,265.03,1782525,93825,10153.1
NIFTY,18-Sep-2017,28-Sep-2017,CE,10450,3.8,4.3,3.5,3.8,3.75,3.8,2394,18770.01,7.04,77100,39075,10153.1
NIFTY,18-Sep-2017,28-Sep-2017,CE,10500,2.55,3.1,2.45,2.65,2.7,2.65,56191,442623.36,119.24,2667450,-3300,10153.1
NIFTY,18-Sep-2017,28-Sep-2017,CE,10550,1.6,2.9,1.6,1.7,1.7,1.7,550,4352.65,.77,20700,19350,10153.1
NIFTY,18-Sep-2017,28-Sep-2017,CE,10600,1.45,1.45,0.8,1,1.05,1,8108,64465,6.4,465600,-24675,10153.1
NIFTY,18-Sep-2017,28-Sep-2017,CE,10650,3.2,3.2,3.2,3.2,3.2,3.2,1,7.99,0,150,0,10153.1
NIFTY,18-Sep-2017,28-Sep-2017,CE,10700,0.35,0.75,0.35,0.7,0.7,0.7,1540,12359.23,.73,373125,-4800,10153.1
NIFTY,18-Sep-2017,28-Sep-2017,CE,9200,964.55,980,964.55,973.5,973.5,973.5,37,282.28,26.98,157650,-1200,10153.1
NIFTY,18-Sep-2017,28-Sep-2017,CE,9250,0,0,0,434.85,0,918.9,0,0,0,0,0,10153.1
NIFTY,18-Sep-2017,28-Sep-2017,CE,9300,873.5,880,866.6,870.2,866.6,870.2,65,496.01,42.63,122700,-2925,10153.1
NIFTY,18-Sep-2017,28-Sep-2017,CE,9350,0,0,0,355.1,0,819.1,0,0,0,0,0,10153.1
NIFTY,18-Sep-2017,28-Sep-2017,CE,9400,766.75,782.5,766.75,774.05,774.05,774.05,132,1007.26,76.66,215250,-8400,10153.1
NIFTY,18-Sep-2017,28-Sep-2017,CE,9450,0,0,0,282.8,0,719.25,0,0,0,0,0,10153.1
NIFTY,18-Sep-2017,28-Sep-2017,CE,9500,666.7,684,666.15,671.3,678,671.3,212,1617.6,107.1,303150,-6750,10153.1
NIFTY,18-Sep-2017,28-Sep-2017,CE,9550,0,0,0,219.2,0,619.45,0,0,0,0,0,10153.1
NIFTY,18-Sep-2017,28-Sep-2017,CE,9600,564,585.5,563.85,574.55,578.85,574.55,137,1045.6,59.2,217500,-5325,10153.1
NIFTY,18-Sep-2017,28-Sep-2017,CE,9650,0,0,0,287.15,287.15,519.7,0,0,0,1650,0,10153.1
NIFTY,18-Sep-2017,28-Sep-2017,CE,9700,449.4,487.9,449.4,473.95,478,473.95,492,3755.05,175.75,341550,-18975,10153.1
NIFTY,18-Sep-2017,28-Sep-2017,CE,9750,423.55,434.35,423.55,427.85,427.85,427.85,22,167.9,7.02,30825,-450,10153.1
NIFTY,18-Sep-2017,28-Sep-2017,CE,9800,364.55,391.75,359.25,377.45,382.25,377.45,2006,15315.17,571.07,803325,-54075,10153.1
NIFTY,18-Sep-2017,28-Sep-2017,CE,9850,315.65,342.2,315.65,329.65,333,329.65,459,3506,115.14,27975,-7575,10153.1
NIFTY,18-Sep-2017,28-Sep-2017,CE,9900,256.8,294.6,256.8,282.55,285.5,282.55,7999,61097.68,1705.11,1357125,-188025,10153.1
NIFTY,19-Sep-2017,28-Sep-2017,CE,9950,231,237.35,214,228.8,230,228.8,358,2731.53,59.95,92550,-7425,10147.55
NIFTY,19-Sep-2017,28-Sep-2017,CE,10000,186.8,192.65,169.05,184.2,183.2,184.2,24045,183583.92,3246.42,2027625,-260025,10147.55
NIFTY,19-Sep-2017,28-Sep-2017,CE,10050,148.75,149.95,126.5,140.55,135.25,140.55,4066,31061.86,414.38,436950,-98475,10147.55
NIFTY,19-Sep-2017,28-Sep-2017,CE,10100,107.35,109.5,91.35,103.55,103.75,103.55,95363,729567.18,7192.45,3057600,-104475,10147.55
NIFTY,19-Sep-2017,28-Sep-2017,CE,10150,76,76,60.45,69.95,70.45,69.95,25063,192067.78,1275.7,942450,257850,10147.55
NIFTY,19-Sep-2017,28-Sep-2017,CE,10200,53,53,39.1,46,46.3,46,193083,1483503.06,6418.11,5589525,189675,10147.55
NIFTY,19-Sep-2017,28-Sep-2017,CE,10250,28.8,30.05,22.35,27.3,27.9,27.3,27849,214629.21,540.02,1131450,198075,10147.55
NIFTY,19-Sep-2017,28-Sep-2017,CE,10300,19.75,24.25,13,15.4,15.5,15.4,117829,911546.19,1317.17,3154275,175425,10147.55
NIFTY,19-Sep-2017,28-Sep-2017,CE,10350,8.85,9.9,7.15,8.1,8.05,8.1,8636,67089.08,52.13,296325,2400,10147.55
NIFTY,19-Sep-2017,28-Sep-2017,CE,10400,6.9,6.95,4,4.55,4.35,4.55,42946,335125.14,146.34,1883175,100650,10147.55
NIFTY,19-Sep-2017,28-Sep-2017,CE,10450,3.35,3.35,2.7,2.95,2.85,2.95,1968,15428.56,4.36,88275,11175,10147.55
NIFTY,19-Sep-2017,28-Sep-2017,CE,10500,2.55,2.7,1.95,2.15,2.1,2.15,26293,207099.79,42.42,2627025,-40425,10147.55
NIFTY,19-Sep-2017,28-Sep-2017,CE,10550,1.35,1.45,1.3,1.4,1.4,1.4,123,973.36,.13,21300,600,10147.55
NIFTY,19-Sep-2017,28-Sep-2017,CE,10600,0.6,1.1,0.6,1,1.05,1,3630,28861,2.5,458325,-7275,10147.55
NIFTY,19-Sep-2017,28-Sep-2017,CE,10650,0,0,0,3.2,3.2,0.15,0,0,0,150,0,10147.55
NIFTY,19-Sep-2017,28-Sep-2017,CE,10700,0.6,0.8,0.55,0.7,0.8,0.7,1851,14855.16,.88,374025,900,10147.55
NIFTY,19-Sep-2017,28-Sep-2017,CE,9200,962.8,962.8,951.7,959,959,959,28,213.28,20.08,155925,-1725,10147.55
NIFTY,19-Sep-2017,28-Sep-2017,CE,9250,0,0,0,434.85,0,911.8,0,0,0,0,0,10147.55
NIFTY,19-Sep-2017,28-Sep-2017,CE,9300,858.95,869.25,848.25,866.3,866.8,866.3,53,403.86,34.18,119100,-3600,10147.55
NIFTY,19-Sep-2017,28-Sep-2017,CE,9350,0,0,0,355.1,0,811.95,0,0,0,0,0,10147.55
NIFTY,19-Sep-2017,28-Sep-2017,CE,9400,759.55,774.65,747.3,765.95,767.05,765.95,111,845.69,63.14,217200,1950,10147.55
NIFTY,19-Sep-2017,28-Sep-2017,CE,9450,0,0,0,282.8,0,712.1,0,0,0,0,0,10147.55
NIFTY,19-Sep-2017,28-Sep-2017,CE,9500,660,670.2,647.7,666.35,668,666.35,207,1577.26,102.39,293925,-9225,10147.55
NIFTY,19-Sep-2017,28-Sep-2017,CE,9550,0,0,0,219.2,0,612.25,0,0,0,0,0,10147.55
NIFTY,19-Sep-2017,28-Sep-2017,CE,9600,571.6,574.65,550,568.3,569.25,568.3,104,792.62,43.82,217275,-225,10147.55
NIFTY,19-Sep-2017,28-Sep-2017,CE,9650,0,0,0,287.15,287.15,512.45,0,0,0,1650,0,10147.55
NIFTY,19-Sep-2017,28-Sep-2017,CE,9700,470,475.5,448.75,468.95,469.55,468.95,290,2210.18,100.43,330825,-10725,10147.55
NIFTY,19-Sep-2017,28-Sep-2017,CE,9750,415.4,419.75,406.65,419.75,419.75,419.75,16,121.93,4.93,30675,-150,10147.55
NIFTY,19-Sep-2017,28-Sep-2017,CE,9800,371.15,379.35,352.5,370.75,372.15,370.75,1084,8264.01,296.61,781275,-22050,10147.55
NIFTY,19-Sep-2017,28-Sep-2017,CE,9850,323.5,327.2,306.1,322.65,324.15,322.65,78,594.84,18.62,25275,-2700,10147.55
NIFTY,19-Sep-2017,28-Sep-2017,CE,9900,280.3,285.2,259.1,275.6,275.5,275.6,8122,61949.11,1643.26,1146300,-210825,10147.55
NIFTY,20-Sep-2017,28-Sep-2017,CE,9950,230.65,237.55,218.9,227.7,225.9,227.7,328,2503.47,55.77,83775,-8775,10141.15
NIFTY,20-Sep-2017,28-Sep-2017,CE,10000,171.55,193.05,171.55,183.25,184.4,183.25,17102,130603.84,2338.84,1930800,-96825,10141.15
NIFTY,20-Sep-2017,28-Sep-2017,CE,10050,144.05,148,131.55,141.25,140,141.25,2461,18808.65,258.86,366750,-70200,10141.15
NIFTY,20-Sep-2017,28-Sep-2017,CE,10100,113.4,113.4,94.75,102.9,104,102.9,91051,696705.62,6994.3,2750625,-306975,10141.15
NIFTY,20-Sep-2017,28-Sep-2017,CE,10150,69.1,74.5,62.45,68.8,69.5,68.8,26959,206603.75,1378.36,987675,45225,10141.15
NIFTY,20-Sep-2017,28-Sep-2017,CE,10200,43.95,48.5,39.7,44.35,44.85,44.35,173510,1333059.03,5707.53,5605575,16050,10141.15
NIFTY,20-Sep-2017,28-Sep-2017,CE,10250,25.65,29.25,21.9,24.8,25.35,24.8,26763,206237.61,497.04,1197525,66075,10141.15
NIFTY,20-Sep-2017,28-Sep-2017,CE,10300,15.05,16,12.05,13.75,13.5,13.75,107575,832112.81,1095.93,3282075,127800,10141.15
NIFTY,20-Sep-2017,28-Sep-2017,CE,10350,8,8.15,6.2,6.95,6.9,6.95,6739,52346.83,35.34,324600,28275,10141.15
NIFTY,20-Sep-2017,28-Sep-2017,CE,10400,3.75,4.35,3.35,3.65,3.45,3.65,32906,256759.32,92.52,2015625,132450,10141.15
NIFTY,20-Sep-2017,28-Sep-2017,CE,10450,2.6,2.85,2.1,2.3,2.1,2.3,2233,17505.17,4.03,98550,10275,10141.15
NIFTY,20-Sep-2017,28-Sep-2017,CE,10500,1.8,2.1,1.5,1.6,1.5,1.6,27089,213360.99,35.11,2440725,-186300,10141.15
NIFTY,20-Sep-2017,28-Sep-2017,CE,10550,1.3,1.3,1.1,1.15,1.1,1.15,57,451.06,.05,20550,-750,10141.15
NIFTY,20-Sep-2017,28-Sep-2017,CE,10600,0.9,0.95,0.65,0.7,0.7,0.7,2886,22945.36,1.66,458475,150,10141.15
NIFTY,20-Sep-2017,28-Sep-2017,CE,10650,0,0,0,3.2,3.2,0.05,0,0,0,150,0,10141.15
NIFTY,20-Sep-2017,28-Sep-2017,CE,10700,0.65,0.65,0.45,0.55,0.45,0.55,874,7014.22,.37,384825,10800,10141.15
NIFTY,20-Sep-2017,28-Sep-2017,CE,9200,960,961,955.1,960.5,960.5,960.5,32,243.8,23,153600,-2325,10141.15
NIFTY,20-Sep-2017,28-Sep-2017,CE,9250,0,0,0,434.85,0,903.8,0,0,0,0,0,10141.15
NIFTY,20-Sep-2017,28-Sep-2017,CE,9300,860.1,872.2,857.4,863.65,862,863.65,22,167.69,14.24,117450,-1650,10141.15
NIFTY,20-Sep-2017,28-Sep-2017,CE,9350,0,0,0,355.1,0,803.95,0,0,0,0,0,10141.15
NIFTY,20-Sep-2017,28-Sep-2017,CE,9400,758,771,758,764.65,764.65,764.65,25,190.61,14.36,215475,-1725,10141.15
NIFTY,20-Sep-2017,28-Sep-2017,CE,9450,0,0,0,282.8,0,704.1,0,0,0,0,0,10141.15
NIFTY,20-Sep-2017,28-Sep-2017,CE,9500,669.7,676.25,655.4,665.85,666.15,665.85,305,2324.34,151.21,275775,-18150,10141.15
NIFTY,20-Sep-2017,28-Sep-2017,CE,9550,0,0,0,219.2,0,604.2,0,0,0,0,0,10141.15
NIFTY,20-Sep-2017,28-Sep-2017,CE,9600,563.15,574,558,565.75,566,565.75,177,1349.18,74.78,212850,-4425,10141.15
NIFTY,20-Sep-2017,28-Sep-2017,CE,9650,0,0,0,287.15,287.15,504.4,0,0,0,1650,0,10141.15
NIFTY,20-Sep-2017,28-Sep-2017,CE,9700,472.5,481.7,456.9,465.55,466.85,465.55,365,2783.09,127.72,317475,-13350,10141.15
NIFTY,20-Sep-2017,28-Sep-2017,CE,9750,0,0,0,419.75,419.75,404.7,0,0,0,30675,0,10141.15
NIFTY,20-Sep-2017,28-Sep-2017,CE,9800,375.2,381.1,360,369.65,370,369.65,1134,8649.05,314.15,746175,-35100,10141.15
NIFTY,20-Sep-2017,28-Sep-2017,CE,9850,328,332,314.5,324.1,322.75,324.1,55,419.68,13.37,23175,-2100,10141.15
NIFTY,20-Sep-2017,28-Sep-2017,CE,9900,278.4,284.8,262.1,273.75,275.55,273.75,4295,32766.32,875.94,1041675,-104625,10141.15
NIFTY,21-Sep-2017,28-Sep-2017,CE,9950,220.05,228.65,148.95,198.25,196.35,198.25,631,4795.99,87.15,71100,-12675,10121.9
NIFTY,21-Sep-2017,28-Sep-2017,CE,10000,175.65,186.3,109.55,154.6,152,154.6,58774,446995.98,6190.98,1816875,-113925,10121.9
NIFTY,21-Sep-2017,28-Sep-2017,CE,10050,128.8,141.45,73.25,111.5,108.7,111.5,13334,101464.66,959.64,470025,103275,10121.9
NIFTY,21-Sep-2017,28-Sep-2017,CE,10100,90.15,103.15,46.3,75.95,73.5,75.95,311123,2372316.48,15559.75,3775950,1025325,10121.9
NIFTY,21-Sep-2017,28-Sep-2017,CE,10150,62.2,70,25.85,47.4,44.7,47.4,100307,766683.52,3096.48,978225,-9450,10121.9
NIFTY,21-Sep-2017,28-Sep-2017,CE,10200,39.75,42.9,14.55,28.35,26.25,28.35,485399,3722076.16,8773.81,5168550,-437025,10121.9
NIFTY,21-Sep-2017,28-Sep-2017,CE,10250,18.15,23.7,6.75,15.2,13.75,15.2,72893,561043.33,678.39,945150,-252375,10121.9
NIFTY,21-Sep-2017,28-Sep-2017,CE,10300,11.75,12.65,3.3,7.9,7,7.9,212009,1638803.36,1033.83,3482250,200175,10121.9
NIFTY,21-Sep-2017,28-Sep-2017,CE,10350,5.15,6.5,1.75,3.55,3.2,3.55,19936,154799.58,46.38,451200,126600,10121.9
NIFTY,21-Sep-2017,28-Sep-2017,CE,10400,3.7,3.7,1.2,1.9,1.95,1.9,59834,466782.46,77.26,2231550,215925,10121.9
NIFTY,21-Sep-2017,28-Sep-2017,CE,10450,1.9,2.05,1.05,1.3,1.25,1.3,2910,22810.08,2.96,104250,5700,10121.9
NIFTY,21-Sep-2017,28-Sep-2017,CE,10500,1.4,1.65,0.9,1.05,1,1.05,37605,296170.69,31.31,2062650,-378075,10121.9
NIFTY,21-Sep-2017,28-Sep-2017,CE,10550,1.05,1.05,0.6,0.7,0.6,0.7,558,4415.49,.32,15675,-4875,10121.9
NIFTY,21-Sep-2017,28-Sep-2017,CE,10600,0.7,0.7,0.55,0.6,0.55,0.6,2797,22237.43,1.28,448650,-9825,10121.9
NIFTY,21-Sep-2017,28-Sep-2017,CE,10650,0,0,0,3.2,3.2,0.05,0,0,0,150,0,10121.9
NIFTY,21-Sep-2017,28-Sep-2017,CE,10700,0.55,0.55,0.4,0.5,0.45,0.5,1319,10585.46,.49,382275,-2550,10121.9
NIFTY,21-Sep-2017,28-Sep-2017,CE,9200,961.1,961.1,871.25,941.1,941.1,941.1,64,485.1,43.5,149250,-4350,10121.9
NIFTY,21-Sep-2017,28-Sep-2017,CE,9250,0,0,0,434.85,0,882.95,0,0,0,0,0,10121.9
NIFTY,21-Sep-2017,28-Sep-2017,CE,9300,866.8,866.8,781,835.15,828.9,835.15,102,773.71,62.26,110550,-6900,10121.9
NIFTY,21-Sep-2017,28-Sep-2017,CE,9350,0,0,0,355.1,0,783.1,0,0,0,0,0,10121.9
NIFTY,21-Sep-2017,28-Sep-2017,CE,9400,763.3,763.3,672.55,735.8,737,735.8,171,1298.33,92.78,214275,-1200,10121.9
NIFTY,21-Sep-2017,28-Sep-2017,CE,9450,0,0,0,282.8,0,683.2,0,0,0,0,0,10121.9
NIFTY,21-Sep-2017,28-Sep-2017,CE,9500,655.7,663.3,573.45,632.75,633.15,632.75,365,2766.49,165.87,267825,-7950,10121.9
NIFTY,21-Sep-2017,28-Sep-2017,CE,9550,0,0,0,219.2,0,583.3,0,0,0,0,0,10121.9
NIFTY,21-Sep-2017,28-Sep-2017,CE,9600,559.45,570,474.5,536.55,538,536.55,159,1206.23,61.43,209100,-3750,10121.9
NIFTY,21-Sep-2017,28-Sep-2017,CE,9650,0,0,0,287.15,287.15,483.45,0,0,0,1650,0,10121.9
NIFTY,21-Sep-2017,28-Sep-2017,CE,9700,450.4,471,380.2,437.3,438.5,437.3,588,4464.07,186.37,296850,-20625,10121.9
NIFTY,21-Sep-2017,28-Sep-2017,CE,9750,379.6,386.4,329.4,386.4,386.4,386.4,12,90.99,3.24,30600,-75,10121.9
NIFTY,21-Sep-2017,28-Sep-2017,CE,9800,357,373.6,281.05,340.8,337,340.8,2010,15258.76,485.26,706950,-39225,10121.9
NIFTY,21-Sep-2017,28-Sep-2017,CE,9850,320.05,320.05,240,300,300,300,32,243.28,6.88,21600,-1575,10121.9
NIFTY,21-Sep-2017,28-Sep-2017,CE,9900,267.65,278,191,244.15,242.65,244.15,7103,53968.72,1228.94,986775,-54900,10121.9
NIFTY,22-Sep-2017,28-Sep-2017,CE,9950,148.45,151.2,73.75,78.8,77.85,78.8,16617,125161.44,1157.08,312150,241050,9964.4
NIFTY,22-Sep-2017,28-Sep-2017,CE,10000,152,152,49,53.6,51,53.6,312574,2360842.5,16537.5,4155750,2338875,9964.4
NIFTY,22-Sep-2017,28-Sep-2017,CE,10050,79.05,79.05,28.55,31.7,31.35,31.7,116771,884121.69,3960.28,1553175,1083150,9964.4
NIFTY,22-Sep-2017,28-Sep-2017,CE,10100,50.15,55.35,16,19.15,18.65,19.15,556032,4223455.36,11512.96,5644425,1868475,9964.4
NIFTY,22-Sep-2017,28-Sep-2017,CE,10150,28.35,30.05,8.4,10.55,10.4,10.55,149503,1139834.9,1743.31,1736250,758025,9964.4
NIFTY,22-Sep-2017,28-Sep-2017,CE,10200,17.85,18.35,4.9,6.25,6.15,6.25,467904,3582471.82,3006.22,6443775,1275225,9964.4
NIFTY,22-Sep-2017,28-Sep-2017,CE,10250,9.05,9.05,2.5,3.25,3.05,3.25,52112,400785.08,174.08,999975,54825,9964.4
NIFTY,22-Sep-2017,28-Sep-2017,CE,10300,2.85,5.9,1.6,2,1.85,2,186653,1442232.26,337.83,3840750,358500,9964.4
NIFTY,22-Sep-2017,28-Sep-2017,CE,10350,1.95,2,1,1.5,1.5,1.5,13833,107394.19,15.53,429000,-22200,9964.4
NIFTY,22-Sep-2017,28-Sep-2017,CE,10400,1.5,2.3,0.8,0.9,1,0.9,66083,515496.79,49.39,2055675,-175875,9964.4
NIFTY,22-Sep-2017,28-Sep-2017,CE,10450,1,1.1,0.75,1,1,1,1386,10863.71,.94,76275,-27975,9964.4
NIFTY,22-Sep-2017,28-Sep-2017,CE,10500,1,1,0.5,0.7,0.65,0.7,28408,223728.56,15.56,1992300,-70350,9964.4
NIFTY,22-Sep-2017,28-Sep-2017,CE,10550,0.7,0.75,0.5,0.6,0.75,0.6,187,1479.72,.09,13950,-1725,9964.4
NIFTY,22-Sep-2017,28-Sep-2017,CE,10600,0.55,0.65,0.45,0.55,0.5,0.55,4792,38098.32,1.92,419475,-29175,9964.4
NIFTY,22-Sep-2017,28-Sep-2017,CE,10650,0,0,0,3.2,3.2,0,0,0,0,150,0,9964.4
NIFTY,22-Sep-2017,28-Sep-2017,CE,10700,0.5,0.6,0.35,0.5,0.6,0.5,674,5409.07,.22,375825,-6450,9964.4
NIFTY,22-Sep-2017,28-Sep-2017,CE,9200,880,880,775,785.25,775,785.25,172,1291.98,105.18,137700,-11550,9964.4
NIFTY,22-Sep-2017,28-Sep-2017,CE,9250,0,0,0,434.85,0,723.9,0,0,0,0,0,9964.4
NIFTY,22-Sep-2017,28-Sep-2017,CE,9300,765.65,771.1,675,682.35,675,682.35,198,1490.79,109.74,99450,-11100,9964.4
NIFTY,22-Sep-2017,28-Sep-2017,CE,9350,0,0,0,355.1,0,624,0,0,0,0,0,9964.4
NIFTY,22-Sep-2017,28-Sep-2017,CE,9400,646,649.75,575.4,583.2,580.2,583.2,319,2392.18,143.23,199725,-14550,9964.4
NIFTY,22-Sep-2017,28-Sep-2017,CE,9450,0,0,0,282.8,0,524.1,0,0,0,0,0,9964.4
NIFTY,22-Sep-2017,28-Sep-2017,CE,9500,573.8,575.65,474.05,486.5,477.85,486.5,1258,9444.89,481.64,215775,-52050,9964.4
NIFTY,22-Sep-2017,28-Sep-2017,CE,9550,0,0,0,219.2,0,424.35,0,0,0,0,0,9964.4
NIFTY,22-Sep-2017,28-Sep-2017,CE,9600,478,478,381,387.6,381.45,387.6,834,6269.11,264.31,199200,-9900,9964.4
NIFTY,22-Sep-2017,28-Sep-2017,CE,9650,0,0,0,287.15,287.15,325.3,0,0,0,1650,0,9964.4
NIFTY,22-Sep-2017,28-Sep-2017,CE,9700,382.75,382.75,284.5,291.8,286.3,291.8,3566,26850.36,907.71,227325,-69525,9964.4
NIFTY,22-Sep-2017,28-Sep-2017,CE,9750,325.95,325.95,232.15,232.9,233.25,232.9,206,1550.25,43.88,24150,-6450,9964.4
NIFTY,22-Sep-2017,28-Sep-2017,CE,9800,289.35,289.35,193,200.1,196.7,200.1,9489,71408.31,1664.16,608400,-98550,9964.4
NIFTY,22-Sep-2017,28-Sep-2017,CE,9850,244.95,245.8,150,155.1,153.4,155.1,645,4846.54,81.61,29775,8175,9964.4
NIFTY,22-Sep-2017,28-Sep-2017,CE,9900,221.5,221.5,110,116.65,111.15,116.65,37912,285409.93,3913.33,1145250,158475,9964.4
NIFTY,25-Sep-2017,28-Sep-2017,CE,9950,73.9,73.9,16.2,23.3,23.5,23.3,148012,1107824.59,3285.04,1711425,1399275,9872.6
NIFTY,25-Sep-2017,28-Sep-2017,CE,10000,36.4,44.85,9.3,13.3,13.15,13.3,566688,4257876.04,7716.04,6440775,2285025,9872.6
NIFTY,25-Sep-2017,28-Sep-2017,CE,10050,29.1,29.1,5.25,6.8,6.65,6.8,160718,1212604.35,1192.42,1879200,326025,9872.6
NIFTY,25-Sep-2017,28-Sep-2017,CE,10100,15.55,15.7,3.4,4.15,3.9,4.15,387601,2937834.71,1757.14,5233425,-411000,9872.6
NIFTY,25-Sep-2017,28-Sep-2017,CE,10150,8.3,8.65,2.1,2.65,2.4,2.65,70959,540367.22,191.84,1401825,-334425,9872.6
NIFTY,25-Sep-2017,28-Sep-2017,CE,10200,5.95,5.95,1.65,1.85,1.65,1.85,241486,1847757.57,389.67,5763600,-680175,9872.6
NIFTY,25-Sep-2017,28-Sep-2017,CE,10250,2.2,2.4,1.05,1.2,1.05,1.2,17619,135464.24,18.18,952425,-47550,9872.6
NIFTY,25-Sep-2017,28-Sep-2017,CE,10300,1.15,1.3,0.85,1,0.9,1,86696,669789.87,63.27,3175800,-664950,9872.6
NIFTY,25-Sep-2017,28-Sep-2017,CE,10350,1.15,1.15,0.7,0.95,0.85,0.95,6053,46990.22,3.8,380775,-48225,9872.6
NIFTY,25-Sep-2017,28-Sep-2017,CE,10400,0.85,0.85,0.55,0.75,0.65,0.75,30099,234788.84,16.64,1836375,-219300,9872.6
NIFTY,25-Sep-2017,28-Sep-2017,CE,10450,0.65,0.8,0.45,0.75,0.7,0.75,219,1716.53,.11,74400,-1875,9872.6
NIFTY,25-Sep-2017,28-Sep-2017,CE,10500,0.55,0.75,0.45,0.6,0.5,0.6,22108,174110.69,10.19,1726500,-265800,9872.6
NIFTY,25-Sep-2017,28-Sep-2017,CE,10550,0.5,0.7,0.5,0.65,0.6,0.65,215,1701.28,.09,16350,2400,9872.6
NIFTY,25-Sep-2017,28-Sep-2017,CE,10600,0.4,0.6,0.35,0.55,0.55,0.55,2413,19184.19,.84,348450,-71025,9872.6
NIFTY,25-Sep-2017,28-Sep-2017,CE,10650,0,0,0,3.2,3.2,0,0,0,0,150,0,9872.6
NIFTY,25-Sep-2017,28-Sep-2017,CE,10700,0.3,0.35,0.2,0.3,0.3,0.3,603,4839.21,.14,353550,-22275,9872.6
NIFTY,25-Sep-2017,28-Sep-2017,CE,9200,731,731,639.45,677,676,677,510,3778.82,259.82,110025,-27675,9872.6
NIFTY,25-Sep-2017,28-Sep-2017,CE,9250,0,0,0,434.85,0,627.35,0,0,0,0,0,9872.6
NIFTY,25-Sep-2017,28-Sep-2017,CE,9300,644,644,542.55,576.05,577,576.05,690,5116.45,303.7,67650,-31800,9872.6
NIFTY,25-Sep-2017,28-Sep-2017,CE,9350,0,0,0,355.1,0,527.4,0,0,0,0,0,9872.6
NIFTY,25-Sep-2017,28-Sep-2017,CE,9400,546.75,552,445,468.8,479.45,468.8,874,6472.12,310.42,186375,-13350,9872.6
NIFTY,25-Sep-2017,28-Sep-2017,CE,9450,0,0,0,282.8,0,427.45,0,0,0,0,0,9872.6
NIFTY,25-Sep-2017,28-Sep-2017,CE,9500,450.45,450.45,343.05,372.7,379.35,372.7,3420,25347.64,980.14,234225,18450,9872.6
NIFTY,25-Sep-2017,28-Sep-2017,CE,9550,0,0,0,219.2,0,327.55,0,0,0,0,0,9872.6
NIFTY,25-Sep-2017,28-Sep-2017,CE,9600,358.1,359.3,250,282.4,285,282.4,1159,8600.15,255.35,191700,-7500,9872.6
NIFTY,25-Sep-2017,28-Sep-2017,CE,9650,243.55,245.5,208,208,208,208,19,140.9,3.39,1725,75,9872.6
NIFTY,25-Sep-2017,28-Sep-2017,CE,9700,260.9,262.75,156.45,186.3,188.2,186.3,7792,57801.35,1114.55,226950,-375,9872.6
NIFTY,25-Sep-2017,28-Sep-2017,CE,9750,210.05,210.05,113.75,141.25,143,141.25,840,6228.63,86.13,23625,-525,9872.6
NIFTY,25-Sep-2017,28-Sep-2017,CE,9800,180,180.05,78.75,100.5,103,100.5,98848,734473.15,7940.35,1065150,456750,9872.6
NIFTY,25-Sep-2017,28-Sep-2017,CE,9850,131.85,131.85,48.8,65.4,66.45,65.4,48205,358562.27,2447.83,624750,594975,9872.6
NIFTY,25-Sep-2017,28-Sep-2017,CE,9900,97.85,104.05,29,40.25,41.1,40.25,463253,3456495.89,16842.37,3937050,2791800,9872.6
NIFTY,26-Sep-2017,28-Sep-2017,CE,9950,18.7,22.5,9.1,12.3,10.4,12.3,213397,1594817.9,2342.79,1850100,138675,9871.5
NIFTY,26-Sep-2017,28-Sep-2017,CE,10000,11.3,12.3,4.6,6.15,4.9,6.15,492711,3698150.13,2817.63,5928300,-512475,9871.5
NIFTY,26-Sep-2017,28-Sep-2017,CE,10050,4.25,6.65,2.1,2.7,2.4,2.7,110927,836420.03,307.77,1329150,-550050,9871.5
NIFTY,26-Sep-2017,28-Sep-2017,CE,10100,2.15,4.2,1.35,1.75,1.55,1.75,229647,1739937.66,361.63,4845975,-387450,9871.5
NIFTY,26-Sep-2017,28-Sep-2017,CE,10150,2,2.3,0.8,1,0.85,1,29894,227597.98,29.9,1108125,-293700,9871.5
NIFTY,26-Sep-2017,28-Sep-2017,CE,10200,1.4,1.55,0.65,0.75,0.75,0.75,159677,1221642.47,113.42,5253600,-510000,9871.5
NIFTY,26-Sep-2017,28-Sep-2017,CE,10250,1.6,1.75,0.5,0.65,0.55,0.65,6246,48019.79,3.67,893400,-59025,9871.5
NIFTY,26-Sep-2017,28-Sep-2017,CE,10300,0.8,0.8,0.5,0.6,0.55,0.6,44003,339945.53,22.35,2920050,-255750,9871.5
NIFTY,26-Sep-2017,28-Sep-2017,CE,10350,0.65,0.8,0.55,0.6,0.6,0.6,2890,22435.07,1.45,327150,-53625,9871.5
NIFTY,26-Sep-2017,28-Sep-2017,CE,10400,0.55,0.65,0.45,0.5,0.45,0.5,10043,78339.68,4.28,1632225,-204150,9871.5
NIFTY,26-Sep-2017,28-Sep-2017,CE,10450,0.55,0.7,0.45,0.45,0.45,0.45,404,3166.53,.18,73875,-525,9871.5
NIFTY,26-Sep-2017,28-Sep-2017,CE,10500,0.3,0.65,0.3,0.55,0.5,0.55,20686,162911.09,8.84,1656450,-70050,9871.5
NIFTY,26-Sep-2017,28-Sep-2017,CE,10550,0.4,0.4,0.3,0.35,0.35,0.35,87,688.41,.03,17550,1200,9871.5
NIFTY,26-Sep-2017,28-Sep-2017,CE,10600,0.45,0.55,0.3,0.45,0.4,0.45,870,6916.78,.28,327750,-20700,9871.5
NIFTY,26-Sep-2017,28-Sep-2017,CE,10650,0,0,0,3.2,3.2,0,0,0,0,150,0,9871.5
NIFTY,26-Sep-2017,28-Sep-2017,CE,10700,0.2,0.35,0.15,0.2,0.25,0.2,161,1292.05,.03,348225,-5325,9871.5
NIFTY,26-Sep-2017,28-Sep-2017,CE,9200,665,700,625,664,652,664,518,3829.83,255.63,85575,-24450,9871.5
NIFTY,26-Sep-2017,28-Sep-2017,CE,9250,0,0,0,434.85,0,624.7,0,0,0,0,0,9871.5
NIFTY,26-Sep-2017,28-Sep-2017,CE,9300,570.1,587,525,568,552.15,568,631,4662.02,260.8,42225,-25425,9871.5
NIFTY,26-Sep-2017,28-Sep-2017,CE,9350,0,0,0,355.1,0,524.7,0,0,0,0,0,9871.5
NIFTY,26-Sep-2017,28-Sep-2017,CE,9400,479.35,492,422,451,449.45,451,1111,8215.56,383.01,169350,-17025,9871.5
NIFTY,26-Sep-2017,28-Sep-2017,CE,9450,0,0,0,282.8,0,424.75,0,0,0,0,0,9871.5
NIFTY,26-Sep-2017,28-Sep-2017,CE,9500,371.85,395,325,363.6,350.7,363.6,1238,9150.4,329.65,200850,-33375,9871.5
NIFTY,26-Sep-2017,28-Sep-2017,CE,9550,0,0,0,219.2,0,324.8,0,0,0,0,0,9871.5
NIFTY,26-Sep-2017,28-Sep-2017,CE,9600,272.75,301.75,231.65,262.2,255.7,262.2,1512,11186.27,299.87,159150,-32550,9871.5
NIFTY,26-Sep-2017,28-Sep-2017,CE,9650,184.1,205.3,184.1,205.3,205.3,205.3,4,29.53,.58,1800,75,9871.5
NIFTY,26-Sep-2017,28-Sep-2017,CE,9700,173.85,203.25,135.75,166.6,161.35,166.6,16369,121120.46,2035.98,202800,-24150,9871.5
NIFTY,26-Sep-2017,28-Sep-2017,CE,9750,130.3,153.75,94,121.35,114.1,121.35,3428,25368.19,300.94,29625,6000,9871.5
NIFTY,26-Sep-2017,28-Sep-2017,CE,9800,88.55,111.9,60.65,82.95,75.05,82.95,209529,1553078.93,13040.78,1161750,96600,9871.5
NIFTY,26-Sep-2017,28-Sep-2017,CE,9850,61,70.7,33.7,45.15,41.65,45.15,121241,900118.36,4450.47,1460475,835725,9871.5
NIFTY,26-Sep-2017,28-Sep-2017,CE,9900,36.65,41.8,15.75,25.5,22.3,25.5,588119,4379306,12522.43,5008575,1071525,9871.5
NIFTY,27-Sep-2017,28-Sep-2017,CE,9950,13.95,18,1.05,1.4,1.15,1.4,311408,2325144.33,1262.13,1511250,-338850,9735.75
NIFTY,27-Sep-2017,28-Sep-2017,CE,10000,15,15,0.7,0.9,0.7,0.9,532321,3993485.28,1077.78,5156400,-771900,9735.75
NIFTY,27-Sep-2017,28-Sep-2017,CE,10050,4,4.3,0.5,0.6,0.55,0.6,104947,791153.24,115.23,982425,-346725,9735.75
NIFTY,27-Sep-2017,28-Sep-2017,CE,10100,1.9,2.05,0.4,0.55,0.5,0.55,195177,1478596.77,131,3824100,-1021875,9735.75
NIFTY,27-Sep-2017,28-Sep-2017,CE,10150,0.65,1.15,0.35,0.45,0.45,0.45,20433,155554.59,8.38,960150,-147975,9735.75
NIFTY,27-Sep-2017,28-Sep-2017,CE,10200,0.85,0.85,0.35,0.45,0.35,0.45,76810,587621.19,24.69,3968475,-1285125,9735.75
NIFTY,27-Sep-2017,28-Sep-2017,CE,10250,0.5,0.55,0.3,0.45,0.4,0.45,4007,30805.04,1.23,831450,-61950,9735.75
NIFTY,27-Sep-2017,28-Sep-2017,CE,10300,0.55,0.55,0.3,0.4,0.3,0.4,30210,233380.56,8.31,2191725,-728325,9735.75
NIFTY,27-Sep-2017,28-Sep-2017,CE,10350,0.5,1,0.25,0.4,0.35,0.4,1908,14811.34,.49,209025,-118125,9735.75
NIFTY,27-Sep-2017,28-Sep-2017,CE,10400,0.45,0.5,0.2,0.4,0.25,0.4,11784,91918.16,2.96,1383225,-249000,9735.75
NIFTY,27-Sep-2017,28-Sep-2017,CE,10450,0.4,0.4,0.25,0.4,0.4,0.4,29,227.3,.01,73125,-750,9735.75
NIFTY,27-Sep-2017,28-Sep-2017,CE,10500,0.45,0.5,0.25,0.4,0.35,0.4,20737,163309.1,5.22,1569825,-86625,9735.75
NIFTY,27-Sep-2017,28-Sep-2017,CE,10550,0.1,0.15,0.1,0.15,0.15,0.15,4,31.65,0,17250,-300,9735.75
NIFTY,27-Sep-2017,28-Sep-2017,CE,10600,0.25,0.4,0.2,0.3,0.2,0.3,1125,8944.02,.27,328425,675,9735.75
NIFTY,27-Sep-2017,28-Sep-2017,CE,10650,0,0,0,3.2,3.2,0,0,0,0,150,0,9735.75
NIFTY,27-Sep-2017,28-Sep-2017,CE,10700,0.1,0.35,0.05,0.2,0.05,0.2,1103,8851.7,.12,331950,-16275,9735.75
NIFTY,27-Sep-2017,28-Sep-2017,CE,9200,685.05,685.05,519.95,537.85,519.95,537.85,936,6881.9,423.5,28800,-56775,9735.75
NIFTY,27-Sep-2017,28-Sep-2017,CE,9250,0,0,0,434.85,0,487.35,0,0,0,0,0,9735.75
NIFTY,27-Sep-2017,28-Sep-2017,CE,9300,587.8,587.8,421.85,445.8,446.3,445.8,336,2470.08,126.48,25575,-16650,9735.75
NIFTY,27-Sep-2017,28-Sep-2017,CE,9350,0,0,0,355.1,0,387.35,0,0,0,0,0,9735.75
NIFTY,27-Sep-2017,28-Sep-2017,CE,9400,485.6,492,321.8,341.25,343.95,341.25,2506,18404.64,737.34,60750,-108600,9735.75
NIFTY,27-Sep-2017,28-Sep-2017,CE,9450,0,0,0,282.8,0,287.4,0,0,0,0,0,9735.75
NIFTY,27-Sep-2017,28-Sep-2017,CE,9500,391.6,394.5,220.85,239.55,240.45,239.55,1271,9337.85,281.98,160425,-40425,9735.75
NIFTY,27-Sep-2017,28-Sep-2017,CE,9550,208,208,203.55,203.55,203.55,203.55,4,29.27,.62,300,300,9735.75
NIFTY,27-Sep-2017,28-Sep-2017,CE,9600,287.4,296.55,124,144.8,143.15,144.8,4449,32634.49,601.69,128175,-30975,9735.75
NIFTY,27-Sep-2017,28-Sep-2017,CE,9650,164.15,164.15,81.95,98.55,99.9,98.55,910,6655.7,69.58,17175,15375,9735.75
NIFTY,27-Sep-2017,28-Sep-2017,CE,9700,196.45,199.95,45.5,58,60,58,85615,628326.57,5477.44,763800,561000,9735.75
NIFTY,27-Sep-2017,28-Sep-2017,CE,9750,145.4,149,21.1,28.95,29.9,28.95,84179,618103.05,2544.12,1525275,1495650,9735.75
NIFTY,27-Sep-2017,28-Sep-2017,CE,9800,102.25,106.25,9.3,13.95,13,13.95,578926,4270251.14,15145.04,3933300,2771550,9735.75
NIFTY,27-Sep-2017,28-Sep-2017,CE,9850,61.1,67.25,4.05,5.6,4.45,5.6,403877,2989304.89,5663.56,2733450,1272975,9735.75
NIFTY,27-Sep-2017,28-Sep-2017,CE,9900,35,36.8,2,2.75,2.2,2.75,943612,7014505.02,8185.92,5883150,874575,9735.75
NIFTY,28-Sep-2017,28-Sep-2017,CE,9950,0.5,0.7,0.05,0.05,0.05,0,52242,389860.53,4.61,2545875,1034625,9768.95
NIFTY,28-Sep-2017,28-Sep-2017,CE,10000,0.1,0.45,0.05,0.05,0.05,0,56523,423925.63,3.13,5095125,-61275,9768.95
NIFTY,28-Sep-2017,28-Sep-2017,CE,10050,0.1,0.1,0.05,0.05,0.05,0,6821,51413.71,.42,973200,-9225,9768.95
NIFTY,28-Sep-2017,28-Sep-2017,CE,10100,0.05,0.1,0.05,0.05,0.05,0,22528,170650.58,.98,3822675,-1425,9768.95
NIFTY,28-Sep-2017,28-Sep-2017,CE,10150,0.05,0.1,0.05,0.05,0.05,0,9022,68680.34,.36,1033050,72900,9768.95
NIFTY,28-Sep-2017,28-Sep-2017,CE,10200,0.05,0.3,0.05,0.05,0.05,0,28878,220917.84,1.14,3893925,-74550,9768.95
NIFTY,28-Sep-2017,28-Sep-2017,CE,10250,0.1,0.1,0.05,0.05,0.05,0,8311,63891.16,.35,891825,60375,9768.95
NIFTY,28-Sep-2017,28-Sep-2017,CE,10300,0.05,0.1,0.05,0.05,0.05,0,14490,111935.91,.66,2014350,-177375,9768.95
NIFTY,28-Sep-2017,28-Sep-2017,CE,10350,0.05,0.5,0.05,0.05,0.05,0,477,3702.73,.02,208650,-375,9768.95
NIFTY,28-Sep-2017,28-Sep-2017,CE,10400,0.1,0.1,0.05,0.05,0.05,0,3366,26254.93,.13,1354800,-28425,9768.95
NIFTY,28-Sep-2017,28-Sep-2017,CE,10450,0.05,0.05,0.05,0.05,0.05,0,94,736.73,0,73050,-75,9768.95
NIFTY,28-Sep-2017,28-Sep-2017,CE,10500,0.1,0.1,0.05,0.05,0.05,0,3753,29555.02,.15,1561575,-8250,9768.95
NIFTY,28-Sep-2017,28-Sep-2017,CE,10550,0,0,0,0.15,0.15,0,0,0,0,17250,0,9768.95
NIFTY,28-Sep-2017,28-Sep-2017,CE,10600,0.1,0.75,0.05,0.05,0.05,0,305,2424.77,.02,335775,7350,9768.95
NIFTY,28-Sep-2017,28-Sep-2017,CE,10650,0,0,0,3.2,3.2,0,0,0,0,150,0,9768.95
NIFTY,28-Sep-2017,28-Sep-2017,CE,10700,0.05,0.4,0.05,0.05,0.05,0,112,898.81,.01,328725,-3225,9768.95
NIFTY,28-Sep-2017,28-Sep-2017,CE,9200,520,574.9,494.75,564.2,562.55,0,558,4072.39,222.19,975,-27825,9768.95
NIFTY,28-Sep-2017,28-Sep-2017,CE,9250,0,0,0,434.85,0,0,0,0,0,0,0,9768.95
NIFTY,28-Sep-2017,28-Sep-2017,CE,9300,414.55,468,393.45,457.7,464.4,0,659,4811.12,214.59,1425,-24150,9768.95
NIFTY,28-Sep-2017,28-Sep-2017,CE,9350,0,0,0,355.1,0,0,0,0,0,0,0,9768.95
NIFTY,28-Sep-2017,28-Sep-2017,CE,9400,313.35,371.05,293.95,361.3,364.8,0,1772,12930.53,437.93,1725,-59025,9768.95
NIFTY,28-Sep-2017,28-Sep-2017,CE,9450,0,0,0,282.8,0,0,0,0,0,0,0,9768.95
NIFTY,28-Sep-2017,28-Sep-2017,CE,9500,220.3,268,191,255.55,256.35,0,4656,33978.98,804.98,73200,-87225,9768.95
NIFTY,28-Sep-2017,28-Sep-2017,CE,9550,180.6,224.2,180.6,213.2,206.4,0,10,73.13,1.51,225,-75,9768.95
NIFTY,28-Sep-2017,28-Sep-2017,CE,9600,131.85,172.2,93.35,161.7,168,0,26620,194189.31,2525.31,4875,-123300,9768.95
NIFTY,28-Sep-2017,28-Sep-2017,CE,9650,62.2,117.45,49,105.85,106.55,0,34414,251033.56,1962.24,5025,-12150,9768.95
NIFTY,28-Sep-2017,28-Sep-2017,CE,9700,50.3,74.15,17.25,61.7,55.05,0,517367,3779159.02,15314.1,89025,-674775,9768.95
NIFTY,28-Sep-2017,28-Sep-2017,CE,9750,29.4,29.6,2.55,15.7,15,0,781500,5722702.49,7983.74,210675,-1314600,9768.95
NIFTY,28-Sep-2017,28-Sep-2017,CE,9800,8.3,11.95,0.05,0.7,0.05,0,957304,7038892.11,2707.71,4496775,563475,9768.95
NIFTY,28-Sep-2017,28-Sep-2017,CE,9850,1.8,3.8,0.05,0.05,0.05,0,419187,3097077.68,333.72,2134725,-598725,9768.95
NIFTY,28-Sep-2017,28-Sep-2017,CE,9900,0.9,1.55,0.05,0.05,0.05,0,406014,3014812.21,158.26,5280600,-602550,9768.95
