NIFTY,28-Dec-2017,25-Jan-2018,PE,9900,16.1,16.15,12,13.15,14.05,13.15,10928,81256.28,115.88,708525,170325,10477.9
NIFTY,28-Dec-2017,25-Jan-2018,PE,9950,19.15,25,14.1,14.65,14.1,14.65,261,1950.77,3.06,26700,9900,10477.9
NIFTY,28-Dec-2017,25-Jan-2018,PE,10000,21.65,23.2,17.15,19.15,20,19.15,41697,313349.94,622.44,3773025,614250,10477.9
NIFTY,28-Dec-2017,25-Jan-2018,PE,10050,20.05,27,20.05,24.45,25.45,24.45,62,468.44,1.12,5700,3675,10477.9
NIFTY,28-Dec-2017,25-Jan-2018,PE,10100,30.5,33,24.8,28.1,28.8,28.1,41192,312917.63,888.23,2400225,807900,10477.9
NIFTY,28-Dec-2017,25-Jan-2018,PE,10150,37.7,39.5,28.8,33.4,35,33.4,2559,19541.5,61.11,116925,102450,10477.9
NIFTY,28-Dec-2017,25-Jan-2018,PE,10200,42.2,46.8,36,40.95,42,40.95,53238,408911.72,1641.02,3118050,1336950,10477.9
NIFTY,28-Dec-2017,25-Jan-2018,PE,10250,52.35,55.4,44,51.1,52.35,51.1,776,5994.32,28.82,50400,11625,10477.9
NIFTY,28-Dec-2017,25-Jan-2018,PE,10300,60.3,66.5,52.65,60.9,62.5,60.9,55724,432970.04,2502.14,3342450,1328550,10477.9
NIFTY,28-Dec-2017,25-Jan-2018,PE,10350,70,77.9,63.45,73.85,76,73.85,2578,20149.88,138.15,213675,91725,10477.9
NIFTY,28-Dec-2017,25-Jan-2018,PE,10400,82.9,91.75,75,86.5,88,86.5,64397,506343.01,4046.41,3258525,751650,10477.9
NIFTY,28-Dec-2017,25-Jan-2018,PE,10450,100,108.3,90,104.6,104.1,104.6,4595,36363.85,350.54,202500,101700,10477.9
NIFTY,28-Dec-2017,25-Jan-2018,PE,10500,107.1,127.5,105.15,122.8,123.05,122.8,76491,609123.94,6757.31,2600100,610650,10477.9
NIFTY,28-Dec-2017,25-Jan-2018,PE,10550,139.5,150,125.2,146,146,146,2352,18850.8,240.6,88500,55425,10477.9
NIFTY,28-Dec-2017,25-Jan-2018,PE,10600,166.3,176.05,145.65,169.55,170.2,169.55,20520,165621.32,2487.32,754350,143325,10477.9
NIFTY,28-Dec-2017,25-Jan-2018,PE,10650,193.4,208.5,175,200.6,207.55,200.6,340,2766.87,51.12,1725,1725,10477.9
NIFTY,28-Dec-2017,25-Jan-2018,PE,10700,218.75,238,200,231.45,232,231.45,9888,80972.6,1621.4,563400,88275,10477.9
NIFTY,28-Dec-2017,25-Jan-2018,PE,10750,0,0,0,378.5,0,267.15,0,0,0,0,0,10477.9
NIFTY,28-Dec-2017,25-Jan-2018,PE,10800,288.2,314.5,266.05,305.2,308.9,305.2,3930,32689.93,856.93,193275,34875,10477.9
NIFTY,28-Dec-2017,25-Jan-2018,PE,10850,0,0,0,446.6,0,346.9,0,0,0,0,0,10477.9
NIFTY,28-Dec-2017,25-Jan-2018,PE,10900,371,400,353,396.35,395.25,396.35,1189,10053.24,333.17,66450,53925,10477.9
NIFTY,28-Dec-2017,25-Jan-2018,PE,10950,0,0,0,520.1,0,433.9,0,0,0,0,0,10477.9
NIFTY,28-Dec-2017,25-Jan-2018,PE,11000,466.3,493.35,434.3,481.95,483,481.95,6165,53004.31,2143.06,968475,305475,10477.9
NIFTY,28-Dec-2017,25-Jan-2018,PE,11050,0,0,0,598.25,0,526.05,0,0,0,0,0,10477.9
NIFTY,28-Dec-2017,25-Jan-2018,PE,11100,549.4,580,535,578.5,572.45,578.5,47,410.36,19.09,3825,3525,10477.9
NIFTY,28-Dec-2017,25-Jan-2018,PE,11150,0,0,0,680.45,0,621.5,0,0,0,0,0,10477.9
NIFTY,28-Dec-2017,25-Jan-2018,PE,11200,650,680,630,675.5,680,675.5,122,1083.99,59.19,38625,8100,10477.9
NIFTY,28-Dec-2017,25-Jan-2018,PE,11250,0,0,0,766.15,0,718.95,0,0,0,0,0,10477.9
NIFTY,28-Dec-2017,25-Jan-2018,PE,11300,759,759,745.4,749.75,750,749.75,25,225.96,14.08,5850,1875,10477.9
NIFTY,28-Dec-2017,25-Jan-2018,PE,11350,0,0,0,854.75,0,817.45,0,0,0,0,0,10477.9
NIFTY,28-Dec-2017,25-Jan-2018,PE,11400,851,862,831.7,831.75,831.75,831.75,28,257.13,17.73,16275,1500,10477.9
NIFTY,28-Dec-2017,25-Jan-2018,PE,11450,0,0,0,945.7,0,916.5,0,0,0,0,0,10477.9
NIFTY,28-Dec-2017,25-Jan-2018,PE,11500,948.3,982.4,920,973,980.45,973,7106,66365.3,5076.05,1540575,429525,10477.9
NIFTY,28-Dec-2017,25-Jan-2018,PE,11550,0,0,0,1038.6,0,1015.85,0,0,0,0,0,10477.9
NIFTY,28-Dec-2017,25-Jan-2018,PE,11600,1043.05,1057.65,1043.05,1045,1045,1045,20,189.75,15.75,9075,1200,10477.9
NIFTY,29-Dec-2017,25-Jan-2018,PE,10150,34.05,34.5,29.4,31.3,30.85,31.3,982,7498.86,23.38,119250,2325,10530.7
NIFTY,29-Dec-2017,25-Jan-2018,PE,10200,39.75,42.35,35.65,37.8,37.6,37.8,44120,338798.06,1280.06,3572250,454200,10530.7
NIFTY,29-Dec-2017,25-Jan-2018,PE,10250,52.6,52.6,43.6,45.7,45.25,45.7,1359,10495.02,47.7,64425,14025,10530.7
NIFTY,29-Dec-2017,25-Jan-2018,PE,10300,60.95,62.3,52.15,54.55,54,54.55,70931,550933.02,2991.05,4589250,1246800,10530.7
NIFTY,29-Dec-2017,25-Jan-2018,PE,10350,74.05,75,62.7,65.2,64.6,65.2,3323,25962.62,167.83,247350,33675,10530.7
NIFTY,29-Dec-2017,25-Jan-2018,PE,10400,93.9,93.9,73.5,76.65,77,76.65,80379,631777.73,4821.53,3975900,717375,10530.7
NIFTY,29-Dec-2017,25-Jan-2018,PE,10450,100,116.75,88.65,92.15,91.1,92.15,8015,63396.06,578.5,351825,149325,10530.7
NIFTY,29-Dec-2017,25-Jan-2018,PE,10500,134.65,149.35,104.1,108.15,107.35,108.15,108841,866330.12,9207.25,3730500,1130400,10530.7
NIFTY,29-Dec-2017,25-Jan-2018,PE,10550,150,150,123.9,127.6,128,127.6,4291,34376.47,423.93,184275,95775,10530.7
NIFTY,29-Dec-2017,25-Jan-2018,PE,10600,188.05,188.05,142.6,149.4,149.85,149.4,23516,189691.72,2739.52,919125,164775,10530.7
NIFTY,29-Dec-2017,25-Jan-2018,PE,10650,189.7,191.55,172.2,175.15,174.9,175.15,160,1299.44,21.44,2625,900,10530.7
NIFTY,29-Dec-2017,25-Jan-2018,PE,10700,231.6,231.6,197.25,204.05,203,204.05,6222,50921.36,989.81,576150,12750,10530.7
NIFTY,29-Dec-2017,25-Jan-2018,PE,10750,228.6,251,228.6,236.15,235.35,236.15,15,123.64,2.7,300,300,10530.7
NIFTY,29-Dec-2017,25-Jan-2018,PE,10800,297.15,302.05,266,274.25,274.6,274.25,2425,20159.45,516.95,211500,18225,10530.7
NIFTY,29-Dec-2017,25-Jan-2018,PE,10850,0,0,0,446.6,0,303.1,0,0,0,0,0,10530.7
NIFTY,29-Dec-2017,25-Jan-2018,PE,10900,399.95,399.95,347.4,354.2,356.45,354.2,270,2280.19,72.94,67200,750,10530.7
NIFTY,29-Dec-2017,25-Jan-2018,PE,10950,0,0,0,520.1,0,387.15,0,0,0,0,0,10530.7
NIFTY,29-Dec-2017,25-Jan-2018,PE,11000,473.05,474,437,447.45,441,447.45,1617,13900.63,560.38,975825,7350,10530.7
NIFTY,29-Dec-2017,25-Jan-2018,PE,11050,0,0,0,598.25,0,477.35,0,0,0,0,0,10530.7
NIFTY,29-Dec-2017,25-Jan-2018,PE,11100,544,544,529.55,529.55,529.55,529.55,6,52.34,2.39,3750,-75,10530.7
NIFTY,29-Dec-2017,25-Jan-2018,PE,11150,0,0,0,680.45,0,571.65,0,0,0,0,0,10530.7
NIFTY,29-Dec-2017,25-Jan-2018,PE,11200,660.15,660.15,637.85,643.5,643.5,643.5,12,106.61,5.81,39150,525,10530.7
NIFTY,29-Dec-2017,25-Jan-2018,PE,11250,0,0,0,766.15,0,668.5,0,0,0,0,0,10530.7
NIFTY,29-Dec-2017,25-Jan-2018,PE,11300,751,751,740,740,740,740,2,18.07,1.12,5850,0,10530.7
NIFTY,29-Dec-2017,25-Jan-2018,PE,11350,0,0,0,854.75,0,766.7,0,0,0,0,0,10530.7
NIFTY,29-Dec-2017,25-Jan-2018,PE,11400,0,0,0,831.75,831.75,816.1,0,0,0,16275,0,10530.7
NIFTY,29-Dec-2017,25-Jan-2018,PE,11450,0,0,0,945.7,0,865.65,0,0,0,0,0,10530.7
NIFTY,29-Dec-2017,25-Jan-2018,PE,11500,970,970,920,930.9,929.75,930.9,952,8884.57,673.57,1542150,1575,10530.7
NIFTY,29-Dec-2017,25-Jan-2018,PE,11550,0,0,0,1038.6,0,964.9,0,0,0,0,0,10530.7
NIFTY,29-Dec-2017,25-Jan-2018,PE,11600,0,0,0,1045,1045,1014.6,0,0,0,9075,0,10530.7
NIFTY,29-Dec-2017,25-Jan-2018,PE,9900,16,16,11.6,12.85,13.3,12.85,7305,54309.3,69.68,812250,103725,10530.7
NIFTY,29-Dec-2017,25-Jan-2018,PE,9950,16.4,17.1,13.85,15.2,15.5,15.2,236,1763.8,2.65,30900,4200,10530.7
NIFTY,29-Dec-2017,25-Jan-2018,PE,10000,20.3,20.45,16.6,18.25,18.6,18.25,33410,251029.83,454.83,4312575,539550,10530.7
NIFTY,29-Dec-2017,25-Jan-2018,PE,10050,24.45,25.05,20.2,21.9,22.7,21.9,636,4804.36,10.51,12000,6300,10530.7
NIFTY,29-Dec-2017,25-Jan-2018,PE,10100,25.85,29.45,24.5,26.2,25.95,26.2,23686,179892.03,470.58,2728425,328200,10530.7
NIFTY,01-Jan-2018,25-Jan-2018,PE,11550,0,0,0,1038.6,0,1066.7,0,0,0,0,0,10435.55
NIFTY,01-Jan-2018,25-Jan-2018,PE,11600,1057.6,1075.15,1040,1075.15,1075.15,1075.15,7,66.46,5.56,8925,-150,10435.55
NIFTY,01-Jan-2018,25-Jan-2018,PE,11300,747.1,802.85,739.5,802.85,802.85,802.85,13,117.49,7.32,5925,75,10435.55
NIFTY,01-Jan-2018,25-Jan-2018,PE,11350,0,0,0,854.75,0,867.8,0,0,0,0,0,10435.55
NIFTY,01-Jan-2018,25-Jan-2018,PE,11400,848.4,848.4,847,847,847,847,7,64.3,4.45,16350,75,10435.55
NIFTY,01-Jan-2018,25-Jan-2018,PE,11450,0,0,0,945.7,0,967.15,0,0,0,0,0,10435.55
NIFTY,01-Jan-2018,25-Jan-2018,PE,11500,946.75,1004.8,935,991.35,1002,991.35,1126,10526.38,814.63,1526325,-15825,10435.55
NIFTY,01-Jan-2018,25-Jan-2018,PE,11100,544.05,587.25,535.7,587.05,586.85,587.05,4,34.99,1.69,3825,75,10435.55
NIFTY,01-Jan-2018,25-Jan-2018,PE,11150,0,0,0,680.45,0,670.2,0,0,0,0,0,10435.55
NIFTY,01-Jan-2018,25-Jan-2018,PE,11200,658.25,690.45,640,690.45,690.45,690.45,8,71.11,3.91,39225,75,10435.55
NIFTY,01-Jan-2018,25-Jan-2018,PE,11250,0,0,0,766.15,0,768.7,0,0,0,0,0,10435.55
NIFTY,01-Jan-2018,25-Jan-2018,PE,10850,323.15,437.35,323.15,386.25,437.35,386.25,4,33.66,1.11,75,75,10435.55
NIFTY,01-Jan-2018,25-Jan-2018,PE,10900,372.1,416.8,356.85,407.95,413.9,407.95,131,1108.73,37.8,66225,-975,10435.55
NIFTY,01-Jan-2018,25-Jan-2018,PE,10950,0,0,0,520.1,0,478.2,0,0,0,0,0,10435.55
NIFTY,01-Jan-2018,25-Jan-2018,PE,11000,459.55,511.85,445.3,500.8,510.05,500.8,828,7123.36,292.36,976425,600,10435.55
NIFTY,01-Jan-2018,25-Jan-2018,PE,11050,0,0,0,598.25,0,573.05,0,0,0,0,0,10435.55
NIFTY,01-Jan-2018,25-Jan-2018,PE,10650,180.4,216.05,175.25,210.7,214.05,210.7,44,357.59,6.14,1800,-825,10435.55
NIFTY,01-Jan-2018,25-Jan-2018,PE,10700,206.85,254.15,203,243.6,253,243.6,5905,48371.46,983.84,541950,-34200,10435.55
NIFTY,01-Jan-2018,25-Jan-2018,PE,10750,329.6,329.6,235.15,282.9,295.55,282.9,15,123.94,3,450,150,10435.55
NIFTY,01-Jan-2018,25-Jan-2018,PE,10800,284.6,332.95,274,320.65,332.95,320.65,2692,22392.06,586.86,225150,13650,10435.55
NIFTY,01-Jan-2018,25-Jan-2018,PE,10450,89.3,115.75,89.3,110.2,115,110.2,5817,46031.59,440.85,322500,-29325,10435.55
NIFTY,01-Jan-2018,25-Jan-2018,PE,10500,107.85,136.45,106.75,130.35,136,130.35,96413,767840.24,8587.86,3661350,-69150,10435.55
NIFTY,01-Jan-2018,25-Jan-2018,PE,10550,135.15,160,126.85,154.2,159.4,154.2,4247,34046.33,441.94,166500,-17775,10435.55
NIFTY,01-Jan-2018,25-Jan-2018,PE,10600,154.55,187.3,148.1,179.55,186.5,179.55,25827,208492.89,3168.24,875700,-43425,10435.55
NIFTY,01-Jan-2018,25-Jan-2018,PE,10250,46.8,54.9,43.3,52.65,54.55,52.65,1121,8658.55,40.87,64800,375,10435.55
NIFTY,01-Jan-2018,25-Jan-2018,PE,10300,60.15,66.5,51.6,63.5,65.25,63.5,55720,432897.54,2460.54,4713075,123825,10435.55
NIFTY,01-Jan-2018,25-Jan-2018,PE,10350,68,82,62.3,77.35,80.9,77.35,2178,17023.37,116.64,240225,-7125,10435.55
NIFTY,01-Jan-2018,25-Jan-2018,PE,10400,80,96.5,74.6,92.55,95,92.55,75033,590057.99,4800.59,3796575,-179325,10435.55
NIFTY,01-Jan-2018,25-Jan-2018,PE,10000,19.1,20,16.1,19,20,19,31978,240270.72,435.72,4363125,50550,10435.55
NIFTY,01-Jan-2018,25-Jan-2018,PE,10050,22.7,24.6,19,23.1,24.35,23.1,873,6594.67,14.43,33300,21300,10435.55
NIFTY,01-Jan-2018,25-Jan-2018,PE,10100,21.1,31.9,21.1,27.75,29,27.75,38467,292153.27,765.74,3697650,969225,10435.55
NIFTY,01-Jan-2018,25-Jan-2018,PE,10150,31.7,36,28.1,34.6,35.4,34.6,686,5238.57,16.39,126300,7050,10435.55
NIFTY,01-Jan-2018,25-Jan-2018,PE,10200,42.9,44.55,35,42.65,44.3,42.65,37699,289530.39,1133.04,3849225,276975,10435.55
NIFTY,01-Jan-2018,25-Jan-2018,PE,9900,10.6,13.75,10.25,12.25,13,12.25,11793,87665.4,102.37,1077900,265650,10435.55
NIFTY,01-Jan-2018,25-Jan-2018,PE,9950,15.45,16.7,13,15.05,15.95,15.05,135,1008.91,1.47,36750,5850,10435.55
NIFTY,02-Jan-2018,25-Jan-2018,PE,11500,975.05,1049,971.7,1018.8,1024.1,1018.8,1017,9548.82,777.2,1535100,8775,10442.2
NIFTY,02-Jan-2018,25-Jan-2018,PE,11550,0,0,0,1038.6,0,1062.1,0,0,0,0,0,10442.2
NIFTY,02-Jan-2018,25-Jan-2018,PE,11600,1127.75,1137.35,1110.55,1137.35,1137.35,1137.35,4,38.18,3.38,8850,-75,10442.2
NIFTY,02-Jan-2018,25-Jan-2018,PE,11300,835.3,849.5,812.75,849.5,849.5,849.5,23,209.27,14.34,7275,1350,10442.2
NIFTY,02-Jan-2018,25-Jan-2018,PE,11350,0,0,0,854.75,0,863.05,0,0,0,0,0,10442.2
NIFTY,02-Jan-2018,25-Jan-2018,PE,11400,930.85,930.85,930.85,930.85,930.85,930.85,8,73.99,5.59,16950,600,10442.2
NIFTY,02-Jan-2018,25-Jan-2018,PE,11450,0,0,0,945.7,0,962.5,0,0,0,0,0,10442.2
NIFTY,02-Jan-2018,25-Jan-2018,PE,11100,624.4,652.25,616,625.5,623,625.5,64,563.3,30.5,4200,375,10442.2
NIFTY,02-Jan-2018,25-Jan-2018,PE,11150,0,0,0,680.45,0,665.05,0,0,0,0,0,10442.2
NIFTY,02-Jan-2018,25-Jan-2018,PE,11200,696.9,746.6,696.9,739,739,739,14,125.29,7.69,39150,-75,10442.2
NIFTY,02-Jan-2018,25-Jan-2018,PE,11250,0,0,0,766.15,0,763.8,0,0,0,0,0,10442.2
NIFTY,02-Jan-2018,25-Jan-2018,PE,10900,394.45,458.85,390.9,431.5,433.25,431.5,135,1148.21,44.58,65400,-825,10442.2
NIFTY,02-Jan-2018,25-Jan-2018,PE,10950,0,0,0,520.1,0,471.9,0,0,0,0,0,10442.2
NIFTY,02-Jan-2018,25-Jan-2018,PE,11000,483.25,555.85,481.95,528,533.8,528,970,8388.69,386.19,960150,-16275,10442.2
NIFTY,02-Jan-2018,25-Jan-2018,PE,11050,0,0,0,598.25,0,567.4,0,0,0,0,0,10442.2
NIFTY,02-Jan-2018,25-Jan-2018,PE,10650,212,245.3,212,226.1,226.1,226.1,51,416.1,8.74,2850,1050,10442.2
NIFTY,02-Jan-2018,25-Jan-2018,PE,10700,219,290.95,219,263.2,269.3,263.2,5364,44111.01,1064.91,540750,-1200,10442.2
NIFTY,02-Jan-2018,25-Jan-2018,PE,10750,266.55,315.3,266.55,306.05,315.3,306.05,9,74.56,2,375,-75,10442.2
NIFTY,02-Jan-2018,25-Jan-2018,PE,10800,299.95,375.25,299.95,345.2,352.85,345.2,1512,12644.35,397.15,233250,8100,10442.2
NIFTY,02-Jan-2018,25-Jan-2018,PE,10850,0,0,0,386.25,437.35,380.2,0,0,0,75,0,10442.2
NIFTY,02-Jan-2018,25-Jan-2018,PE,10450,95,138,95,119.85,124.3,119.85,10814,85743.39,988.67,327975,5475,10442.2
NIFTY,02-Jan-2018,25-Jan-2018,PE,10500,123.3,162.35,113.75,141.7,146,141.7,116033,926243.87,12484,3138525,-522825,10442.2
NIFTY,02-Jan-2018,25-Jan-2018,PE,10550,145,187.25,140.5,165,169.4,165,2330,18729.71,293.59,138225,-28275,10442.2
NIFTY,02-Jan-2018,25-Jan-2018,PE,10600,158.7,219.3,158.7,194.15,198.8,194.15,28924,234219.92,4274.12,791175,-84525,10442.2
NIFTY,02-Jan-2018,25-Jan-2018,PE,10250,49.8,67.7,44.65,58.4,60.85,58.4,2853,22060.19,127.76,68325,3525,10442.2
NIFTY,02-Jan-2018,25-Jan-2018,PE,10300,55.05,81.15,55.05,70.3,72.5,70.3,128443,999141.53,6919.36,4992300,279225,10442.2
NIFTY,02-Jan-2018,25-Jan-2018,PE,10350,78.4,98.25,65.6,85.6,88,85.6,6605,51702.07,430.76,281925,41700,10442.2
NIFTY,02-Jan-2018,25-Jan-2018,PE,10400,81,116.4,80.4,101.5,104.85,101.5,156511,1232867.38,12081.58,4607550,810975,10442.2
NIFTY,02-Jan-2018,25-Jan-2018,PE,10000,17.65,24.9,16.25,21.65,22.2,21.65,49565,372539.3,801.8,4385850,22725,10442.2
NIFTY,02-Jan-2018,25-Jan-2018,PE,10050,21.75,31.7,21.3,26,27.8,26,2308,17442.03,45.48,34725,1425,10442.2
NIFTY,02-Jan-2018,25-Jan-2018,PE,10100,21.25,37.05,21.25,31.9,33,31.9,53980,410196.54,1298.04,3875025,177375,10442.2
NIFTY,02-Jan-2018,25-Jan-2018,PE,10150,31.85,45.25,31.55,38.65,40,38.65,2003,15306.76,58.92,144975,18675,10442.2
NIFTY,02-Jan-2018,25-Jan-2018,PE,10200,39,55.35,37.35,47.85,49,47.85,85312,655755.5,3118.7,3903300,54075,10442.2
NIFTY,02-Jan-2018,25-Jan-2018,PE,9900,11.05,16.15,10.25,14.1,14.35,14.1,22652,168428.68,237.58,1145025,67125,10442.2
NIFTY,02-Jan-2018,25-Jan-2018,PE,9950,15.4,19.2,15.35,17.35,17.5,17.35,208,1554.93,2.73,41025,4275,10442.2
NIFTY,03-Jan-2018,25-Jan-2018,PE,11500,989,1030,952,1020.1,1017.6,1020.1,1099,10302.93,824.05,1517100,-18000,10443.2
NIFTY,03-Jan-2018,25-Jan-2018,PE,11550,0,0,0,1038.6,0,1063.05,0,0,0,0,0,10443.2
NIFTY,03-Jan-2018,25-Jan-2018,PE,11600,1102.3,1102.3,1061,1061,1061,1061,2,19.02,1.62,8700,-150,10443.2
NIFTY,03-Jan-2018,25-Jan-2018,PE,11300,796.05,825,770.25,821.4,824.8,821.4,10,90.8,6.05,7425,150,10443.2
NIFTY,03-Jan-2018,25-Jan-2018,PE,11350,0,0,0,854.75,0,863.9,0,0,0,0,0,10443.2
NIFTY,03-Jan-2018,25-Jan-2018,PE,11400,862.6,897,862.6,897,897,897,2,18.42,1.32,16950,0,10443.2
NIFTY,03-Jan-2018,25-Jan-2018,PE,11450,0,0,0,945.7,0,963.45,0,0,0,0,0,10443.2
NIFTY,03-Jan-2018,25-Jan-2018,PE,11100,602.55,622.2,561.2,622.2,622.2,622.2,11,96.52,4.95,4500,300,10443.2
NIFTY,03-Jan-2018,25-Jan-2018,PE,11150,0,0,0,680.45,0,665.45,0,0,0,0,0,10443.2
NIFTY,03-Jan-2018,25-Jan-2018,PE,11200,698,716.75,695.15,716.75,716.75,716.75,6,53.56,3.16,39150,0,10443.2
NIFTY,03-Jan-2018,25-Jan-2018,PE,11250,0,0,0,766.15,0,764.5,0,0,0,0,0,10443.2
NIFTY,03-Jan-2018,25-Jan-2018,PE,10900,410.2,440.2,368.3,432.95,431.6,432.95,987,8364.49,295.77,36600,-28800,10443.2
NIFTY,03-Jan-2018,25-Jan-2018,PE,10950,0,0,0,520.1,0,471.05,0,0,0,0,0,10443.2
NIFTY,03-Jan-2018,25-Jan-2018,PE,11000,507.75,541.8,459.4,525.5,524.65,525.5,2031,17524.24,768.49,879900,-80250,10443.2
NIFTY,03-Jan-2018,25-Jan-2018,PE,11050,0,0,0,598.25,0,567.35,0,0,0,0,0,10443.2
NIFTY,03-Jan-2018,25-Jan-2018,PE,10650,207.05,229.05,175.8,226.25,221.75,226.25,90,732.65,13.77,3525,675,10443.2
NIFTY,03-Jan-2018,25-Jan-2018,PE,10700,247.5,271,202.85,261.1,260,261.1,6889,56513.99,1229.76,541650,900,10443.2
NIFTY,03-Jan-2018,25-Jan-2018,PE,10750,272.55,303.8,250,302.3,300,302.3,19,157.15,3.97,375,0,10443.2
NIFTY,03-Jan-2018,25-Jan-2018,PE,10800,315,355,279,343.15,340.4,343.15,1602,13353.3,377.1,238950,5700,10443.2
NIFTY,03-Jan-2018,25-Jan-2018,PE,10850,0,0,0,386.25,437.35,378.25,0,0,0,75,0,10443.2
NIFTY,03-Jan-2018,25-Jan-2018,PE,10450,110.05,122,85.65,116.15,115.95,116.15,12706,100585.17,1001.89,329850,1875,10443.2
NIFTY,03-Jan-2018,25-Jan-2018,PE,10500,132.4,145.3,101.65,137.4,135.4,137.4,125701,1001593.67,11698.29,3295500,156975,10443.2
NIFTY,03-Jan-2018,25-Jan-2018,PE,10550,144.05,170,121.7,162,161.5,162,2363,18955.41,258.18,119400,-18825,10443.2
NIFTY,03-Jan-2018,25-Jan-2018,PE,10600,178.05,201.75,143.2,191.6,190.45,191.6,27758,224344.25,3668.15,792675,1500,10443.2
NIFTY,03-Jan-2018,25-Jan-2018,PE,10250,60.95,60.95,40,55.35,53.4,55.35,3473,26828.82,130.14,96975,28650,10443.2
NIFTY,03-Jan-2018,25-Jan-2018,PE,10300,62.8,70.55,47.85,66.3,65.85,66.3,112672,875459.81,5068.61,4832025,-160275,10443.2
NIFTY,03-Jan-2018,25-Jan-2018,PE,10350,75,87.25,59.05,80.5,79.05,80.5,5671,44327.95,306.81,254850,-27075,10443.2
NIFTY,03-Jan-2018,25-Jan-2018,PE,10400,93.45,102.5,69.85,96.8,96.45,96.8,160202,1260147.61,10572.01,4696275,88725,10443.2
NIFTY,03-Jan-2018,25-Jan-2018,PE,10050,22.7,25.9,18.05,24,25,24,1133,8558.84,18.85,35475,750,10443.2
NIFTY,03-Jan-2018,25-Jan-2018,PE,10100,30.65,31.6,21.25,29.35,29,29.35,50679,384907.23,1013.8,3593100,-281925,10443.2
NIFTY,03-Jan-2018,25-Jan-2018,PE,10150,36,40,27,35.8,35.15,35.8,1812,13837.18,43.33,166350,21375,10443.2
NIFTY,03-Jan-2018,25-Jan-2018,PE,10200,43.25,47.2,32.4,44.35,44.05,44.35,78414,602220.67,2353.57,4062075,158775,10443.2
NIFTY,03-Jan-2018,25-Jan-2018,PE,9900,12.65,13.7,9.5,12.9,12.55,12.9,17798,132310.01,159.86,1191525,46500,10443.2
NIFTY,03-Jan-2018,25-Jan-2018,PE,9950,16.4,16.85,12.5,15.8,16.1,15.8,97,724.94,1.07,44850,3825,10443.2
NIFTY,03-Jan-2018,25-Jan-2018,PE,10000,17.05,21.25,14.6,19.85,19.55,19.85,50543,379763.95,691.45,4300575,-85275,10443.2
NIFTY,04-Jan-2018,25-Jan-2018,PE,11500,1005,1018.35,959.4,970.5,961,970.5,743,6961.07,552.7,1496250,-20850,10504.8
NIFTY,04-Jan-2018,25-Jan-2018,PE,11550,0,0,0,1038.6,0,1003.5,0,0,0,0,0,10504.8
NIFTY,04-Jan-2018,25-Jan-2018,PE,11600,0,0,0,1061,1061,1053.3,0,0,0,8700,0,10504.8
NIFTY,04-Jan-2018,25-Jan-2018,PE,11300,820,820,785,785,785,785,2,18.15,1.2,7425,0,10504.8
NIFTY,04-Jan-2018,25-Jan-2018,PE,11350,0,0,0,854.75,0,804.4,0,0,0,0,0,10504.8
NIFTY,04-Jan-2018,25-Jan-2018,PE,11400,0,0,0,897,897,854.15,0,0,0,16950,0,10504.8
NIFTY,04-Jan-2018,25-Jan-2018,PE,11450,0,0,0,945.7,0,903.9,0,0,0,0,0,10504.8
NIFTY,04-Jan-2018,25-Jan-2018,PE,11100,621,621,584.3,584.3,584.3,584.3,4,35.1,1.8,4575,75,10504.8
NIFTY,04-Jan-2018,25-Jan-2018,PE,11150,0,0,0,680.45,0,606.4,0,0,0,0,0,10504.8
NIFTY,04-Jan-2018,25-Jan-2018,PE,11200,697.45,697.45,683.05,688.3,688.3,688.3,3,26.75,1.55,39150,0,10504.8
NIFTY,04-Jan-2018,25-Jan-2018,PE,11250,0,0,0,766.15,0,705.1,0,0,0,0,0,10504.8
NIFTY,04-Jan-2018,25-Jan-2018,PE,10900,420.2,434.95,371.05,381.6,371.05,381.6,228,1932.62,68.72,30525,-6075,10504.8
NIFTY,04-Jan-2018,25-Jan-2018,PE,10950,0,0,0,520.1,0,414.35,0,0,0,0,0,10504.8
NIFTY,04-Jan-2018,25-Jan-2018,PE,11000,515,528.6,466,474.65,468.3,474.65,1392,12012.35,528.35,818850,-61050,10504.8
NIFTY,04-Jan-2018,25-Jan-2018,PE,11050,0,0,0,598.25,0,509.05,0,0,0,0,0,10504.8
NIFTY,04-Jan-2018,25-Jan-2018,PE,10650,218.85,218.85,176.2,182.05,176.2,182.05,55,447.3,7.99,6000,2475,10504.8
NIFTY,04-Jan-2018,25-Jan-2018,PE,10700,250.1,265.25,206,215.2,207,215.2,5608,45999.05,994.85,545250,3600,10504.8
NIFTY,04-Jan-2018,25-Jan-2018,PE,10750,289,289,248,248,248,248,3,24.81,.62,300,-75,10504.8
NIFTY,04-Jan-2018,25-Jan-2018,PE,10800,325.7,348.05,284.5,291.9,284.5,291.9,1367,11390.04,317.34,249000,10050,10504.8
NIFTY,04-Jan-2018,25-Jan-2018,PE,10850,0,0,0,386.25,437.35,324.4,0,0,0,75,0,10504.8
NIFTY,04-Jan-2018,25-Jan-2018,PE,10450,106,119.65,85.25,90.3,85.25,90.3,11417,90342.77,862.03,498150,168300,10504.8
NIFTY,04-Jan-2018,25-Jan-2018,PE,10500,126.9,141.25,101.4,106.85,101.55,106.85,103507,824339.78,9222.16,3653550,358050,10504.8
NIFTY,04-Jan-2018,25-Jan-2018,PE,10550,149.5,164.3,121.45,127.2,121.45,127.2,1981,15881.73,207.07,117225,-2175,10504.8
NIFTY,04-Jan-2018,25-Jan-2018,PE,10600,176.3,196.3,146,152.9,146.15,152.9,29765,240465.55,3833.8,801675,9000,10504.8
NIFTY,04-Jan-2018,25-Jan-2018,PE,10250,48.55,56.35,38.05,40.55,38.25,40.55,3633,28052.41,123.72,146700,49725,10504.8
NIFTY,04-Jan-2018,25-Jan-2018,PE,10300,58.15,68.95,47.05,49.75,47.15,49.75,91491,710698.36,3930.38,5159775,327750,10504.8
NIFTY,04-Jan-2018,25-Jan-2018,PE,10350,79.9,83.45,57.55,60.8,57.55,60.8,4020,31414.05,208.8,324975,70125,10504.8
NIFTY,04-Jan-2018,25-Jan-2018,PE,10400,89,100.3,69.9,73.7,69.9,73.7,135870,1068319.25,8533.25,5401800,705525,10504.8
NIFTY,04-Jan-2018,25-Jan-2018,PE,10050,22.5,25,15.95,16.95,16,16.95,1837,13873.75,27.37,47100,11625,10504.8
NIFTY,04-Jan-2018,25-Jan-2018,PE,10100,27.75,30.75,20,21.3,20.25,21.3,46768,355120.44,852.84,3805200,212100,10504.8
NIFTY,04-Jan-2018,25-Jan-2018,PE,10150,33.85,39.6,24.35,25.85,24.6,25.85,1561,11918.92,35.8,160875,-5475,10504.8
NIFTY,04-Jan-2018,25-Jan-2018,PE,10200,40,46.2,30.75,32.55,31,32.55,79315,608975,2215.25,4637325,575250,10504.8
NIFTY,04-Jan-2018,25-Jan-2018,PE,9900,11.2,13.2,8.5,9.1,8.85,9.1,18437,137042.52,147.8,1367025,175500,10504.8
NIFTY,04-Jan-2018,25-Jan-2018,PE,9950,15,17.4,11,11.4,11.4,11.4,296,2211.7,2.8,42150,-2700,10504.8
NIFTY,04-Jan-2018,25-Jan-2018,PE,10000,17.4,20.55,13.45,14.35,13.55,14.35,42743,321094.49,521.99,4476600,176025,10504.8
NIFTY,05-Jan-2018,25-Jan-2018,PE,11500,950,952,912,918.85,912,918.85,644,6005.05,450.55,1487625,-8625,10558.85
NIFTY,05-Jan-2018,25-Jan-2018,PE,11550,0,0,0,1038.6,0,951.4,0,0,0,0,0,10558.85
NIFTY,05-Jan-2018,25-Jan-2018,PE,11600,1035,1035,1025,1025,1025,1025,2,18.95,1.55,8550,-150,10558.85
NIFTY,05-Jan-2018,25-Jan-2018,PE,11300,743.8,743.8,743.8,743.8,743.8,743.8,1,9.03,.56,7350,-75,10558.85
NIFTY,05-Jan-2018,25-Jan-2018,PE,11350,0,0,0,854.75,0,752.3,0,0,0,0,0,10558.85
NIFTY,05-Jan-2018,25-Jan-2018,PE,11400,0,0,0,897,897,802,0,0,0,16950,0,10558.85
NIFTY,05-Jan-2018,25-Jan-2018,PE,11450,0,0,0,945.7,0,851.8,0,0,0,0,0,10558.85
NIFTY,05-Jan-2018,25-Jan-2018,PE,11100,538.7,540.7,538.7,540.7,540.7,540.7,6,52.38,2.43,4725,150,10558.85
NIFTY,05-Jan-2018,25-Jan-2018,PE,11150,0,0,0,680.45,0,554.85,0,0,0,0,0,10558.85
NIFTY,05-Jan-2018,25-Jan-2018,PE,11200,630,630,611.35,611.55,611.65,611.55,12,106.41,5.61,38550,-600,10558.85
NIFTY,05-Jan-2018,25-Jan-2018,PE,11250,0,0,0,766.15,0,653.15,0,0,0,0,0,10558.85
NIFTY,05-Jan-2018,25-Jan-2018,PE,10900,364,364,323.55,329.3,324.8,329.3,166,1399.46,42.41,30000,-525,10558.85
NIFTY,05-Jan-2018,25-Jan-2018,PE,10950,0,0,0,520.1,0,365.35,0,0,0,0,0,10558.85
NIFTY,05-Jan-2018,25-Jan-2018,PE,11000,456.8,460.05,418.3,425.05,419,425.05,2324,19946.95,773.95,735525,-83325,10558.85
NIFTY,05-Jan-2018,25-Jan-2018,PE,11050,0,0,0,598.25,0,458.3,0,0,0,0,0,10558.85
NIFTY,05-Jan-2018,25-Jan-2018,PE,10650,174.5,174.5,137.9,142.65,140,142.65,152,1231.49,17.39,8100,2100,10558.85
NIFTY,05-Jan-2018,25-Jan-2018,PE,10700,203.4,204.25,167,173.1,168,173.1,8665,70738.86,1202.23,619800,74550,10558.85
NIFTY,05-Jan-2018,25-Jan-2018,PE,10750,235,235,210,210,210,210,6,49.39,1.02,525,225,10558.85
NIFTY,05-Jan-2018,25-Jan-2018,PE,10800,278.7,279.2,235,244.35,240.95,244.35,3207,26592.27,615.57,292125,43125,10558.85
NIFTY,05-Jan-2018,25-Jan-2018,PE,10850,0,0,0,386.25,437.35,278.4,0,0,0,75,0,10558.85
NIFTY,05-Jan-2018,25-Jan-2018,PE,10450,81.35,84.35,62.85,67.05,64.1,67.05,11194,88350.1,617.12,600975,102825,10558.85
NIFTY,05-Jan-2018,25-Jan-2018,PE,10500,95.15,101.25,75.8,81.6,77.95,81.6,178014,1413664.77,11804.52,5041725,1388175,10558.85
NIFTY,05-Jan-2018,25-Jan-2018,PE,10550,117.65,120.1,91.95,98,94.65,98,12125,96894.84,955.78,269925,152700,10558.85
NIFTY,05-Jan-2018,25-Jan-2018,PE,10600,143.8,145.4,113.2,120.35,115.3,120.35,43328,348638.15,4180.55,1192125,390450,10558.85
NIFTY,05-Jan-2018,25-Jan-2018,PE,10250,36.5,37.1,27.05,29.35,27.8,29.35,3954,30493.53,97.16,134550,-12150,10558.85
NIFTY,05-Jan-2018,25-Jan-2018,PE,10300,45.4,46.1,33.15,36.25,34,36.25,101615,787964.01,2988.14,5458125,298350,10558.85
NIFTY,05-Jan-2018,25-Jan-2018,PE,10350,53.55,57,41.8,45.15,42.65,45.15,5556,43331.51,203.06,381300,56325,10558.85
NIFTY,05-Jan-2018,25-Jan-2018,PE,10400,63.85,69.15,50.5,55.2,52,55.2,135940,1066405.01,6073.01,6085725,683925,10558.85
NIFTY,05-Jan-2018,25-Jan-2018,PE,10050,15,15.45,10.8,12.15,12.35,12.15,946,7139.86,9.39,66525,19425,10558.85
NIFTY,05-Jan-2018,25-Jan-2018,PE,10100,19.4,19.45,13.65,14.95,14.25,14.95,42847,325089.03,523,3477975,-327225,10558.85
NIFTY,05-Jan-2018,25-Jan-2018,PE,10150,23.3,23.65,16.8,18.55,18.7,18.55,1615,12318.91,24.72,174600,13725,10558.85
NIFTY,05-Jan-2018,25-Jan-2018,PE,10200,30,30.25,21.2,23.45,21.8,23.45,80624,618308.04,1534.44,4616925,-20400,10558.85
NIFTY,05-Jan-2018,25-Jan-2018,PE,9900,8.85,8.85,6.4,7.25,6.8,7.25,18520,137610.9,99.9,1511250,144225,10558.85
NIFTY,05-Jan-2018,25-Jan-2018,PE,9950,10.1,10.45,7.45,8.75,8.15,8.75,244,1822.49,1.64,40650,-1500,10558.85
NIFTY,05-Jan-2018,25-Jan-2018,PE,10000,12.65,13,9.45,10.35,9.75,10.35,42324,317776.25,346.25,4470375,-6225,10558.85
NIFTY,08-Jan-2018,25-Jan-2018,PE,11550,0,0,0,1038.6,0,892.55,0,0,0,0,0,10623.6
NIFTY,08-Jan-2018,25-Jan-2018,PE,11600,979.7,979.7,960,971.55,971.55,971.55,7,65.99,5.09,8325,-225,10623.6
NIFTY,08-Jan-2018,25-Jan-2018,PE,11300,656.45,665.95,654.65,662.2,665.95,662.2,5,44.85,2.47,7425,75,10623.6
NIFTY,08-Jan-2018,25-Jan-2018,PE,11350,0,0,0,854.75,0,693.35,0,0,0,0,0,10623.6
NIFTY,08-Jan-2018,25-Jan-2018,PE,11400,0,0,0,897,897,743.1,0,0,0,16950,0,10623.6
NIFTY,08-Jan-2018,25-Jan-2018,PE,11450,0,0,0,945.7,0,792.9,0,0,0,0,0,10623.6
NIFTY,08-Jan-2018,25-Jan-2018,PE,11500,875,881.85,855,857.7,865.9,857.7,869,8060.97,565.85,1466775,-20850,10623.6
NIFTY,08-Jan-2018,25-Jan-2018,PE,11100,464,467.65,456,456.35,456,456.35,7,60.7,2.42,5175,450,10623.6
NIFTY,08-Jan-2018,25-Jan-2018,PE,11150,0,0,0,680.45,0,496.1,0,0,0,0,0,10623.6
NIFTY,08-Jan-2018,25-Jan-2018,PE,11200,568.05,568.05,565,565,565,565,4,35.3,1.7,38625,75,10623.6
NIFTY,08-Jan-2018,25-Jan-2018,PE,11250,0,0,0,766.15,0,594.25,0,0,0,0,0,10623.6
NIFTY,08-Jan-2018,25-Jan-2018,PE,10900,292.85,296.35,272.65,277.25,285.45,277.25,1678,14076.15,358.5,77775,47775,10623.6
NIFTY,08-Jan-2018,25-Jan-2018,PE,10950,0,0,0,520.1,0,309.05,0,0,0,0,0,10623.6
NIFTY,08-Jan-2018,25-Jan-2018,PE,11000,385.1,388.45,363.7,368.5,375.3,368.5,1634,13940.88,460.38,726375,-9150,10623.6
NIFTY,08-Jan-2018,25-Jan-2018,PE,11050,0,0,0,598.25,0,400.3,0,0,0,0,0,10623.6
NIFTY,08-Jan-2018,25-Jan-2018,PE,10700,148.85,148.9,128.3,131.85,135.1,131.85,23307,189432.62,2393.94,823650,203850,10623.6
NIFTY,08-Jan-2018,25-Jan-2018,PE,10750,174.35,175,157.65,161.85,167.6,161.85,198,1620.95,24.58,2250,1725,10623.6
NIFTY,08-Jan-2018,25-Jan-2018,PE,10800,228.55,228.55,191.25,195.9,202,195.9,7192,59343.16,1087.96,381300,89175,10623.6
NIFTY,08-Jan-2018,25-Jan-2018,PE,10850,240.05,240.05,233.05,233.05,233.05,233.05,3,24.95,.53,225,150,10623.6
NIFTY,08-Jan-2018,25-Jan-2018,PE,10450,51.45,53.6,46.7,48.05,48.4,48.05,6025,47445.55,224.61,641625,40650,10623.6
NIFTY,08-Jan-2018,25-Jan-2018,PE,10500,66,69.4,56.65,58.2,59.35,58.2,143689,1138058.74,6507.86,6264450,1222725,10623.6
NIFTY,08-Jan-2018,25-Jan-2018,PE,10550,93,93,66,70.95,71.5,70.95,16668,132813.64,928.09,533700,263775,10623.6
NIFTY,08-Jan-2018,25-Jan-2018,PE,10600,99.75,101,84.8,87.55,89.9,87.55,121724,976027.58,8321.78,2520975,1328850,10623.6
NIFTY,08-Jan-2018,25-Jan-2018,PE,10650,118.8,119.7,103.8,107,109.1,107,4467,36052.92,372.75,90000,81900,10623.6
NIFTY,08-Jan-2018,25-Jan-2018,PE,10250,22.05,24.1,20.5,22.05,22.3,22.05,2502,19275.3,41.17,153150,18600,10623.6
NIFTY,08-Jan-2018,25-Jan-2018,PE,10300,28,30,25.25,26.65,26.8,26.65,74017,573275.35,1494.03,5464050,5925,10623.6
NIFTY,08-Jan-2018,25-Jan-2018,PE,10350,33.75,35.35,31.15,32.3,32,32.3,5484,42705.55,136,397350,16050,10623.6
NIFTY,08-Jan-2018,25-Jan-2018,PE,10400,42.6,44.75,38,39,39.35,39,103441,809961.35,3121.55,6447225,361500,10623.6
NIFTY,08-Jan-2018,25-Jan-2018,PE,10050,8.6,11.1,8.6,10.75,10.25,10.75,816,6156.78,6.18,60075,-6450,10623.6
NIFTY,08-Jan-2018,25-Jan-2018,PE,10100,11.45,13.65,10.5,12.55,12.4,12.55,46235,350645.01,414.89,2428425,-1049550,10623.6
NIFTY,08-Jan-2018,25-Jan-2018,PE,10150,13.8,16,12.45,14.8,14.7,14.8,1448,11038.1,15.2,170400,-4200,10623.6
NIFTY,08-Jan-2018,25-Jan-2018,PE,10200,19.55,19.65,16.3,18.2,18.15,18.2,52598,403077.8,703.1,3939975,-676950,10623.6
NIFTY,08-Jan-2018,25-Jan-2018,PE,9900,6.35,7.1,5.25,6.95,6.65,6.95,25202,187244.35,119.5,1787475,276225,10623.6
NIFTY,08-Jan-2018,25-Jan-2018,PE,9950,6.5,9,6.05,7.6,7.5,7.6,237,1769.83,1.22,38925,-1725,10623.6
NIFTY,08-Jan-2018,25-Jan-2018,PE,10000,8.4,9.65,7.5,9.1,9,9.1,41167,309015.25,262.75,4519350,48975,10623.6
NIFTY,09-Jan-2018,25-Jan-2018,PE,11550,0,0,0,1038.6,0,881.2,0,0,0,0,0,10637
NIFTY,09-Jan-2018,25-Jan-2018,PE,11600,975,980,975,980,980,980,2,18.87,1.47,8250,-75,10637
NIFTY,09-Jan-2018,25-Jan-2018,PE,11300,659.75,659.75,654,654,654,654,2,17.94,.99,7350,-75,10637
NIFTY,09-Jan-2018,25-Jan-2018,PE,11350,0,0,0,854.75,0,681.9,0,0,0,0,0,10637
NIFTY,09-Jan-2018,25-Jan-2018,PE,11400,0,0,0,897,897,731.65,0,0,0,16950,0,10637
NIFTY,09-Jan-2018,25-Jan-2018,PE,11450,0,0,0,945.7,0,781.5,0,0,0,0,0,10637
NIFTY,09-Jan-2018,25-Jan-2018,PE,11500,850,880,841,843.45,853.35,843.45,508,4707.09,325.59,1460775,-6000,10637
NIFTY,09-Jan-2018,25-Jan-2018,PE,11100,464.2,467.1,448.95,450.35,448.95,450.35,9,78,3.08,5625,450,10637
NIFTY,09-Jan-2018,25-Jan-2018,PE,11150,0,0,0,680.45,0,484.15,0,0,0,0,0,10637
NIFTY,09-Jan-2018,25-Jan-2018,PE,11200,559.65,567.75,551,551,551,551,8,70.56,3.36,38700,75,10637
NIFTY,09-Jan-2018,25-Jan-2018,PE,11250,0,0,0,766.15,0,582.6,0,0,0,0,0,10637
NIFTY,09-Jan-2018,25-Jan-2018,PE,10900,266.15,294.7,256,263.35,267.55,263.35,1076,9016.08,219.78,86475,8700,10637
NIFTY,09-Jan-2018,25-Jan-2018,PE,10950,0,0,0,520.1,0,296.1,0,0,0,0,0,10637
NIFTY,09-Jan-2018,25-Jan-2018,PE,11000,358.15,387,347,350.75,358.45,350.75,3317,28276.03,910.78,719100,-7275,10637
NIFTY,09-Jan-2018,25-Jan-2018,PE,11050,0,0,0,598.25,0,387.9,0,0,0,0,0,10637
NIFTY,09-Jan-2018,25-Jan-2018,PE,10700,116.85,143.4,115,121.5,123.45,121.5,45694,371137.91,4443.56,1127625,303975,10637
NIFTY,09-Jan-2018,25-Jan-2018,PE,10750,152.35,172,142.55,147.65,148.8,147.65,232,1897.52,27.02,6450,4200,10637
NIFTY,09-Jan-2018,25-Jan-2018,PE,10800,184.75,210,175.35,182.6,186.3,182.6,11071,91273.82,1598.72,443175,61875,10637
NIFTY,09-Jan-2018,25-Jan-2018,PE,10850,235.9,235.9,235.9,235.9,235.9,235.9,1,8.31,.18,225,0,10637
NIFTY,09-Jan-2018,25-Jan-2018,PE,10450,42.2,51.95,40.7,42.85,43.8,42.85,13527,106483.15,465.29,862950,221325,10637
NIFTY,09-Jan-2018,25-Jan-2018,PE,10500,53,63.5,50.1,52.95,54.2,52.95,146297,1158320.43,6231.55,6928200,663750,10637
NIFTY,09-Jan-2018,25-Jan-2018,PE,10550,74,77.15,61,64.5,66,64.5,14209,113163.25,734.53,642375,108675,10637
NIFTY,09-Jan-2018,25-Jan-2018,PE,10600,80,95.75,75.1,79.3,81.25,79.3,170057,1362868.28,10915.13,3588075,1067100,10637
NIFTY,09-Jan-2018,25-Jan-2018,PE,10650,100,116.55,92.4,97.35,99,97.35,8066,65056.53,629.36,189225,99225,10637
NIFTY,09-Jan-2018,25-Jan-2018,PE,10250,19.8,23.95,18.2,19.9,20.1,19.9,2150,16562.06,33.93,170100,16950,10637
NIFTY,09-Jan-2018,25-Jan-2018,PE,10300,25,29,22.65,24.1,24.6,24.1,81882,634115.75,1577.3,5493900,29850,10637
NIFTY,09-Jan-2018,25-Jan-2018,PE,10350,29.1,35,26.85,29.2,29.55,29.2,3687,28706.32,85.98,403125,5775,10637
NIFTY,09-Jan-2018,25-Jan-2018,PE,10400,35.1,42.45,33.7,35.5,36.2,35.5,104100,814940.05,2960.05,6835050,387825,10637
NIFTY,09-Jan-2018,25-Jan-2018,PE,10050,9.2,11.1,8.95,9.5,9.1,9.5,354,2670.86,2.59,57075,-3000,10637
NIFTY,09-Jan-2018,25-Jan-2018,PE,10100,11.25,13.45,10.25,11.15,11.35,11.15,20766,157486.38,183.93,2460150,31725,10637
NIFTY,09-Jan-2018,25-Jan-2018,PE,10150,13.35,16.05,12.65,13.6,13.5,13.6,656,5000.65,6.85,166500,-3900,10637
NIFTY,09-Jan-2018,25-Jan-2018,PE,10200,16.35,19.9,15.6,16.15,16.55,16.15,46961,359861.43,609.78,3788250,-151725,10637
NIFTY,09-Jan-2018,25-Jan-2018,PE,9900,6.2,7.2,5.75,6.15,6.25,6.15,9808,72871.01,46.61,1807575,20100,10637
NIFTY,09-Jan-2018,25-Jan-2018,PE,9950,7.45,7.8,4.8,6.75,7.05,6.75,169,1262.05,.89,39450,525,10637
NIFTY,09-Jan-2018,25-Jan-2018,PE,10000,8.35,9.75,7.7,8,8.2,8,20554,154285.54,130.54,4454250,-65100,10637
NIFTY,10-Jan-2018,25-Jan-2018,PE,11550,0,0,0,1038.6,0,887.95,0,0,0,0,0,10632.2
NIFTY,10-Jan-2018,25-Jan-2018,PE,11600,956.65,956.65,956.65,956.65,956.65,956.65,1,9.42,.72,8175,-75,10632.2
NIFTY,10-Jan-2018,25-Jan-2018,PE,11350,0,0,0,854.75,0,688.55,0,0,0,0,0,10632.2
NIFTY,10-Jan-2018,25-Jan-2018,PE,11400,0,0,0,897,897,738.4,0,0,0,16950,0,10632.2
NIFTY,10-Jan-2018,25-Jan-2018,PE,11450,0,0,0,945.7,0,788.25,0,0,0,0,0,10632.2
NIFTY,10-Jan-2018,25-Jan-2018,PE,11500,851.75,893.6,848.8,856.5,857,856.5,835,7740.85,538.97,1448175,-12600,10632.2
NIFTY,10-Jan-2018,25-Jan-2018,PE,11100,461.5,487.95,454.75,467,467,467,17,147.54,6.02,5925,300,10632.2
NIFTY,10-Jan-2018,25-Jan-2018,PE,11150,0,0,0,680.45,0,490.1,0,0,0,0,0,10632.2
NIFTY,10-Jan-2018,25-Jan-2018,PE,11200,588.15,588.15,563.1,568.4,568.4,568.4,11,97.15,4.75,38700,0,10632.2
NIFTY,10-Jan-2018,25-Jan-2018,PE,11250,0,0,0,766.15,0,589.05,0,0,0,0,0,10632.2
NIFTY,10-Jan-2018,25-Jan-2018,PE,11300,649.45,685,649.45,655,655,655,31,278.3,15.58,5775,-1575,10632.2
NIFTY,10-Jan-2018,25-Jan-2018,PE,10900,270.05,309.85,264.5,273.65,275.9,273.65,1809,15181.82,393.25,147150,60675,10632.2
NIFTY,10-Jan-2018,25-Jan-2018,PE,10950,0,0,0,520.1,0,299.45,0,0,0,0,0,10632.2
NIFTY,10-Jan-2018,25-Jan-2018,PE,11000,361.3,400.5,358.2,366.6,365.15,366.6,969,8267.23,272.98,709125,-9975,10632.2
NIFTY,10-Jan-2018,25-Jan-2018,PE,11050,0,0,0,598.25,0,392.85,0,0,0,0,0,10632.2
NIFTY,10-Jan-2018,25-Jan-2018,PE,10700,118.6,152.75,118.55,126.35,126.1,126.35,66895,543535.24,6702.86,1461225,333600,10632.2
NIFTY,10-Jan-2018,25-Jan-2018,PE,10750,148.35,184.85,148.35,153.75,152.8,153.75,200,1636.37,23.87,7800,1350,10632.2
NIFTY,10-Jan-2018,25-Jan-2018,PE,10800,184.95,223.45,182.65,190.85,190.35,190.85,10182,83987.69,1513.49,486975,43800,10632.2
NIFTY,10-Jan-2018,25-Jan-2018,PE,10850,226.7,236.55,226.7,230.5,230.5,230.5,154,1279.76,26.58,9675,9450,10632.2
NIFTY,10-Jan-2018,25-Jan-2018,PE,10450,49.3,53.95,41.7,43.55,44.05,43.55,14195,111749.57,496.26,1052700,189750,10632.2
NIFTY,10-Jan-2018,25-Jan-2018,PE,10500,52.35,66.85,51.8,54.4,54.4,54.4,157116,1244182.74,6894.24,7547775,619575,10632.2
NIFTY,10-Jan-2018,25-Jan-2018,PE,10550,60.1,81.5,60,66.35,66.65,66.35,18425,146780.66,992.85,745875,103500,10632.2
NIFTY,10-Jan-2018,25-Jan-2018,PE,10600,78,101.3,78,82.25,82.35,82.25,198818,1593727.59,13124.49,4211475,623400,10632.2
NIFTY,10-Jan-2018,25-Jan-2018,PE,10650,98.5,122.9,97.65,100.55,101.3,100.55,10666,86044.13,849.45,211350,22125,10632.2
NIFTY,10-Jan-2018,25-Jan-2018,PE,10250,20.9,23.35,18.55,19.2,19.95,19.2,1838,14158.48,28.85,161250,-8850,10632.2
NIFTY,10-Jan-2018,25-Jan-2018,PE,10300,24.95,29.2,22.85,23.85,24,23.85,76240,590424.57,1470.57,5147025,-346875,10632.2
NIFTY,10-Jan-2018,25-Jan-2018,PE,10350,30.35,35.8,28.05,29.15,29.35,29.15,3290,25616.25,77.63,423300,20175,10632.2
NIFTY,10-Jan-2018,25-Jan-2018,PE,10400,35.05,43.9,34.15,35.8,35.85,35.8,102334,801161.02,2955.82,6564900,-270150,10632.2
NIFTY,10-Jan-2018,25-Jan-2018,PE,10050,9.8,10.25,8.5,8.85,8.8,8.85,916,6910.84,6.49,55125,-1950,10632.2
NIFTY,10-Jan-2018,25-Jan-2018,PE,10100,10.85,12.5,10.25,10.55,10.6,10.55,19859,150601.81,169.89,2476650,16500,10632.2
NIFTY,10-Jan-2018,25-Jan-2018,PE,10150,14,14.85,12.4,12.6,12.55,12.6,687,5236.79,7,170175,3675,10632.2
NIFTY,10-Jan-2018,25-Jan-2018,PE,10200,15.9,18.85,15.15,15.7,15.65,15.7,40031,306747.54,510.39,3773850,-14400,10632.2
NIFTY,10-Jan-2018,25-Jan-2018,PE,9900,6.35,6.45,5.3,5.5,5.55,5.5,10564,78484.8,47.1,1763250,-44325,10632.2
NIFTY,10-Jan-2018,25-Jan-2018,PE,9950,6.6,7.4,4,5.85,6,5.85,150,1120.09,.71,45525,6075,10632.2
NIFTY,10-Jan-2018,25-Jan-2018,PE,10000,7.7,8.7,7.25,7.45,7.6,7.45,21977,164959.63,132.13,4387650,-66600,10632.2
NIFTY,11-Jan-2018,25-Jan-2018,PE,11550,0,0,0,1038.6,0,870.95,0,0,0,0,0,10651.2
NIFTY,11-Jan-2018,25-Jan-2018,PE,11600,945,945,936.2,936.2,936.2,936.2,4,37.62,2.82,7875,-300,10651.2
NIFTY,11-Jan-2018,25-Jan-2018,PE,11300,655,655,625,633.1,633.1,633.1,18,161.18,8.63,4725,-1050,10651.2
NIFTY,11-Jan-2018,25-Jan-2018,PE,11350,0,0,0,854.75,0,671.45,0,0,0,0,0,10651.2
NIFTY,11-Jan-2018,25-Jan-2018,PE,11400,728,728,727.7,727.7,727.7,727.7,4,36.38,2.18,16950,0,10651.2
NIFTY,11-Jan-2018,25-Jan-2018,PE,11450,0,0,0,945.7,0,771.2,0,0,0,0,0,10651.2
NIFTY,11-Jan-2018,25-Jan-2018,PE,11500,873.55,876,820,835.7,834.7,835.7,1225,11346.96,781.33,1458900,10725,10651.2
NIFTY,11-Jan-2018,25-Jan-2018,PE,11100,430.45,448.6,430.35,448.6,448.6,448.6,13,112.47,4.24,6150,225,10651.2
NIFTY,11-Jan-2018,25-Jan-2018,PE,11150,0,0,0,680.45,0,472.8,0,0,0,0,0,10651.2
NIFTY,11-Jan-2018,25-Jan-2018,PE,11200,556.05,556.05,526.15,541.3,541.3,541.3,13,114.5,5.3,38625,-75,10651.2
NIFTY,11-Jan-2018,25-Jan-2018,PE,11250,0,0,0,766.15,0,571.9,0,0,0,0,0,10651.2
NIFTY,11-Jan-2018,25-Jan-2018,PE,10900,282.05,289.75,234.55,255.55,246.8,255.55,2203,18432.66,423.13,121275,-25875,10651.2
NIFTY,11-Jan-2018,25-Jan-2018,PE,10950,292,295,292,295,295,295,3,25.3,.66,150,150,10651.2
NIFTY,11-Jan-2018,25-Jan-2018,PE,11000,373.6,383.75,329,346.35,338.75,346.35,1734,14762.01,456.51,728775,19650,10651.2
NIFTY,11-Jan-2018,25-Jan-2018,PE,11050,0,0,0,598.25,0,375.3,0,0,0,0,0,10651.2
NIFTY,11-Jan-2018,25-Jan-2018,PE,10700,140.35,140.35,97.2,110.9,105.6,110.9,68941,559187.88,5936.35,1670025,208800,10651.2
NIFTY,11-Jan-2018,25-Jan-2018,PE,10750,155,166.8,122.5,135.65,131.1,135.65,1100,8984.16,115.41,52500,44700,10651.2
NIFTY,11-Jan-2018,25-Jan-2018,PE,10800,195,203.5,156.2,171.4,166,171.4,12906,106245.72,1707.12,466050,-20925,10651.2
NIFTY,11-Jan-2018,25-Jan-2018,PE,10850,239.25,241.45,198.95,214.85,212.1,214.85,40,332.01,6.51,9900,225,10651.2
NIFTY,11-Jan-2018,25-Jan-2018,PE,10450,46.2,47.3,31.3,36,34.2,36,16810,132210.16,461.79,878025,-174675,10651.2
NIFTY,11-Jan-2018,25-Jan-2018,PE,10500,52.7,59,39.85,44.8,43.2,44.8,176201,1393768.26,6185.39,8209350,661575,10651.2
NIFTY,11-Jan-2018,25-Jan-2018,PE,10550,68.9,71.9,49.25,56.25,53.3,56.25,18423,146572.32,800.34,856425,110550,10651.2
NIFTY,11-Jan-2018,25-Jan-2018,PE,10600,84.6,88.9,61.2,70.15,66.9,70.15,220247,1763047.99,12084.34,5505375,1293900,10651.2
NIFTY,11-Jan-2018,25-Jan-2018,PE,10650,105.35,108.9,76.6,86.25,83.1,86.25,18339,147713.78,1231.02,481575,270225,10651.2
NIFTY,11-Jan-2018,25-Jan-2018,PE,10250,19.9,20.9,13.15,14.75,14.25,14.75,2120,16323.08,25.58,175875,14625,10651.2
NIFTY,11-Jan-2018,25-Jan-2018,PE,10300,28.1,28.1,16.6,18.7,17.75,18.7,69444,537486.42,1031.52,5144250,-2775,10651.2
NIFTY,11-Jan-2018,25-Jan-2018,PE,10350,29.4,32,20.5,22.85,21.4,22.85,5191,40391.45,96.31,430275,6975,10651.2
NIFTY,11-Jan-2018,25-Jan-2018,PE,10400,45,45,25.55,28.9,27.7,28.9,118183,924517.86,2690.46,6194850,-370050,10651.2
NIFTY,11-Jan-2018,25-Jan-2018,PE,10050,9.15,9.15,5.9,6.55,6.4,6.55,601,4533.26,3.22,55575,450,10651.2
NIFTY,11-Jan-2018,25-Jan-2018,PE,10100,11.1,11.2,6.9,7.75,7.4,7.75,30731,232979.66,192.34,2712450,235800,10651.2
NIFTY,11-Jan-2018,25-Jan-2018,PE,10150,13.15,13.2,8.45,9.25,8.95,9.25,1172,8930.66,8.81,179175,9000,10651.2
NIFTY,11-Jan-2018,25-Jan-2018,PE,10200,16.85,17.7,10.6,11.85,11.45,11.85,40393,309396.44,389.99,3568500,-205350,10651.2
NIFTY,11-Jan-2018,25-Jan-2018,PE,9900,5.65,5.65,4.15,4.4,4.35,4.4,19085,141771.04,64.92,1949550,186300,10651.2
NIFTY,11-Jan-2018,25-Jan-2018,PE,9950,4.55,5.2,4.15,4.7,4.9,4.7,113,843.66,.4,44100,-1425,10651.2
NIFTY,11-Jan-2018,25-Jan-2018,PE,10000,7.2,7.8,5.2,5.8,5.65,5.8,34131,256135.92,153.42,4708725,321075,10651.2
NIFTY,12-Jan-2018,25-Jan-2018,PE,11550,0,0,0,1038.6,0,842.9,0,0,0,0,0,10681.25
NIFTY,12-Jan-2018,25-Jan-2018,PE,11600,907,956,907,910.95,907,910.95,17,159.77,11.87,8325,450,10681.25
NIFTY,12-Jan-2018,25-Jan-2018,PE,11350,0,0,0,854.75,0,643.35,0,0,0,0,0,10681.25
NIFTY,12-Jan-2018,25-Jan-2018,PE,11400,752.6,752.6,752.6,752.6,752.6,752.6,1,9.11,.56,16875,-75,10681.25
NIFTY,12-Jan-2018,25-Jan-2018,PE,11450,0,0,0,945.7,0,743.1,0,0,0,0,0,10681.25
NIFTY,12-Jan-2018,25-Jan-2018,PE,11500,805.5,887.15,800,807.4,807.9,807.4,974,8996.56,595.81,1461525,2625,10681.25
NIFTY,12-Jan-2018,25-Jan-2018,PE,11100,411.05,451.2,406.6,406.6,406.6,406.6,60,518.19,18.69,6225,75,10681.25
NIFTY,12-Jan-2018,25-Jan-2018,PE,11150,0,0,0,680.45,0,444.65,0,0,0,0,0,10681.25
NIFTY,12-Jan-2018,25-Jan-2018,PE,11200,516.05,561.75,508.15,537.05,537.05,537.05,35,307.85,13.85,38625,0,10681.25
NIFTY,12-Jan-2018,25-Jan-2018,PE,11250,0,0,0,766.15,0,543.75,0,0,0,0,0,10681.25
NIFTY,12-Jan-2018,25-Jan-2018,PE,11300,616.1,649.2,602,604.2,612.95,604.2,14,125.15,6.5,3825,-900,10681.25
NIFTY,12-Jan-2018,25-Jan-2018,PE,10900,225.85,297,215,221.35,222,221.35,1749,14617.29,319.21,127200,5925,10681.25
NIFTY,12-Jan-2018,25-Jan-2018,PE,10950,272,276.15,272,276.15,276.15,276.15,2,16.84,.41,225,75,10681.25
NIFTY,12-Jan-2018,25-Jan-2018,PE,11000,320.55,393.25,306.55,314.2,314.75,314.2,4186,35564.43,1029.93,756675,27900,10681.25
NIFTY,12-Jan-2018,25-Jan-2018,PE,11050,0,0,0,598.25,0,347.3,0,0,0,0,0,10681.25
NIFTY,12-Jan-2018,25-Jan-2018,PE,10700,95.35,141.05,82.2,85.55,83.15,85.55,161435,1307845.51,12329.63,2694750,1024725,10681.25
NIFTY,12-Jan-2018,25-Jan-2018,PE,10750,113.6,168,105.05,108.85,109.95,108.85,4417,36015.13,403.07,116925,64425,10681.25
NIFTY,12-Jan-2018,25-Jan-2018,PE,10800,152.2,210.15,137.25,142.05,140.2,142.05,27239,223902.53,3266.63,539100,73050,10681.25
NIFTY,12-Jan-2018,25-Jan-2018,PE,10850,178.75,246,176.55,180.6,180.2,180.6,416,3444.83,59.63,11400,1500,10681.25
NIFTY,12-Jan-2018,25-Jan-2018,PE,10500,31,59.9,31,32.25,31.5,32.25,276224,2183824.63,8560.63,8153925,-55425,10681.25
NIFTY,12-Jan-2018,25-Jan-2018,PE,10550,43.1,73.25,39,40.3,39.2,40.3,44293,352110.72,1642.36,1019775,163350,10681.25
NIFTY,12-Jan-2018,25-Jan-2018,PE,10600,59.6,92,49.65,51.95,50.5,51.95,347302,2777985.42,16934.52,6276300,770925,10681.25
NIFTY,12-Jan-2018,25-Jan-2018,PE,10650,76,111.6,62.2,64.9,62.95,64.9,44563,358529.51,2582.54,880575,399000,10681.25
NIFTY,12-Jan-2018,25-Jan-2018,PE,10250,12.5,19.85,9.3,9.75,9.55,9.75,5867,45159.13,56.56,179325,3450,10681.25
NIFTY,12-Jan-2018,25-Jan-2018,PE,10300,14.2,24.7,12.1,12.65,12.35,12.65,110550,855361.04,1362.29,4929900,-214350,10681.25
NIFTY,12-Jan-2018,25-Jan-2018,PE,10350,18.55,30.3,15,15.75,15.5,15.75,14366,111731.47,215.4,482775,52500,10681.25
NIFTY,12-Jan-2018,25-Jan-2018,PE,10400,22,38.45,19.2,20.05,19.25,20.05,188356,1472789.94,3613.14,5668200,-526650,10681.25
NIFTY,12-Jan-2018,25-Jan-2018,PE,10450,32,47.65,24.35,25.35,24.75,25.35,29073,228546,686.36,734475,-143550,10681.25
NIFTY,12-Jan-2018,25-Jan-2018,PE,10050,5.15,8.65,4.1,4.25,4.2,4.25,1074,8099.55,4.28,52800,-2775,10681.25
NIFTY,12-Jan-2018,25-Jan-2018,PE,10100,6,10.4,4.75,4.95,5,4.95,42203,319894.97,207.25,2791275,78825,10681.25
NIFTY,12-Jan-2018,25-Jan-2018,PE,10150,6.35,12.6,5.6,5.9,5.85,5.9,1943,14802.62,11.53,164400,-14775,10681.25
NIFTY,12-Jan-2018,25-Jan-2018,PE,10200,10,16.1,7.35,7.7,7.5,7.7,74268,568729.43,579.23,3952575,384075,10681.25
NIFTY,12-Jan-2018,25-Jan-2018,PE,9900,3.75,5.7,3.35,3.5,3.35,3.5,22194,164857.99,67.54,2060250,110700,10681.25
NIFTY,12-Jan-2018,25-Jan-2018,PE,9950,2.9,6.55,2.9,3.75,3.85,3.75,684,5106.51,2.16,52050,7950,10681.25
NIFTY,12-Jan-2018,25-Jan-2018,PE,10000,4.65,7.5,3.7,3.9,3.85,3.9,47128,353629.8,169.8,4833225,124500,10681.25
NIFTY,15-Jan-2018,25-Jan-2018,PE,11550,0,0,0,1038.6,0,788.55,0,0,0,0,0,10741.55
NIFTY,15-Jan-2018,25-Jan-2018,PE,11600,865,865,832.85,832.85,832.85,832.85,4,37.35,2.55,8175,-150,10741.55
NIFTY,15-Jan-2018,25-Jan-2018,PE,11350,0,0,0,854.75,0,588.9,0,0,0,0,0,10741.55
NIFTY,15-Jan-2018,25-Jan-2018,PE,11400,667.5,667.5,622.05,634.2,634.2,634.2,15,135.49,7.24,16350,-525,10741.55
NIFTY,15-Jan-2018,25-Jan-2018,PE,11450,0,0,0,945.7,0,688.75,0,0,0,0,0,10741.55
NIFTY,15-Jan-2018,25-Jan-2018,PE,11500,780.15,780.15,721.45,746.8,752.15,746.8,1690,15524.82,948.57,1419375,-42150,10741.55
NIFTY,15-Jan-2018,25-Jan-2018,PE,11100,376.1,376.1,327.05,354,354,354,39,334.94,10.26,5775,-450,10741.55
NIFTY,15-Jan-2018,25-Jan-2018,PE,11150,0,0,0,680.45,0,390.05,0,0,0,0,0,10741.55
NIFTY,15-Jan-2018,25-Jan-2018,PE,11200,455.05,457,424.15,451.75,454.3,451.75,124,1082.84,41.24,41925,3300,10741.55
NIFTY,15-Jan-2018,25-Jan-2018,PE,11250,0,0,0,766.15,0,489.2,0,0,0,0,0,10741.55
NIFTY,15-Jan-2018,25-Jan-2018,PE,11300,568.85,568.85,525,543.75,552.4,543.75,27,239.84,11.01,3975,150,10741.55
NIFTY,15-Jan-2018,25-Jan-2018,PE,10900,190.55,192.5,150,170.1,169,170.1,14968,124227.54,1864.14,235575,108375,10741.55
NIFTY,15-Jan-2018,25-Jan-2018,PE,10950,203.8,222.1,203.8,222.1,222.1,222.1,4,33.49,.64,225,0,10741.55
NIFTY,15-Jan-2018,25-Jan-2018,PE,11000,284,285.15,231.4,256.6,254.95,256.6,5650,47693.61,1081.11,830025,73350,10741.55
NIFTY,15-Jan-2018,25-Jan-2018,PE,11050,0,0,0,598.25,0,293,0,0,0,0,0,10741.55
NIFTY,15-Jan-2018,25-Jan-2018,PE,10700,74.35,74.4,48.3,54.8,54.4,54.8,283018,2282986.53,11767.08,5588325,2893575,10741.55
NIFTY,15-Jan-2018,25-Jan-2018,PE,10750,91.15,92,62.9,71.85,71.85,71.85,39619,321527.19,2099,828975,712050,10741.55
NIFTY,15-Jan-2018,25-Jan-2018,PE,10800,120,123.3,85.1,98.45,97.25,98.45,101172,826780.67,7287.47,1430175,891075,10741.55
NIFTY,15-Jan-2018,25-Jan-2018,PE,10850,150,150.05,114.75,130.6,131,130.6,1125,9261.17,106.49,29700,18300,10741.55
NIFTY,15-Jan-2018,25-Jan-2018,PE,10500,25,26.6,18.3,19.95,19.5,19.95,182060,1436537.91,2815.41,8229825,75900,10741.55
NIFTY,15-Jan-2018,25-Jan-2018,PE,10550,29.05,30.85,23.15,25.2,25.2,25.2,24933,197761.7,479.34,727350,-292425,10741.55
NIFTY,15-Jan-2018,25-Jan-2018,PE,10600,40,40.25,28.95,32.35,32,32.35,240914,1921232.24,5965.94,7078350,802050,10741.55
NIFTY,15-Jan-2018,25-Jan-2018,PE,10650,56,61.45,37.05,41.1,41,41.1,48890,392047.05,1538.18,1069725,189150,10741.55
NIFTY,15-Jan-2018,25-Jan-2018,PE,10250,7.15,8,6.2,6.4,6.5,6.4,3938,30293.79,20.41,183300,3975,10741.55
NIFTY,15-Jan-2018,25-Jan-2018,PE,10300,10,10,7.8,8.2,8.15,8.2,66836,516733.16,425.06,5025825,95925,10741.55
NIFTY,15-Jan-2018,25-Jan-2018,PE,10350,12.15,15,9.45,10.1,11,10.1,6787,52737.3,53.21,419400,-63375,10741.55
NIFTY,15-Jan-2018,25-Jan-2018,PE,10400,17.55,17.55,11.8,12.65,12.35,12.65,102625,801481.63,1006.63,5529525,-138675,10741.55
NIFTY,15-Jan-2018,25-Jan-2018,PE,10450,18.05,19.15,14.65,15.7,15.3,15.7,16405,128775.85,201.66,633900,-100575,10741.55
NIFTY,15-Jan-2018,25-Jan-2018,PE,10050,3,3.75,2.95,3.3,3.25,3.3,843,6356.29,2.18,46650,-6150,10741.55
NIFTY,15-Jan-2018,25-Jan-2018,PE,10100,3.6,4.35,3.35,3.7,3.8,3.7,38946,295131.65,115.7,2253975,-537300,10741.55
NIFTY,15-Jan-2018,25-Jan-2018,PE,10150,4.15,4.85,3.85,4.2,3.85,4.2,1266,9641.73,4.31,149775,-14625,10741.55
NIFTY,15-Jan-2018,25-Jan-2018,PE,10200,6.35,6.35,4.8,5.15,5.1,5.15,38401,293925.83,158.18,3777000,-175575,10741.55
NIFTY,15-Jan-2018,25-Jan-2018,PE,9900,2.6,3.1,2.4,2.9,2.95,2.9,17450,129604.71,38.46,2040675,-19575,10741.55
NIFTY,15-Jan-2018,25-Jan-2018,PE,9950,2.95,3.1,2.85,3,2.95,3,448,3344.21,1.01,45900,-6150,10741.55
NIFTY,15-Jan-2018,25-Jan-2018,PE,10000,3.55,3.8,2.85,3.25,3.25,3.25,35444,265917,87,4940250,107025,10741.55
NIFTY,16-Jan-2018,25-Jan-2018,PE,11550,0,0,0,1038.6,0,831.6,0,0,0,0,0,10700.45
NIFTY,16-Jan-2018,25-Jan-2018,PE,11600,852.65,896.15,852.65,896.15,896.15,896.15,2,18.71,1.31,8175,0,10700.45
NIFTY,16-Jan-2018,25-Jan-2018,PE,11350,0,0,0,854.75,0,631.95,0,0,0,0,0,10700.45
NIFTY,16-Jan-2018,25-Jan-2018,PE,11400,669.85,689.15,658.25,689.15,689.15,689.15,5,45.3,2.55,16275,-75,10700.45
NIFTY,16-Jan-2018,25-Jan-2018,PE,11450,0,0,0,945.7,0,731.75,0,0,0,0,0,10700.45
NIFTY,16-Jan-2018,25-Jan-2018,PE,11500,746.85,799.95,740,783.35,767.5,783.35,989,9102.39,572.27,1436100,16725,10700.45
NIFTY,16-Jan-2018,25-Jan-2018,PE,11150,0,0,0,680.45,0,432.45,0,0,0,0,0,10700.45
NIFTY,16-Jan-2018,25-Jan-2018,PE,11200,448,497,440,470.35,470.35,470.35,241,2107.52,83.12,48300,6375,10700.45
NIFTY,16-Jan-2018,25-Jan-2018,PE,11250,0,0,0,766.15,0,532.1,0,0,0,0,0,10700.45
NIFTY,16-Jan-2018,25-Jan-2018,PE,11300,549,585,547.45,585,585,585,20,177.92,8.42,4125,150,10700.45
NIFTY,16-Jan-2018,25-Jan-2018,PE,10900,167,213.7,160.2,196.6,185.1,196.6,13176,109522.66,1808.86,181125,-54450,10700.45
NIFTY,16-Jan-2018,25-Jan-2018,PE,10950,206.95,246,206.95,239.55,228.75,239.55,7,58.69,1.2,300,75,10700.45
NIFTY,16-Jan-2018,25-Jan-2018,PE,11000,251.15,305,246.9,283.9,275.5,283.9,3380,28579.21,694.21,819450,-10575,10700.45
NIFTY,16-Jan-2018,25-Jan-2018,PE,11050,0,0,0,598.25,0,333.65,0,0,0,0,0,10700.45
NIFTY,16-Jan-2018,25-Jan-2018,PE,11100,354.7,390.5,354.7,381.8,381.8,381.8,8,68.84,2.24,5700,-75,10700.45
NIFTY,16-Jan-2018,25-Jan-2018,PE,10700,55,75,49.05,66.75,59.9,66.75,334662,2701251.06,15588.51,5178825,-409500,10700.45
NIFTY,16-Jan-2018,25-Jan-2018,PE,10750,72.45,97.55,66.85,88.25,79.4,88.25,35015,284406.56,2098.12,916950,87975,10700.45
NIFTY,16-Jan-2018,25-Jan-2018,PE,10800,90,130.85,90,118.3,108.45,118.3,123236,1008339.85,10128.25,1371600,-58575,10700.45
NIFTY,16-Jan-2018,25-Jan-2018,PE,10850,129.45,168,122.1,153.15,141.2,153.15,1262,10402.19,132.67,31875,2175,10700.45
NIFTY,16-Jan-2018,25-Jan-2018,PE,10500,16.3,24.5,16.1,21.7,19.55,21.7,168985,1333404.06,2647.18,7512000,-717825,10700.45
NIFTY,16-Jan-2018,25-Jan-2018,PE,10550,17,31.8,17,28.55,25.55,28.55,25225,200102.65,509.84,691275,-36075,10700.45
NIFTY,16-Jan-2018,25-Jan-2018,PE,10600,28,42.8,26,38.1,34.15,38.1,266565,2126309.23,7117.48,6839550,-238800,10700.45
NIFTY,16-Jan-2018,25-Jan-2018,PE,10650,45,55.45,38,50.15,44.3,50.15,62548,501751.93,2149.78,1023075,-46650,10700.45
NIFTY,16-Jan-2018,25-Jan-2018,PE,10250,4.95,7.15,4.95,6.05,5.4,6.05,2148,16522.76,10.01,166425,-16875,10700.45
NIFTY,16-Jan-2018,25-Jan-2018,PE,10300,7.95,9.1,6.65,7.8,7,7.8,48552,375353.4,289.2,4891425,-134400,10700.45
NIFTY,16-Jan-2018,25-Jan-2018,PE,10350,8.1,11.5,8.1,9.9,8.85,9.9,6242,48500.64,47.11,326175,-93225,10700.45
NIFTY,16-Jan-2018,25-Jan-2018,PE,10400,11.1,14.7,10.15,12.75,11.35,12.75,91698,716113.65,869.25,5151525,-378000,10700.45
NIFTY,16-Jan-2018,25-Jan-2018,PE,10450,14.35,18.9,12.05,16.65,14.75,16.65,10079,79117.13,122.97,544950,-88950,10700.45
NIFTY,16-Jan-2018,25-Jan-2018,PE,10050,0.5,3.95,0.5,3.3,3.05,3.3,728,5489.13,1.83,46425,-225,10700.45
NIFTY,16-Jan-2018,25-Jan-2018,PE,10100,3.8,4.2,2.8,3.65,3.35,3.65,31142,235984.98,84.33,2136150,-117825,10700.45
NIFTY,16-Jan-2018,25-Jan-2018,PE,10150,3.8,4.85,3.7,4.1,3.8,4.1,919,6998.74,2.86,128400,-21375,10700.45
NIFTY,16-Jan-2018,25-Jan-2018,PE,10200,4.3,5.85,3.55,4.75,4.3,4.75,26791,205049.62,98.47,3868800,91800,10700.45
NIFTY,16-Jan-2018,25-Jan-2018,PE,9900,2.75,3.05,2.6,2.8,2.75,2.8,11665,86637.15,24.52,1961550,-79125,10700.45
NIFTY,16-Jan-2018,25-Jan-2018,PE,9950,2.95,3.15,2.65,2.9,2.9,2.9,329,2455.88,.72,52200,6300,10700.45
NIFTY,16-Jan-2018,25-Jan-2018,PE,10000,3.4,3.55,2.9,3.2,3,3.2,38196,286560.52,90.52,4689525,-250725,10700.45
NIFTY,17-Jan-2018,25-Jan-2018,PE,11550,0,0,0,1038.6,0,745.5,0,0,0,0,0,10788.55
NIFTY,17-Jan-2018,25-Jan-2018,PE,11600,910,910,807.6,819.15,807.6,819.15,16,149.43,10.23,7875,-300,10788.55
NIFTY,17-Jan-2018,25-Jan-2018,PE,11350,0,0,0,854.75,0,545.8,0,0,0,0,0,10788.55
NIFTY,17-Jan-2018,25-Jan-2018,PE,11400,641,641,610.8,610.8,610.8,610.8,3,27.05,1.4,16350,75,10788.55
NIFTY,17-Jan-2018,25-Jan-2018,PE,11450,0,0,0,945.7,0,645.65,0,0,0,0,0,10788.55
NIFTY,17-Jan-2018,25-Jan-2018,PE,11500,792.95,822.5,687.3,702,693.65,702,1054,9674.91,584.16,1408725,-27375,10788.55
NIFTY,17-Jan-2018,25-Jan-2018,PE,11100,361.35,370,295,309.8,297.5,309.8,30,257.08,7.33,4725,-975,10788.55
NIFTY,17-Jan-2018,25-Jan-2018,PE,11150,0,0,0,680.45,0,347.05,0,0,0,0,0,10788.55
NIFTY,17-Jan-2018,25-Jan-2018,PE,11200,505.65,505.65,393,411.5,393,411.5,124,1083.38,41.78,49875,1575,10788.55
NIFTY,17-Jan-2018,25-Jan-2018,PE,11250,0,0,0,766.15,0,446.1,0,0,0,0,0,10788.55
NIFTY,17-Jan-2018,25-Jan-2018,PE,11300,540,540,540,540,540,540,1,8.88,.41,4125,0,10788.55
NIFTY,17-Jan-2018,25-Jan-2018,PE,10900,199.95,234.95,117.15,129.4,122,129.4,14974,124218.02,1805.57,316200,135075,10788.55
NIFTY,17-Jan-2018,25-Jan-2018,PE,10950,0,0,0,239.55,228.75,162.45,0,0,0,300,0,10788.55
NIFTY,17-Jan-2018,25-Jan-2018,PE,11000,297.7,330,198.3,213.25,204.5,213.25,3074,25944.99,584.49,806700,-12750,10788.55
NIFTY,17-Jan-2018,25-Jan-2018,PE,11050,0,0,0,598.25,0,250.8,0,0,0,0,0,10788.55
NIFTY,17-Jan-2018,25-Jan-2018,PE,10700,65.95,86.7,30.6,35.45,32,35.45,427155,3444962.66,17043.79,7496625,2317800,10788.55
NIFTY,17-Jan-2018,25-Jan-2018,PE,10750,87.4,112.3,40.9,48.1,42.7,48.1,49807,404001.3,2432.36,1385850,468900,10788.55
NIFTY,17-Jan-2018,25-Jan-2018,PE,10800,118.4,148.95,59,66.6,62,66.6,156527,1278777.19,10908.49,2407875,1036275,10788.55
NIFTY,17-Jan-2018,25-Jan-2018,PE,10850,161,187.15,84.05,93.55,89,93.55,3185,26187.48,269.54,82650,50775,10788.55
NIFTY,17-Jan-2018,25-Jan-2018,PE,10500,17.65,28.25,10.5,11.9,11,11.9,182927,1442890.75,2340.63,7976775,464775,10788.55
NIFTY,17-Jan-2018,25-Jan-2018,PE,10550,26.95,37.25,13.55,15.35,14.2,15.35,32778,259920.37,564.45,723225,31950,10788.55
NIFTY,17-Jan-2018,25-Jan-2018,PE,10600,35.5,49.5,17.45,20.05,18.1,20.05,326263,2601023.77,7232.92,7318200,478650,10788.55
NIFTY,17-Jan-2018,25-Jan-2018,PE,10650,48.1,65,23,26.05,24.25,26.05,74716,599009.91,2215.86,1297950,274875,10788.55
NIFTY,17-Jan-2018,25-Jan-2018,PE,10250,6.25,7.25,3.5,3.8,3.9,3.8,2283,17558.45,7.89,141600,-24825,10788.55
NIFTY,17-Jan-2018,25-Jan-2018,PE,10300,7.8,9.55,4.5,4.75,4.85,4.75,61089,472185.22,272.7,4778250,-113175,10788.55
NIFTY,17-Jan-2018,25-Jan-2018,PE,10350,10.3,12.55,5.35,5.7,5.65,5.7,6116,47510.04,34.59,332325,6150,10788.55
NIFTY,17-Jan-2018,25-Jan-2018,PE,10400,12.05,16.15,6.55,7.15,6.75,7.15,108453,846718.17,784.77,5059950,-91575,10788.55
NIFTY,17-Jan-2018,25-Jan-2018,PE,10450,16.25,21.4,8.2,9.35,8.8,9.35,13122,102967.08,123.41,550125,5175,10788.55
NIFTY,17-Jan-2018,25-Jan-2018,PE,10050,3.3,3.6,2.5,2.8,2.9,2.8,783,5903.51,1.64,54600,8175,10788.55
NIFTY,17-Jan-2018,25-Jan-2018,PE,10100,3.25,3.95,2.65,2.8,2.85,2.8,18222,138072.39,40.74,1988925,-147225,10788.55
NIFTY,17-Jan-2018,25-Jan-2018,PE,10150,4.1,4.7,2.7,2.85,2.85,2.85,1089,8292.67,2.66,127575,-825,10788.55
NIFTY,17-Jan-2018,25-Jan-2018,PE,10200,4.45,5.55,3.1,3.3,3.4,3.3,32449,248326.73,91.88,3385875,-482925,10788.55
NIFTY,17-Jan-2018,25-Jan-2018,PE,9900,2.65,3.1,2.25,2.4,2.4,2.4,11398,84651.21,21.06,1905525,-56025,10788.55
NIFTY,17-Jan-2018,25-Jan-2018,PE,9950,2.95,2.95,2.25,2.45,2.6,2.45,179,1336.13,.34,51900,-300,10788.55
NIFTY,17-Jan-2018,25-Jan-2018,PE,10000,3,3.3,2.45,2.7,2.7,2.7,22021,165202.4,44.9,4379325,-310200,10788.55
NIFTY,18-Jan-2018,25-Jan-2018,PE,11550,0,0,0,1038.6,0,719.05,0,0,0,0,0,10817
NIFTY,18-Jan-2018,25-Jan-2018,PE,11600,779.55,779.55,779.55,779.55,779.55,779.55,1,9.28,.58,7875,0,10817
NIFTY,18-Jan-2018,25-Jan-2018,PE,11350,0,0,0,854.75,0,519.3,0,0,0,0,0,10817
NIFTY,18-Jan-2018,25-Jan-2018,PE,11400,523.35,538.45,523.1,538.45,538.45,538.45,4,35.79,1.59,16350,0,10817
NIFTY,18-Jan-2018,25-Jan-2018,PE,11450,0,0,0,945.7,0,619.15,0,0,0,0,0,10817
NIFTY,18-Jan-2018,25-Jan-2018,PE,11500,640,709.25,622.8,686.15,680,686.15,3637,33142.5,1773.37,1319250,-89475,10817
NIFTY,18-Jan-2018,25-Jan-2018,PE,11150,0,0,0,680.45,0,320.4,0,0,0,0,0,10817
NIFTY,18-Jan-2018,25-Jan-2018,PE,11200,377.9,419.95,307.55,385.05,381.5,385.05,540,4678.59,142.59,61200,11325,10817
NIFTY,18-Jan-2018,25-Jan-2018,PE,11250,0,0,0,766.15,0,419.5,0,0,0,0,0,10817
NIFTY,18-Jan-2018,25-Jan-2018,PE,11300,446.15,497.2,433.65,489.6,482,489.6,397,3496.83,132.26,6750,2625,10817
NIFTY,18-Jan-2018,25-Jan-2018,PE,10900,85,137.4,71.25,114.4,110,114.4,155934,1285647.13,10886.68,1118775,802575,10817
NIFTY,18-Jan-2018,25-Jan-2018,PE,10950,101.95,180,101,150,147.15,150,2285,18972.68,207.12,20625,20325,10817
NIFTY,18-Jan-2018,25-Jan-2018,PE,11000,145.15,226.45,141.05,192.2,192,192.2,26633,223043.08,3320.83,782625,-24075,10817
NIFTY,18-Jan-2018,25-Jan-2018,PE,11050,0,0,0,598.25,0,224.25,0,0,0,0,0,10817
NIFTY,18-Jan-2018,25-Jan-2018,PE,11100,246.9,320.7,225.65,290.8,285.4,290.8,1652,14063.96,311.06,25725,21000,10817
NIFTY,18-Jan-2018,25-Jan-2018,PE,10700,23.05,37.9,15.6,29.05,27.6,29.05,386551,3108934.16,6862.38,6028350,-1468275,10817
NIFTY,18-Jan-2018,25-Jan-2018,PE,10750,25.8,51.75,22.8,40.25,37.5,40.25,77773,628988.92,1944.1,1083375,-302475,10817
NIFTY,18-Jan-2018,25-Jan-2018,PE,10800,48.8,72.5,28.15,55.95,52.85,55.95,429100,3490594.24,14884.24,4496775,2088900,10817
NIFTY,18-Jan-2018,25-Jan-2018,PE,10850,51.1,99,48,79.55,75.85,79.55,71617,586120.62,3337.28,1244925,1162275,10817
NIFTY,18-Jan-2018,25-Jan-2018,PE,10500,7.25,11.5,5.65,8.75,8.4,8.75,153619,1210659.82,910.2,7042650,-934125,10817
NIFTY,18-Jan-2018,25-Jan-2018,PE,10550,8,15.65,7,11.9,11.3,11.9,21447,169864.78,165.39,611850,-111375,10817
NIFTY,18-Jan-2018,25-Jan-2018,PE,10600,17.9,20.75,10,15.4,14.75,15.4,230828,1837365.49,2282.89,6825375,-492825,10817
NIFTY,18-Jan-2018,25-Jan-2018,PE,10650,20.1,27.75,9.65,21.6,19.95,21.6,57742,461970.67,756.44,1145250,-152700,10817
NIFTY,18-Jan-2018,25-Jan-2018,PE,10300,3.15,4.15,2.55,3.15,3.1,3.15,50683,391648.62,122.44,4662975,-115275,10817
NIFTY,18-Jan-2018,25-Jan-2018,PE,10350,5,5.25,3.05,3.95,3.85,3.95,6663,51741.22,19.68,298875,-33450,10817
NIFTY,18-Jan-2018,25-Jan-2018,PE,10400,4.2,6.6,4,5.15,5.5,5.15,72440,565294.47,262.47,4919625,-140325,10817
NIFTY,18-Jan-2018,25-Jan-2018,PE,10450,6,8.8,5,6.8,6.95,6.8,10189,79904.24,47.96,524025,-26100,10817
NIFTY,18-Jan-2018,25-Jan-2018,PE,10050,2.1,2.4,1.85,2.05,2.05,2.05,686,5171.8,1.08,50625,-3975,10817
NIFTY,18-Jan-2018,25-Jan-2018,PE,10100,2.45,2.45,1.5,2.15,2.1,2.15,28421,215333.9,44.82,1449975,-538950,10817
NIFTY,18-Jan-2018,25-Jan-2018,PE,10150,1.85,2.9,1.85,2.45,2.45,2.45,1965,14962.07,3.51,124500,-3075,10817
NIFTY,18-Jan-2018,25-Jan-2018,PE,10200,2.9,3,2,2.55,2.6,2.55,33292,254744.81,61.01,3070350,-315525,10817
NIFTY,18-Jan-2018,25-Jan-2018,PE,10250,2.85,3.6,2.35,2.85,2.95,2.85,2974,22868.84,6.22,123300,-18300,10817
NIFTY,18-Jan-2018,25-Jan-2018,PE,9900,2.05,2.35,1.65,1.8,1.7,1.8,11467,85158.73,16.25,1931925,26400,10817
NIFTY,18-Jan-2018,25-Jan-2018,PE,9950,2.1,2.3,1.7,1.9,1.9,1.9,305,2276.51,.45,44175,-7725,10817
NIFTY,18-Jan-2018,25-Jan-2018,PE,10000,2.4,2.4,1.8,1.95,1.95,1.95,26846,201385.52,40.52,3962475,-416850,10817
NIFTY,19-Jan-2018,25-Jan-2018,PE,11550,0,0,0,1038.6,0,643.35,0,0,0,0,0,10894.7
NIFTY,19-Jan-2018,25-Jan-2018,PE,11600,734,734,734,734,734,734,2,18.5,1.1,7725,-150,10894.7
NIFTY,19-Jan-2018,25-Jan-2018,PE,11350,0,0,0,854.75,0,443.6,0,0,0,0,0,10894.7
NIFTY,19-Jan-2018,25-Jan-2018,PE,11400,0,0,0,538.45,538.45,493.5,0,0,0,16350,0,10894.7
NIFTY,19-Jan-2018,25-Jan-2018,PE,11450,0,0,0,945.7,0,543.45,0,0,0,0,0,10894.7
NIFTY,19-Jan-2018,25-Jan-2018,PE,11500,684.5,700.9,575,595.3,579.1,595.3,4513,41109.16,2184.54,1158900,-160350,10894.7
NIFTY,19-Jan-2018,25-Jan-2018,PE,11150,0,0,0,680.45,0,246.3,0,0,0,0,0,10894.7
NIFTY,19-Jan-2018,25-Jan-2018,PE,11200,390.05,400,282.5,301.9,282.5,301.9,160,1382.97,38.97,59250,-1950,10894.7
NIFTY,19-Jan-2018,25-Jan-2018,PE,11250,0,0,0,766.15,0,344.05,0,0,0,0,0,10894.7
NIFTY,19-Jan-2018,25-Jan-2018,PE,11300,486.3,492.75,415.4,416.3,416.3,416.3,24,211.44,8.04,6225,-525,10894.7
NIFTY,19-Jan-2018,25-Jan-2018,PE,10900,112.35,126,42.3,51.4,42.9,51.4,201722,1661041.42,11964.07,2614575,1495800,10894.7
NIFTY,19-Jan-2018,25-Jan-2018,PE,10950,142.05,161.85,68,76.35,70,76.35,3285,27216.78,238.72,87000,66375,10894.7
NIFTY,19-Jan-2018,25-Jan-2018,PE,11000,192.55,210.5,101,113.7,101,113.7,22320,186741.23,2601.23,771900,-10725,10894.7
NIFTY,19-Jan-2018,25-Jan-2018,PE,11050,200,200,150,154.7,150,154.7,4,33.65,.5,300,300,10894.7
NIFTY,19-Jan-2018,25-Jan-2018,PE,11100,278.45,303.95,183,198.25,183,198.25,941,8003.42,169.6,33375,7650,10894.7
NIFTY,19-Jan-2018,25-Jan-2018,PE,10700,22,30.9,10.1,12,10.25,12,397342,3194568.99,5899.44,6367050,338700,10894.7
NIFTY,19-Jan-2018,25-Jan-2018,PE,10750,28,43.8,13.9,16.35,14.7,16.35,93193,753300.6,1932.04,1252950,169575,10894.7
NIFTY,19-Jan-2018,25-Jan-2018,PE,10800,50.95,62.2,19.1,23.25,19.75,23.25,474216,3855282.22,14132.62,5815650,1318875,10894.7
NIFTY,19-Jan-2018,25-Jan-2018,PE,10850,75.15,87.85,27,32.75,27.25,32.75,80049,654544.83,3146.09,1594800,349875,10894.7
NIFTY,19-Jan-2018,25-Jan-2018,PE,10500,6.5,8.95,4.45,4.85,4.75,4.85,139613,1100123.06,670.68,7410825,368175,10894.7
NIFTY,19-Jan-2018,25-Jan-2018,PE,10550,11.9,12.05,5.5,6,5.8,6,15998,126683.32,99.15,626550,14700,10894.7
NIFTY,19-Jan-2018,25-Jan-2018,PE,10600,12.25,16.15,6.5,7.4,6.55,7.4,219299,1745213.16,1786.11,6348825,-476550,10894.7
NIFTY,19-Jan-2018,25-Jan-2018,PE,10650,15,21.95,8.15,9.65,8.3,9.65,54556,436353.8,587.75,969675,-175575,10894.7
NIFTY,19-Jan-2018,25-Jan-2018,PE,10300,3,3.05,2.3,2.6,2.6,2.6,37805,292118.73,75.11,4377075,-285900,10894.7
NIFTY,19-Jan-2018,25-Jan-2018,PE,10350,3.6,4,2.55,3,3.1,3,5035,39096.75,12.57,269100,-29775,10894.7
NIFTY,19-Jan-2018,25-Jan-2018,PE,10400,4.25,5.15,3.25,3.5,3.6,3.5,72842,568383.68,216.08,4692600,-227025,10894.7
NIFTY,19-Jan-2018,25-Jan-2018,PE,10450,5.4,6.95,3.9,4.25,4.4,4.25,8044,63075.24,30.39,518325,-5700,10894.7
NIFTY,19-Jan-2018,25-Jan-2018,PE,10050,1.85,1.95,1.1,1.5,1.5,1.5,521,3927.73,.69,49125,-1500,10894.7
NIFTY,19-Jan-2018,25-Jan-2018,PE,10100,2,2.2,1.5,1.65,1.65,1.65,13391,101454.7,17.88,1421475,-28500,10894.7
NIFTY,19-Jan-2018,25-Jan-2018,PE,10150,2.15,2.45,1,2,2.2,2,1671,12723,2.51,120075,-4425,10894.7
NIFTY,19-Jan-2018,25-Jan-2018,PE,10200,2.4,2.5,1.65,2,1.95,2,22363,171111.22,34.27,3016875,-53475,10894.7
NIFTY,19-Jan-2018,25-Jan-2018,PE,10250,2.65,2.75,2,2.35,2.35,2.35,2312,17777.7,4.2,129825,6525,10894.7
NIFTY,19-Jan-2018,25-Jan-2018,PE,9900,1.6,1.65,0.8,1.3,0.9,1.3,12468,92587.98,13.08,1918575,-13350,10894.7
NIFTY,19-Jan-2018,25-Jan-2018,PE,9950,1.65,2,1.4,1.55,1.4,1.55,357,2664.56,.45,39225,-4950,10894.7
NIFTY,19-Jan-2018,25-Jan-2018,PE,10000,1.9,2.1,1.35,1.5,1.5,1.5,36681,275153.49,45.99,3692475,-270000,10894.7
NIFTY,22-Jan-2018,25-Jan-2018,PE,9900,1.3,2.05,1.25,1.7,1.35,1.7,9507,70601.72,12.24,1890450,-28125,10966.2
NIFTY,22-Jan-2018,25-Jan-2018,PE,9950,1.95,2.45,1.85,1.85,1.85,1.85,79,589.66,.12,39300,75,10966.2
NIFTY,22-Jan-2018,25-Jan-2018,PE,10000,1.55,2.4,1,1.85,1.5,1.85,35973,269850.04,52.54,3159675,-532800,10966.2
NIFTY,22-Jan-2018,25-Jan-2018,PE,10050,2.05,2.65,1.55,1.7,2.1,1.7,101,761.43,.14,47100,-2025,10966.2
NIFTY,22-Jan-2018,25-Jan-2018,PE,10100,1.5,2.65,1.4,2.2,2,2.2,20125,152480.03,33.16,1290600,-130875,10966.2
NIFTY,22-Jan-2018,25-Jan-2018,PE,10150,1.8,2.8,1.8,2.5,2.5,2.5,1918,14604.27,3.5,109125,-10950,10966.2
NIFTY,22-Jan-2018,25-Jan-2018,PE,10200,1.8,2.8,1.4,2.35,2.35,2.35,21913,167673.55,39.1,2815275,-201600,10966.2
NIFTY,22-Jan-2018,25-Jan-2018,PE,10250,1.7,2.8,1.7,2.5,2.5,2.5,1607,12356.77,2.96,114600,-15225,10966.2
NIFTY,22-Jan-2018,25-Jan-2018,PE,10300,1.3,3,1.3,2.8,2.85,2.8,30569,236205.71,60.19,4292325,-84750,10966.2
NIFTY,22-Jan-2018,25-Jan-2018,PE,10350,2.05,3.75,2.05,3.1,3.1,3.1,2270,17625.95,5.08,252900,-16200,10966.2
NIFTY,22-Jan-2018,25-Jan-2018,PE,10400,3,3.9,2.1,3.6,3.65,3.6,39204,305892.74,101.54,4222575,-470025,10966.2
NIFTY,22-Jan-2018,25-Jan-2018,PE,10450,3.55,4.6,3.5,4.2,4.35,4.2,6088,47733.28,18.58,520050,1725,10966.2
NIFTY,22-Jan-2018,25-Jan-2018,PE,10500,3,5.45,3,4.65,4.85,4.65,77657,611821.11,272.23,7065450,-345375,10966.2
NIFTY,22-Jan-2018,25-Jan-2018,PE,10550,4.5,6.7,4.5,5.25,5.45,5.25,10273,81327.96,42.85,569250,-57300,10966.2
NIFTY,22-Jan-2018,25-Jan-2018,PE,10600,7,8.5,5.4,6.05,6.65,6.05,110183,876513,558.15,5995950,-352875,10966.2
NIFTY,22-Jan-2018,25-Jan-2018,PE,10650,7.4,11.3,6.5,7.25,8.05,7.25,28188,225336.54,184.89,743175,-226500,10966.2
NIFTY,22-Jan-2018,25-Jan-2018,PE,10700,18.95,20.5,7.1,8.9,9.8,8.9,201874,1621784.12,1745.27,5874675,-492375,10966.2
NIFTY,22-Jan-2018,25-Jan-2018,PE,10750,23.05,24.5,10.2,11.25,11.7,11.25,73887,596593.87,879.93,1157625,-95325,10966.2
NIFTY,22-Jan-2018,25-Jan-2018,PE,10800,12,30,12,14.6,15.75,14.6,375570,3048289.29,6172.29,6066225,250575,10966.2
NIFTY,22-Jan-2018,25-Jan-2018,PE,10850,27,42.6,17.5,19.25,20.2,19.25,113219,923896.23,2576.62,1794375,199575,10966.2
NIFTY,22-Jan-2018,25-Jan-2018,PE,10900,48.75,62.8,24.6,27.7,29.5,27.7,390377,3204225.74,12893.76,4358250,1743675,10966.2
NIFTY,22-Jan-2018,25-Jan-2018,PE,10950,72.5,90,36.5,40.7,44.3,40.7,46602,384628.61,1909.69,944025,857025,10966.2
NIFTY,22-Jan-2018,25-Jan-2018,PE,11000,103.05,126.85,58.75,65.85,68.85,65.85,88532,736408.63,6019.63,1245825,473925,10966.2
NIFTY,22-Jan-2018,25-Jan-2018,PE,11050,150,169.95,87,102.9,104.9,102.9,1859,15557.33,150.87,98175,97875,10966.2
NIFTY,22-Jan-2018,25-Jan-2018,PE,11100,198.95,215,128.4,140.65,144,140.65,6684,56503.12,858.82,96825,63450,10966.2
NIFTY,22-Jan-2018,25-Jan-2018,PE,11150,0,0,0,680.45,0,179.75,0,0,0,0,0,10966.2
NIFTY,22-Jan-2018,25-Jan-2018,PE,11200,287.15,308.5,217,225.8,231.4,225.8,1182,10172.17,243.37,38325,-20925,10966.2
NIFTY,22-Jan-2018,25-Jan-2018,PE,11250,0,0,0,766.15,0,278.05,0,0,0,0,0,10966.2
NIFTY,22-Jan-2018,25-Jan-2018,PE,11300,394.85,416,325.8,332.45,330,332.45,35,306.47,9.85,5400,-825,10966.2
NIFTY,22-Jan-2018,25-Jan-2018,PE,11350,0,0,0,854.75,0,377.9,0,0,0,0,0,10966.2
NIFTY,22-Jan-2018,25-Jan-2018,PE,11400,493.1,495,420.15,428.6,434.35,428.6,325,2895.05,116.3,8400,-7950,10966.2
NIFTY,22-Jan-2018,25-Jan-2018,PE,11450,0,0,0,945.7,0,477.85,0,0,0,0,0,10966.2
NIFTY,22-Jan-2018,25-Jan-2018,PE,11500,591.25,614.25,514.35,526,532.35,526,6053,54834.52,2627.4,855300,-303600,10966.2
NIFTY,22-Jan-2018,25-Jan-2018,PE,11550,0,0,0,1038.6,0,577.8,0,0,0,0,0,10966.2
NIFTY,22-Jan-2018,25-Jan-2018,PE,11600,679.3,679.3,663.6,663.6,663.6,663.6,12,110.47,6.07,6825,-900,10966.2
NIFTY,23-Jan-2018,25-Jan-2018,PE,9900,1.45,2.05,1.4,1.85,1.65,1.85,20143,149588.35,26.57,1692150,-198300,11083.7
NIFTY,23-Jan-2018,25-Jan-2018,PE,9950,2,4.75,0.5,1.95,2.2,1.95,262,1955.55,.38,40350,1050,11083.7
NIFTY,23-Jan-2018,25-Jan-2018,PE,10000,1.5,2.3,1.35,1.85,1.65,1.85,29273,219586.93,39.43,2833575,-326100,11083.7
NIFTY,23-Jan-2018,25-Jan-2018,PE,10050,3,3.05,0.85,1.8,2.5,1.8,230,1733.92,.3,41925,-5175,11083.7
NIFTY,23-Jan-2018,25-Jan-2018,PE,10100,1.8,2.4,1.5,2,2,2,13153,99653.87,19.89,1365300,74700,11083.7
NIFTY,23-Jan-2018,25-Jan-2018,PE,10150,2.25,2.5,1.55,2.15,2.45,2.15,339,2581.17,.53,105675,-3450,11083.7
NIFTY,23-Jan-2018,25-Jan-2018,PE,10200,1.9,2.65,1.65,2.35,2.05,2.35,24939,190825.3,41.95,2623500,-191775,11083.7
NIFTY,23-Jan-2018,25-Jan-2018,PE,10250,2.1,4.15,1.65,2.55,2.45,2.55,1191,9157.95,2.14,103350,-11250,11083.7
NIFTY,23-Jan-2018,25-Jan-2018,PE,10300,2.35,2.9,1.95,2.65,2.35,2.65,18718,144631.99,35.44,3986925,-305400,11083.7
NIFTY,23-Jan-2018,25-Jan-2018,PE,10350,0.75,3.2,0.75,2.65,2.4,2.65,1996,15497.93,3.98,213825,-39075,11083.7
NIFTY,23-Jan-2018,25-Jan-2018,PE,10400,2.75,3.6,2.5,2.85,2.7,2.85,37388,291708.07,81.67,3953625,-268950,11083.7
NIFTY,23-Jan-2018,25-Jan-2018,PE,10450,4,4,2.6,2.85,2.85,2.85,6546,51319.66,15.39,357900,-162150,11083.7
NIFTY,23-Jan-2018,25-Jan-2018,PE,10500,3.9,4.5,2.9,3.3,3.25,3.3,93460,736249.76,252.26,6291450,-774000,11083.7
NIFTY,23-Jan-2018,25-Jan-2018,PE,10550,4,4.85,3,3.85,3.95,3.85,11256,89097.52,34.42,453525,-115725,11083.7
NIFTY,23-Jan-2018,25-Jan-2018,PE,10600,5,5.9,3.1,3.85,3.9,3.85,119608,951276.89,393.29,5460450,-535500,11083.7
NIFTY,23-Jan-2018,25-Jan-2018,PE,10650,8.1,8.1,3.85,4.25,4.1,4.25,19587,156526.72,75.56,611550,-131625,11083.7
NIFTY,23-Jan-2018,25-Jan-2018,PE,10700,7,9.35,3.05,4.3,4,4.3,172387,1384150.27,744.59,5231550,-643125,11083.7
NIFTY,23-Jan-2018,25-Jan-2018,PE,10750,9,10,4.1,5,4.25,5,43890,354098.91,235.79,750825,-406800,11083.7
NIFTY,23-Jan-2018,25-Jan-2018,PE,10800,11.35,11.95,5.5,6.45,5.6,6.45,343099,2781494.11,2392.21,4473675,-1592550,11083.7
NIFTY,23-Jan-2018,25-Jan-2018,PE,10850,15,15.45,6.55,8,6.65,8,108884,886999.43,955.88,956475,-837900,11083.7
NIFTY,23-Jan-2018,25-Jan-2018,PE,10900,24,24,8.7,10.85,9.15,10.85,485238,3972557.19,5736.54,3672150,-686100,11083.7
NIFTY,23-Jan-2018,25-Jan-2018,PE,10950,30.7,33.7,10.1,14.35,12.1,14.35,167066,1374658.42,2628.9,1667550,723525,11083.7
NIFTY,23-Jan-2018,25-Jan-2018,PE,11000,50,54.45,17.6,21.15,19.8,21.15,609404,5042184.98,14601.98,4431375,3185550,11083.7
NIFTY,23-Jan-2018,25-Jan-2018,PE,11050,79.05,84.4,27,32.25,31.8,32.25,112037,932349.16,3842.53,1136925,1038750,11083.7
NIFTY,23-Jan-2018,25-Jan-2018,PE,11100,119.85,124.2,46.8,54.15,54,54.15,143670,1203744.61,7691.86,1169100,1072275,11083.7
NIFTY,23-Jan-2018,25-Jan-2018,PE,11150,130,130.95,76.6,86.1,81.85,86.1,3251,27424.22,237.73,29850,29850,11083.7
NIFTY,23-Jan-2018,25-Jan-2018,PE,11200,208.95,211.15,116.45,126.25,126,126.25,19973,170006.08,2232.88,158775,120450,11083.7
NIFTY,23-Jan-2018,25-Jan-2018,PE,11250,187.05,200.65,164.05,170.95,170.05,170.95,38,325.77,5.14,150,150,11083.7
NIFTY,23-Jan-2018,25-Jan-2018,PE,11300,300.05,302.9,205.7,213.75,215.75,213.75,607,5251.03,106.71,11175,5775,11083.7
NIFTY,23-Jan-2018,25-Jan-2018,PE,11350,0,0,0,854.75,0,262.45,0,0,0,0,0,11083.7
NIFTY,23-Jan-2018,25-Jan-2018,PE,11400,392.45,392.45,308.15,313.5,309.2,313.5,116,1021.39,29.59,8325,-75,11083.7
NIFTY,23-Jan-2018,25-Jan-2018,PE,11450,0,0,0,945.7,0,362.35,0,0,0,0,0,11083.7
NIFTY,23-Jan-2018,25-Jan-2018,PE,11500,503,506.95,404.25,413.8,413.3,413.8,9162,82115.35,3093.1,428550,-426750,11083.7
NIFTY,23-Jan-2018,25-Jan-2018,PE,11550,0,0,0,1038.6,0,462.3,0,0,0,0,0,11083.7
NIFTY,23-Jan-2018,25-Jan-2018,PE,11600,613.65,613.65,506.5,506.5,506.5,506.5,92,836.68,36.28,2325,-4500,11083.7
NIFTY,24-Jan-2018,25-Jan-2018,PE,9900,1.55,2.2,1,1.4,1.3,1.4,17024,126423.06,19.86,1770750,78600,11086
NIFTY,24-Jan-2018,25-Jan-2018,PE,9950,2,2.55,1.55,1.65,1.65,1.65,102,761.32,.15,40350,0,11086
NIFTY,24-Jan-2018,25-Jan-2018,PE,10000,1,2.25,1,1.45,1.1,1.45,19889,149192.52,25.02,2748675,-84900,11086
NIFTY,24-Jan-2018,25-Jan-2018,PE,10050,2,3,0.6,1.2,1.2,1.2,210,1583.15,.27,42375,450,11086
NIFTY,24-Jan-2018,25-Jan-2018,PE,10100,2.95,2.95,0.95,1.55,1.15,1.55,13658,103477.73,18.38,1260825,-104475,11086
NIFTY,24-Jan-2018,25-Jan-2018,PE,10150,2.15,2.4,0.7,1.7,1.7,1.7,219,1667.45,.32,109950,4275,11086
NIFTY,24-Jan-2018,25-Jan-2018,PE,10200,2.2,2.5,1.05,1.8,1.05,1.8,22697,173664.61,32.56,2403150,-220350,11086
NIFTY,24-Jan-2018,25-Jan-2018,PE,10250,1.7,2.6,1.6,1.85,1.8,1.85,492,3783,.75,99450,-3900,11086
NIFTY,24-Jan-2018,25-Jan-2018,PE,10300,2.7,2.7,1.3,1.85,1.3,1.85,28336,218936.82,41.22,3607425,-379500,11086
NIFTY,24-Jan-2018,25-Jan-2018,PE,10350,2.2,2.4,1.05,1.85,1.6,1.85,1308,10155.21,1.86,194250,-19575,11086
NIFTY,24-Jan-2018,25-Jan-2018,PE,10400,2.25,2.65,1.1,1.9,1.15,1.9,37782,294756.04,56.44,3472350,-481275,11086
NIFTY,24-Jan-2018,25-Jan-2018,PE,10450,2.05,3,1.05,2.05,1.05,2.05,3086,24191.66,5.14,310650,-47250,11086
NIFTY,24-Jan-2018,25-Jan-2018,PE,10500,2.95,3.05,1.2,2,1.35,2,66305,522265.96,114.08,5961825,-329625,11086
NIFTY,24-Jan-2018,25-Jan-2018,PE,10550,3.4,3.45,1.7,2.3,1.7,2.3,12768,101051.09,24.29,400500,-53025,11086
NIFTY,24-Jan-2018,25-Jan-2018,PE,10600,3.55,3.55,1.3,2.2,1.4,2.2,82497,656011.11,159.96,4689675,-770775,11086
NIFTY,24-Jan-2018,25-Jan-2018,PE,10650,4.2,4.2,1.85,2.5,1.85,2.5,15262,121938.08,32.86,502875,-108675,11086
NIFTY,24-Jan-2018,25-Jan-2018,PE,10700,4,4.6,1.85,2.65,1.9,2.65,136496,1095697.36,316.96,4345500,-886050,11086
NIFTY,24-Jan-2018,25-Jan-2018,PE,10750,4,5.7,2.1,2.8,2.25,2.8,21730,175257.7,59.58,585975,-164850,11086
NIFTY,24-Jan-2018,25-Jan-2018,PE,10800,5.45,7.8,2.5,3.1,2.5,3.1,159869,1295473.77,534.87,3498825,-974850,11086
NIFTY,24-Jan-2018,25-Jan-2018,PE,10850,7,10.15,2.75,3.3,2.95,3.3,60467,492295.61,245.4,922725,-33750,11086
NIFTY,24-Jan-2018,25-Jan-2018,PE,10900,11,15,3.4,4.4,3.8,4.4,304760,2493190.68,1777.68,2856525,-815625,11086
NIFTY,24-Jan-2018,25-Jan-2018,PE,10950,15,23.9,5.3,6.6,6.1,6.6,163128,1341070.11,1381.41,1043850,-623700,11086
NIFTY,24-Jan-2018,25-Jan-2018,PE,11000,24,34.8,10.1,12.15,10.85,12.15,587446,4854863.94,8434.44,4607550,176175,11086
NIFTY,24-Jan-2018,25-Jan-2018,PE,11050,40.45,52.55,18,23.1,22.65,23.1,201832,1677400.1,4717.4,1378800,241875,11086
NIFTY,24-Jan-2018,25-Jan-2018,PE,11100,64.95,79,34.1,42.3,43,42.3,302444,2529566.08,11719.78,1632900,463800,11086
NIFTY,24-Jan-2018,25-Jan-2018,PE,11150,100.1,114.55,60.2,73.9,78,73.9,12805,107845.98,764.17,61350,31500,11086
NIFTY,24-Jan-2018,25-Jan-2018,PE,11200,135.1,159.9,98.8,118.6,120.2,118.6,34496,292968.77,3202.37,145950,-12825,11086
NIFTY,24-Jan-2018,25-Jan-2018,PE,11250,188.3,188.3,157.75,161.8,169.75,161.8,9,77.09,1.16,150,0,11086
NIFTY,24-Jan-2018,25-Jan-2018,PE,11300,236.75,252,185.75,212.8,213,212.8,3134,27059.55,498.9,20925,9750,11086
NIFTY,24-Jan-2018,25-Jan-2018,PE,11350,0,0,0,854.75,0,262.05,0,0,0,0,0,11086
NIFTY,24-Jan-2018,25-Jan-2018,PE,11400,331.05,331.05,299.4,315.3,315.25,315.3,64,562.11,14.91,7125,-1200,11086
NIFTY,24-Jan-2018,25-Jan-2018,PE,11450,0,0,0,945.7,0,362,0,0,0,0,0,11086
NIFTY,24-Jan-2018,25-Jan-2018,PE,11500,435.6,451.25,384.95,411.7,410.1,411.7,5435,48554.62,1677.74,223800,-204750,11086
NIFTY,24-Jan-2018,25-Jan-2018,PE,11550,0,0,0,1038.6,0,462,0,0,0,0,0,11086
NIFTY,24-Jan-2018,25-Jan-2018,PE,11600,495,512.65,495,500,500,500,6,54.47,2.27,1950,-375,11086
NIFTY,25-Jan-2018,25-Jan-2018,PE,9900,0.15,0.15,0.05,0.05,0.05,0,15199,112853.23,.66,1818525,47775,11069.65
NIFTY,25-Jan-2018,25-Jan-2018,PE,9950,0.2,0.2,0.05,0.05,0.05,0,682,5089.48,.05,64275,23925,11069.65
NIFTY,25-Jan-2018,25-Jan-2018,PE,10000,0.2,0.2,0.05,0.05,0.05,0,18941,142058.33,.83,2871225,122550,11069.65
NIFTY,25-Jan-2018,25-Jan-2018,PE,10050,1.9,2,0.05,0.05,0.05,0,834,6286.33,.05,64275,21900,11069.65
NIFTY,25-Jan-2018,25-Jan-2018,PE,10100,0.15,0.15,0.05,0.05,0.05,0,7298,55282.65,.3,1173900,-86925,11069.65
NIFTY,25-Jan-2018,25-Jan-2018,PE,10150,0.3,0.3,0.05,0.1,0.1,0,291,2215.26,.02,108150,-1800,11069.65
NIFTY,25-Jan-2018,25-Jan-2018,PE,10200,0.1,0.15,0.05,0.05,0.05,0,13537,103558.68,.63,2450325,47175,11069.65
NIFTY,25-Jan-2018,25-Jan-2018,PE,10250,0.1,0.5,0.05,0.05,0.05,0,462,3551.65,.02,73800,-25650,11069.65
NIFTY,25-Jan-2018,25-Jan-2018,PE,10300,0.95,0.95,0.05,0.05,0.05,0,32397,250268.19,1.37,3600825,-6600,11069.65
NIFTY,25-Jan-2018,25-Jan-2018,PE,10350,0.1,0.3,0.05,0.05,0.05,0,412,3198.17,.02,174150,-20100,11069.65
NIFTY,25-Jan-2018,25-Jan-2018,PE,10400,0.7,0.7,0.05,0.05,0.05,0,20466,159635.9,1.1,3368100,-104250,11069.65
NIFTY,25-Jan-2018,25-Jan-2018,PE,10450,0.3,0.3,0.05,0.05,0.05,0,1938,15189.19,.12,251100,-59550,11069.65
NIFTY,25-Jan-2018,25-Jan-2018,PE,10500,0.2,0.2,0.05,0.05,0.05,0,50750,399659.41,3.16,5956500,-5325,11069.65
NIFTY,25-Jan-2018,25-Jan-2018,PE,10550,0.25,0.35,0.05,0.05,0.05,0,3750,29672.17,.29,349050,-51450,11069.65
NIFTY,25-Jan-2018,25-Jan-2018,PE,10600,0.2,0.5,0.05,0.05,0.05,0,30769,244615.52,1.97,4235625,-454050,11069.65
NIFTY,25-Jan-2018,25-Jan-2018,PE,10650,0.9,0.9,0.05,0.05,0.05,0,5638,45034,.48,458175,-44700,11069.65
NIFTY,25-Jan-2018,25-Jan-2018,PE,10700,1.65,1.65,0.05,0.05,0.05,0,49731,399095.81,4.54,3846000,-499500,11069.65
NIFTY,25-Jan-2018,25-Jan-2018,PE,10750,0.7,0.7,0.05,0.05,0.05,0,12611,101677.59,1.4,517575,-68400,11069.65
NIFTY,25-Jan-2018,25-Jan-2018,PE,10800,0.35,0.85,0.05,0.05,0.05,0,100914,817420.89,17.49,3234075,-264750,11069.65
NIFTY,25-Jan-2018,25-Jan-2018,PE,10850,0.95,1.2,0.05,0.1,0.05,0,41530,337960.29,9.92,888750,-33975,11069.65
NIFTY,25-Jan-2018,25-Jan-2018,PE,10900,1.65,1.7,0.05,0.05,0.05,0,361183,2952832.77,161.75,3495675,639150,11069.65
NIFTY,25-Jan-2018,25-Jan-2018,PE,10950,3.8,6,0.05,0.1,0.05,0,302697,2486310.69,411.58,1672275,628425,11069.65
NIFTY,25-Jan-2018,25-Jan-2018,PE,11000,8,19.9,0.05,0.9,0.05,0,1004495,8292444.13,5360.38,3927675,-679875,11069.65
NIFTY,25-Jan-2018,25-Jan-2018,PE,11050,13.05,47,0.05,4.4,0.05,0,527866,4382046.77,7357.29,1821450,442650,11069.65
NIFTY,25-Jan-2018,25-Jan-2018,PE,11100,25.05,86.75,15.6,31,17,0,417440,3489609.11,14421.11,322500,-1310400,11069.65
NIFTY,25-Jan-2018,25-Jan-2018,PE,11150,55.4,133.8,55.15,79.35,79.4,0,15884,133830.06,1000.11,9000,-52350,11069.65
NIFTY,25-Jan-2018,25-Jan-2018,PE,11200,102.85,184.3,102.85,135.75,123,0,26087,221744.73,2613.93,14250,-131700,11069.65
NIFTY,25-Jan-2018,25-Jan-2018,PE,11250,171.9,233.95,169,169,169,0,6,51.52,.9,75,-75,11069.65
NIFTY,25-Jan-2018,25-Jan-2018,PE,11300,206.65,281.75,206.45,231.25,215.9,0,2403,20787.82,422.4,6225,-14700,11069.65
NIFTY,25-Jan-2018,25-Jan-2018,PE,11350,0,0,0,854.75,0,0,0,0,0,0,0,11069.65
NIFTY,25-Jan-2018,25-Jan-2018,PE,11400,323.8,374.75,312.85,326.85,317.85,0,290,2551.87,72.37,375,-6750,11069.65
NIFTY,25-Jan-2018,25-Jan-2018,PE,11450,0,0,0,945.7,0,0,0,0,0,0,0,11069.65
NIFTY,25-Jan-2018,25-Jan-2018,PE,11500,424.2,482.8,404.95,427.55,423.95,0,4993,44666.36,1601.73,4500,-219300,11069.65
NIFTY,25-Jan-2018,25-Jan-2018,PE,11550,485.65,485.65,465.85,476.35,465.85,0,20,180.4,7.15,450,450,11069.65
NIFTY,25-Jan-2018,25-Jan-2018,PE,11600,509.85,551.75,505.75,527.8,527.8,0,48,436.42,18.82,300,-1650,11069.65
