NIFTY,28-Dec-2017,25-Jan-2018,CE,10150,410,414.8,410,414.8,414.8,414.8,2,15.84,.62,225,150,10477.9
NIFTY,28-Dec-2017,25-Jan-2018,CE,10200,368.3,394.05,341.35,347.8,344.9,347.8,4274,33871.38,1175.28,954150,133350,10477.9
NIFTY,28-Dec-2017,25-Jan-2018,CE,10250,360,360,360,360,360,360,1,7.96,.27,375,75,10477.9
NIFTY,28-Dec-2017,25-Jan-2018,CE,10300,291.7,312,261.8,272.25,266,272.25,7929,62964.7,1713.17,1055850,267825,10477.9
NIFTY,28-Dec-2017,25-Jan-2018,CE,10350,260,267.9,221,228.5,229.1,228.5,99,786.22,17.73,6825,6075,10477.9
NIFTY,28-Dec-2017,25-Jan-2018,CE,10400,215.6,237.95,189.95,197.85,195.8,197.85,15842,126100.38,2532.78,1292325,284100,10477.9
NIFTY,28-Dec-2017,25-Jan-2018,CE,10450,182,200.2,160,164.9,163,164.9,659,5251.31,86.4,47025,9225,10477.9
NIFTY,28-Dec-2017,25-Jan-2018,CE,10500,162,169.9,130,137.05,136,137.05,55709,444950.46,6242.08,2297850,530925,10477.9
NIFTY,28-Dec-2017,25-Jan-2018,CE,10550,111.7,139.95,106,112.1,108.5,112.1,4042,32353.15,370.83,175350,87000,10477.9
NIFTY,28-Dec-2017,25-Jan-2018,CE,10600,105,112.45,82,87.35,84.6,87.35,61677,494824.95,4492.8,2173050,766050,10477.9
NIFTY,28-Dec-2017,25-Jan-2018,CE,10650,75,88.75,63.05,67.3,66,67.3,3468,27895.2,194.55,138450,97425,10477.9
NIFTY,28-Dec-2017,25-Jan-2018,CE,10700,63,68.15,45.4,49.1,48,49.1,73161,590191.19,3074.17,2825250,1069050,10477.9
NIFTY,28-Dec-2017,25-Jan-2018,CE,10750,45.35,50.35,32.55,34.9,34.3,34.9,3251,26315.95,104.76,192225,128775,10477.9
NIFTY,28-Dec-2017,25-Jan-2018,CE,10800,32,37.75,23.2,26,24.05,26,55796,453193.07,1245.47,2375775,472950,10477.9
NIFTY,28-Dec-2017,25-Jan-2018,CE,10850,24,27.05,15,19.2,15,19.2,1552,12654.46,25.06,57975,48675,10477.9
NIFTY,28-Dec-2017,25-Jan-2018,CE,10900,16.7,19.2,10.05,13.05,12,13.05,25600,209568.16,288.16,930075,226650,10477.9
NIFTY,28-Dec-2017,25-Jan-2018,CE,10950,11.95,17,9,11.4,10.85,11.4,46,378.16,.39,2700,2100,10477.9
NIFTY,28-Dec-2017,25-Jan-2018,CE,11000,10,10,6.55,7.75,7.35,7.75,44794,369818.92,268.42,3375450,1209525,10477.9
NIFTY,28-Dec-2017,25-Jan-2018,CE,11050,0,0,0,47.5,47.5,7.9,0,0,0,75,0,10477.9
NIFTY,28-Dec-2017,25-Jan-2018,CE,11100,4,4.7,2.85,4.2,4.1,4.2,8934,74401.16,25.61,685950,202425,10477.9
NIFTY,28-Dec-2017,25-Jan-2018,CE,11150,0,0,0,15.5,15.5,3.85,0,0,0,0,0,10477.9
NIFTY,28-Dec-2017,25-Jan-2018,CE,11200,2.95,2.95,1.5,2.2,2.3,2.2,3209,26960.49,4.89,162900,-5775,10477.9
NIFTY,28-Dec-2017,25-Jan-2018,CE,11250,0,0,0,19.5,19.5,1.75,0,0,0,0,0,10477.9
NIFTY,28-Dec-2017,25-Jan-2018,CE,11300,1.1,1.5,0.85,1.3,1.1,1.3,2651,22469.39,2.16,220950,19125,10477.9
NIFTY,28-Dec-2017,25-Jan-2018,CE,11350,0,0,0,14.5,14.5,0.75,0,0,0,0,0,10477.9
NIFTY,28-Dec-2017,25-Jan-2018,CE,11400,0.7,0.9,0.7,0.8,0.7,0.8,857,7327.83,.48,30300,-1425,10477.9
NIFTY,28-Dec-2017,25-Jan-2018,CE,11450,0,0,0,19.1,0,0.3,0,0,0,0,0,10477.9
NIFTY,28-Dec-2017,25-Jan-2018,CE,11500,0.65,0.75,0.65,0.7,0.65,0.7,11528,99434.88,5.88,1326075,245925,10477.9
NIFTY,28-Dec-2017,25-Jan-2018,CE,11550,0,0,0,0.15,0.15,0.15,0,0,0,0,0,10477.9
NIFTY,28-Dec-2017,25-Jan-2018,CE,11600,0.75,0.85,0.6,0.85,0.8,0.85,317,2758.07,.17,26550,9675,10477.9
NIFTY,28-Dec-2017,25-Jan-2018,CE,9900,651.35,663,604.8,619.1,612,619.1,597,4717.81,285.08,142275,34050,10477.9
NIFTY,28-Dec-2017,25-Jan-2018,CE,9950,600,600,590,600,600,600,20,158.24,8.99,1500,1500,10477.9
NIFTY,28-Dec-2017,25-Jan-2018,CE,10000,545.45,572.8,514.25,524.55,518.35,524.55,6573,51963.73,2666.23,981450,390825,10477.9
NIFTY,28-Dec-2017,25-Jan-2018,CE,10050,0,0,0,525.45,0,485.55,0,0,0,0,0,10477.9
NIFTY,28-Dec-2017,25-Jan-2018,CE,10100,455.95,480.5,418.65,437.15,429.05,437.15,2055,16266.97,700.35,260700,98625,10477.9
NIFTY,29-Dec-2017,25-Jan-2018,CE,9900,637.25,653.65,625,649.4,650.95,649.4,35,276.74,16.87,142950,675,10530.7
NIFTY,29-Dec-2017,25-Jan-2018,CE,9950,0,0,0,600,600,629.85,0,0,0,1500,0,10530.7
NIFTY,29-Dec-2017,25-Jan-2018,CE,10000,524,572.4,521.45,560.5,561,560.5,1677,13269.67,692.17,950400,-31050,10530.7
NIFTY,29-Dec-2017,25-Jan-2018,CE,10050,0,0,0,525.45,0,533.35,0,0,0,0,0,10530.7
NIFTY,29-Dec-2017,25-Jan-2018,CE,10100,436.3,477.5,436.3,469.8,469.35,469.8,460,3641.93,157.43,264825,4125,10530.7
NIFTY,29-Dec-2017,25-Jan-2018,CE,10150,0,0,0,414.8,414.8,439.95,0,0,0,225,0,10530.7
NIFTY,29-Dec-2017,25-Jan-2018,CE,10200,358.95,390.85,355,381.9,383.25,381.9,1288,10211.97,358.77,980625,26475,10530.7
NIFTY,29-Dec-2017,25-Jan-2018,CE,10250,328.95,335.6,328.95,335.6,335.6,335.6,2,15.87,.5,525,150,10530.7
NIFTY,29-Dec-2017,25-Jan-2018,CE,10300,268.3,308.95,268.3,301.35,303,301.35,3385,26889.46,740.34,1024650,-31200,10530.7
NIFTY,29-Dec-2017,25-Jan-2018,CE,10350,240,265,240,261.8,262.3,261.8,125,994.48,24.17,7650,825,10530.7
NIFTY,29-Dec-2017,25-Jan-2018,CE,10400,190.55,232,190.55,224.7,228.05,224.7,9451,75247.82,1530.02,1337175,44850,10530.7
NIFTY,29-Dec-2017,25-Jan-2018,CE,10450,172.05,196.45,166.45,191,189.2,191,1193,9512.78,162.64,44325,-2700,10530.7
NIFTY,29-Dec-2017,25-Jan-2018,CE,10500,135.05,163.7,132,157.8,157,157.8,58099,464138.88,6609.25,2500200,202350,10530.7
NIFTY,29-Dec-2017,25-Jan-2018,CE,10550,115,133.8,108.2,129.3,129.05,129.3,7508,60102.53,695.48,231975,56625,10530.7
NIFTY,29-Dec-2017,25-Jan-2018,CE,10600,80.3,105,80.1,101.5,101.2,101.5,90715,727809.48,6625.23,2505375,332325,10530.7
NIFTY,29-Dec-2017,25-Jan-2018,CE,10650,66.5,81.25,66,78.6,79,78.6,4683,37669.8,264.34,173025,34575,10530.7
NIFTY,29-Dec-2017,25-Jan-2018,CE,10700,48,61,47,58.75,59,58.75,61003,492131.77,2582.69,3014250,189000,10530.7
NIFTY,29-Dec-2017,25-Jan-2018,CE,10750,34.3,44.2,34.3,42.1,42.5,42.1,5606,45370.28,171.9,336000,143775,10530.7
NIFTY,29-Dec-2017,25-Jan-2018,CE,10800,24,32.7,24,31.3,32,31.3,53140,431616.17,1182.17,2708025,332250,10530.7
NIFTY,29-Dec-2017,25-Jan-2018,CE,10850,18.25,37,17.9,21.65,22.85,21.65,1830,14920.57,28.95,78525,20550,10530.7
NIFTY,29-Dec-2017,25-Jan-2018,CE,10900,7.05,16,7.05,15.45,15.95,15.45,25028,204879.47,275.57,1012200,82125,10530.7
NIFTY,29-Dec-2017,25-Jan-2018,CE,10950,10,11.1,8.2,10.8,11.1,10.8,323,2655.11,2.47,13650,10950,10530.7
NIFTY,29-Dec-2017,25-Jan-2018,CE,11000,6.4,8.5,6.4,8.15,8.2,8.15,33383,275603.6,193.85,3712125,336675,10530.7
NIFTY,29-Dec-2017,25-Jan-2018,CE,11050,6,6,6,6,6,6,1,8.29,0,150,75,10530.7
NIFTY,29-Dec-2017,25-Jan-2018,CE,11100,4,5,3.6,4.3,4.5,4.3,14219,118416.42,43.25,909900,223950,10530.7
NIFTY,29-Dec-2017,25-Jan-2018,CE,11150,0,0,0,15.5,15.5,5,0,0,0,0,0,10530.7
NIFTY,29-Dec-2017,25-Jan-2018,CE,11200,2.3,6,1.8,2.75,3,2.75,12049,101233.53,21.93,516075,353175,10530.7
NIFTY,29-Dec-2017,25-Jan-2018,CE,11250,3,3,3,3,3,3,1,8.44,0,75,75,10530.7
NIFTY,29-Dec-2017,25-Jan-2018,CE,11300,1.3,1.4,0.95,1.05,0.95,1.05,2374,20121.62,1.97,238800,17850,10530.7
NIFTY,29-Dec-2017,25-Jan-2018,CE,11350,0,0,0,14.5,14.5,1,0,0,0,0,0,10530.7
NIFTY,29-Dec-2017,25-Jan-2018,CE,11400,0.85,0.9,0.7,0.75,0.75,0.75,671,5737.45,.4,33150,2850,10530.7
NIFTY,29-Dec-2017,25-Jan-2018,CE,11450,0.85,0.85,0.7,0.75,0.8,0.75,1964,16866.9,1.05,0,0,10530.7
NIFTY,29-Dec-2017,25-Jan-2018,CE,11500,1.5,1.5,0.65,0.7,0.75,0.7,15750,135852.16,8.41,1385100,59025,10530.7
NIFTY,29-Dec-2017,25-Jan-2018,CE,11550,0,0,0,0.15,0.15,0.15,0,0,0,0,0,10530.7
NIFTY,29-Dec-2017,25-Jan-2018,CE,11600,0.8,0.8,0.6,0.6,0.6,0.6,356,3097.37,.17,25425,-1125,10530.7
NIFTY,01-Jan-2018,25-Jan-2018,CE,11250,3.5,3.5,3,3,3,3,3,25.32,.01,300,225,10435.55
NIFTY,01-Jan-2018,25-Jan-2018,CE,11300,1.45,1.45,1.1,1.2,1.3,1.2,1327,11247.53,1.2,232200,-6600,10435.55
NIFTY,01-Jan-2018,25-Jan-2018,CE,11350,0,0,0,14.5,14.5,0.3,0,0,0,0,0,10435.55
NIFTY,01-Jan-2018,25-Jan-2018,CE,11400,0.75,1.7,0.75,1,1.1,1,696,5951.31,.51,58125,24975,10435.55
NIFTY,01-Jan-2018,25-Jan-2018,CE,11450,0,0,0,0.75,0.8,0.15,0,0,0,0,0,10435.55
NIFTY,01-Jan-2018,25-Jan-2018,CE,11500,0.75,0.8,0.7,0.7,0.7,0.7,3344,28843.85,1.85,1366950,-18150,10435.55
NIFTY,01-Jan-2018,25-Jan-2018,CE,11550,1.8,1.8,1.8,1.8,1.8,1.8,1,8.66,0,75,75,10435.55
NIFTY,01-Jan-2018,25-Jan-2018,CE,11600,0.7,0.8,0.6,0.8,0.8,0.8,102,887.45,.05,24975,-450,10435.55
NIFTY,01-Jan-2018,25-Jan-2018,CE,10800,27.2,32,19,21.5,21.6,21.5,52270,424386.29,999.29,2971875,263850,10435.55
NIFTY,01-Jan-2018,25-Jan-2018,CE,10850,19.7,22.25,12.7,13.95,14.3,13.95,1451,11826.38,18.86,100125,21600,10435.55
NIFTY,01-Jan-2018,25-Jan-2018,CE,10900,16.7,16.7,8.65,9.9,10.2,9.9,29770,243639.87,270.12,1356525,344325,10435.55
NIFTY,01-Jan-2018,25-Jan-2018,CE,10950,9.2,15,6.9,7.45,7.95,7.45,106,871.28,.75,16500,2850,10435.55
NIFTY,01-Jan-2018,25-Jan-2018,CE,11000,7.5,8.45,4.75,5.4,5.6,5.4,38075,314302.92,184.17,4129425,417300,10435.55
NIFTY,01-Jan-2018,25-Jan-2018,CE,11050,6.95,6.95,3.55,3.8,4,3.8,17,140.95,.06,525,375,10435.55
NIFTY,01-Jan-2018,25-Jan-2018,CE,11100,3.85,4.5,2.6,2.95,2.9,2.95,7730,64372.37,20.12,1048725,138825,10435.55
NIFTY,01-Jan-2018,25-Jan-2018,CE,11150,4,4,3,3,3,3,2,16.73,.01,0,0,10435.55
NIFTY,01-Jan-2018,25-Jan-2018,CE,11200,2.55,2.7,1.95,2.15,2.3,2.15,6435,54065.21,11.21,590250,74175,10435.55
NIFTY,01-Jan-2018,25-Jan-2018,CE,10350,251.9,258.2,208.45,217.2,213,217.2,110,873.41,19.53,7350,-300,10435.55
NIFTY,01-Jan-2018,25-Jan-2018,CE,10400,220.3,223.35,175,183.35,178,183.35,10195,81041.68,1520.68,1373550,36375,10435.55
NIFTY,01-Jan-2018,25-Jan-2018,CE,10450,183.25,190,147,154.7,149.3,154.7,1417,11276.91,171.17,75450,31125,10435.55
NIFTY,01-Jan-2018,25-Jan-2018,CE,10500,156.5,158.35,117.15,125.05,120.8,125.05,59773,476925.22,6212.84,2889375,389175,10435.55
NIFTY,01-Jan-2018,25-Jan-2018,CE,10550,138,139,94.55,100.3,97.5,100.3,9542,76318.61,817.53,407325,175350,10435.55
NIFTY,01-Jan-2018,25-Jan-2018,CE,10600,92,102,71.1,76.65,73.95,76.65,89281,715629.56,5845.61,3126450,621075,10435.55
NIFTY,01-Jan-2018,25-Jan-2018,CE,10650,72.75,79,53,57.8,55.95,57.8,3894,31298.58,195.25,223725,50700,10435.55
NIFTY,01-Jan-2018,25-Jan-2018,CE,10700,54.65,59.55,38.05,42.45,41.3,42.45,64510,520092.01,2399.26,3222300,208050,10435.55
NIFTY,01-Jan-2018,25-Jan-2018,CE,10750,40.8,43.3,26.8,29.7,29.5,29.7,4425,35799.01,122.45,334875,-1125,10435.55
NIFTY,01-Jan-2018,25-Jan-2018,CE,9900,638.6,656.95,591.45,595.1,592,595.1,35,276.23,16.35,141750,-1200,10435.55
NIFTY,01-Jan-2018,25-Jan-2018,CE,9950,0,0,0,600,600,531.35,0,0,0,1500,0,10435.55
NIFTY,01-Jan-2018,25-Jan-2018,CE,10000,553.1,559.8,491.45,502.45,497,502.45,1911,15091.3,758.8,955950,5550,10435.55
NIFTY,01-Jan-2018,25-Jan-2018,CE,10050,0,0,0,525.45,0,437.5,0,0,0,0,0,10435.55
NIFTY,01-Jan-2018,25-Jan-2018,CE,10100,459.7,468.25,404,416,407.45,416,1462,11568.09,493.44,266925,2100,10435.55
NIFTY,01-Jan-2018,25-Jan-2018,CE,10150,390,390,370,370,370,370,2,15.8,.57,75,-150,10435.55
NIFTY,01-Jan-2018,25-Jan-2018,CE,10200,377,382,321.55,332.3,322.8,332.3,1352,10703.31,360.51,963375,-17250,10435.55
NIFTY,01-Jan-2018,25-Jan-2018,CE,10250,331,331,331,331,331,331,1,7.94,.25,450,-75,10435.55
NIFTY,01-Jan-2018,25-Jan-2018,CE,10300,293.8,298.7,243.6,253.4,248,253.4,2740,21727.23,560.73,1041300,16650,10435.55
NIFTY,02-Jan-2018,25-Jan-2018,CE,11300,1,1.45,0.95,1.25,1.3,1.25,3678,31174.46,3.41,250050,17850,10442.2
NIFTY,02-Jan-2018,25-Jan-2018,CE,11350,0,0,0,14.5,14.5,0.2,0,0,0,0,0,10442.2
NIFTY,02-Jan-2018,25-Jan-2018,CE,11400,0.85,1.15,0.75,0.95,0.9,0.95,2044,17477.68,1.48,78525,20400,10442.2
NIFTY,02-Jan-2018,25-Jan-2018,CE,11450,1.75,1.75,1.7,1.7,1.7,1.7,6,51.53,.01,450,450,10442.2
NIFTY,02-Jan-2018,25-Jan-2018,CE,11500,0.75,0.75,0.7,0.75,0.7,0.75,3778,32587.31,2.06,1369275,2325,10442.2
NIFTY,02-Jan-2018,25-Jan-2018,CE,11550,1.5,1.5,1.5,1.5,1.5,1.5,10,86.64,.01,825,750,10442.2
NIFTY,02-Jan-2018,25-Jan-2018,CE,11600,0.95,1.05,0.65,0.8,0.8,0.8,881,7665.25,.55,39750,14775,10442.2
NIFTY,02-Jan-2018,25-Jan-2018,CE,10850,16.1,16.45,10,11.95,12.5,11.95,2204,17955.16,20.11,108225,8100,10442.2
NIFTY,02-Jan-2018,25-Jan-2018,CE,10900,21.9,21.9,7.35,8.55,8.1,8.55,44910,367428.83,289.58,1365600,9075,10442.2
NIFTY,02-Jan-2018,25-Jan-2018,CE,10950,7.95,7.95,5.05,6.55,5.05,6.55,382,3139.04,1.87,19050,2550,10442.2
NIFTY,02-Jan-2018,25-Jan-2018,CE,11000,6.3,6.3,4.5,5.05,4.8,5.05,57548,474983.99,212.99,4411875,282450,10442.2
NIFTY,02-Jan-2018,25-Jan-2018,CE,11050,4.5,4.5,3,3,3,3,2,16.58,.01,600,75,10442.2
NIFTY,02-Jan-2018,25-Jan-2018,CE,11100,3.85,3.85,2.65,3.15,3,3.15,16240,135233.78,35.78,1232025,183300,10442.2
NIFTY,02-Jan-2018,25-Jan-2018,CE,11150,0,0,0,3,3,1.4,0,0,0,0,0,10442.2
NIFTY,02-Jan-2018,25-Jan-2018,CE,11200,2.25,2.3,1.85,2.15,2.1,2.15,12843,107900.7,19.5,711300,121050,10442.2
NIFTY,02-Jan-2018,25-Jan-2018,CE,11250,3,3,3,3,3,3,4,33.76,.01,600,300,10442.2
NIFTY,02-Jan-2018,25-Jan-2018,CE,10400,193,198.3,149.5,167.35,163.05,167.35,36571,289791.55,4537.75,1569750,196200,10442.2
NIFTY,02-Jan-2018,25-Jan-2018,CE,10450,159.9,180.95,123.8,138.25,134.1,138.25,7341,58289.94,754.85,147675,72225,10442.2
NIFTY,02-Jan-2018,25-Jan-2018,CE,10500,130.05,135.45,98.2,110.4,106.8,110.4,150913,1200908.69,12468.81,3451575,562200,10442.2
NIFTY,02-Jan-2018,25-Jan-2018,CE,10550,110,110,76.55,86.8,84.55,86.8,13873,110676.61,906.49,463725,56400,10442.2
NIFTY,02-Jan-2018,25-Jan-2018,CE,10600,83.05,86,57.25,65.8,62.9,65.8,145871,1166864.84,7190.39,3788025,661575,10442.2
NIFTY,02-Jan-2018,25-Jan-2018,CE,10650,60.85,63.95,42.25,49.15,48.1,49.15,5419,43483.49,199.23,241725,18000,10442.2
NIFTY,02-Jan-2018,25-Jan-2018,CE,10700,41.6,48,30.4,35.6,34.1,35.6,99941,804675.82,2649.3,3552825,330525,10442.2
NIFTY,02-Jan-2018,25-Jan-2018,CE,10750,29.5,33.6,21.05,24.4,23.7,24.4,3796,30675.11,69.86,357600,22725,10442.2
NIFTY,02-Jan-2018,25-Jan-2018,CE,10800,22.1,25,15.15,17.55,16.6,17.55,95979,778696.86,1266.96,2894175,-77700,10442.2
NIFTY,02-Jan-2018,25-Jan-2018,CE,9950,0,0,0,600,600,534.95,0,0,0,1500,0,10442.2
NIFTY,02-Jan-2018,25-Jan-2018,CE,10000,524.5,524.5,452.75,480.35,476,480.35,1804,14177.93,647.93,925500,-30450,10442.2
NIFTY,02-Jan-2018,25-Jan-2018,CE,10050,0,0,0,525.45,0,440,0,0,0,0,0,10442.2
NIFTY,02-Jan-2018,25-Jan-2018,CE,10100,425.9,433.65,367.35,394,387.2,394,2854,22457.5,838.45,265725,-1200,10442.2
NIFTY,02-Jan-2018,25-Jan-2018,CE,10150,340,340,340,340,340,340,1,7.87,.26,150,75,10442.2
NIFTY,02-Jan-2018,25-Jan-2018,CE,10200,340.35,347.7,286,311.35,305.7,311.35,3473,27365.09,796.64,890175,-73200,10442.2
NIFTY,02-Jan-2018,25-Jan-2018,CE,10250,265,278,260,260,260,260,3,23.66,.6,525,75,10442.2
NIFTY,02-Jan-2018,25-Jan-2018,CE,10300,256.9,269.95,213.95,235.35,231,235.35,8963,70793.76,1554.59,953400,-87900,10442.2
NIFTY,02-Jan-2018,25-Jan-2018,CE,10350,230,230,180.8,200.95,198.35,200.95,155,1226.11,22.92,7650,300,10442.2
NIFTY,02-Jan-2018,25-Jan-2018,CE,9900,594.5,594.5,546.9,579.85,578.3,579.85,134,1051.97,57.02,138000,-3750,10442.2
NIFTY,03-Jan-2018,25-Jan-2018,CE,11300,1.2,1.35,1.05,1.25,1.35,1.25,2792,23664.7,2.5,293175,43125,10443.2
NIFTY,03-Jan-2018,25-Jan-2018,CE,11350,0,0,0,14.5,14.5,0.1,0,0,0,0,0,10443.2
NIFTY,03-Jan-2018,25-Jan-2018,CE,11400,1,1.05,0.85,1,0.95,1,1132,9679.41,.81,97800,19275,10443.2
NIFTY,03-Jan-2018,25-Jan-2018,CE,11450,1.65,1.65,0.7,0.7,0.85,0.7,689,5917.15,.37,525,75,10443.2
NIFTY,03-Jan-2018,25-Jan-2018,CE,11500,0.75,0.8,0.7,0.75,0.8,0.75,5077,43791.91,2.79,1357950,-11325,10443.2
NIFTY,03-Jan-2018,25-Jan-2018,CE,11550,1,1,1,1,1,1,2,17.33,0,825,0,10443.2
NIFTY,03-Jan-2018,25-Jan-2018,CE,11600,0.8,0.8,0.65,0.7,0.7,0.7,533,4637.39,.29,47100,7350,10443.2
NIFTY,03-Jan-2018,25-Jan-2018,CE,10850,12.45,14.65,10.4,10.95,11,10.95,1912,15576.57,17.67,122625,14400,10443.2
NIFTY,03-Jan-2018,25-Jan-2018,CE,10900,9.25,10.25,7.1,7.55,7.35,7.55,36379,297633.11,234.79,1419900,54300,10443.2
NIFTY,03-Jan-2018,25-Jan-2018,CE,10950,6.55,7.3,5.35,5.7,5.7,5.7,300,2465.22,1.47,17325,-1725,10443.2
NIFTY,03-Jan-2018,25-Jan-2018,CE,11000,4.85,5.6,4.3,4.5,4.5,4.5,49961,412362.62,184.37,4338525,-73350,10443.2
NIFTY,03-Jan-2018,25-Jan-2018,CE,11050,4,4.9,3,3.35,3,3.35,100,829.06,.31,6375,5775,10443.2
NIFTY,03-Jan-2018,25-Jan-2018,CE,11100,2.9,3.3,2.5,2.65,2.6,2.65,10472,87202.03,22.63,1230375,-1650,10443.2
NIFTY,03-Jan-2018,25-Jan-2018,CE,11150,3,3,3,3,3,3,2,16.73,0,150,150,10443.2
NIFTY,03-Jan-2018,25-Jan-2018,CE,11200,2.2,2.25,1.8,1.95,2,1.95,8622,72437.71,12.91,781050,69750,10443.2
NIFTY,03-Jan-2018,25-Jan-2018,CE,11250,0,0,0,3,3,0.35,0,0,0,600,0,10443.2
NIFTY,03-Jan-2018,25-Jan-2018,CE,10400,176.7,208.35,153.65,162.6,163,162.6,36803,291925.15,4861.75,1681125,111375,10443.2
NIFTY,03-Jan-2018,25-Jan-2018,CE,10450,148.05,171.85,126.75,133.45,132,133.45,6444,51214.95,710.1,165825,18150,10443.2
NIFTY,03-Jan-2018,25-Jan-2018,CE,10500,112,139.1,99.7,105.65,105,105.65,151272,1204575.09,13308.09,3691200,239625,10443.2
NIFTY,03-Jan-2018,25-Jan-2018,CE,10550,93.1,110,77.55,83.2,82.5,83.2,13639,108875.36,956.77,550050,86325,10443.2
NIFTY,03-Jan-2018,25-Jan-2018,CE,10600,69.9,84.8,58.1,62.45,61.95,62.45,151379,1211480.37,8017.32,3822975,34950,10443.2
NIFTY,03-Jan-2018,25-Jan-2018,CE,10650,53.95,63.45,42.7,46.25,45.9,46.25,6305,50609.87,248.68,272475,30750,10443.2
NIFTY,03-Jan-2018,25-Jan-2018,CE,10700,38.95,46,30.75,33.2,32.75,33.2,88950,716349.47,2525.72,3537825,-15000,10443.2
NIFTY,03-Jan-2018,25-Jan-2018,CE,10750,30.95,31.55,21.1,22.8,22.45,22.8,5019,40565.31,99.62,402225,44625,10443.2
NIFTY,03-Jan-2018,25-Jan-2018,CE,10800,17.95,22.3,14.75,16.15,16,16.15,76986,624641.94,1055.34,3037500,143325,10443.2
NIFTY,03-Jan-2018,25-Jan-2018,CE,9950,545.1,545.1,545.1,545.1,545.1,545.1,1,7.87,.41,1500,0,10443.2
NIFTY,03-Jan-2018,25-Jan-2018,CE,10000,508,542.1,468,479.05,478,479.05,2786,21945.9,1050.9,822225,-103275,10443.2
NIFTY,03-Jan-2018,25-Jan-2018,CE,10050,0,0,0,525.45,0,437.55,0,0,0,0,0,10443.2
NIFTY,03-Jan-2018,25-Jan-2018,CE,10100,416.7,451,381,390.55,390,390.55,751,5923.73,234.91,271650,5925,10443.2
NIFTY,03-Jan-2018,25-Jan-2018,CE,10150,0,0,0,340,340,346.1,0,0,0,150,0,10443.2
NIFTY,03-Jan-2018,25-Jan-2018,CE,10200,324,364,297.5,306.4,309.35,306.4,1317,10400.56,325.51,884775,-5400,10443.2
NIFTY,03-Jan-2018,25-Jan-2018,CE,10250,280.05,300,280.05,296.1,296.1,296.1,3,23.72,.66,525,0,10443.2
NIFTY,03-Jan-2018,25-Jan-2018,CE,10300,248,282.5,220.7,230.45,228.95,230.45,5231,41386.79,977.32,968400,15000,10443.2
NIFTY,03-Jan-2018,25-Jan-2018,CE,10350,210.45,236.4,187.85,193.9,193,193.9,109,863.24,17.13,7425,-225,10443.2
NIFTY,03-Jan-2018,25-Jan-2018,CE,9900,592.85,628.7,562.7,572.1,572,572.1,84,660.97,37.27,136500,-1500,10443.2
NIFTY,04-Jan-2018,25-Jan-2018,CE,11300,1.2,1.25,1.1,1.2,1.15,1.2,1444,12239.18,1.28,283650,-9525,10504.8
NIFTY,04-Jan-2018,25-Jan-2018,CE,11350,0,0,0,14.5,14.5,0.2,0,0,0,0,0,10504.8
NIFTY,04-Jan-2018,25-Jan-2018,CE,11400,0.95,1,0.9,0.95,0.9,0.95,675,5771.72,.47,95625,-2175,10504.8
NIFTY,04-Jan-2018,25-Jan-2018,CE,11450,1,1.5,1,1.3,1.3,1.3,8,68.71,.01,825,300,10504.8
NIFTY,04-Jan-2018,25-Jan-2018,CE,11500,0.75,0.75,0.7,0.75,0.7,0.75,1729,14913.57,.94,1356000,-1950,10504.8
NIFTY,04-Jan-2018,25-Jan-2018,CE,11550,0,0,0,1,1,0.05,0,0,0,825,0,10504.8
NIFTY,04-Jan-2018,25-Jan-2018,CE,11600,0.6,0.65,0.6,0.65,0.65,0.65,133,1157.16,.06,46875,-225,10504.8
NIFTY,04-Jan-2018,25-Jan-2018,CE,10850,13.95,13.95,9.7,12.25,12.5,12.25,1040,8471.7,8.7,129675,7050,10504.8
NIFTY,04-Jan-2018,25-Jan-2018,CE,10900,7.95,8.7,6.9,8.45,8.65,8.45,24860,203374.78,144.28,1494525,74625,10504.8
NIFTY,04-Jan-2018,25-Jan-2018,CE,10950,5.6,6.15,5,5.8,6.05,5.8,256,2103.48,1.08,24750,7425,10504.8
NIFTY,04-Jan-2018,25-Jan-2018,CE,11000,4.55,4.85,4.05,4.65,4.65,4.65,28439,234715.15,93.4,4401000,62475,10504.8
NIFTY,04-Jan-2018,25-Jan-2018,CE,11050,3.05,3.55,3.05,3.45,3.4,3.45,34,281.86,.09,6150,-225,10504.8
NIFTY,04-Jan-2018,25-Jan-2018,CE,11100,2.4,2.65,2.4,2.55,2.55,2.55,5238,43616.23,9.88,1244100,13725,10504.8
NIFTY,04-Jan-2018,25-Jan-2018,CE,11150,2,2,2,2,2,2,10,83.64,.02,900,750,10504.8
NIFTY,04-Jan-2018,25-Jan-2018,CE,11200,1.9,1.95,1.7,1.9,1.9,1.9,4775,40116.49,6.49,856875,75825,10504.8
NIFTY,04-Jan-2018,25-Jan-2018,CE,11250,1.25,1.25,1.25,1.25,1.25,1.25,2,16.88,0,450,-150,10504.8
NIFTY,04-Jan-2018,25-Jan-2018,CE,10400,171.1,199.75,157.85,190.7,199,190.7,39213,311034.81,5173.41,1860375,179250,10504.8
NIFTY,04-Jan-2018,25-Jan-2018,CE,10450,140,164.5,129,159.6,159,159.6,6082,48329.84,662.16,115275,-50550,10504.8
NIFTY,04-Jan-2018,25-Jan-2018,CE,10500,112.25,132.5,100.6,127.5,132.35,127.5,135660,1080123.43,11800.93,3269175,-422025,10504.8
NIFTY,04-Jan-2018,25-Jan-2018,CE,10550,88,103.95,78.75,100.75,103.95,100.75,19023,151823.86,1304.37,487125,-62925,10504.8
NIFTY,04-Jan-2018,25-Jan-2018,CE,10600,68.75,79.8,58.25,76.3,79,76.3,120846,966958.45,6232.75,3560550,-262425,10504.8
NIFTY,04-Jan-2018,25-Jan-2018,CE,10650,50.85,58.55,43.1,56,57.9,56,9396,75410.8,360.25,293175,20700,10504.8
NIFTY,04-Jan-2018,25-Jan-2018,CE,10700,35.7,42.45,30.95,40.4,41.95,40.4,81956,659932.43,2235.53,3572475,34650,10504.8
NIFTY,04-Jan-2018,25-Jan-2018,CE,10750,25.3,28.95,21.1,27.5,28.55,27.5,3473,28065.52,64.46,443625,41400,10504.8
NIFTY,04-Jan-2018,25-Jan-2018,CE,10800,18.2,20,14.7,19.05,19.5,19.05,58847,477419.2,758.5,3119025,81525,10504.8
NIFTY,04-Jan-2018,25-Jan-2018,CE,9950,0,0,0,545.1,545.1,591.9,0,0,0,1500,0,10504.8
NIFTY,04-Jan-2018,25-Jan-2018,CE,10000,494.65,539,474.85,531.05,539,531.05,2176,17143.18,823.18,777450,-44775,10504.8
NIFTY,04-Jan-2018,25-Jan-2018,CE,10050,0,0,0,525.45,0,494.4,0,0,0,0,0,10504.8
NIFTY,04-Jan-2018,25-Jan-2018,CE,10100,410.2,445,384.95,441.6,445,441.6,2282,17996,709.85,273525,1875,10504.8
NIFTY,04-Jan-2018,25-Jan-2018,CE,10150,300,393,300,393,393,393,5,39.41,1.34,375,225,10504.8
NIFTY,04-Jan-2018,25-Jan-2018,CE,10200,324,358,303.95,350.7,358,350.7,3134,24727.22,752.12,820050,-64725,10504.8
NIFTY,04-Jan-2018,25-Jan-2018,CE,10250,345.65,345.65,345.65,345.65,345.65,345.65,1,7.95,.26,600,75,10504.8
NIFTY,04-Jan-2018,25-Jan-2018,CE,10300,239.9,274.95,225.8,267.7,273.25,267.7,4232,33479.21,787.01,963300,-5100,10504.8
NIFTY,04-Jan-2018,25-Jan-2018,CE,10350,190.65,233,190.65,227.1,232,227.1,99,784.13,15.65,8400,975,10504.8
NIFTY,04-Jan-2018,25-Jan-2018,CE,9900,582.15,626.95,565.4,626.9,626.95,626.9,41,322.71,18.28,136425,-75,10504.8
NIFTY,05-Jan-2018,25-Jan-2018,CE,11300,1.25,1.25,0.9,0.95,0.95,0.95,1730,14663.12,1.37,334875,51225,10558.85
NIFTY,05-Jan-2018,25-Jan-2018,CE,11350,0,0,0,14.5,14.5,0.25,0,0,0,0,0,10558.85
NIFTY,05-Jan-2018,25-Jan-2018,CE,11400,0.9,0.95,0.75,0.8,0.75,0.8,847,7242.38,.53,119550,23925,10558.85
NIFTY,05-Jan-2018,25-Jan-2018,CE,11450,0,0,0,1.3,1.3,0.1,0,0,0,825,0,10558.85
NIFTY,05-Jan-2018,25-Jan-2018,CE,11500,0.7,0.75,0.55,0.6,0.55,0.6,7267,62681.5,3.62,1474425,118425,10558.85
NIFTY,05-Jan-2018,25-Jan-2018,CE,11550,1,1,1,1,1,1,8,69.31,.01,825,0,10558.85
NIFTY,05-Jan-2018,25-Jan-2018,CE,11600,0.65,0.65,0.6,0.65,0.65,0.65,21,182.71,.01,46725,-150,10558.85
NIFTY,05-Jan-2018,25-Jan-2018,CE,10850,13.35,14.5,11.7,13.9,13.75,13.9,1827,14885.76,18.54,132900,3225,10558.85
NIFTY,05-Jan-2018,25-Jan-2018,CE,10900,8.9,9.7,7.85,8.9,8.85,8.9,32593,266661.76,213.98,1617300,122775,10558.85
NIFTY,05-Jan-2018,25-Jan-2018,CE,10950,6.45,6.55,5.5,6.1,6.1,6.1,595,4889.19,2.75,45900,21150,10558.85
NIFTY,05-Jan-2018,25-Jan-2018,CE,11000,4.9,5.1,4.2,4.65,4.5,4.65,39013,321992.76,135.51,4336350,-64650,10558.85
NIFTY,05-Jan-2018,25-Jan-2018,CE,11050,3.35,3.55,2.6,3.2,3,3.2,215,1782.35,.53,15600,9450,10558.85
NIFTY,05-Jan-2018,25-Jan-2018,CE,11100,3,3,2.35,2.45,2.35,2.45,8625,71819.36,16.23,1254000,9900,10558.85
NIFTY,05-Jan-2018,25-Jan-2018,CE,11150,2,2,2,2,2,2,8,66.91,.01,1500,600,10558.85
NIFTY,05-Jan-2018,25-Jan-2018,CE,11200,2.15,2.65,1.6,1.8,1.75,1.8,6090,51164.24,8.24,881775,24900,10558.85
NIFTY,05-Jan-2018,25-Jan-2018,CE,11250,1.5,1.5,1.5,1.5,1.5,1.5,1,8.44,0,525,75,10558.85
NIFTY,05-Jan-2018,25-Jan-2018,CE,10400,201.35,226.4,196.7,220.75,225,220.75,16835,133999.5,2686.5,1743675,-116700,10558.85
NIFTY,05-Jan-2018,25-Jan-2018,CE,10450,180,187,162.5,182.9,185,182.9,1866,14870.72,245.94,88050,-27225,10558.85
NIFTY,05-Jan-2018,25-Jan-2018,CE,10500,132.15,152,130.25,148.15,151.1,148.15,85726,684235.53,9143.28,3046200,-222975,10558.85
NIFTY,05-Jan-2018,25-Jan-2018,CE,10550,107.35,120,102.5,117.8,118.75,117.8,17614,140854.03,1483.26,395025,-92100,10558.85
NIFTY,05-Jan-2018,25-Jan-2018,CE,10600,80.8,92.3,76.85,89.85,91.95,89.85,160719,1288045.33,10329.28,4137525,576975,10558.85
NIFTY,05-Jan-2018,25-Jan-2018,CE,10650,59.85,68,55.9,65.55,67.4,65.55,14190,114009.16,666.53,423825,130650,10558.85
NIFTY,05-Jan-2018,25-Jan-2018,CE,10700,43.7,49,39.9,47.1,48,47.1,106851,861081.01,3601.73,3606600,34125,10558.85
NIFTY,05-Jan-2018,25-Jan-2018,CE,10750,30.9,33.6,26.8,31.7,32.2,31.7,6474,52343.87,147.25,473550,29925,10558.85
NIFTY,05-Jan-2018,25-Jan-2018,CE,10800,20.8,22.75,18.3,21.4,21.1,21.4,75826,615370.14,1179.54,3289200,170175,10558.85
NIFTY,05-Jan-2018,25-Jan-2018,CE,9900,642.4,672.3,639.75,670.15,670.7,670.15,52,411.66,25.56,136650,225,10558.85
NIFTY,05-Jan-2018,25-Jan-2018,CE,9950,0,0,0,545.1,545.1,643.65,0,0,0,1500,0,10558.85
NIFTY,05-Jan-2018,25-Jan-2018,CE,10000,585.25,585.45,541.9,573.8,579.75,573.8,1714,13572.61,717.61,708600,-68850,10558.85
NIFTY,05-Jan-2018,25-Jan-2018,CE,10050,0,0,0,525.45,0,545.15,0,0,0,0,0,10558.85
NIFTY,05-Jan-2018,25-Jan-2018,CE,10100,450,483.95,446.35,473.1,483.45,473.1,826,6546.92,289.97,271875,-1650,10558.85
NIFTY,05-Jan-2018,25-Jan-2018,CE,10150,444.35,444.35,444.35,444.35,444.35,444.35,3,23.84,1,375,0,10558.85
NIFTY,05-Jan-2018,25-Jan-2018,CE,10200,365.2,396.6,355.45,387.15,395.3,387.15,3845,30497.6,1083.35,733200,-86850,10558.85
NIFTY,05-Jan-2018,25-Jan-2018,CE,10250,247.4,334.8,247.4,334.8,334.8,334.8,2,15.81,.44,600,0,10558.85
NIFTY,05-Jan-2018,25-Jan-2018,CE,10300,278.2,308,273.05,301,307,301,4437,35244.76,968.93,966150,2850,10558.85
NIFTY,05-Jan-2018,25-Jan-2018,CE,10350,239.1,261.6,237.45,258.5,255.35,258.5,36,286.16,6.71,8775,375,10558.85
NIFTY,08-Jan-2018,25-Jan-2018,CE,11300,0.65,0.95,0.65,0.8,0.75,0.8,2715,23011.29,1.66,349050,14175,10623.6
NIFTY,08-Jan-2018,25-Jan-2018,CE,11350,0,0,0,14.5,14.5,0.25,0,0,0,0,0,10623.6
NIFTY,08-Jan-2018,25-Jan-2018,CE,11400,0.75,0.8,0.6,0.7,0.6,0.7,2509,21453.24,1.29,116700,-2850,10623.6
NIFTY,08-Jan-2018,25-Jan-2018,CE,11450,1,1,1,1,1,1,5,42.94,0,825,0,10623.6
NIFTY,08-Jan-2018,25-Jan-2018,CE,11500,0.65,0.65,0.5,0.65,0.55,0.65,5836,50338.28,2.78,1405050,-69375,10623.6
NIFTY,08-Jan-2018,25-Jan-2018,CE,11550,0,0,0,1,1,0.05,0,0,0,825,0,10623.6
NIFTY,08-Jan-2018,25-Jan-2018,CE,11600,0.6,0.65,0.4,0.5,0.5,0.5,284,2470.92,.12,46725,0,10623.6
NIFTY,08-Jan-2018,25-Jan-2018,CE,10850,15.5,18.95,15.5,17.9,17.1,17.9,4787,39016.95,62.74,197625,64725,10623.6
NIFTY,08-Jan-2018,25-Jan-2018,CE,10900,10.25,12,9.15,11.3,10.7,11.3,52213,427276.29,435.02,1619925,2625,10623.6
NIFTY,08-Jan-2018,25-Jan-2018,CE,10950,6.85,7.75,6.35,7.3,7.2,7.3,991,8143.91,5.32,65175,19275,10623.6
NIFTY,08-Jan-2018,25-Jan-2018,CE,11000,4.8,5.5,4.1,5.2,5,5.2,48463,400004.15,184.4,4521675,185325,10623.6
NIFTY,08-Jan-2018,25-Jan-2018,CE,11050,3.3,4.5,2.3,3.85,4.5,3.85,375,3108.82,1,22200,6600,10623.6
NIFTY,08-Jan-2018,25-Jan-2018,CE,11100,2.5,2.9,2.3,2.5,2.4,2.5,15365,127942.42,28.79,1306125,52125,10623.6
NIFTY,08-Jan-2018,25-Jan-2018,CE,11150,2,2,1.7,1.7,1.7,1.7,2,16.73,0,1500,0,10623.6
NIFTY,08-Jan-2018,25-Jan-2018,CE,11200,1.8,1.85,1.35,1.5,1.55,1.5,6654,55901.4,7.8,957300,75525,10623.6
NIFTY,08-Jan-2018,25-Jan-2018,CE,11250,1.5,1.5,1.5,1.5,1.5,1.5,23,194.09,.03,2250,1725,10623.6
NIFTY,08-Jan-2018,25-Jan-2018,CE,10350,295.05,312.45,290,300.35,299.85,300.35,28,223.65,6.3,8250,-525,10623.6
NIFTY,08-Jan-2018,25-Jan-2018,CE,10400,248.1,269.9,241.2,263.25,259,263.25,13467,107661.06,2618.46,1425150,-318525,10623.6
NIFTY,08-Jan-2018,25-Jan-2018,CE,10450,206.45,225,205.6,220.8,216.15,220.8,1101,8806.5,177.42,84525,-3525,10623.6
NIFTY,08-Jan-2018,25-Jan-2018,CE,10500,171.1,188.5,163,182.7,176.9,182.7,43772,350579.7,5875.2,2646600,-399600,10623.6
NIFTY,08-Jan-2018,25-Jan-2018,CE,10550,127.35,170,127.35,144.8,140.85,144.8,7794,62502.59,832.56,412350,17325,10623.6
NIFTY,08-Jan-2018,25-Jan-2018,CE,10600,105.35,117.9,95,113.8,110.3,113.8,118469,951725.96,9897.41,3781875,-355650,10623.6
NIFTY,08-Jan-2018,25-Jan-2018,CE,10650,72,88.5,72,86.25,82.45,86.25,22261,179210.48,1400.74,468600,44775,10623.6
NIFTY,08-Jan-2018,25-Jan-2018,CE,10700,56,64,51.25,61.65,59,61.65,115628,933155.39,5240.69,3581775,-24825,10623.6
NIFTY,08-Jan-2018,25-Jan-2018,CE,10750,37.6,50,36.5,41.8,40.2,41.8,8208,66432.37,255.37,571875,98325,10623.6
NIFTY,08-Jan-2018,25-Jan-2018,CE,10800,22.3,29.7,22.3,28.2,27.15,28.2,86575,703062.57,1805.07,3583875,294675,10623.6
NIFTY,08-Jan-2018,25-Jan-2018,CE,9900,707.6,731.75,707.6,730.4,729.35,730.4,32,254.92,17.32,135750,-900,10623.6
NIFTY,08-Jan-2018,25-Jan-2018,CE,9950,0,0,0,545.1,545.1,702.95,0,0,0,1500,0,10623.6
NIFTY,08-Jan-2018,25-Jan-2018,CE,10000,600,638.2,600,631.9,626,631.9,634,5052.85,297.85,687600,-21000,10623.6
NIFTY,08-Jan-2018,25-Jan-2018,CE,10050,0,0,0,525.45,0,603.55,0,0,0,0,0,10623.6
NIFTY,08-Jan-2018,25-Jan-2018,CE,10100,518.95,547.65,514.85,535.55,528.8,535.55,425,3388.01,168.64,261975,-9900,10623.6
NIFTY,08-Jan-2018,25-Jan-2018,CE,10150,0,0,0,444.35,444.35,505,0,0,0,375,0,10623.6
NIFTY,08-Jan-2018,25-Jan-2018,CE,10200,423.85,449.5,422.35,442.45,437.5,442.45,1470,11727,481.5,708225,-24975,10623.6
NIFTY,08-Jan-2018,25-Jan-2018,CE,10250,380,414.4,380,399.05,414.4,399.05,5,39.92,1.48,375,-225,10623.6
NIFTY,08-Jan-2018,25-Jan-2018,CE,10300,336.65,358.1,327.95,350.25,345,350.25,3467,27683.61,901.04,936450,-29700,10623.6
NIFTY,09-Jan-2018,25-Jan-2018,CE,11300,0.8,0.8,0.65,0.7,0.65,0.7,1387,11755.58,.75,329925,-19125,10637
NIFTY,09-Jan-2018,25-Jan-2018,CE,11350,0,0,0,14.5,14.5,0.2,0,0,0,0,0,10637
NIFTY,09-Jan-2018,25-Jan-2018,CE,11400,0.6,0.65,0.55,0.65,0.6,0.65,647,5532.15,.3,106725,-9975,10637
NIFTY,09-Jan-2018,25-Jan-2018,CE,11450,1.5,1.5,0.15,0.15,0.15,0.15,5,42.94,0,900,75,10637
NIFTY,09-Jan-2018,25-Jan-2018,CE,11500,0.65,0.65,0.55,0.6,0.6,0.6,4842,41764.44,2.19,1401000,-4050,10637
NIFTY,09-Jan-2018,25-Jan-2018,CE,11550,0,0,0,1,1,0.05,0,0,0,825,0,10637
NIFTY,09-Jan-2018,25-Jan-2018,CE,11600,0.4,0.6,0.4,0.6,0.6,0.6,171,1487.76,.06,48225,1500,10637
NIFTY,09-Jan-2018,25-Jan-2018,CE,10800,31.4,33.95,22.85,28.4,27.15,28.4,93390,758327.25,1868.25,3691650,107775,10637
NIFTY,09-Jan-2018,25-Jan-2018,CE,10850,20.45,20.45,14.1,17.8,17,17.8,5245,42746.93,65.75,263850,66225,10637
NIFTY,09-Jan-2018,25-Jan-2018,CE,10900,12.2,12.8,8.95,11,10.5,11,50040,409470.32,393.32,1716000,96075,10637
NIFTY,09-Jan-2018,25-Jan-2018,CE,10950,7.9,8,6.05,7.05,7.45,7.05,875,7190.5,4.56,81075,15900,10637
NIFTY,09-Jan-2018,25-Jan-2018,CE,11000,5.9,5.9,4.35,5.05,4.95,5.05,43494,358983.71,158.21,4545150,23475,10637
NIFTY,09-Jan-2018,25-Jan-2018,CE,11050,3.65,3.65,3.15,3.5,3.4,3.5,334,2768.9,.87,25425,3225,10637
NIFTY,09-Jan-2018,25-Jan-2018,CE,11100,2.25,2.65,2.2,2.5,2.45,2.5,9290,77356.1,16.85,1291500,-14625,10637
NIFTY,09-Jan-2018,25-Jan-2018,CE,11150,2,2,1.65,1.65,1.65,1.65,7,58.55,.01,1500,0,10637
NIFTY,09-Jan-2018,25-Jan-2018,CE,11200,1.5,1.6,1.35,1.45,1.45,1.45,3746,31470.47,4.07,987450,30150,10637
NIFTY,09-Jan-2018,25-Jan-2018,CE,11250,0,0,0,1.5,1.5,0.6,0,0,0,2250,0,10637
NIFTY,09-Jan-2018,25-Jan-2018,CE,10350,310.95,315.55,307.8,312.45,307.8,312.45,7,55.97,1.63,8175,-75,10637
NIFTY,09-Jan-2018,25-Jan-2018,CE,10400,266.05,282.7,248.1,276.35,271,276.35,10002,79989.82,1974.22,1302300,-122850,10637
NIFTY,09-Jan-2018,25-Jan-2018,CE,10450,227.8,236,204.05,230.45,227.55,230.45,247,1977.06,41.2,82950,-1575,10637
NIFTY,09-Jan-2018,25-Jan-2018,CE,10500,187,199.5,169.5,192.1,188.6,192.1,36365,291394.28,5019.91,2480100,-166500,10637
NIFTY,09-Jan-2018,25-Jan-2018,CE,10550,153.75,159.1,132.9,153.45,150.35,153.45,4727,37919.59,517.21,416925,4575,10637
NIFTY,09-Jan-2018,25-Jan-2018,CE,10600,105.3,125,103.05,119.7,117.35,119.7,108815,874418.95,9339.7,4039125,257250,10637
NIFTY,09-Jan-2018,25-Jan-2018,CE,10650,89.4,94.1,76,90.65,87,90.65,25365,204223.81,1620.87,494475,25875,10637
NIFTY,09-Jan-2018,25-Jan-2018,CE,10700,64.35,67.55,53.15,64.05,61.55,64.05,135150,1090704.94,6126.19,3908550,326775,10637
NIFTY,09-Jan-2018,25-Jan-2018,CE,10750,44.15,45.95,35.3,42.8,41.25,42.8,10298,83341.41,313.78,639975,68100,10637
NIFTY,09-Jan-2018,25-Jan-2018,CE,9900,730.6,742.6,715.7,740.8,738.8,740.8,73,581.94,39.91,135075,-675,10637
NIFTY,09-Jan-2018,25-Jan-2018,CE,9950,0,0,0,545.1,545.1,714.5,0,0,0,1500,0,10637
NIFTY,09-Jan-2018,25-Jan-2018,CE,10000,640,653.95,613.9,644.75,642,644.75,621,4955.27,297.77,660600,-27000,10637
NIFTY,09-Jan-2018,25-Jan-2018,CE,10050,0,0,0,525.45,0,614.95,0,0,0,0,0,10637
NIFTY,09-Jan-2018,25-Jan-2018,CE,10100,544.35,550,520,543.9,541.05,543.9,246,1961.73,98.28,258075,-3900,10637
NIFTY,09-Jan-2018,25-Jan-2018,CE,10150,495.25,495.25,495.25,495.25,495.25,495.25,1,7.98,.37,450,75,10637
NIFTY,09-Jan-2018,25-Jan-2018,CE,10200,452.95,464.75,425.6,460.1,453,460.1,917,7323.56,308.51,693975,-14250,10637
NIFTY,09-Jan-2018,25-Jan-2018,CE,10250,0,0,0,399.05,414.4,418.4,0,0,0,375,0,10637
NIFTY,09-Jan-2018,25-Jan-2018,CE,10300,361.45,369.95,332.6,363.4,357.55,363.4,2620,20929.8,690.3,887925,-48525,10637
NIFTY,10-Jan-2018,25-Jan-2018,CE,9900,732.5,738.4,704.9,728.95,729,728.95,58,462.07,31.42,133275,-1800,10632.2
NIFTY,10-Jan-2018,25-Jan-2018,CE,9950,0,0,0,545.1,545.1,707.95,0,0,0,1500,0,10632.2
NIFTY,10-Jan-2018,25-Jan-2018,CE,10000,634.75,643,597.75,632.95,632,632.95,483,3848.56,226.06,662250,1650,10632.2
NIFTY,10-Jan-2018,25-Jan-2018,CE,10050,0,0,0,525.45,0,608.35,0,0,0,0,0,10632.2
NIFTY,10-Jan-2018,25-Jan-2018,CE,10100,544.6,544.6,505.85,538.05,537,538.05,187,1490.08,73.56,252525,-5550,10632.2
NIFTY,10-Jan-2018,25-Jan-2018,CE,10150,0,0,0,495.25,495.25,509.05,0,0,0,450,0,10632.2
NIFTY,10-Jan-2018,25-Jan-2018,CE,10200,445,459.7,412,445.4,443.15,445.4,2486,19820.69,802.79,628725,-65250,10632.2
NIFTY,10-Jan-2018,25-Jan-2018,CE,10250,0,0,0,399.05,414.4,411.05,0,0,0,375,0,10632.2
NIFTY,10-Jan-2018,25-Jan-2018,CE,10300,353,361,317.15,350.3,355,350.3,1753,13990.19,448.27,887550,-375,10632.2
NIFTY,10-Jan-2018,25-Jan-2018,CE,10350,292.6,292.6,290.6,290.6,290.6,290.6,2,15.96,.44,8025,-150,10632.2
NIFTY,10-Jan-2018,25-Jan-2018,CE,10400,270.7,274,233.9,263.3,263.1,263.3,5622,44936,1084.4,1273350,-28950,10632.2
NIFTY,10-Jan-2018,25-Jan-2018,CE,10450,226.15,230,192.2,220.6,219.8,220.6,360,2880.26,58.76,78150,-4800,10632.2
NIFTY,10-Jan-2018,25-Jan-2018,CE,10500,190.4,193.35,156.6,182.65,183.2,182.65,28499,228174.96,3745.34,2494575,14475,10632.2
NIFTY,10-Jan-2018,25-Jan-2018,CE,10550,148,153,121.35,143.4,144.2,143.4,2866,22973.77,296.54,431250,14325,10632.2
NIFTY,10-Jan-2018,25-Jan-2018,CE,10600,117.35,121.7,92.05,111.65,110.9,111.65,130062,1044466.56,10473.66,4160100,120975,10632.2
NIFTY,10-Jan-2018,25-Jan-2018,CE,10650,87.55,91,67,82.1,81,82.1,21462,172704.25,1276.53,558450,63975,10632.2
NIFTY,10-Jan-2018,25-Jan-2018,CE,10700,59.95,63.9,46.15,57.3,57.2,57.3,145261,1171702.63,5983.11,4569450,660900,10632.2
NIFTY,10-Jan-2018,25-Jan-2018,CE,10750,40.85,42.8,30.15,38,37.45,38,11136,90088.26,304.26,674550,34575,10632.2
NIFTY,10-Jan-2018,25-Jan-2018,CE,10800,27.15,28.3,19.6,24.5,24.45,24.5,109192,886381.12,1925.92,3572325,-119325,10632.2
NIFTY,10-Jan-2018,25-Jan-2018,CE,10850,15.95,17.5,12,15.05,14.75,15.05,5536,45110.14,60.94,257550,-6300,10632.2
NIFTY,10-Jan-2018,25-Jan-2018,CE,10900,9.95,10.9,7.4,9.05,8.9,9.05,52686,431058.1,350.05,1911150,195150,10632.2
NIFTY,10-Jan-2018,25-Jan-2018,CE,10950,6.8,6.85,5,5.9,5.85,5.9,1084,8907.05,4.7,83625,2550,10632.2
NIFTY,10-Jan-2018,25-Jan-2018,CE,11000,4.7,4.95,3.65,4.25,4.2,4.25,38332,316360.51,121.51,4510200,-34950,10632.2
NIFTY,10-Jan-2018,25-Jan-2018,CE,11050,3.35,3.9,1.75,2.7,2.5,2.7,193,1599.89,.4,28050,2625,10632.2
NIFTY,10-Jan-2018,25-Jan-2018,CE,11100,2.55,2.55,1.85,2.15,2.25,2.15,6974,58069.56,11.01,1300650,9150,10632.2
NIFTY,10-Jan-2018,25-Jan-2018,CE,11150,0,0,0,1.65,1.65,1.15,0,0,0,1500,0,10632.2
NIFTY,10-Jan-2018,25-Jan-2018,CE,11200,1.45,1.45,1.05,1.2,1.15,1.2,2344,19691.74,2.14,989175,1725,10632.2
NIFTY,10-Jan-2018,25-Jan-2018,CE,11250,0,0,0,1.5,1.5,0.3,0,0,0,2250,0,10632.2
NIFTY,10-Jan-2018,25-Jan-2018,CE,11300,0.65,0.7,0.65,0.7,0.7,0.7,1118,9475.62,.57,325800,-4125,10632.2
NIFTY,10-Jan-2018,25-Jan-2018,CE,11350,0,0,0,14.5,14.5,0.1,0,0,0,0,0,10632.2
NIFTY,10-Jan-2018,25-Jan-2018,CE,11400,0.55,0.75,0.55,0.75,0.75,0.75,729,6233.29,.34,90000,-16725,10632.2
NIFTY,10-Jan-2018,25-Jan-2018,CE,11450,0,0,0,0.15,0.15,0.05,0,0,0,900,0,10632.2
NIFTY,10-Jan-2018,25-Jan-2018,CE,11500,0.6,0.65,0.55,0.6,0.55,0.6,2464,21253.07,1.07,1396425,-4575,10632.2
NIFTY,10-Jan-2018,25-Jan-2018,CE,11550,0,0,0,1,1,0,0,0,0,825,0,10632.2
NIFTY,10-Jan-2018,25-Jan-2018,CE,11600,0.6,0.6,0.4,0.55,0.5,0.55,3177,27641.03,1.13,47325,-900,10632.2
NIFTY,11-Jan-2018,25-Jan-2018,CE,9900,718.5,761.05,718.5,734.4,738.75,734.4,38,303.19,21.04,132375,-900,10651.2
NIFTY,11-Jan-2018,25-Jan-2018,CE,9950,0,0,0,545.1,545.1,725.25,0,0,0,1500,0,10651.2
NIFTY,11-Jan-2018,25-Jan-2018,CE,10000,624.3,672,615,651.35,656.85,651.35,294,2347.81,142.81,655725,-6525,10651.2
NIFTY,11-Jan-2018,25-Jan-2018,CE,10050,0,0,0,525.45,0,625.5,0,0,0,0,0,10651.2
NIFTY,11-Jan-2018,25-Jan-2018,CE,10100,525,570,521,549.65,557,549.65,242,1933.67,100.52,246525,-6000,10651.2
NIFTY,11-Jan-2018,25-Jan-2018,CE,10150,0,0,0,495.25,495.25,526,0,0,0,450,0,10651.2
NIFTY,11-Jan-2018,25-Jan-2018,CE,10200,430,482,427.3,462.75,467,462.75,776,6202.71,266.31,606825,-21900,10651.2
NIFTY,11-Jan-2018,25-Jan-2018,CE,10250,0,0,0,399.05,414.4,427.2,0,0,0,375,0,10651.2
NIFTY,11-Jan-2018,25-Jan-2018,CE,10300,344.3,384.9,333.95,362.6,369.3,362.6,1491,11919.58,401.61,871650,-15900,10651.2
NIFTY,11-Jan-2018,25-Jan-2018,CE,10350,0,0,0,290.6,290.6,330.8,0,0,0,8025,0,10651.2
NIFTY,11-Jan-2018,25-Jan-2018,CE,10400,255.35,294.85,247.7,275,282,275,3974,31809.88,812.68,1234125,-39225,10651.2
NIFTY,11-Jan-2018,25-Jan-2018,CE,10450,215,244.85,204.9,232.7,235,232.7,178,1425.78,30.7,73725,-4425,10651.2
NIFTY,11-Jan-2018,25-Jan-2018,CE,10500,175,209,168.25,192.85,197,192.85,33473,268363.91,4764.03,2437425,-57150,10651.2
NIFTY,11-Jan-2018,25-Jan-2018,CE,10550,141,166.5,131.7,151.95,155.5,151.95,2441,19586.27,271.86,415875,-15375,10651.2
NIFTY,11-Jan-2018,25-Jan-2018,CE,10600,110.9,133,100.2,119.2,123,119.2,118298,950829.12,10360.02,3646875,-513225,10651.2
NIFTY,11-Jan-2018,25-Jan-2018,CE,10650,75.9,99,72.3,87.25,90,87.25,25617,206249.16,1633.37,610200,51750,10651.2
NIFTY,11-Jan-2018,25-Jan-2018,CE,10700,51.85,71.5,49.2,61.55,64,61.55,153424,1238173.49,6945.89,4090800,-478650,10651.2
NIFTY,11-Jan-2018,25-Jan-2018,CE,10750,34.5,48.15,31,40.65,41.95,40.65,14144,114461.98,425.98,740175,65625,10651.2
NIFTY,11-Jan-2018,25-Jan-2018,CE,10800,21.8,31,20.2,26.1,27.4,26.1,101902,827356.26,1950.06,3549075,-23250,10651.2
NIFTY,11-Jan-2018,25-Jan-2018,CE,10850,13.45,18.6,12,15.8,16.5,15.8,5557,45284.96,64.88,261225,3675,10651.2
NIFTY,11-Jan-2018,25-Jan-2018,CE,10900,7.95,11.3,7.2,9.25,9.7,9.25,49388,404091.35,344.45,2130075,218925,10651.2
NIFTY,11-Jan-2018,25-Jan-2018,CE,10950,5.65,7,5.05,5.95,5.95,5.95,1256,10320.59,5.69,92100,8475,10651.2
NIFTY,11-Jan-2018,25-Jan-2018,CE,11000,3.75,4.8,3.5,4.15,4.2,4.15,30808,254261.99,95.99,4499175,-11025,10651.2
NIFTY,11-Jan-2018,25-Jan-2018,CE,11050,3,3.35,2.5,2.9,3,2.9,143,1185.42,.31,28950,900,10651.2
NIFTY,11-Jan-2018,25-Jan-2018,CE,11100,1.75,2.3,1.75,2.1,2.15,2.1,10182,84780.42,15.27,1332000,31350,10651.2
NIFTY,11-Jan-2018,25-Jan-2018,CE,11150,0,0,0,1.65,1.65,0.95,0,0,0,1500,0,10651.2
NIFTY,11-Jan-2018,25-Jan-2018,CE,11200,1.1,1.45,0.85,1.35,1.4,1.35,5123,43037.8,4.6,1107675,118500,10651.2
NIFTY,11-Jan-2018,25-Jan-2018,CE,11250,1,1.2,1,1.15,1.15,1.15,37,312.22,.03,2700,450,10651.2
NIFTY,11-Jan-2018,25-Jan-2018,CE,11300,0.65,0.8,0.6,0.75,0.7,0.75,1617,13704.92,.84,323100,-2700,10651.2
NIFTY,11-Jan-2018,25-Jan-2018,CE,11350,0,0,0,14.5,14.5,0.05,0,0,0,0,0,10651.2
NIFTY,11-Jan-2018,25-Jan-2018,CE,11400,0.7,0.7,0.55,0.65,0.65,0.65,525,4488.99,.24,89400,-600,10651.2
NIFTY,11-Jan-2018,25-Jan-2018,CE,11450,0.5,0.5,0.5,0.5,0.5,0.5,1,8.59,0,825,-75,10651.2
NIFTY,11-Jan-2018,25-Jan-2018,CE,11500,0.55,0.65,0.5,0.6,0.55,0.6,3715,32043.5,1.62,1307475,-88950,10651.2
NIFTY,11-Jan-2018,25-Jan-2018,CE,11550,1,1,0.9,0.9,0.9,0.9,5,43.32,0,1125,300,10651.2
NIFTY,11-Jan-2018,25-Jan-2018,CE,11600,0.45,0.6,0.45,0.5,0.5,0.5,282,2453.51,.11,49425,2100,10651.2
NIFTY,12-Jan-2018,25-Jan-2018,CE,9900,772.9,782,725,775.3,774.45,775.3,60,479.66,34.16,130125,-2250,10681.25
NIFTY,12-Jan-2018,25-Jan-2018,CE,9950,0,0,0,545.1,545.1,753.55,0,0,0,1500,0,10681.25
NIFTY,12-Jan-2018,25-Jan-2018,CE,10000,679.45,684.9,605,678.75,680,678.75,451,3605.91,223.41,649875,-5850,10681.25
NIFTY,12-Jan-2018,25-Jan-2018,CE,10050,0,0,0,525.45,0,653.8,0,0,0,0,0,10681.25
NIFTY,12-Jan-2018,25-Jan-2018,CE,10100,580.55,586.3,509.15,582.4,580.5,582.4,347,2772.72,144.19,237825,-8700,10681.25
NIFTY,12-Jan-2018,25-Jan-2018,CE,10150,480,480,480,480,480,480,1,7.97,.36,375,-75,10681.25
NIFTY,12-Jan-2018,25-Jan-2018,CE,10200,483.8,496,417,490.8,488,490.8,1801,14395.84,618.19,571650,-35175,10681.25
NIFTY,12-Jan-2018,25-Jan-2018,CE,10250,0,0,0,399.05,414.4,454.8,0,0,0,375,0,10681.25
NIFTY,12-Jan-2018,25-Jan-2018,CE,10300,388,397.4,322.85,389.55,385.4,389.55,1868,14957.52,527.22,839325,-32325,10681.25
NIFTY,12-Jan-2018,25-Jan-2018,CE,10350,338.8,342.45,300.5,342.4,342.45,342.4,17,136.08,4.12,8100,75,10681.25
NIFTY,12-Jan-2018,25-Jan-2018,CE,10400,306.5,307.05,236.75,299.2,299,299.2,6805,54542.73,1463.73,1124550,-109575,10681.25
NIFTY,12-Jan-2018,25-Jan-2018,CE,10450,252.5,258.5,196.6,251.85,250.45,251.85,342,2741.32,60.9,69375,-4350,10681.25
NIFTY,12-Jan-2018,25-Jan-2018,CE,10500,213.5,223.2,157.75,213.4,210.5,213.4,31378,251736.9,4635.15,2238000,-199425,10681.25
NIFTY,12-Jan-2018,25-Jan-2018,CE,10550,171.45,175,120,169.25,164.1,169.25,3457,27752.18,398.67,408825,-7050,10681.25
NIFTY,12-Jan-2018,25-Jan-2018,CE,10600,130,140.65,91.2,132.75,129.5,132.75,162352,1305094.58,14396.18,3244800,-402075,10681.25
NIFTY,12-Jan-2018,25-Jan-2018,CE,10650,99.5,102.95,63.75,96.75,93.95,96.75,35322,284377.13,2242.66,690900,80700,10681.25
NIFTY,12-Jan-2018,25-Jan-2018,CE,10700,71,75,42.8,68.55,65.4,68.55,297323,2399582.74,13565.66,4312425,221625,10681.25
NIFTY,12-Jan-2018,25-Jan-2018,CE,10750,48,49.85,26.3,44.05,42.2,44.05,45572,368794.5,1370.25,1112625,372450,10681.25
NIFTY,12-Jan-2018,25-Jan-2018,CE,10800,32,33.1,16.35,27.5,25.35,27.5,208489,1692616.02,3855.12,3546525,-2550,10681.25
NIFTY,12-Jan-2018,25-Jan-2018,CE,10850,16.75,18.8,9.95,15.55,14.5,15.55,16948,138101.01,186.66,414675,153450,10681.25
NIFTY,12-Jan-2018,25-Jan-2018,CE,10900,10.5,11.9,5.85,9,8.05,9,96715,791260.71,615.58,2183550,53475,10681.25
NIFTY,12-Jan-2018,25-Jan-2018,CE,10950,6.3,6.65,3.8,5.55,4.95,5.55,2971,24411.44,12.1,88950,-3150,10681.25
NIFTY,12-Jan-2018,25-Jan-2018,CE,11000,3.85,4.95,2.9,3.8,3.4,3.8,58282,480988.92,162.42,4730775,231600,10681.25
NIFTY,12-Jan-2018,25-Jan-2018,CE,11050,3.2,3.2,2.1,2.55,2.35,2.55,383,3174.83,.71,29850,900,10681.25
NIFTY,12-Jan-2018,25-Jan-2018,CE,11100,3.9,3.9,1.4,1.75,1.45,1.75,12389,103156.16,17.73,1345725,13725,10681.25
NIFTY,12-Jan-2018,25-Jan-2018,CE,11150,0,0,0,1.65,1.65,0.9,0,0,0,1500,0,10681.25
NIFTY,12-Jan-2018,25-Jan-2018,CE,11200,1.95,1.95,1.25,1.4,1.3,1.4,11444,96142.13,12.53,1388700,281025,10681.25
NIFTY,12-Jan-2018,25-Jan-2018,CE,11250,1.3,1.45,1.2,1.45,1.45,1.45,13,109.7,.01,3675,975,10681.25
NIFTY,12-Jan-2018,25-Jan-2018,CE,11300,0.7,0.9,0.7,0.8,0.7,0.8,3333,28249.1,1.92,366600,43500,10681.25
NIFTY,12-Jan-2018,25-Jan-2018,CE,11350,0,0,0,14.5,14.5,0.05,0,0,0,0,0,10681.25
NIFTY,12-Jan-2018,25-Jan-2018,CE,11400,0.65,0.9,0.6,0.75,0.65,0.75,3761,32158.72,2.17,194850,105450,10681.25
NIFTY,12-Jan-2018,25-Jan-2018,CE,11450,0.05,0.6,0.05,0.6,0.6,0.6,2,17.18,0,750,-75,10681.25
NIFTY,12-Jan-2018,25-Jan-2018,CE,11500,0.55,0.75,0.55,0.6,0.6,0.6,8191,70651.25,3.87,1299000,-8475,10681.25
NIFTY,12-Jan-2018,25-Jan-2018,CE,11550,0,0,0,0.9,0.9,0,0,0,0,1125,0,10681.25
NIFTY,12-Jan-2018,25-Jan-2018,CE,11600,0.5,0.65,0.45,0.55,0.65,0.55,4435,38586.16,1.66,46425,-3000,10681.25
NIFTY,15-Jan-2018,25-Jan-2018,CE,9900,818.5,862.1,818.5,840.5,837,840.5,86,693.06,54.51,125025,-5100,10741.55
NIFTY,15-Jan-2018,25-Jan-2018,CE,9950,0,0,0,545.1,545.1,808.75,0,0,0,1500,0,10741.55
NIFTY,15-Jan-2018,25-Jan-2018,CE,10000,714,765,709.25,737.2,737,737.2,749,6035.61,418.11,638400,-11475,10741.55
NIFTY,15-Jan-2018,25-Jan-2018,CE,10050,0,0,0,525.45,0,708.9,0,0,0,0,0,10741.55
NIFTY,15-Jan-2018,25-Jan-2018,CE,10100,620.1,665.65,607.4,642.05,637.15,642.05,333,2684.8,162.32,228525,-9300,10741.55
NIFTY,15-Jan-2018,25-Jan-2018,CE,10150,0,0,0,480,480,609.1,0,0,0,375,0,10741.55
NIFTY,15-Jan-2018,25-Jan-2018,CE,10200,519.05,572.25,518,546,546.5,546,1575,12703.91,655.16,542400,-29250,10741.55
NIFTY,15-Jan-2018,25-Jan-2018,CE,10250,0,0,0,399.05,414.4,509.3,0,0,0,375,0,10741.55
NIFTY,15-Jan-2018,25-Jan-2018,CE,10300,418,472,415.45,445.45,446,445.45,1852,14934.87,628.17,792750,-46575,10741.55
NIFTY,15-Jan-2018,25-Jan-2018,CE,10350,385.25,412.6,385.25,391.45,391.45,391.45,4,32.23,1.18,8250,150,10741.55
NIFTY,15-Jan-2018,25-Jan-2018,CE,10400,326.2,377.75,325,351,350.5,351,3954,31894.61,1053.41,1046775,-77775,10741.55
NIFTY,15-Jan-2018,25-Jan-2018,CE,10450,261.8,329,261.8,301.75,299,301.75,222,1790.24,50.32,62550,-6825,10741.55
NIFTY,15-Jan-2018,25-Jan-2018,CE,10500,232,286.85,229.9,258.8,260,258.8,15860,127995.94,3098.44,1985025,-252975,10741.55
NIFTY,15-Jan-2018,25-Jan-2018,CE,10550,184.45,238,184.45,209.45,213.4,209.45,3614,29153.62,557.85,293700,-115125,10741.55
NIFTY,15-Jan-2018,25-Jan-2018,CE,10600,146,197.5,145.95,170.55,171.9,170.55,60719,490580.73,7864.68,2331675,-913125,10741.55
NIFTY,15-Jan-2018,25-Jan-2018,CE,10650,144.9,152.15,108.5,128.7,129.05,128.7,11774,95176.22,1131.4,562800,-128100,10741.55
NIFTY,15-Jan-2018,25-Jan-2018,CE,10700,109.9,116.9,75.55,95.75,96.1,95.75,208431,1687906.17,15247.4,4042425,-270000,10741.55
NIFTY,15-Jan-2018,25-Jan-2018,CE,10750,49.95,82.45,49.9,65.25,66.1,65.25,39122,317380.66,1959.53,1369950,257325,10741.55
NIFTY,15-Jan-2018,25-Jan-2018,CE,10800,36,56.4,30.2,42.95,43.25,42.95,212534,1728652.04,7126.64,4490175,943650,10741.55
NIFTY,15-Jan-2018,25-Jan-2018,CE,10850,18.4,35.5,14.4,26.5,26.2,26.5,28089,229152.34,578.1,674550,259875,10741.55
NIFTY,15-Jan-2018,25-Jan-2018,CE,10900,8.1,21.95,8.1,15.9,15.85,15.9,144552,1183498.62,1786.02,2356575,173025,10741.55
NIFTY,15-Jan-2018,25-Jan-2018,CE,10950,14.9,14.9,5.45,9.5,9.4,9.5,11680,96007.65,85.65,238125,149175,10741.55
NIFTY,15-Jan-2018,25-Jan-2018,CE,11000,5.1,7.75,3.6,6,5.65,6,119121,983265.44,517.19,4792950,62175,10741.55
NIFTY,15-Jan-2018,25-Jan-2018,CE,11050,2.4,4.6,2.35,3.5,3.55,3.5,1744,14458.35,4.95,33750,3900,10741.55
NIFTY,15-Jan-2018,25-Jan-2018,CE,11100,1.75,2.95,1.45,2.3,2.2,2.3,28639,238469.59,49.92,1342500,-3225,10741.55
NIFTY,15-Jan-2018,25-Jan-2018,CE,11150,2.2,2.2,2.2,2.2,2.2,2.2,2,16.73,0,1500,0,10741.55
NIFTY,15-Jan-2018,25-Jan-2018,CE,11200,1.2,1.6,1.1,1.4,1.4,1.4,14406,121025.46,15.06,1565700,177000,10741.55
NIFTY,15-Jan-2018,25-Jan-2018,CE,11250,0,0,0,1.45,1.45,0.15,0,0,0,3675,0,10741.55
NIFTY,15-Jan-2018,25-Jan-2018,CE,11300,0.75,0.95,0.7,0.85,0.7,0.85,2734,23172.41,1.76,359100,-7500,10741.55
NIFTY,15-Jan-2018,25-Jan-2018,CE,11350,0,0,0,14.5,14.5,0.05,0,0,0,0,0,10741.55
NIFTY,15-Jan-2018,25-Jan-2018,CE,11400,0.8,0.85,0.55,0.65,0.65,0.65,3346,28609.91,1.61,143925,-50925,10741.55
NIFTY,15-Jan-2018,25-Jan-2018,CE,11450,0.6,0.6,0.6,0.6,0.6,0.6,2,17.18,0,600,-150,10741.55
NIFTY,15-Jan-2018,25-Jan-2018,CE,11500,0.65,0.75,0.45,0.55,0.55,0.55,6713,57902.7,3.07,1338075,39075,10741.55
NIFTY,15-Jan-2018,25-Jan-2018,CE,11550,0.1,1,0.1,0.1,0.1,0.1,12,103.95,0,525,-600,10741.55
NIFTY,15-Jan-2018,25-Jan-2018,CE,11600,0.5,0.7,0.45,0.5,0.45,0.5,1335,11615.02,.52,46875,450,10741.55
NIFTY,16-Jan-2018,25-Jan-2018,CE,9900,845.05,847.75,794.6,814.25,814.25,814.25,146,1174.37,90.32,119325,-5700,10700.45
NIFTY,16-Jan-2018,25-Jan-2018,CE,9950,0,0,0,545.1,545.1,765.95,0,0,0,1500,0,10700.45
NIFTY,16-Jan-2018,25-Jan-2018,CE,10000,742,748,690,698.3,717.15,698.3,351,2819.9,187.4,622800,-15600,10700.45
NIFTY,16-Jan-2018,25-Jan-2018,CE,10050,0,0,0,525.45,0,666.1,0,0,0,0,0,10700.45
NIFTY,16-Jan-2018,25-Jan-2018,CE,10100,638.15,644.65,589.35,601.45,617.7,601.45,180,1445.89,82.39,225900,-2625,10700.45
NIFTY,16-Jan-2018,25-Jan-2018,CE,10150,0,0,0,480,480,566.25,0,0,0,375,0,10700.45
NIFTY,16-Jan-2018,25-Jan-2018,CE,10200,546.25,552.4,498,515.2,524,515.2,653,5251.4,255.95,528075,-14325,10700.45
NIFTY,16-Jan-2018,25-Jan-2018,CE,10250,0,0,0,399.05,414.4,466.5,0,0,0,375,0,10700.45
NIFTY,16-Jan-2018,25-Jan-2018,CE,10300,444.25,455,395,409.5,423.1,409.5,1041,8374.39,332.67,775200,-17550,10700.45
NIFTY,16-Jan-2018,25-Jan-2018,CE,10350,384,384,354.25,358,358,358,7,56.29,1.95,7950,-300,10700.45
NIFTY,16-Jan-2018,25-Jan-2018,CE,10400,357.55,360.6,301.5,315.45,326.65,315.45,2160,17385.15,537.15,1007400,-39375,10700.45
NIFTY,16-Jan-2018,25-Jan-2018,CE,10450,306.45,307.15,254.75,270.05,282.65,270.05,109,876.97,22.68,61650,-900,10700.45
NIFTY,16-Jan-2018,25-Jan-2018,CE,10500,267.9,268.25,212,225.15,235.4,225.15,13603,109528.59,2404.97,1853625,-131400,10700.45
NIFTY,16-Jan-2018,25-Jan-2018,CE,10550,211.85,220,170,182.35,194.9,182.35,2532,20413.98,379.53,199575,-94125,10700.45
NIFTY,16-Jan-2018,25-Jan-2018,CE,10600,179.25,180.25,129.8,142,150.75,142,51550,415715.47,5892.97,2109750,-221925,10700.45
NIFTY,16-Jan-2018,25-Jan-2018,CE,10650,131.25,136.8,93,103.9,112.15,103.9,15543,125429.65,1279.94,636600,73800,10700.45
NIFTY,16-Jan-2018,25-Jan-2018,CE,10700,101.1,106.4,63.3,72.7,80.8,72.7,238464,1927907.08,14233.48,4393275,350850,10700.45
NIFTY,16-Jan-2018,25-Jan-2018,CE,10750,66.7,70.25,40,46.75,53,46.75,56675,459146.6,2204.42,1868625,498675,10700.45
NIFTY,16-Jan-2018,25-Jan-2018,CE,10800,46.85,48.5,24.05,28.5,32.15,28.5,268775,2183723.17,6645.67,4924575,434400,10700.45
NIFTY,16-Jan-2018,25-Jan-2018,CE,10850,28.2,28.3,13,15.85,19,15.85,29686,241995.41,425.59,814200,139650,10700.45
NIFTY,16-Jan-2018,25-Jan-2018,CE,10900,15.4,17.15,7.6,8.85,10.3,8.85,146639,1199997.02,1223.19,2810475,453900,10700.45
NIFTY,16-Jan-2018,25-Jan-2018,CE,10950,9.25,9.8,4.3,5.2,6,5.2,10225,84021.98,49.17,257100,18975,10700.45
NIFTY,16-Jan-2018,25-Jan-2018,CE,11000,6.2,6.25,2.85,3.5,3.75,3.5,81460,672298.52,253.52,5220825,427875,10700.45
NIFTY,16-Jan-2018,25-Jan-2018,CE,11050,3.45,3.6,1.95,2.4,2.75,2.4,1003,8314.35,1.99,41925,8175,10700.45
NIFTY,16-Jan-2018,25-Jan-2018,CE,11100,2.75,2.75,1.45,1.8,2.05,1.8,17472,145478.82,24.42,1449000,106500,10700.45
NIFTY,16-Jan-2018,25-Jan-2018,CE,11150,2.05,2.05,1.1,1.6,1.5,1.6,18,150.55,.02,1425,-75,10700.45
NIFTY,16-Jan-2018,25-Jan-2018,CE,11200,1.5,1.5,1.1,1.35,1.5,1.35,8665,72794.22,8.22,1600950,35250,10700.45
NIFTY,16-Jan-2018,25-Jan-2018,CE,11250,1.15,2.5,0.35,0.95,0.95,0.95,37,312.22,.03,3225,-450,10700.45
NIFTY,16-Jan-2018,25-Jan-2018,CE,11300,0.95,0.95,0.75,0.9,0.95,0.9,1102,9340.12,.67,353325,-5775,10700.45
NIFTY,16-Jan-2018,25-Jan-2018,CE,11350,0,0,0,14.5,14.5,0,0,0,0,0,0,10700.45
NIFTY,16-Jan-2018,25-Jan-2018,CE,11400,0.65,0.7,0.55,0.65,0.6,0.65,1039,8883.92,.47,155325,11400,10700.45
NIFTY,16-Jan-2018,25-Jan-2018,CE,11450,1.45,1.45,1.45,1.45,1.45,1.45,2,17.18,0,600,0,10700.45
NIFTY,16-Jan-2018,25-Jan-2018,CE,11500,0.55,0.55,0.45,0.5,0.45,0.5,3118,26893.91,1.16,1317300,-20775,10700.45
NIFTY,16-Jan-2018,25-Jan-2018,CE,11550,0,0,0,0.1,0.1,0,0,0,0,525,0,10700.45
NIFTY,16-Jan-2018,25-Jan-2018,CE,11600,0.45,0.55,0.35,0.4,0.45,0.4,111,965.74,.04,46425,-450,10700.45
NIFTY,17-Jan-2018,25-Jan-2018,CE,9900,766.4,897,763.8,886.45,897,886.45,94,753.88,55.93,118875,-450,10788.55
NIFTY,17-Jan-2018,25-Jan-2018,CE,9950,0,0,0,545.1,545.1,852.3,0,0,0,1500,0,10788.55
NIFTY,17-Jan-2018,25-Jan-2018,CE,10000,699,799.25,662,782.95,792.1,782.95,631,5083.07,350.57,627825,5025,10788.55
NIFTY,17-Jan-2018,25-Jan-2018,CE,10050,0,0,0,525.45,0,752.45,0,0,0,0,0,10788.55
NIFTY,17-Jan-2018,25-Jan-2018,CE,10100,594.3,698.2,565.45,684.55,698.2,684.55,211,1699.88,101.56,221625,-4275,10788.55
NIFTY,17-Jan-2018,25-Jan-2018,CE,10150,0,0,0,480,480,652.6,0,0,0,375,0,10788.55
NIFTY,17-Jan-2018,25-Jan-2018,CE,10200,507.65,605.2,470.45,589.7,598.85,589.7,614,4939.38,242.28,525675,-2400,10788.55
NIFTY,17-Jan-2018,25-Jan-2018,CE,10250,0,0,0,399.05,414.4,552.75,0,0,0,375,0,10788.55
NIFTY,17-Jan-2018,25-Jan-2018,CE,10300,400,503.3,371,484.45,497.65,484.45,1127,9075.45,369.37,754575,-20625,10788.55
NIFTY,17-Jan-2018,25-Jan-2018,CE,10350,330,421,330,421,421,421,7,56.36,2.03,8025,75,10788.55
NIFTY,17-Jan-2018,25-Jan-2018,CE,10400,308.5,407.9,278.55,390.5,399,390.5,2004,16143.66,512.46,983325,-24075,10788.55
NIFTY,17-Jan-2018,25-Jan-2018,CE,10450,261.6,353,237.5,342.4,347.4,342.4,110,889.19,27.06,61575,-75,10788.55
NIFTY,17-Jan-2018,25-Jan-2018,CE,10500,217.6,309.35,191.5,293.65,303,293.65,10688,86177.75,2009.75,1752075,-101550,10788.55
NIFTY,17-Jan-2018,25-Jan-2018,CE,10550,176.35,262.35,151,252.35,254.05,252.35,966,7792.75,149.27,184275,-15300,10788.55
NIFTY,17-Jan-2018,25-Jan-2018,CE,10600,117.1,216.9,113.4,201.6,210,201.6,58791,474338.48,6950.03,1929675,-180075,10788.55
NIFTY,17-Jan-2018,25-Jan-2018,CE,10650,100.45,172.95,78.1,158.15,164.6,158.15,21607,174569.5,1983.58,442425,-194175,10788.55
NIFTY,17-Jan-2018,25-Jan-2018,CE,10700,72,130.75,51.35,119.05,124.9,119.05,273489,2212139.27,17390.05,3946425,-446850,10788.55
NIFTY,17-Jan-2018,25-Jan-2018,CE,10750,47.95,92.9,31,83.7,86.75,83.7,70995,575397.83,3000.64,1530450,-338175,10788.55
NIFTY,17-Jan-2018,25-Jan-2018,CE,10800,25.55,62.2,18,54.8,57,54.8,348019,2828709.53,9755.63,4565925,-358650,10788.55
NIFTY,17-Jan-2018,25-Jan-2018,CE,10850,14.95,39,9.25,34.4,36.6,34.4,44469,362630.74,764.26,959400,145200,10788.55
NIFTY,17-Jan-2018,25-Jan-2018,CE,10900,9.35,22.85,5.25,19.6,20.9,19.6,203764,1667662.31,1891.61,2546925,-263550,10788.55
NIFTY,17-Jan-2018,25-Jan-2018,CE,10950,4.9,12.25,3.3,10.6,11.5,10.6,15314,125847.06,80.84,303225,46125,10788.55
NIFTY,17-Jan-2018,25-Jan-2018,CE,11000,3.75,6.75,2.35,5.95,6.35,5.95,108738,897436.65,348.15,5031975,-188850,10788.55
NIFTY,17-Jan-2018,25-Jan-2018,CE,11050,2.25,3.95,1.85,3.6,3.65,3.6,1529,12675.04,3.45,49425,7500,10788.55
NIFTY,17-Jan-2018,25-Jan-2018,CE,11100,1.75,2.6,1.55,2.3,2.35,2.3,22878,190493.02,33.67,1501125,52125,10788.55
NIFTY,17-Jan-2018,25-Jan-2018,CE,11150,1.35,1.75,1.35,1.65,1.65,1.65,23,192.37,.03,2025,600,10788.55
NIFTY,17-Jan-2018,25-Jan-2018,CE,11200,1.25,1.5,1.2,1.3,1.25,1.3,8299,69719.9,8.3,1622250,21300,10788.55
NIFTY,17-Jan-2018,25-Jan-2018,CE,11250,1.15,1.15,1,1.1,1.15,1.1,3,25.31,0,3375,150,10788.55
NIFTY,17-Jan-2018,25-Jan-2018,CE,11300,0.8,1.15,0.8,0.95,1.05,0.95,2331,19756.78,1.56,368400,15075,10788.55
NIFTY,17-Jan-2018,25-Jan-2018,CE,11350,0,0,0,14.5,14.5,0.05,0,0,0,0,0,10788.55
NIFTY,17-Jan-2018,25-Jan-2018,CE,11400,0.65,0.7,0.6,0.65,0.7,0.65,1020,8721.49,.49,153975,-1350,10788.55
NIFTY,17-Jan-2018,25-Jan-2018,CE,11450,0,0,0,1.45,1.45,0,0,0,0,600,0,10788.55
NIFTY,17-Jan-2018,25-Jan-2018,CE,11500,0.5,0.5,0.4,0.45,0.4,0.45,3822,32966.07,1.32,1295025,-22275,10788.55
NIFTY,17-Jan-2018,25-Jan-2018,CE,11550,0,0,0,0.1,0.1,0,0,0,0,525,0,10788.55
NIFTY,17-Jan-2018,25-Jan-2018,CE,11600,0.4,0.4,0.25,0.35,0.4,0.35,5471,47599.13,1.43,43950,-2475,10788.55
NIFTY,18-Jan-2018,25-Jan-2018,CE,9900,939.75,963.75,872.75,907.65,911.4,907.65,102,829.51,72.16,112725,-6150,10817
NIFTY,18-Jan-2018,25-Jan-2018,CE,9950,0,0,0,545.1,545.1,879.05,0,0,0,1500,0,10817
NIFTY,18-Jan-2018,25-Jan-2018,CE,10000,887.6,887.6,772,800.45,801.75,800.45,734,5961.18,456.18,607875,-19950,10817
NIFTY,18-Jan-2018,25-Jan-2018,CE,10050,0,0,0,525.45,0,779.2,0,0,0,0,0,10817
NIFTY,18-Jan-2018,25-Jan-2018,CE,10100,750.1,767.85,682.2,701.55,702,701.55,230,1868.78,126.53,214425,-7200,10817
NIFTY,18-Jan-2018,25-Jan-2018,CE,10150,677.2,677.2,677.2,677.2,677.2,677.2,2,16.24,1.02,225,-150,10817
NIFTY,18-Jan-2018,25-Jan-2018,CE,10200,687.15,687.15,581,611.5,609,611.5,1264,10280.53,610.93,452175,-73500,10817
NIFTY,18-Jan-2018,25-Jan-2018,CE,10250,0,0,0,399.05,414.4,579.45,0,0,0,375,0,10817
NIFTY,18-Jan-2018,25-Jan-2018,CE,10300,587.7,587.7,475.2,502.2,509.55,502.2,1251,10173.88,509.91,720825,-33750,10817
NIFTY,18-Jan-2018,25-Jan-2018,CE,10350,487.3,487.3,487.3,487.3,487.3,487.3,1,8.13,.37,8025,0,10817
NIFTY,18-Jan-2018,25-Jan-2018,CE,10400,495.3,495.3,377.95,408.25,409.8,408.25,1901,15460.86,633.06,925650,-57675,10817
NIFTY,18-Jan-2018,25-Jan-2018,CE,10450,351.5,421.5,337,353.05,357.25,353.05,218,1770.68,62.1,55350,-6225,10817
NIFTY,18-Jan-2018,25-Jan-2018,CE,10500,340.35,394.5,283,313.65,317.6,313.65,8168,66373.36,2050.36,1578525,-173550,10817
NIFTY,18-Jan-2018,25-Jan-2018,CE,10550,275.15,354.15,235.35,263.8,259.7,263.8,1107,9003.73,244.59,179700,-4575,10817
NIFTY,18-Jan-2018,25-Jan-2018,CE,10600,254.2,281,190.15,219.45,224.05,219.45,16762,136358.14,3100.24,1664475,-265200,10817
NIFTY,18-Jan-2018,25-Jan-2018,CE,10650,200,265.35,148.9,174.4,175.55,174.4,3247,26435.84,500.42,350325,-92100,10817
NIFTY,18-Jan-2018,25-Jan-2018,CE,10700,164.7,186,108,133.05,134,133.05,91005,741108.38,10793.25,2551950,-1394475,10817
NIFTY,18-Jan-2018,25-Jan-2018,CE,10750,123,188.95,73.65,94.7,98.4,94.7,22780,185671.95,2008.2,1048200,-482250,10817
NIFTY,18-Jan-2018,25-Jan-2018,CE,10800,97.95,112.4,44.15,61.5,61.2,61.5,336167,2742579.5,19626.8,5118600,552675,10817
NIFTY,18-Jan-2018,25-Jan-2018,CE,10850,64.4,73.3,25,39.1,38.2,39.1,77282,631777.12,2894.85,1570050,610650,10817
NIFTY,18-Jan-2018,25-Jan-2018,CE,10900,50.35,56.4,13.95,22.55,23.1,22.55,404044,3312540.85,9481.15,4181025,1634100,10817
NIFTY,18-Jan-2018,25-Jan-2018,CE,10950,30,30,8,12.55,13.05,12.55,63063,518747.12,842.23,801750,498525,10817
NIFTY,18-Jan-2018,25-Jan-2018,CE,11000,12.9,15.5,5.35,7.7,8.25,7.7,322227,2660881.82,2509.07,6226650,1194675,10817
NIFTY,18-Jan-2018,25-Jan-2018,CE,11050,9.55,9.55,2.95,4.25,4.95,4.25,21755,180384.82,90.26,336450,287025,10817
NIFTY,18-Jan-2018,25-Jan-2018,CE,11100,5.3,5.75,1.7,2.15,2.45,2.15,70125,583954.4,163.78,2434800,933675,10817
NIFTY,18-Jan-2018,25-Jan-2018,CE,11150,2.8,4.5,1.4,1.7,1.75,1.7,1410,11793.45,2.32,39525,37500,10817
NIFTY,18-Jan-2018,25-Jan-2018,CE,11200,1.3,2.4,1,1.4,1.5,1.4,38283,321625.03,47.83,1841700,219450,10817
NIFTY,18-Jan-2018,25-Jan-2018,CE,11250,2.9,3,0.8,1.75,1.85,1.75,19,160.34,.03,4275,900,10817
NIFTY,18-Jan-2018,25-Jan-2018,CE,11300,0.35,1.5,0.35,0.85,0.9,0.85,7916,67094.36,6.26,384000,15600,10817
NIFTY,18-Jan-2018,25-Jan-2018,CE,11350,3,3,3,3,3,3,1,8.51,0,75,75,10817
NIFTY,18-Jan-2018,25-Jan-2018,CE,11400,0.9,1.1,0.45,0.55,0.55,0.55,1983,16955.71,1.06,167025,13050,10817
NIFTY,18-Jan-2018,25-Jan-2018,CE,11450,1.05,1.05,1.05,1.05,1.05,1.05,3,25.76,0,600,0,10817
NIFTY,18-Jan-2018,25-Jan-2018,CE,11500,0.7,0.75,0.3,0.4,0.3,0.4,8813,76015.22,3.1,1288275,-6750,10817
NIFTY,18-Jan-2018,25-Jan-2018,CE,11550,0,0,0,0.1,0.1,0,0,0,0,525,0,10817
NIFTY,18-Jan-2018,25-Jan-2018,CE,11600,0.5,0.5,0.25,0.3,0.25,0.3,332,2888.48,.08,43950,0,10817
NIFTY,19-Jan-2018,25-Jan-2018,CE,9900,910.3,982.15,884.2,974.6,982.15,974.6,241,1956.97,167.54,103200,-9525,10894.7
NIFTY,19-Jan-2018,25-Jan-2018,CE,9950,0,0,0,545.1,545.1,955.05,0,0,0,1500,0,10894.7
NIFTY,19-Jan-2018,25-Jan-2018,CE,10000,800,907.1,785.2,889.1,904.8,889.1,658,5350.53,415.53,594750,-13125,10894.7
NIFTY,19-Jan-2018,25-Jan-2018,CE,10050,0,0,0,525.45,0,855.15,0,0,0,0,0,10894.7
NIFTY,19-Jan-2018,25-Jan-2018,CE,10100,708.45,806.65,684,797.5,805,797.5,568,4613.02,310.42,195375,-19050,10894.7
NIFTY,19-Jan-2018,25-Jan-2018,CE,10150,0,0,0,677.2,677.2,755.25,0,0,0,225,0,10894.7
NIFTY,19-Jan-2018,25-Jan-2018,CE,10200,615.55,708.25,597.85,692,704.4,692,502,4084.61,244.31,443700,-8475,10894.7
NIFTY,19-Jan-2018,25-Jan-2018,CE,10250,590,590,590,590,590,590,1,8.13,.44,300,-75,10894.7
NIFTY,19-Jan-2018,25-Jan-2018,CE,10300,499,608.45,493.75,581.4,608.45,581.4,1464,11915.98,606.58,683325,-37500,10894.7
NIFTY,19-Jan-2018,25-Jan-2018,CE,10350,501,501,501,501,501,501,1,8.14,.38,7950,-75,10894.7
NIFTY,19-Jan-2018,25-Jan-2018,CE,10400,408.25,514.35,396,507.85,513.75,507.85,1433,11682.82,505.42,874350,-51300,10894.7
NIFTY,19-Jan-2018,25-Jan-2018,CE,10450,353.1,456.5,345.8,445.15,456.15,445.15,57,464.13,17.39,54450,-900,10894.7
NIFTY,19-Jan-2018,25-Jan-2018,CE,10500,305.1,417.5,297.8,401.55,414.9,401.55,4842,39430.54,1299.79,1496175,-82350,10894.7
NIFTY,19-Jan-2018,25-Jan-2018,CE,10550,266.05,364.15,249.05,348.05,364.15,348.05,311,2530.41,69.62,177450,-2250,10894.7
NIFTY,19-Jan-2018,25-Jan-2018,CE,10600,224.95,316.5,203.9,302.6,315.2,302.6,10087,82151.18,1959.53,1531650,-132825,10894.7
NIFTY,19-Jan-2018,25-Jan-2018,CE,10650,182.45,267.95,162.25,252.6,267.95,252.6,2110,17205.86,352.24,271050,-79275,10894.7
NIFTY,19-Jan-2018,25-Jan-2018,CE,10700,133.1,223.6,117.2,206.4,222,206.4,57545,468704.08,6905.46,2164200,-387750,10894.7
NIFTY,19-Jan-2018,25-Jan-2018,CE,10750,100.7,177,83.2,165.8,177,165.8,17408,141944.68,1592.68,837075,-211125,10894.7
NIFTY,19-Jan-2018,25-Jan-2018,CE,10800,61.55,130,52,116.35,129,116.35,289186,2360029.29,17622.69,4179600,-939000,10894.7
NIFTY,19-Jan-2018,25-Jan-2018,CE,10850,39.65,91,31.35,79.65,91,79.65,102435,837576.85,4012.04,1297575,-272475,10894.7
NIFTY,19-Jan-2018,25-Jan-2018,CE,10900,24.9,58.2,18.15,49.85,57.85,49.85,474148,3888176.54,12016.64,3413100,-767925,10894.7
NIFTY,19-Jan-2018,25-Jan-2018,CE,10950,13.15,36.1,9.55,29.5,35.25,29.5,96246,791854.04,1433.76,784650,-17100,10894.7
NIFTY,19-Jan-2018,25-Jan-2018,CE,11000,8.25,20,6,16.9,19.8,16.9,313248,2587056.73,2760.73,5387850,-838800,10894.7
NIFTY,19-Jan-2018,25-Jan-2018,CE,11050,4,10.5,2.55,8.9,9.9,8.9,23958,198670.94,119.02,502650,166200,10894.7
NIFTY,19-Jan-2018,25-Jan-2018,CE,11100,2.2,5.05,1.8,4.15,4.65,4.15,66732,555697.76,153.86,2804550,369750,10894.7
NIFTY,19-Jan-2018,25-Jan-2018,CE,11150,1.7,3.65,1.5,2.7,2.95,2.7,3793,31725.74,6.78,90300,50775,10894.7
NIFTY,19-Jan-2018,25-Jan-2018,CE,11200,1.4,2.6,1.15,2.15,1.95,2.15,25518,214384.8,33.6,2078175,236475,10894.7
NIFTY,19-Jan-2018,25-Jan-2018,CE,11250,1.1,1.95,1.1,1.5,1.45,1.5,71,599.14,.08,7800,3525,10894.7
NIFTY,19-Jan-2018,25-Jan-2018,CE,11300,0.65,1.15,0.6,1,0.95,1,4144,35123.1,2.7,400425,16425,10894.7
NIFTY,19-Jan-2018,25-Jan-2018,CE,11350,0,0,0,3,3,0.05,0,0,0,75,0,10894.7
NIFTY,19-Jan-2018,25-Jan-2018,CE,11400,0.4,0.65,0.4,0.55,0.5,0.55,919,7857.81,.36,168450,1425,10894.7
NIFTY,19-Jan-2018,25-Jan-2018,CE,11450,0.75,0.75,0.35,0.35,0.35,0.35,4,34.35,0,600,0,10894.7
NIFTY,19-Jan-2018,25-Jan-2018,CE,11500,0.35,0.45,0.3,0.35,0.3,0.35,6922,59704.09,1.84,1263525,-24750,10894.7
NIFTY,19-Jan-2018,25-Jan-2018,CE,11550,0,0,0,0.1,0.1,0,0,0,0,525,0,10894.7
NIFTY,19-Jan-2018,25-Jan-2018,CE,11600,0.35,0.35,0.15,0.15,0.15,0.15,52,452.41,.01,43050,-900,10894.7
NIFTY,22-Jan-2018,25-Jan-2018,CE,9900,996,1065,979.8,1060.85,1057,1060.85,349,2855.71,264.38,81975,-21225,10966.2
NIFTY,22-Jan-2018,25-Jan-2018,CE,9950,0,0,0,545.1,545.1,1021.4,0,0,0,1500,0,10966.2
NIFTY,22-Jan-2018,25-Jan-2018,CE,10000,899.7,972.35,880,960.35,956,960.35,1165,9534.94,797.44,551475,-43275,10966.2
NIFTY,22-Jan-2018,25-Jan-2018,CE,10050,0,0,0,525.45,0,921.45,0,0,0,0,0,10966.2
NIFTY,22-Jan-2018,25-Jan-2018,CE,10100,799,865.1,780,859.8,853.95,859.8,446,3651.19,272.74,171525,-23850,10966.2
NIFTY,22-Jan-2018,25-Jan-2018,CE,10150,0,0,0,677.2,677.2,821.5,0,0,0,225,0,10966.2
NIFTY,22-Jan-2018,25-Jan-2018,CE,10200,707.65,778.65,684.4,766,763.6,766,1885,15426.21,1005.96,345150,-98550,10966.2
NIFTY,22-Jan-2018,25-Jan-2018,CE,10250,643,643,643,643,643,643,3,24.51,1.45,150,-150,10966.2
NIFTY,22-Jan-2018,25-Jan-2018,CE,10300,603.25,675,580,663.15,660,663.15,1052,8609.1,482.4,619350,-63975,10966.2
NIFTY,22-Jan-2018,25-Jan-2018,CE,10350,578,578,578,578,578,578,1,8.2,.43,7875,-75,10966.2
NIFTY,22-Jan-2018,25-Jan-2018,CE,10400,505.2,577.3,486.05,564.8,564.8,564.8,1855,15187.07,718.07,791100,-83250,10966.2
NIFTY,22-Jan-2018,25-Jan-2018,CE,10450,455.9,536.65,433,525.4,536.65,525.4,87,712.36,30.5,49875,-4575,10966.2
NIFTY,22-Jan-2018,25-Jan-2018,CE,10500,401.9,483.55,388,471.9,464.8,471.9,5769,47273.08,1842.2,1269750,-226425,10966.2
NIFTY,22-Jan-2018,25-Jan-2018,CE,10550,342.8,425,336.1,412.9,413.5,412.9,474,3882.27,131.75,160350,-17100,10966.2
NIFTY,22-Jan-2018,25-Jan-2018,CE,10600,306.7,386,290.35,370.8,367,370.8,8380,68624.36,2003.36,1348800,-182850,10966.2
NIFTY,22-Jan-2018,25-Jan-2018,CE,10650,252.6,335,244,321.65,315.55,321.65,496,4066.01,104.21,255150,-15900,10966.2
NIFTY,22-Jan-2018,25-Jan-2018,CE,10700,217.9,287.85,197.7,274.55,267.7,274.55,24177,198131.02,4110.6,1555800,-608400,10966.2
NIFTY,22-Jan-2018,25-Jan-2018,CE,10750,171.5,241,154,228.15,221.65,228.15,9823,80547.48,1349.54,406275,-430800,10966.2
NIFTY,22-Jan-2018,25-Jan-2018,CE,10800,122.65,193,110.15,179.25,175.6,179.25,112684,924052.28,11311.88,2249175,-1930425,10966.2
NIFTY,22-Jan-2018,25-Jan-2018,CE,10850,90,147.7,73.05,134,131.9,134,31747,260588.54,2247.33,845925,-451650,10966.2
NIFTY,22-Jan-2018,25-Jan-2018,CE,10900,50.25,105,40.1,92,88.05,92,368130,3027045.98,17583.23,3582900,169800,10966.2
NIFTY,22-Jan-2018,25-Jan-2018,CE,10950,21,68.8,21,58.6,56.4,58.6,118767,978974.53,3600.54,1110450,325800,10966.2
NIFTY,22-Jan-2018,25-Jan-2018,CE,11000,20,42,12.05,35.1,33.75,35.1,422813,3495960.97,7753.72,5111400,-276450,10966.2
NIFTY,22-Jan-2018,25-Jan-2018,CE,11050,9,22.45,6.05,18.15,17.2,18.15,70473,584747.9,702.91,1175325,672675,10966.2
NIFTY,22-Jan-2018,25-Jan-2018,CE,11100,4.2,12.3,3.45,9.45,8.55,9.45,148790,1239444.42,767.67,3150225,345675,10966.2
NIFTY,22-Jan-2018,25-Jan-2018,CE,11150,2.5,7.3,2.2,5.65,5.15,5.65,15741,131687.56,53.45,328425,238125,10966.2
NIFTY,22-Jan-2018,25-Jan-2018,CE,11200,1.9,4.65,1.7,3.7,3.2,3.7,58009,487404.29,128.69,2460900,382725,10966.2
NIFTY,22-Jan-2018,25-Jan-2018,CE,11250,3.9,3.9,1.1,2.4,2.15,2.4,1150,9705.1,1.97,37200,29400,10966.2
NIFTY,22-Jan-2018,25-Jan-2018,CE,11300,2,2,0.85,1.7,1.3,1.7,11163,94618.9,12.47,724800,324375,10966.2
NIFTY,22-Jan-2018,25-Jan-2018,CE,11350,3,3,0.3,3,3,3,27,229.9,.06,1950,1875,10966.2
NIFTY,22-Jan-2018,25-Jan-2018,CE,11400,1.6,1.8,0.4,1,0.85,1,3626,31004.74,2.44,220575,52125,10966.2
NIFTY,22-Jan-2018,25-Jan-2018,CE,11450,0,0,0,0.35,0.35,0,0,0,0,600,0,10966.2
NIFTY,22-Jan-2018,25-Jan-2018,CE,11500,0.65,1.4,0.3,0.7,0.55,0.7,14060,121273.62,6.12,1147275,-116250,10966.2
NIFTY,22-Jan-2018,25-Jan-2018,CE,11550,2.5,2.5,2.5,2.5,2.5,2.5,2,17.33,0,525,0,10966.2
NIFTY,22-Jan-2018,25-Jan-2018,CE,11600,0.15,0.85,0.15,0.4,0.5,0.4,4221,36723.89,1.19,91650,48600,10966.2
NIFTY,23-Jan-2018,25-Jan-2018,CE,9900,1105.5,1188.8,1103.5,1181.15,1174.8,1181.15,188,1558.59,162.69,69375,-12600,11083.7
NIFTY,23-Jan-2018,25-Jan-2018,CE,9950,0,0,0,545.1,545.1,1137.2,0,0,0,1500,0,11083.7
NIFTY,23-Jan-2018,25-Jan-2018,CE,10000,985,1084.8,985,1075.65,1076.35,1075.65,1263,10462.91,990.41,502050,-49425,11083.7
NIFTY,23-Jan-2018,25-Jan-2018,CE,10050,0,0,0,525.45,0,1037.2,0,0,0,0,0,11083.7
NIFTY,23-Jan-2018,25-Jan-2018,CE,10100,906,986,905.3,980.35,975.3,980.35,210,1740.06,149.31,158550,-12975,11083.7
NIFTY,23-Jan-2018,25-Jan-2018,CE,10150,0,0,0,677.2,677.2,937.25,0,0,0,225,0,11083.7
NIFTY,23-Jan-2018,25-Jan-2018,CE,10200,808.7,891.15,798,881.65,879.65,881.65,1400,11598.28,888.28,267300,-77850,11083.7
NIFTY,23-Jan-2018,25-Jan-2018,CE,10250,0,0,0,643,643,837.3,0,0,0,150,0,11083.7
NIFTY,23-Jan-2018,25-Jan-2018,CE,10300,686,788.45,686,781.8,775.55,781.8,2761,22883.65,1554.93,465900,-153450,11083.7
NIFTY,23-Jan-2018,25-Jan-2018,CE,10350,665,732,664.75,732,732,732,67,555.61,35.52,2925,-4950,11083.7
NIFTY,23-Jan-2018,25-Jan-2018,CE,10400,600.5,692.85,600.5,680.85,681.25,680.85,2006,16629.45,982.65,694125,-96975,11083.7
NIFTY,23-Jan-2018,25-Jan-2018,CE,10450,540,635,540,633.15,633.2,633.15,191,1583.47,86.51,38625,-11250,11083.7
NIFTY,23-Jan-2018,25-Jan-2018,CE,10500,491.9,593.4,489,581.1,581.1,581.1,7987,66193.96,3296.34,913650,-356100,11083.7
NIFTY,23-Jan-2018,25-Jan-2018,CE,10550,441.5,540,436,528.45,531.15,528.45,1455,12061.27,548.58,98100,-62250,11083.7
NIFTY,23-Jan-2018,25-Jan-2018,CE,10600,385,495.2,385,487,484.15,487,10588,87767.82,3593.22,953775,-395025,11083.7
NIFTY,23-Jan-2018,25-Jan-2018,CE,10650,351.5,445.05,351.45,436.75,433.15,436.75,2749,22814.11,856.47,129675,-125475,11083.7
NIFTY,23-Jan-2018,25-Jan-2018,CE,10700,295.55,396.1,291.9,389.25,383.2,389.25,9740,80728.23,2564.73,1251900,-303900,11083.7
NIFTY,23-Jan-2018,25-Jan-2018,CE,10750,249,346.1,245.75,339.3,334.25,339.3,2218,18380.66,498.03,305625,-100650,11083.7
NIFTY,23-Jan-2018,25-Jan-2018,CE,10800,200,297.8,195.35,289.45,285.25,289.45,24988,207019.23,4616.43,1672725,-576450,11083.7
NIFTY,23-Jan-2018,25-Jan-2018,CE,10850,157.15,248.65,149,240.7,238.75,240.7,9715,80485.49,1429.68,558675,-287250,11083.7
NIFTY,23-Jan-2018,25-Jan-2018,CE,10900,101.4,201,101.4,191.35,188.4,191.35,120029,994682.22,13445.14,1444200,-2138700,11083.7
NIFTY,23-Jan-2018,25-Jan-2018,CE,10950,74.3,155.65,63.05,144.6,143,144.6,45645,378521.95,3662.38,318825,-791625,11083.7
NIFTY,23-Jan-2018,25-Jan-2018,CE,11000,35,113.95,32,103.1,100,103.1,490602,4075585.05,28118.55,2183100,-2928300,11083.7
NIFTY,23-Jan-2018,25-Jan-2018,CE,11050,22.5,77,20.7,67.1,64,67.1,188495,1568940.15,6787.83,813600,-361725,11083.7
NIFTY,23-Jan-2018,25-Jan-2018,CE,11100,12.45,49.95,10.2,40.05,38.4,40.05,650947,5434342.43,15208.65,2937150,-213075,11083.7
NIFTY,23-Jan-2018,25-Jan-2018,CE,11150,6.85,30,5.95,22.9,21.55,22.9,154918,1297629.94,2128.16,1086150,757725,11083.7
NIFTY,23-Jan-2018,25-Jan-2018,CE,11200,3.2,18.45,3.2,14.3,13.15,14.3,368186,3095874.79,3112.39,3795000,1334100,11083.7
NIFTY,23-Jan-2018,25-Jan-2018,CE,11250,2,10.9,2,8.5,7.65,8.5,41146,347383.39,214.02,350625,313425,11083.7
NIFTY,23-Jan-2018,25-Jan-2018,CE,11300,1.9,6.25,1.4,5.15,4.5,5.15,115585,979916.26,333.39,1212675,487875,11083.7
NIFTY,23-Jan-2018,25-Jan-2018,CE,11350,2.5,3.75,1.05,3.25,2.9,3.25,5510,46915.71,11.84,78225,76275,11083.7
NIFTY,23-Jan-2018,25-Jan-2018,CE,11400,1.5,2.55,0.8,2.15,1.9,2.15,35071,299895.64,38.59,558375,337800,11083.7
NIFTY,23-Jan-2018,25-Jan-2018,CE,11450,0.8,2.5,0.6,1.95,2,1.95,391,3358.11,.4,13350,12750,11083.7
NIFTY,23-Jan-2018,25-Jan-2018,CE,11500,1,1.25,0.55,1.1,1.1,1.1,30211,260587.97,18.09,1402125,254850,11083.7
NIFTY,23-Jan-2018,25-Jan-2018,CE,11550,2.4,2.4,0.55,1.1,1.15,1.1,107,926.97,.08,5100,4575,11083.7
NIFTY,23-Jan-2018,25-Jan-2018,CE,11600,1.8,1.8,0.3,0.75,0.75,0.75,7349,63939.23,2.93,173325,81675,11083.7
NIFTY,24-Jan-2018,25-Jan-2018,CE,9900,1162.15,1201,1140,1178.65,1174.2,1178.65,485,4029.42,428.3,36225,-33150,11086
NIFTY,24-Jan-2018,25-Jan-2018,CE,9950,1127.9,1165,1127.9,1165,1165,1165,20,166.5,17.25,150,-1350,11086
NIFTY,24-Jan-2018,25-Jan-2018,CE,10000,1060,1100,1040,1079,1075,1079,2481,20615.61,2008.11,341400,-160650,11086
NIFTY,24-Jan-2018,25-Jan-2018,CE,10050,0,0,0,525.45,0,1037.75,0,0,0,0,0,11086
NIFTY,24-Jan-2018,25-Jan-2018,CE,10100,963.45,1005.6,944.15,977.6,979,977.6,694,5767.84,510.79,116400,-42150,11086
NIFTY,24-Jan-2018,25-Jan-2018,CE,10150,0,0,0,677.2,677.2,937.8,0,0,0,225,0,11086
NIFTY,24-Jan-2018,25-Jan-2018,CE,10200,883.3,905.6,840.1,878.7,877.4,878.7,1274,10585.09,838.99,183000,-84300,11086
NIFTY,24-Jan-2018,25-Jan-2018,CE,10250,0,0,0,643,643,837.8,0,0,0,150,0,11086
NIFTY,24-Jan-2018,25-Jan-2018,CE,10300,760,811,740.85,780.55,779.35,780.55,4781,39732.55,2799.33,212400,-253500,11086
NIFTY,24-Jan-2018,25-Jan-2018,CE,10350,725,740,720,729,729,729,41,340.88,22.62,1350,-1575,11086
NIFTY,24-Jan-2018,25-Jan-2018,CE,10400,662.2,706,645,677.75,675,677.75,3521,29261.76,1797.96,491700,-202425,11086
NIFTY,24-Jan-2018,25-Jan-2018,CE,10450,643.25,656.45,599.7,630,627,630,424,3524.51,201.41,9300,-29325,11086
NIFTY,24-Jan-2018,25-Jan-2018,CE,10500,570.05,609,545,581.05,576,581.05,4751,39483.59,2069.47,694200,-219450,11086
NIFTY,24-Jan-2018,25-Jan-2018,CE,10550,525,560,501,531.7,525,531.7,633,5264.27,255.66,78525,-19575,11086
NIFTY,24-Jan-2018,25-Jan-2018,CE,10600,472.95,509,444.8,479.95,481.8,479.95,4285,35613.04,1547.29,803400,-150375,11086
NIFTY,24-Jan-2018,25-Jan-2018,CE,10650,435.1,460.6,400.95,435.75,432.2,435.75,423,3518.07,139.36,109875,-19800,11086
NIFTY,24-Jan-2018,25-Jan-2018,CE,10700,370.25,410.4,345.75,381.15,377.7,381.15,7773,64626.76,2248.44,944850,-307050,11086
NIFTY,24-Jan-2018,25-Jan-2018,CE,10750,318.15,360.25,299,333.2,332.4,333.2,1310,10890.37,328.49,241950,-63675,11086
NIFTY,24-Jan-2018,25-Jan-2018,CE,10800,263.85,314.15,248.8,281.25,279.85,281.25,10311,85737.53,2218.43,1350825,-321900,11086
NIFTY,24-Jan-2018,25-Jan-2018,CE,10850,221.25,264.8,201.65,234.25,234,234.25,5937,49389.64,1077.3,276825,-281850,11086
NIFTY,24-Jan-2018,25-Jan-2018,CE,10900,176,216.8,156.05,184.7,183,184.7,30477,253443.5,4294.03,1021125,-423075,11086
NIFTY,24-Jan-2018,25-Jan-2018,CE,10950,136.5,165.55,110.55,136.6,132.6,136.6,8067,67099.67,849.43,207600,-111225,11086
NIFTY,24-Jan-2018,25-Jan-2018,CE,11000,89.6,121.2,75.85,92.45,89.8,92.45,213939,1781022.48,16025.73,1495650,-687450,11086
NIFTY,24-Jan-2018,25-Jan-2018,CE,11050,54.9,81,44.7,56.4,53.95,56.4,90640,755507.51,4328.51,822225,8625,11086
NIFTY,24-Jan-2018,25-Jan-2018,CE,11100,36.95,49.85,23,27.15,27.75,27.15,531926,4442723.77,14439.82,3262650,325500,11086
NIFTY,24-Jan-2018,25-Jan-2018,CE,11150,24,28.5,8.45,10.95,13.2,10.95,225815,1891473.49,3095.55,2100000,1013850,11086
NIFTY,24-Jan-2018,25-Jan-2018,CE,11200,12,16.8,3.5,4.8,5.6,4.8,496629,4175244.31,3560.71,3320175,-474825,11086
NIFTY,24-Jan-2018,25-Jan-2018,CE,11250,8.5,9.5,1.5,2.55,2.05,2.55,90711,765722.68,348.62,517350,166725,11086
NIFTY,24-Jan-2018,25-Jan-2018,CE,11300,3.45,5.75,1.15,1.65,1.7,1.65,117370,994984.54,273.79,1580250,367575,11086
NIFTY,24-Jan-2018,25-Jan-2018,CE,11350,2.85,3,0.9,1.2,1.25,1.2,10926,93023.86,16.29,98400,20175,11086
NIFTY,24-Jan-2018,25-Jan-2018,CE,11400,1.8,1.8,0.65,0.95,0.65,0.95,42007,359199.77,39.92,868125,309750,11086
NIFTY,24-Jan-2018,25-Jan-2018,CE,11450,1.25,1.45,0.6,0.7,0.65,0.7,262,2250.12,.19,11775,-1575,11086
NIFTY,24-Jan-2018,25-Jan-2018,CE,11500,1.75,1.9,0.15,0.65,0.5,0.65,18196,156950.88,10.38,1527075,124950,11086
NIFTY,24-Jan-2018,25-Jan-2018,CE,11550,1.05,1.05,0.2,0.35,0.45,0.35,12,103.95,0,4650,-450,11086
NIFTY,24-Jan-2018,25-Jan-2018,CE,11600,0.5,0.8,0.4,0.5,0.4,0.5,1806,15712.96,.76,174825,1500,11086
NIFTY,25-Jan-2018,25-Jan-2018,CE,9900,1175,1182.45,1114,1165.45,1161.9,0,473,3922.56,410.53,4275,-31950,11069.65
NIFTY,25-Jan-2018,25-Jan-2018,CE,9950,0,0,0,1165,1165,0,0,0,0,150,0,11069.65
NIFTY,25-Jan-2018,25-Jan-2018,CE,10000,1078.7,1082,1005.95,1058.85,1063,0,4653,38584.1,3686.6,20550,-320850,11069.65
NIFTY,25-Jan-2018,25-Jan-2018,CE,10050,0,0,0,525.45,0,0,0,0,0,0,0,11069.65
NIFTY,25-Jan-2018,25-Jan-2018,CE,10100,978.85,980,909,962.45,967.45,0,1730,14343.88,1239.13,5700,-110700,11069.65
NIFTY,25-Jan-2018,25-Jan-2018,CE,10150,898,905.95,870,870,870,0,3,24.84,2.01,75,-150,11069.65
NIFTY,25-Jan-2018,25-Jan-2018,CE,10200,870.05,885.2,806,861.85,860,0,2261,18744.97,1448.32,40800,-142200,11069.65
NIFTY,25-Jan-2018,25-Jan-2018,CE,10250,813.35,813.35,779,779,779,0,2,16.57,1.19,0,-150,11069.65
NIFTY,25-Jan-2018,25-Jan-2018,CE,10300,775.15,784.45,709,753.6,767,0,3418,28322.83,1918.78,36750,-175650,11069.65
NIFTY,25-Jan-2018,25-Jan-2018,CE,10350,713,713,672.9,675,675,0,21,173.9,10.88,525,-825,11069.65
NIFTY,25-Jan-2018,25-Jan-2018,CE,10400,676.25,683.05,605.1,652.65,662,0,3803,31525.71,1862.31,273975,-217725,11069.65
NIFTY,25-Jan-2018,25-Jan-2018,CE,10450,626,626,559,610.15,607,0,115,952.91,51.6,3075,-6225,11069.65
NIFTY,25-Jan-2018,25-Jan-2018,CE,10500,582.2,582.2,503.55,556.9,560.5,0,10690,88602.59,4418.84,115125,-579075,11069.65
NIFTY,25-Jan-2018,25-Jan-2018,CE,10550,526,529.95,460.75,508.35,517.1,0,1079,8945.14,407.55,22875,-55650,11069.65
NIFTY,25-Jan-2018,25-Jan-2018,CE,10600,465.15,491.95,408.5,463.55,466.4,0,11168,92603.37,3817.77,239775,-563625,11069.65
NIFTY,25-Jan-2018,25-Jan-2018,CE,10650,414.5,433.6,358.6,410.3,418,0,1580,13097.37,477.12,30300,-79575,11069.65
NIFTY,25-Jan-2018,25-Jan-2018,CE,10700,380.05,384.5,306,360.35,367.55,0,17077,141557.52,4514.59,183000,-761850,11069.65
NIFTY,25-Jan-2018,25-Jan-2018,CE,10750,318.3,334.4,259.6,313.6,316,0,2993,24809.24,678.18,52950,-189000,11069.65
NIFTY,25-Jan-2018,25-Jan-2018,CE,10800,289.85,289.85,206.75,257.5,255,0,24802,205618.88,4722.68,298500,-1052325,11069.65
NIFTY,25-Jan-2018,25-Jan-2018,CE,10850,237.7,237.7,158.5,207.3,207.4,0,5299,43914.66,794.04,61500,-215325,11069.65
NIFTY,25-Jan-2018,25-Jan-2018,CE,10900,187.45,197.05,108,162.05,166,0,34227,283771.69,3965.96,144600,-876525,11069.65
NIFTY,25-Jan-2018,25-Jan-2018,CE,10950,146,146.05,61,110,117.5,0,11257,93288.08,839.97,14775,-192825,11069.65
NIFTY,25-Jan-2018,25-Jan-2018,CE,11000,98,98,26.1,56.4,56.75,0,336943,2794522.46,14742.71,487800,-1007850,11069.65
NIFTY,25-Jan-2018,25-Jan-2018,CE,11050,55.15,56.25,3,14.6,15.05,0,461906,3835192.85,7146.88,229875,-592350,11069.65
NIFTY,25-Jan-2018,25-Jan-2018,CE,11100,30,30,0.05,0.65,0.05,0,1022141,8515123.4,5799.58,4328775,1066125,11069.65
NIFTY,25-Jan-2018,25-Jan-2018,CE,11150,8.9,8.9,0.05,0.1,0.05,0,429508,3592355.7,595.05,2625075,525075,11069.65
NIFTY,25-Jan-2018,25-Jan-2018,CE,11200,3.6,3.6,0.05,0.05,0.05,0,411593,3457560.51,179.31,5792925,2472750,11069.65
NIFTY,25-Jan-2018,25-Jan-2018,CE,11250,2.45,2.45,0.05,0.05,0.05,0,75521,637216.91,8.47,750525,233175,11069.65
NIFTY,25-Jan-2018,25-Jan-2018,CE,11300,0.65,0.75,0.05,0.05,0.05,0,59615,505241.28,4.16,1606725,26475,11069.65
NIFTY,25-Jan-2018,25-Jan-2018,CE,11350,0.05,0.95,0.05,0.05,0.05,0,941,8010.32,.06,99675,1275,11069.65
NIFTY,25-Jan-2018,25-Jan-2018,CE,11400,0.4,0.4,0.05,0.05,0.05,0,23176,198155.95,1.15,866400,-1725,11069.65
NIFTY,25-Jan-2018,25-Jan-2018,CE,11450,0.4,0.4,0.05,0.05,0.05,0,200,1717.52,.02,17775,6000,11069.65
NIFTY,25-Jan-2018,25-Jan-2018,CE,11500,0.65,0.65,0.05,0.05,0.05,0,10843,93521.38,.51,1647000,119925,11069.65
NIFTY,25-Jan-2018,25-Jan-2018,CE,11550,0.2,0.2,0.05,0.15,0.15,0,19,164.59,0,4725,75,11069.65
NIFTY,25-Jan-2018,25-Jan-2018,CE,11600,0.05,0.1,0.05,0.05,0.05,0,387,3366.92,.02,178500,3675,11069.65
