NIFTY,27-Apr-2017,25-May-2017,PE,9000,26.4,26.4,20,21.35,21,21.35,65737,444830.17,1105.42,4298100,1148850,9342.15
NIFTY,27-Apr-2017,25-May-2017,PE,9050,28.35,31.4,25.3,26.95,27,26.95,363,2471.4,7.53,45375,12450,9342.15
NIFTY,27-Apr-2017,25-May-2017,PE,9100,38.2,38.75,32.85,34.1,33.1,34.1,42614,291957.08,1116.53,3241800,712800,9342.15
NIFTY,27-Apr-2017,25-May-2017,PE,9150,44.9,47,41,42.25,41.5,42.25,1047,7219.09,34.05,150225,21375,9342.15
NIFTY,27-Apr-2017,25-May-2017,PE,9200,58.05,58.15,50.65,53.15,52.85,53.15,51382,356603,2067.2,2935650,688125,9342.15
NIFTY,27-Apr-2017,25-May-2017,PE,9250,68.35,72.15,63.95,66.85,66.25,66.85,1944,13584.25,97.75,192900,59325,9342.15
NIFTY,27-Apr-2017,25-May-2017,PE,9300,86.5,89,78,82.45,83.4,82.45,71728,504744.81,4442.01,2831400,1073100,9342.15
NIFTY,27-Apr-2017,25-May-2017,PE,9350,119.8,119.8,96,102.05,102.35,102.05,5809,41176.33,440.72,334725,224175,9342.15
NIFTY,27-Apr-2017,25-May-2017,PE,9400,123.3,132.55,116.75,123.15,125,123.15,28828,205900.62,2663.22,1333650,434175,9342.15
NIFTY,27-Apr-2017,25-May-2017,PE,9450,160.7,160.7,141.1,149.5,152,149.5,123,885.54,13.78,7875,5850,9342.15
NIFTY,27-Apr-2017,25-May-2017,PE,9500,179.2,191.6,170,179.95,184.75,179.95,12094,87801.09,1631.34,1025475,274200,9342.15
NIFTY,27-Apr-2017,25-May-2017,PE,9550,0,0,0,514.65,0,208.15,0,0,0,0,0,9342.15
NIFTY,27-Apr-2017,25-May-2017,PE,9600,253.6,269.3,241.8,255.3,263.6,255.3,4944,36537.97,941.17,402000,174075,9342.15
NIFTY,27-Apr-2017,25-May-2017,PE,9650,0,0,0,597.55,0,285.95,0,0,0,0,0,9342.15
NIFTY,27-Apr-2017,25-May-2017,PE,9700,340.7,355.35,329.95,342.9,349.4,342.9,940,7077.69,239.19,109350,50475,9342.15
NIFTY,27-Apr-2017,25-May-2017,PE,9750,0,0,0,684.35,0,372.6,0,0,0,0,0,9342.15
NIFTY,27-Apr-2017,25-May-2017,PE,9800,434.7,447.65,421.15,436.75,441,436.75,342,2623.92,110.22,24750,21300,9342.15
NIFTY,27-Apr-2017,25-May-2017,PE,9850,0,0,0,774.25,0,465.25,0,0,0,0,0,9342.15
NIFTY,27-Apr-2017,25-May-2017,PE,9900,528.1,546.25,518.45,534.45,538.1,534.45,180,1408.18,71.68,35175,8175,9342.15
NIFTY,27-Apr-2017,25-May-2017,PE,9950,0,0,0,866.65,0,561.4,0,0,0,0,0,9342.15
NIFTY,27-Apr-2017,25-May-2017,PE,10000,631,647,616.4,635.45,640,635.45,5850,46648.36,2773.36,703800,363975,9342.15
NIFTY,27-Apr-2017,25-May-2017,PE,10050,0,0,0,960.85,0,659.4,0,0,0,0,0,9342.15
NIFTY,27-Apr-2017,25-May-2017,PE,8750,0,0,0,27.5,27.5,0.7,0,0,0,75,0,9342.15
NIFTY,27-Apr-2017,25-May-2017,PE,8800,10,14,7.7,8.55,8.55,8.55,21993,145305.35,151.55,2491800,532050,9342.15
NIFTY,27-Apr-2017,25-May-2017,PE,8850,12.1,12.1,12,12,12,12,14,93.05,.13,2400,1050,9342.15
NIFTY,27-Apr-2017,25-May-2017,PE,8900,17.85,17.85,12.7,14.1,12.75,14.1,16484,110213.17,182.47,2027550,176700,9342.15
NIFTY,27-Apr-2017,25-May-2017,PE,8950,22.95,22.95,16.05,17.6,17,17.6,280,1883.17,3.67,12975,7725,9342.15
NIFTY,28-Apr-2017,25-May-2017,PE,8750,0,0,0,27.5,27.5,0.8,0,0,0,75,0,9304.05
NIFTY,28-Apr-2017,25-May-2017,PE,8800,8.85,10,7.05,9.05,9.15,9.05,16622,109811.81,106.61,2331825,-159975,9304.05
NIFTY,28-Apr-2017,25-May-2017,PE,8850,11,11.5,8.1,9.95,8.1,9.95,52,345.55,.4,3525,1125,9304.05
NIFTY,28-Apr-2017,25-May-2017,PE,8900,13.2,15.1,11.05,14,14.3,14,32090,214522.75,322,2289750,262200,9304.05
NIFTY,28-Apr-2017,25-May-2017,PE,8950,17.3,18.5,14.25,16.9,16.6,16.9,972,6536.61,12.06,38775,25800,9304.05
NIFTY,28-Apr-2017,25-May-2017,PE,9000,22.4,23.3,18,21.9,22.2,21.9,55273,373974.85,882.1,4370400,72300,9304.05
NIFTY,28-Apr-2017,25-May-2017,PE,9050,28.5,29,23,27.3,28.05,27.3,1673,11389.01,33.52,78225,32850,9304.05
NIFTY,28-Apr-2017,25-May-2017,PE,9100,33,37.1,29,34.15,34.5,34.15,62263,426527.8,1582.82,3949575,707775,9304.05
NIFTY,28-Apr-2017,25-May-2017,PE,9150,44.95,47.2,36,42.2,42.05,42.2,2310,15927.09,74.72,154425,4200,9304.05
NIFTY,28-Apr-2017,25-May-2017,PE,9200,54.65,58.9,46.45,53.3,54,53.3,73461,509854.79,2973.89,3428400,492750,9304.05
NIFTY,28-Apr-2017,25-May-2017,PE,9250,66.05,74.5,59,67.55,68.2,67.55,5341,37331.63,278.44,259350,66450,9304.05
NIFTY,28-Apr-2017,25-May-2017,PE,9300,84.1,93,73.1,84.55,85,84.55,102295,720104.88,6597.26,3387300,555900,9304.05
NIFTY,28-Apr-2017,25-May-2017,PE,9350,102.05,115.2,94,105.15,106.5,105.15,4481,31784,360.98,314925,-19800,9304.05
NIFTY,28-Apr-2017,25-May-2017,PE,9400,124.25,142.8,116,129.4,130.95,129.4,34779,248608.1,3416.15,1284300,-49350,9304.05
NIFTY,28-Apr-2017,25-May-2017,PE,9450,163.15,170.2,148.35,158.55,160,158.55,168,1210.69,19.99,9675,1800,9304.05
NIFTY,28-Apr-2017,25-May-2017,PE,9500,185.3,207.95,175,192.25,194.95,192.25,8162,59323.66,1169.41,1115700,90225,9304.05
NIFTY,28-Apr-2017,25-May-2017,PE,9550,240,240,240,240,240,240,1,7.34,.18,75,75,9304.05
NIFTY,28-Apr-2017,25-May-2017,PE,9600,258.35,291.6,253.95,273.55,275,273.55,1670,12366.14,342.14,402900,900,9304.05
NIFTY,28-Apr-2017,25-May-2017,PE,9650,0,0,0,597.55,0,317.55,0,0,0,0,0,9304.05
NIFTY,28-Apr-2017,25-May-2017,PE,9700,350.85,378.65,346.05,364.55,365,364.55,314,2369.94,85.59,110700,1350,9304.05
NIFTY,28-Apr-2017,25-May-2017,PE,9750,0,0,0,684.35,0,407.75,0,0,0,0,0,9304.05
NIFTY,28-Apr-2017,25-May-2017,PE,9800,459.6,468,442.8,462.75,462.75,462.75,15,115.4,5.15,24600,-150,9304.05
NIFTY,28-Apr-2017,25-May-2017,PE,9850,0,0,0,774.25,0,502.65,0,0,0,0,0,9304.05
NIFTY,28-Apr-2017,25-May-2017,PE,9900,558.15,571.6,542.1,559.25,558.6,559.25,46,360.73,19.18,36000,825,9304.05
NIFTY,28-Apr-2017,25-May-2017,PE,9950,0,0,0,866.65,0,600.1,0,0,0,0,0,9304.05
NIFTY,28-Apr-2017,25-May-2017,PE,10000,645,686.95,639.8,656.35,660.1,656.35,1000,7993.33,493.33,705075,1275,9304.05
NIFTY,28-Apr-2017,25-May-2017,PE,10050,0,0,0,960.85,0,698.8,0,0,0,0,0,9304.05
NIFTY,02-May-2017,25-May-2017,PE,9900,589.7,608.15,557.65,557.65,557.65,557.65,19,149.3,8.22,36450,450,9313.8
NIFTY,02-May-2017,25-May-2017,PE,9950,0,0,0,866.65,0,596.6,0,0,0,0,0,9313.8
NIFTY,02-May-2017,25-May-2017,PE,10000,640,707.05,626.2,651.55,651.65,651.55,426,3405.12,210.12,719400,14325,9313.8
NIFTY,02-May-2017,25-May-2017,PE,10050,0,0,0,960.85,0,695.8,0,0,0,0,0,9313.8
NIFTY,02-May-2017,25-May-2017,PE,9500,179.05,234,165,186.65,185,186.65,10296,74848.34,1489.34,984375,-131325,9313.8
NIFTY,02-May-2017,25-May-2017,PE,9550,222.75,222.75,222.75,222.75,222.75,222.75,1,7.33,.17,150,75,9313.8
NIFTY,02-May-2017,25-May-2017,PE,9600,252.5,319.75,241,267.15,264.2,267.15,2068,15311.24,421.64,439275,36375,9313.8
NIFTY,02-May-2017,25-May-2017,PE,9650,0,0,0,597.55,0,309.5,0,0,0,0,0,9313.8
NIFTY,02-May-2017,25-May-2017,PE,9700,345,414.4,331,359.45,358,359.45,291,2198.85,81.83,108375,-2325,9313.8
NIFTY,02-May-2017,25-May-2017,PE,9750,0,0,0,684.35,0,401.8,0,0,0,0,0,9313.8
NIFTY,02-May-2017,25-May-2017,PE,9800,428,503.25,428,470.9,470.9,470.9,7,53.93,2.48,24225,-375,9313.8
NIFTY,02-May-2017,25-May-2017,PE,9850,0,0,0,774.25,0,498.2,0,0,0,0,0,9313.8
NIFTY,02-May-2017,25-May-2017,PE,9150,36,54.65,33,39.2,38.45,39.2,6042,41644.32,181.1,283875,129450,9313.8
NIFTY,02-May-2017,25-May-2017,PE,9200,44.7,69,42.1,49.9,49.2,49.9,127117,882231.62,5124.32,4175250,746850,9313.8
NIFTY,02-May-2017,25-May-2017,PE,9250,58.8,86.5,54.2,63.65,63.5,63.65,6505,45461.33,332.9,311475,52125,9313.8
NIFTY,02-May-2017,25-May-2017,PE,9300,75,108,68.2,80.4,78.7,80.4,158366,1114766.96,10164.11,3981600,594300,9313.8
NIFTY,02-May-2017,25-May-2017,PE,9350,94.65,132.3,86.1,100.65,98.5,100.65,8919,63231.75,687.27,408150,93225,9313.8
NIFTY,02-May-2017,25-May-2017,PE,9400,120.7,162.1,107.45,124.85,122.5,124.85,51315,366807.73,5036.98,1406775,122475,9313.8
NIFTY,02-May-2017,25-May-2017,PE,9450,141.8,193,134,153.45,149.1,153.45,202,1456.19,24.52,9900,225,9313.8
NIFTY,02-May-2017,25-May-2017,PE,8800,8,11.5,6.7,8.15,8.1,8.15,26405,174449.93,176.93,2408250,76425,9313.8
NIFTY,02-May-2017,25-May-2017,PE,8850,9,16.25,7.1,9.5,9.5,9.5,64,425.36,.56,3975,450,9313.8
NIFTY,02-May-2017,25-May-2017,PE,8900,12.8,17.8,10.85,12.65,12.3,12.65,37598,251350.62,383.97,2354250,64500,9313.8
NIFTY,02-May-2017,25-May-2017,PE,8950,17,21.9,12.85,15.85,15.45,15.85,1032,6940.07,12.77,40575,1800,9313.8
NIFTY,02-May-2017,25-May-2017,PE,9000,18.15,27.5,16.75,19.75,19.5,19.75,70709,478408.7,1122.95,4621500,251100,9313.8
NIFTY,02-May-2017,25-May-2017,PE,9050,24,34.5,21.35,24.65,24.15,24.65,1873,12750.86,37.87,92400,14175,9313.8
NIFTY,02-May-2017,25-May-2017,PE,9100,27.9,43.35,26.65,31.5,30.95,31.5,83809,574123.9,2127.48,4225650,276075,9313.8
NIFTY,02-May-2017,25-May-2017,PE,8750,0,0,0,27.5,27.5,0.3,0,0,0,75,0,9313.8
NIFTY,03-May-2017,25-May-2017,PE,9900,542.95,556.75,542.95,555.7,555.45,555.7,8,62.73,3.33,36525,75,9311.95
NIFTY,03-May-2017,25-May-2017,PE,9950,0,0,0,866.65,0,599.85,0,0,0,0,0,9311.95
NIFTY,03-May-2017,25-May-2017,PE,10000,633.6,661,632.2,652.2,651.8,652.2,680,5431.9,331.9,707550,-11850,9311.95
NIFTY,03-May-2017,25-May-2017,PE,10050,0,0,0,960.85,0,699.2,0,0,0,0,0,9311.95
NIFTY,03-May-2017,25-May-2017,PE,9550,209.05,225,209.05,225,225,225,3,21.98,.49,300,150,9311.95
NIFTY,03-May-2017,25-May-2017,PE,9600,251.45,282.25,247.15,267.8,271.55,267.8,1506,11146.85,303.65,431550,-7725,9311.95
NIFTY,03-May-2017,25-May-2017,PE,9650,0,0,0,597.55,0,310.4,0,0,0,0,0,9311.95
NIFTY,03-May-2017,25-May-2017,PE,9700,355.75,372.95,352,357.8,360.2,357.8,261,1968.77,69.99,115275,6900,9311.95
NIFTY,03-May-2017,25-May-2017,PE,9750,0,0,0,684.35,0,403.9,0,0,0,0,0,9311.95
NIFTY,03-May-2017,25-May-2017,PE,9800,469,469,456.8,458.7,458,458.7,14,107.75,4.85,24600,375,9311.95
NIFTY,03-May-2017,25-May-2017,PE,9850,0,0,0,774.25,0,501.05,0,0,0,0,0,9311.95
NIFTY,03-May-2017,25-May-2017,PE,9150,34.3,43.9,34.3,39.5,40.35,39.5,2571,17721.15,77.66,288300,4425,9311.95
NIFTY,03-May-2017,25-May-2017,PE,9200,41.2,55.8,41.2,49.9,50.6,49.9,69979,485529.61,2674.51,4465725,290475,9311.95
NIFTY,03-May-2017,25-May-2017,PE,9250,56.15,70.55,55.55,63.7,65.1,63.7,4908,34287.42,238.17,351225,39750,9311.95
NIFTY,03-May-2017,25-May-2017,PE,9300,71.7,88.3,70,79.95,81.25,79.95,103193,726036.27,6265.1,4620075,638475,9311.95
NIFTY,03-May-2017,25-May-2017,PE,9350,98,109.4,89.25,98.9,101.5,98.9,6798,48180.14,509.17,483900,75750,9311.95
NIFTY,03-May-2017,25-May-2017,PE,9400,117.8,134.85,108,123.9,125.95,123.9,33913,242262.05,3175.4,1521225,114450,9311.95
NIFTY,03-May-2017,25-May-2017,PE,9450,144.9,162.7,143.95,152.45,146.4,152.45,72,518.4,8.1,10725,825,9311.95
NIFTY,03-May-2017,25-May-2017,PE,9500,175.15,199.45,168,186.2,189.5,186.2,5172,37572.55,722.05,948600,-35775,9311.95
NIFTY,03-May-2017,25-May-2017,PE,8800,6.75,9.3,6.75,8.7,8.7,8.7,14377,94980.86,92.66,2456325,48075,9311.95
NIFTY,03-May-2017,25-May-2017,PE,8850,10,10.95,9.95,10.85,10.85,10.85,57,378.78,.45,4950,975,9311.95
NIFTY,03-May-2017,25-May-2017,PE,8900,10.7,14.2,10.65,13.1,13.2,13.1,28267,188960.02,277.8,2530425,176175,9311.95
NIFTY,03-May-2017,25-May-2017,PE,8950,14,17.35,13.8,16.2,16.8,16.2,1342,9024.39,16.21,66150,25575,9311.95
NIFTY,03-May-2017,25-May-2017,PE,9000,17,22.3,16.65,20.25,20.4,20.25,48377,327291.45,746.7,4783350,161850,9311.95
NIFTY,03-May-2017,25-May-2017,PE,9050,21.5,27.7,21.5,25.25,25.45,25.25,963,6554.84,18.48,95250,2850,9311.95
NIFTY,03-May-2017,25-May-2017,PE,9100,27.9,34.95,26.5,31.6,31.75,31.6,57063,390837.6,1382.62,4383225,157575,9311.95
NIFTY,03-May-2017,25-May-2017,PE,8750,0,0,0,27.5,27.5,0.2,0,0,0,75,0,9311.95
NIFTY,04-May-2017,25-May-2017,PE,9900,539.5,539.5,539.5,539.5,539.5,539.5,1,7.83,.4,36600,75,9359.9
NIFTY,04-May-2017,25-May-2017,PE,9950,0,0,0,866.65,0,553.8,0,0,0,0,0,9359.9
NIFTY,04-May-2017,25-May-2017,PE,10000,636,657,612,617.05,617.45,617.05,449,3579.37,211.87,704325,-3225,9359.9
NIFTY,04-May-2017,25-May-2017,PE,10050,0,0,0,960.85,0,653,0,0,0,0,0,9359.9
NIFTY,04-May-2017,25-May-2017,PE,9500,180.2,189.15,152,157.35,155,157.35,8145,59053.25,1020.12,980175,31575,9359.9
NIFTY,04-May-2017,25-May-2017,PE,9550,189,189,189,189,189,189,1,7.3,.14,375,75,9359.9
NIFTY,04-May-2017,25-May-2017,PE,9600,245.45,271,227,233,232.1,233,1789,13205.38,324.58,441525,9975,9359.9
NIFTY,04-May-2017,25-May-2017,PE,9650,0,0,0,597.55,0,268.3,0,0,0,0,0,9359.9
NIFTY,04-May-2017,25-May-2017,PE,9700,340,364,318.55,320.9,320.6,320.9,378,2846.8,96.85,125475,10200,9359.9
NIFTY,04-May-2017,25-May-2017,PE,9750,0,0,0,684.35,0,359.35,0,0,0,0,0,9359.9
NIFTY,04-May-2017,25-May-2017,PE,9800,440.85,459.2,420,420,420,420,23,176.71,7.66,25275,675,9359.9
NIFTY,04-May-2017,25-May-2017,PE,9850,0,0,0,774.25,0,455.45,0,0,0,0,0,9359.9
NIFTY,04-May-2017,25-May-2017,PE,9200,44,49.3,35.65,37.95,38.25,37.95,83461,578478.45,2597.55,5013450,547725,9359.9
NIFTY,04-May-2017,25-May-2017,PE,9250,56,62.9,45.9,48.7,49.5,48.7,6402,44672.27,258.39,387225,36000,9359.9
NIFTY,04-May-2017,25-May-2017,PE,9300,68.8,79.55,59.2,62.4,62.2,62.4,130541,917199.63,6676.15,5725725,1105650,9359.9
NIFTY,04-May-2017,25-May-2017,PE,9350,81.8,99.4,75.6,79.25,78.5,79.25,11807,83558.7,762.11,602925,119025,9359.9
NIFTY,04-May-2017,25-May-2017,PE,9400,114.95,125,95.4,100.25,99.95,100.25,49744,354741.19,4045.99,1794000,272775,9359.9
NIFTY,04-May-2017,25-May-2017,PE,9450,141.4,154.15,120.4,124.8,128.4,124.8,299,2148.89,29.72,17100,6375,9359.9
NIFTY,04-May-2017,25-May-2017,PE,8800,7.95,8.35,6.15,6.6,6.7,6.6,17814,117667.79,95.39,2236575,-219750,9359.9
NIFTY,04-May-2017,25-May-2017,PE,8850,10,10,7.35,7.5,7.5,7.5,15,99.66,.09,5250,300,9359.9
NIFTY,04-May-2017,25-May-2017,PE,8900,10.35,12.65,9.35,9.7,10.15,9.7,34908,233289.48,278.58,2635125,104700,9359.9
NIFTY,04-May-2017,25-May-2017,PE,8950,13.9,15.65,10.6,12,12.75,12,1619,10884.19,16.66,48825,-17325,9359.9
NIFTY,04-May-2017,25-May-2017,PE,9000,15.65,19.7,14.45,15.25,15.6,15.25,60095,406382.81,741.56,4955850,172500,9359.9
NIFTY,04-May-2017,25-May-2017,PE,9050,20.45,24.8,18,18.85,20,18.85,1822,12395.04,28.22,85050,-10200,9359.9
NIFTY,04-May-2017,25-May-2017,PE,9100,27,30.9,22.35,23.6,24.4,23.6,67377,461154.78,1306.76,4749825,366600,9359.9
NIFTY,04-May-2017,25-May-2017,PE,9150,31,38.95,28.1,29.65,31.1,29.65,4312,29695.49,104.39,309450,21150,9359.9
NIFTY,04-May-2017,25-May-2017,PE,8750,0,0,0,27.5,27.5,0.1,0,0,0,75,0,9359.9
NIFTY,05-May-2017,25-May-2017,PE,9850,425,530,425,530,530,530,2,15.49,.72,75,75,9285.3
NIFTY,05-May-2017,25-May-2017,PE,9900,546.6,584.55,545.05,572.5,572.5,572.5,23,180.63,9.85,36675,75,9285.3
NIFTY,05-May-2017,25-May-2017,PE,9950,590,590,590,590,590,590,1,7.91,.44,75,75,9285.3
NIFTY,05-May-2017,25-May-2017,PE,10000,644.35,691,644.35,675.15,683.25,675.15,848,6789.82,429.82,659025,-45300,9285.3
NIFTY,05-May-2017,25-May-2017,PE,10050,0,0,0,960.85,0,729.25,0,0,0,0,0,9285.3
NIFTY,05-May-2017,25-May-2017,PE,9550,217.05,250,217.05,245,245,245,5,36.71,.9,150,-225,9285.3
NIFTY,05-May-2017,25-May-2017,PE,9600,252.7,304.45,251.95,287.4,288.25,287.4,3044,22559.86,643.06,353100,-88425,9285.3
NIFTY,05-May-2017,25-May-2017,PE,9650,0,0,0,597.55,0,337.7,0,0,0,0,0,9285.3
NIFTY,05-May-2017,25-May-2017,PE,9700,348.85,397.5,347.25,381,384.4,381,302,2281.83,84.78,123375,-2100,9285.3
NIFTY,05-May-2017,25-May-2017,PE,9750,0,0,0,684.35,0,432.75,0,0,0,0,0,9285.3
NIFTY,05-May-2017,25-May-2017,PE,9800,457.35,493.7,455,476.1,477,476.1,130,1002.12,46.62,22125,-3150,9285.3
NIFTY,05-May-2017,25-May-2017,PE,9150,32.4,47.3,32.4,41.65,41.7,41.65,6321,43570.68,192.82,293325,-16125,9285.3
NIFTY,05-May-2017,25-May-2017,PE,9200,39.8,60,39.6,52.95,53.5,52.95,145866,1012184.66,5709.26,4617450,-396000,9285.3
NIFTY,05-May-2017,25-May-2017,PE,9250,54.15,76,53.85,67.35,68.25,67.35,9736,68026.56,483.06,343050,-44175,9285.3
NIFTY,05-May-2017,25-May-2017,PE,9300,62.55,95.75,62.55,85.6,87,85.6,189059,1330525.12,11838.59,4899000,-826725,9285.3
NIFTY,05-May-2017,25-May-2017,PE,9350,85.95,118.1,85.85,106.65,108,106.65,11012,78071.01,849.36,509475,-93450,9285.3
NIFTY,05-May-2017,25-May-2017,PE,9400,109.8,147,108.65,134.15,135.5,134.15,64977,464435.69,6347.84,1857450,63450,9285.3
NIFTY,05-May-2017,25-May-2017,PE,9450,141.45,179.1,141.45,167.45,164.85,167.45,482,3473.46,57.29,17775,675,9285.3
NIFTY,05-May-2017,25-May-2017,PE,9500,172.2,218.1,172.15,202.85,203,202.85,10670,77595.19,1571.44,935625,-44550,9285.3
NIFTY,05-May-2017,25-May-2017,PE,8800,6.35,9.5,6.35,8.45,8.3,8.45,23112,152681.29,142.09,2208300,-28275,9285.3
NIFTY,05-May-2017,25-May-2017,PE,8850,10,11.95,10,10,10,10,72,478.47,.57,9675,4425,9285.3
NIFTY,05-May-2017,25-May-2017,PE,8900,9.7,14.65,9.7,13,12.95,13,30769,205670.83,287.76,2623125,-12000,9285.3
NIFTY,05-May-2017,25-May-2017,PE,8950,14.4,18.5,13.3,16,16.7,16,2173,14612.63,26.37,68025,19200,9285.3
NIFTY,05-May-2017,25-May-2017,PE,9000,15.6,23.55,15.6,20.6,20.85,20.6,80421,544042.62,1200.87,4558350,-397500,9285.3
NIFTY,05-May-2017,25-May-2017,PE,9050,20,29.3,19.95,25.7,25.1,25.7,3820,26000.64,72.39,121650,36600,9285.3
NIFTY,05-May-2017,25-May-2017,PE,9100,25.65,37.25,24.35,32.4,32.6,32.4,102409,701389.35,2447.92,4392375,-357450,9285.3
NIFTY,05-May-2017,25-May-2017,PE,8750,0,0,0,27.5,27.5,0.3,0,0,0,75,0,9285.3
NIFTY,08-May-2017,25-May-2017,PE,9850,490,490,490,490,490,490,1,7.76,.37,75,0,9314.05
NIFTY,08-May-2017,25-May-2017,PE,9900,548,550,548,550,550,550,2,15.67,.82,36675,0,9314.05
NIFTY,08-May-2017,25-May-2017,PE,9950,590,590,590,590,590,590,1,7.91,.44,75,0,9314.05
NIFTY,08-May-2017,25-May-2017,PE,10000,669,669,635,650.2,648,650.2,800,6391.18,391.18,619275,-39750,9314.05
NIFTY,08-May-2017,25-May-2017,PE,10050,0,0,0,960.85,0,705.8,0,0,0,0,0,9314.05
NIFTY,08-May-2017,25-May-2017,PE,9500,190.2,194.2,162.45,175.65,175.6,175.65,6709,48697.6,895.98,945600,9975,9314.05
NIFTY,08-May-2017,25-May-2017,PE,9550,0,0,0,245,245,223.4,0,0,0,150,0,9314.05
NIFTY,08-May-2017,25-May-2017,PE,9600,271.95,279.55,243.5,259.15,258.35,259.15,604,4466.01,117.21,351225,-1875,9314.05
NIFTY,08-May-2017,25-May-2017,PE,9650,0,0,0,597.55,0,312.85,0,0,0,0,0,9314.05
NIFTY,08-May-2017,25-May-2017,PE,9700,369.95,369.95,339,353.3,354,353.3,204,1538.02,53.92,121350,-2025,9314.05
NIFTY,08-May-2017,25-May-2017,PE,9750,0,0,0,684.35,0,408.5,0,0,0,0,0,9314.05
NIFTY,08-May-2017,25-May-2017,PE,9800,450,459,445,451.7,451.7,451.7,38,292.08,12.78,24450,2325,9314.05
NIFTY,08-May-2017,25-May-2017,PE,9150,40.25,40.3,26.8,30,30.05,30,4757,32754.9,109.99,322425,29100,9314.05
NIFTY,08-May-2017,25-May-2017,PE,9200,46.55,48.4,34.75,38.9,38.85,38.9,84879,588234.7,2569.6,4830600,213150,9314.05
NIFTY,08-May-2017,25-May-2017,PE,9250,58.6,62,46,51.25,51,51.25,8415,58715.22,336.16,473850,130800,9314.05
NIFTY,08-May-2017,25-May-2017,PE,9300,77.65,80.55,59.55,66.65,66.2,66.65,133631,938906.74,6830.51,5340675,441675,9314.05
NIFTY,08-May-2017,25-May-2017,PE,9350,94.6,100.4,77,85.2,84.8,85.2,8697,61550.04,562.33,591975,82500,9314.05
NIFTY,08-May-2017,25-May-2017,PE,9400,123.2,128.45,100,110.35,109.5,110.35,43792,312417.19,3683.59,2223450,366000,9314.05
NIFTY,08-May-2017,25-May-2017,PE,9450,151.1,158.35,129,140.2,139.65,140.2,205,1474.73,21.79,19875,2100,9314.05
NIFTY,08-May-2017,25-May-2017,PE,8800,7.9,8.3,4.65,5.3,5.35,5.3,17100,112930.17,70.17,2010225,-198075,9314.05
NIFTY,08-May-2017,25-May-2017,PE,8850,7.1,8.8,5.55,6.55,6.65,6.55,219,1454.72,1.1,7425,-2250,9314.05
NIFTY,08-May-2017,25-May-2017,PE,8900,11.5,12,7.55,8.3,8.1,8.3,24423,163183.96,160.43,2579850,-43275,9314.05
NIFTY,08-May-2017,25-May-2017,PE,8950,12.5,13.35,9.7,10.5,10.55,10.5,1262,8481.54,10.36,95475,27450,9314.05
NIFTY,08-May-2017,25-May-2017,PE,9000,17.6,18.05,12.55,13.7,13.65,13.7,55134,372756.84,602.34,4692000,133650,9314.05
NIFTY,08-May-2017,25-May-2017,PE,9050,22.6,22.9,16.05,17.3,17.4,17.3,2858,19438.02,39.35,120900,-750,9314.05
NIFTY,08-May-2017,25-May-2017,PE,9100,27.15,29.15,20.5,22.75,22.75,22.75,69412,474970.15,1233.25,4533075,140700,9314.05
NIFTY,08-May-2017,25-May-2017,PE,8750,0,0,0,27.5,27.5,0.1,0,0,0,75,0,9314.05
NIFTY,09-May-2017,25-May-2017,PE,9900,541.35,560,526.35,544.45,544.35,544.45,49,384.02,20.19,37425,750,9316.85
NIFTY,09-May-2017,25-May-2017,PE,9950,609,609,580,580,580,580,2,15.82,.89,150,75,9316.85
NIFTY,09-May-2017,25-May-2017,PE,10000,648.35,660,626.7,644.95,643.45,644.95,893,7131,433.5,577950,-41325,9316.85
NIFTY,09-May-2017,25-May-2017,PE,10050,0,0,0,960.85,0,704.75,0,0,0,0,0,9316.85
NIFTY,09-May-2017,25-May-2017,PE,9550,199.9,199.9,199.9,199.9,199.9,199.9,1,7.31,.15,150,0,9316.85
NIFTY,09-May-2017,25-May-2017,PE,9600,255.85,269.9,229.05,251.3,251.95,251.3,2090,15431.67,383.67,414225,63000,9316.85
NIFTY,09-May-2017,25-May-2017,PE,9650,0,0,0,597.55,0,310.4,0,0,0,0,0,9316.85
NIFTY,09-May-2017,25-May-2017,PE,9700,353,364.3,327.95,347.1,348.5,347.1,486,3658.91,123.26,140625,19275,9316.85
NIFTY,09-May-2017,25-May-2017,PE,9750,0,0,0,684.35,0,406.8,0,0,0,0,0,9316.85
NIFTY,09-May-2017,25-May-2017,PE,9800,446,446.55,440,446.55,446.55,446.55,3,23.05,1,24375,-75,9316.85
NIFTY,09-May-2017,25-May-2017,PE,9850,0,0,0,490,490,505.6,0,0,0,75,0,9316.85
NIFTY,09-May-2017,25-May-2017,PE,9200,35.5,40.75,28.4,33.3,33.8,33.3,88181,610683.67,2234.77,5176050,345450,9316.85
NIFTY,09-May-2017,25-May-2017,PE,9250,46.7,54,38.5,44.7,45.25,44.7,7672,53484.8,260.3,535200,61350,9316.85
NIFTY,09-May-2017,25-May-2017,PE,9300,62.85,70.65,51.3,59.1,59.35,59.1,148867,1045025.22,6677.9,6067275,726600,9316.85
NIFTY,09-May-2017,25-May-2017,PE,9350,80,90,67.5,76.85,77.15,76.85,9960,70420.74,576.24,677325,85350,9316.85
NIFTY,09-May-2017,25-May-2017,PE,9400,104.05,116.5,90,101.45,101.85,101.45,48867,348259.15,3746.8,2281500,58050,9316.85
NIFTY,09-May-2017,25-May-2017,PE,9450,134.95,146.05,118.6,131,132.65,131,348,2500.14,33.69,24975,5100,9316.85
NIFTY,09-May-2017,25-May-2017,PE,9500,167.05,184.8,151.15,167.35,169,167.35,9113,66057.07,1126.94,1041225,95625,9316.85
NIFTY,09-May-2017,25-May-2017,PE,8850,6.05,6.35,5,5.4,5.45,5.4,196,1301.75,.8,11250,3825,9316.85
NIFTY,09-May-2017,25-May-2017,PE,8900,7.45,8.45,6,6.9,7,6.9,28351,189392.65,149.73,2430450,-149400,9316.85
NIFTY,09-May-2017,25-May-2017,PE,8950,9.4,10.9,7.5,8.5,8.8,8.5,1434,9635.52,9.8,111375,15900,9316.85
NIFTY,09-May-2017,25-May-2017,PE,9000,12.85,14.15,9.8,11.2,11.3,11.2,49390,333814.25,431.75,4615350,-76650,9316.85
NIFTY,09-May-2017,25-May-2017,PE,9050,15.6,18.15,12.4,14.5,14.7,14.5,2632,17894.52,29.82,118575,-2325,9316.85
NIFTY,09-May-2017,25-May-2017,PE,9100,21.25,23.6,16.35,19,19,19,66550,455178.19,974.44,4641525,108450,9316.85
NIFTY,09-May-2017,25-May-2017,PE,9150,26.25,30.95,21.5,25.4,26,25.4,5670,39020.46,110.08,321150,-1275,9316.85
NIFTY,09-May-2017,25-May-2017,PE,8750,0,0,0,27.5,27.5,0.05,0,0,0,75,0,9316.85
NIFTY,09-May-2017,25-May-2017,PE,8800,4.7,5.4,3.95,4.3,4.4,4.3,15232,100582.78,51.58,2041350,31125,9316.85
NIFTY,10-May-2017,25-May-2017,PE,9900,497.15,497.15,479.15,479.15,479.15,479.15,17,132.45,6.23,37425,0,9407.3
NIFTY,10-May-2017,25-May-2017,PE,9950,520.05,550,520.05,550,550,550,2,15.73,.8,225,75,9407.3
NIFTY,10-May-2017,25-May-2017,PE,10000,632.25,632.25,571.45,575.45,578,575.45,356,2827.63,157.63,566550,-11400,9407.3
NIFTY,10-May-2017,25-May-2017,PE,10050,0,0,0,960.85,0,616.15,0,0,0,0,0,9407.3
NIFTY,10-May-2017,25-May-2017,PE,9550,176.15,176.15,144.3,150.2,144.9,150.2,44,320.37,5.22,2100,1950,9407.3
NIFTY,10-May-2017,25-May-2017,PE,9600,237.15,241.15,185.5,189.65,190,189.65,4571,33605.13,693.93,386925,-27300,9407.3
NIFTY,10-May-2017,25-May-2017,PE,9650,0,0,0,597.55,0,231.45,0,0,0,0,0,9407.3
NIFTY,10-May-2017,25-May-2017,PE,9700,322,324,275.1,280.45,281.3,280.45,826,6194.48,185.33,104025,-36600,9407.3
NIFTY,10-May-2017,25-May-2017,PE,9750,0,0,0,684.35,0,321.9,0,0,0,0,0,9407.3
NIFTY,10-May-2017,25-May-2017,PE,9800,419.5,419.55,371.25,375.7,373.25,375.7,327,2499.93,96.48,40950,16575,9407.3
NIFTY,10-May-2017,25-May-2017,PE,9850,0,0,0,490,490,418.1,0,0,0,75,0,9407.3
NIFTY,10-May-2017,25-May-2017,PE,9200,29,29.8,18.65,19.55,20,19.55,142135,983082.27,2350.77,5675550,499500,9407.3
NIFTY,10-May-2017,25-May-2017,PE,9250,40.1,40.2,25,26.35,27,26.35,17053,118694.33,389.14,746400,211200,9407.3
NIFTY,10-May-2017,25-May-2017,PE,9300,55.9,55.9,34,35.85,36.1,35.85,242593,1699480.92,7394.74,7677000,1609725,9407.3
NIFTY,10-May-2017,25-May-2017,PE,9350,68.45,70,46.15,48.35,49.85,48.35,30201,213015.49,1230.98,1038900,361575,9407.3
NIFTY,10-May-2017,25-May-2017,PE,9400,91.5,94.9,62.6,64.85,66,64.85,132787,943385.76,7237.41,3474675,1193175,9407.3
NIFTY,10-May-2017,25-May-2017,PE,9450,120.2,120.2,84.1,86.3,86.4,86.3,2825,20222.92,200.73,75375,50400,9407.3
NIFTY,10-May-2017,25-May-2017,PE,9500,155.4,157.8,112.15,115.25,118.1,115.25,23194,167468.53,2211.28,1192575,151350,9407.3
NIFTY,10-May-2017,25-May-2017,PE,8850,4.5,4.5,4,4.3,4.2,4.3,75,498.05,.24,10875,-375,9407.3
NIFTY,10-May-2017,25-May-2017,PE,8900,6,6,4.75,4.95,4.95,4.95,39907,266533.23,154,2637900,207450,9407.3
NIFTY,10-May-2017,25-May-2017,PE,8950,7,7.5,5.8,6.3,6.35,6.3,1079,7247.96,5.17,112275,900,9407.3
NIFTY,10-May-2017,25-May-2017,PE,9000,9.55,10,7.25,7.6,7.75,7.6,82882,559950.43,496.93,4644225,28875,9407.3
NIFTY,10-May-2017,25-May-2017,PE,9050,12.25,12.5,8.95,9.25,9.3,9.25,2469,16777.54,19.2,142050,23475,9407.3
NIFTY,10-May-2017,25-May-2017,PE,9100,24.45,24.45,11.4,11.75,12,11.75,108621,742400.56,1062.23,4695525,54000,9407.3
NIFTY,10-May-2017,25-May-2017,PE,9150,21.6,22,14.5,15.15,15.95,15.15,10409,71568.72,136.96,333975,12825,9407.3
NIFTY,10-May-2017,25-May-2017,PE,8750,0,0,0,27.5,27.5,0.05,0,0,0,75,0,9407.3
NIFTY,10-May-2017,25-May-2017,PE,8800,3.95,3.95,3.05,3.3,3.2,3.3,25900,171005.22,65.22,2055075,13725,9407.3
NIFTY,11-May-2017,25-May-2017,PE,9900,448,458.05,435.65,454.4,458.05,454.4,47,364.81,15.84,38925,1500,9422.4
NIFTY,11-May-2017,25-May-2017,PE,9950,0,0,0,550,550,503.25,0,0,0,225,0,9422.4
NIFTY,11-May-2017,25-May-2017,PE,10000,555.25,560,531.8,554.35,555.8,554.35,965,7632.94,395.44,528450,-38100,9422.4
NIFTY,11-May-2017,25-May-2017,PE,10050,0,0,0,960.85,0,602.8,0,0,0,0,0,9422.4
NIFTY,11-May-2017,25-May-2017,PE,9550,132.15,132.45,113.35,130.2,129.4,130.2,258,1871.98,24.05,8700,6600,9422.4
NIFTY,11-May-2017,25-May-2017,PE,9600,170.55,175.1,150.6,169.8,172.05,169.8,7466,54668.28,913.08,419325,32400,9422.4
NIFTY,11-May-2017,25-May-2017,PE,9650,0,0,0,597.55,0,217.25,0,0,0,0,0,9422.4
NIFTY,11-May-2017,25-May-2017,PE,9700,261.95,265.3,237.55,258.6,262,258.6,1071,7993.83,202.31,97275,-6750,9422.4
NIFTY,11-May-2017,25-May-2017,PE,9750,0,0,0,684.35,0,307.9,0,0,0,0,0,9422.4
NIFTY,11-May-2017,25-May-2017,PE,9800,360,360,334.3,355.15,356,355.15,185,1407.89,48.14,44175,3225,9422.4
NIFTY,11-May-2017,25-May-2017,PE,9850,0,0,0,490,490,404.45,0,0,0,75,0,9422.4
NIFTY,11-May-2017,25-May-2017,PE,9200,16.5,17.85,12,14.9,15,14.9,115923,801124.19,1255.49,5481825,-193725,9422.4
NIFTY,11-May-2017,25-May-2017,PE,9250,20,23.2,16.5,19.85,20,19.85,25966,180512.06,372.93,972525,226125,9422.4
NIFTY,11-May-2017,25-May-2017,PE,9300,30,31.45,22.25,27.6,27.7,27.6,152519,1066843.32,3023.29,7620075,-56925,9422.4
NIFTY,11-May-2017,25-May-2017,PE,9350,41,42.5,31,38.05,38,38.05,20047,141127.49,547.91,1171200,132300,9422.4
NIFTY,11-May-2017,25-May-2017,PE,9400,55,58.3,42.2,52.35,52.5,52.35,177146,1255548.39,6669.09,4152300,677625,9422.4
NIFTY,11-May-2017,25-May-2017,PE,9450,72.5,78.95,60,71.6,71.5,71.6,15212,108598.7,783.65,320325,244950,9422.4
NIFTY,11-May-2017,25-May-2017,PE,9500,100.85,104.15,82.95,97.9,98.4,97.9,65118,468534.59,4568.84,1839600,647025,9422.4
NIFTY,11-May-2017,25-May-2017,PE,8850,3.75,3.75,2.75,3.4,3.4,3.4,145,962.78,.34,13350,2475,9422.4
NIFTY,11-May-2017,25-May-2017,PE,8900,4.1,4.85,3.55,4.4,4.55,4.4,25603,170976.87,76.84,2944125,306225,9422.4
NIFTY,11-May-2017,25-May-2017,PE,8950,4.6,6.5,3.85,4.85,6.5,4.85,632,4244.48,2.18,106725,-5550,9422.4
NIFTY,11-May-2017,25-May-2017,PE,9000,5.55,7.75,5.15,6,6.15,6,55833,377116.15,243.4,4751700,107475,9422.4
NIFTY,11-May-2017,25-May-2017,PE,9050,7,8.2,6.4,7.45,7.5,7.45,1486,10094.25,8.02,166575,24525,9422.4
NIFTY,11-May-2017,25-May-2017,PE,9100,10.5,11.45,7.8,9.25,9.15,9.25,79963,546289.91,542.44,4651500,-44025,9422.4
NIFTY,11-May-2017,25-May-2017,PE,9150,12,13.35,9.65,11.8,11.65,11.8,5284,36306.77,45.32,310575,-23400,9422.4
NIFTY,11-May-2017,25-May-2017,PE,8750,0,0,0,27.5,27.5,0,0,0,0,75,0,9422.4
NIFTY,11-May-2017,25-May-2017,PE,8800,2.65,3.75,2.65,3.25,3.7,3.25,12296,81180.31,26.71,2071350,16275,9422.4
NIFTY,12-May-2017,25-May-2017,PE,9900,460,499.25,457,473.5,470.8,473.5,147,1143.78,52.3,44775,5850,9400.9
NIFTY,12-May-2017,25-May-2017,PE,9950,0,0,0,550,550,526.4,0,0,0,225,0,9400.9
NIFTY,12-May-2017,25-May-2017,PE,10000,557.3,605.9,557.3,581.25,576,581.25,630,5003.62,278.62,512700,-15750,9400.9
NIFTY,12-May-2017,25-May-2017,PE,10050,0,0,0,960.85,0,626.05,0,0,0,0,0,9400.9
NIFTY,12-May-2017,25-May-2017,PE,9550,134.35,164.5,130.25,148.8,142.85,148.8,283,2058.09,31.1,9675,975,9400.9
NIFTY,12-May-2017,25-May-2017,PE,9600,172.55,213.75,170,191.9,186,191.9,6596,48461.07,969.87,387000,-32325,9400.9
NIFTY,12-May-2017,25-May-2017,PE,9650,0,0,0,597.55,0,235.35,0,0,0,0,0,9400.9
NIFTY,12-May-2017,25-May-2017,PE,9700,260.55,306.3,260.55,282.85,276.1,282.85,661,4950.33,141.55,94800,-2475,9400.9
NIFTY,12-May-2017,25-May-2017,PE,9750,0,0,0,684.35,0,329.05,0,0,0,0,0,9400.9
NIFTY,12-May-2017,25-May-2017,PE,9800,356.65,402.2,355.95,379.1,373.2,379.1,106,809.27,30.17,43875,-300,9400.9
NIFTY,12-May-2017,25-May-2017,PE,9850,0,0,0,490,490,427.05,0,0,0,75,0,9400.9
NIFTY,12-May-2017,25-May-2017,PE,9200,12.65,18,12.55,14.9,13.5,14.9,133346,921723.88,1636.48,5919975,438150,9400.9
NIFTY,12-May-2017,25-May-2017,PE,9250,19.25,25.1,12.4,20.55,19.35,20.55,35300,245489.71,595.96,808350,-164175,9400.9
NIFTY,12-May-2017,25-May-2017,PE,9300,26.75,35.4,26.2,29,27.3,29,195976,1371592.33,4659.73,7264125,-355950,9400.9
NIFTY,12-May-2017,25-May-2017,PE,9350,41.85,49.3,36.65,40.95,38.4,40.95,34972,246388.65,1147.5,1220175,48975,9400.9
NIFTY,12-May-2017,25-May-2017,PE,9400,53.2,70,49.9,58.85,56,58.85,195954,1390582.63,9106.93,3805500,-346800,9400.9
NIFTY,12-May-2017,25-May-2017,PE,9450,71.35,94.85,70.05,79.85,77.05,79.85,10169,72706.45,633.66,302400,-17925,9400.9
NIFTY,12-May-2017,25-May-2017,PE,9500,100,129.45,96.55,111.55,106.85,111.55,52033,375212.04,4476.92,1577175,-262425,9400.9
NIFTY,12-May-2017,25-May-2017,PE,8850,4.7,4.7,2.75,3.15,3.1,3.15,79,524.56,.2,15300,1950,9400.9
NIFTY,12-May-2017,25-May-2017,PE,8900,4.85,4.9,3.8,4,3.95,4,28202,188339.87,91.52,2704125,-240000,9400.9
NIFTY,12-May-2017,25-May-2017,PE,8950,5,5.4,4.25,4.75,4.5,4.75,547,3673.71,1.98,95775,-10950,9400.9
NIFTY,12-May-2017,25-May-2017,PE,9000,5,6.85,5,5.65,5.4,5.65,61680,416625.88,285.88,4739550,-12150,9400.9
NIFTY,12-May-2017,25-May-2017,PE,9050,7.3,8.5,6.45,7.05,6.9,7.05,1449,9843.41,8.33,150075,-16500,9400.9
NIFTY,12-May-2017,25-May-2017,PE,9100,9.1,10.8,7.3,8.9,8.55,8.9,81058,553815.3,594.45,4713750,62250,9400.9
NIFTY,12-May-2017,25-May-2017,PE,9150,11.2,13.75,10.3,11.4,10.3,11.4,3818,26236.55,35.53,292875,-17700,9400.9
NIFTY,12-May-2017,25-May-2017,PE,8750,1.5,2.1,1.5,2.1,2.1,2.1,12,78.77,.02,525,450,9400.9
NIFTY,12-May-2017,25-May-2017,PE,8800,3.35,3.85,2.7,2.8,2.7,2.8,12856,84878.7,29.1,2182125,110775,9400.9
NIFTY,15-May-2017,25-May-2017,PE,8750,0,0,0,2.1,2.1,0,0,0,0,525,0,9445.4
NIFTY,15-May-2017,25-May-2017,PE,8800,2.5,2.5,1.8,2.2,2.15,2.2,9631,63580.18,15.58,2126325,-55800,9445.4
NIFTY,15-May-2017,25-May-2017,PE,8850,2.3,2.55,2.3,2.35,2.35,2.35,96,637.37,.17,13200,-2100,9445.4
NIFTY,15-May-2017,25-May-2017,PE,8900,3.65,3.65,2.65,2.85,2.75,2.85,12555,83831.46,26.83,2713725,9600,9445.4
NIFTY,15-May-2017,25-May-2017,PE,8950,3.6,3.6,2.85,3.15,3,3.15,210,1410.13,.51,101775,6000,9445.4
NIFTY,15-May-2017,25-May-2017,PE,9000,4.2,5.4,3.55,3.75,3.65,3.75,25417,171637.35,72.6,4704075,-35475,9445.4
NIFTY,15-May-2017,25-May-2017,PE,9050,6,6,4.05,4.4,4.05,4.4,1943,13194.84,6.72,158925,8850,9445.4
NIFTY,15-May-2017,25-May-2017,PE,9100,8.2,8.2,4.5,5.75,5.6,5.75,58448,399158.78,251.18,4257075,-456675,9445.4
NIFTY,15-May-2017,25-May-2017,PE,9150,7.85,7.95,6.8,7.3,6.9,7.3,3272,22471.69,17.59,239250,-53625,9445.4
NIFTY,15-May-2017,25-May-2017,PE,9200,9.65,10.5,8.3,9.9,9.45,9.9,101959,704249.03,731.93,4637025,-1282950,9445.4
NIFTY,15-May-2017,25-May-2017,PE,9250,14.65,14.65,11.65,13.6,12.85,13.6,13909,96632.52,138.83,763125,-45225,9445.4
NIFTY,15-May-2017,25-May-2017,PE,9300,24.15,24.15,16.85,19.3,18.35,19.3,117635,822185.48,1681.36,7391850,127725,9445.4
NIFTY,15-May-2017,25-May-2017,PE,9350,31.05,31.05,24.8,27.7,26.5,27.7,25298,177924.06,521.84,1174200,-45975,9445.4
NIFTY,15-May-2017,25-May-2017,PE,9400,47.2,47.25,37.95,40.7,38.4,40.7,153889,1089679.28,4761.83,4632450,826950,9445.4
NIFTY,15-May-2017,25-May-2017,PE,9450,65.3,66.7,54.95,58.1,56,58.1,15217,108531.31,680.82,383250,80850,9445.4
NIFTY,15-May-2017,25-May-2017,PE,9500,93.2,93.2,80.6,84.1,81,84.1,49188,353656.25,3191.75,1583175,6000,9445.4
NIFTY,15-May-2017,25-May-2017,PE,9550,117.55,124.75,107.35,113.65,110.5,113.65,1507,10927.7,133.81,70050,60375,9445.4
NIFTY,15-May-2017,25-May-2017,PE,9600,163.2,167.5,151,154.8,151.5,154.8,7514,54995.65,894.85,395925,8925,9445.4
NIFTY,15-May-2017,25-May-2017,PE,9650,0,0,0,597.55,0,196.05,0,0,0,0,0,9445.4
NIFTY,15-May-2017,25-May-2017,PE,9700,249.75,260,240.3,245.35,240.75,245.35,424,3163.62,79.02,94950,150,9445.4
NIFTY,15-May-2017,25-May-2017,PE,9750,0,0,0,684.35,0,289.35,0,0,0,0,0,9445.4
NIFTY,15-May-2017,25-May-2017,PE,9800,349.95,353.05,339.55,341.45,339.55,341.45,81,616.54,21.19,42300,-1575,9445.4
NIFTY,15-May-2017,25-May-2017,PE,9850,0,0,0,490,490,387.55,0,0,0,75,0,9445.4
NIFTY,15-May-2017,25-May-2017,PE,9900,449.55,454.5,440.6,443.95,440.85,443.95,181,1404.56,60.64,53250,8475,9445.4
NIFTY,15-May-2017,25-May-2017,PE,9950,0,0,0,550,550,487.05,0,0,0,225,0,9445.4
NIFTY,15-May-2017,25-May-2017,PE,10000,554.75,556.15,540,543.7,540,543.7,340,2690.49,140.49,503475,-9225,9445.4
NIFTY,15-May-2017,25-May-2017,PE,10050,0,0,0,960.85,0,586.85,0,0,0,0,0,9445.4
NIFTY,16-May-2017,25-May-2017,PE,8750,0,0,0,2.1,2.1,0,0,0,0,525,0,9512.25
NIFTY,16-May-2017,25-May-2017,PE,8800,1.85,2.3,1.85,2.15,2.3,2.15,14506,95761.59,21.99,2092275,-34050,9512.25
NIFTY,16-May-2017,25-May-2017,PE,8850,2,2.85,2,2.1,2,2.1,145,962.68,.24,9000,-4200,9512.25
NIFTY,16-May-2017,25-May-2017,PE,8900,2.25,2.75,2.2,2.5,2.65,2.5,24023,160396.44,42.92,2695950,-17775,9512.25
NIFTY,16-May-2017,25-May-2017,PE,8950,2.2,3,2.2,2.75,3,2.75,431,2893.96,.88,98325,-3450,9512.25
NIFTY,16-May-2017,25-May-2017,PE,9000,3.45,3.45,2.55,2.95,3.2,2.95,43085,290917.53,93.78,4680675,-23400,9512.25
NIFTY,16-May-2017,25-May-2017,PE,9050,3.65,4.15,2.75,3.25,3.6,3.25,2163,14686.8,5.43,145500,-13425,9512.25
NIFTY,16-May-2017,25-May-2017,PE,9100,4.95,5.8,3.2,3.65,3.9,3.65,59761,408046.04,177.22,4099875,-157200,9512.25
NIFTY,16-May-2017,25-May-2017,PE,9150,6.3,6.7,4,4.5,4.5,4.5,5528,37956.74,20.84,226350,-12900,9512.25
NIFTY,16-May-2017,25-May-2017,PE,9200,8.75,8.9,5,5.65,6,5.65,117739,812974.12,575.02,4770675,133650,9512.25
NIFTY,16-May-2017,25-May-2017,PE,9250,10.8,12.25,6.6,7.75,7.95,7.75,24555,170521.02,170.71,600825,-162300,9512.25
NIFTY,16-May-2017,25-May-2017,PE,9300,15.75,17.4,9.05,10.45,11.15,10.45,226402,1581250.01,2096.06,7400550,8700,9512.25
NIFTY,16-May-2017,25-May-2017,PE,9350,23.1,25.55,12.95,14.65,15.7,14.65,47172,331417.8,624.15,1205925,31725,9512.25
NIFTY,16-May-2017,25-May-2017,PE,9400,35.85,38,19.35,21.3,22,21.3,301997,2135060.04,5981.19,6265200,1632750,9512.25
NIFTY,16-May-2017,25-May-2017,PE,9450,51.25,59.85,28.2,31.35,32.35,31.35,57340,408035.93,1638.68,1223625,840375,9512.25
NIFTY,16-May-2017,25-May-2017,PE,9500,75,80.2,43.25,47.7,49.2,47.7,210127,1506140.72,8985.84,3674550,2091375,9512.25
NIFTY,16-May-2017,25-May-2017,PE,9550,108.6,110.55,63.55,69.3,71,69.3,4710,34011.22,275.84,154350,84300,9512.25
NIFTY,16-May-2017,25-May-2017,PE,9600,144.8,150.35,93,100.3,102.3,100.3,32661,237920.93,2761.73,785475,389550,9512.25
NIFTY,16-May-2017,25-May-2017,PE,9650,138,138,138,138,138,138,3,22.02,.31,225,225,9512.25
NIFTY,16-May-2017,25-May-2017,PE,9700,237.8,239.3,171,180.1,183.9,180.1,2131,15819.23,316.21,140325,45375,9512.25
NIFTY,16-May-2017,25-May-2017,PE,9750,0,0,0,684.35,0,227.1,0,0,0,0,0,9512.25
NIFTY,16-May-2017,25-May-2017,PE,9800,315.2,331.3,269.1,275,279.3,275,309,2342.75,71.6,27975,-14325,9512.25
NIFTY,16-May-2017,25-May-2017,PE,9850,489.95,489.95,325,325,325,325,2,15.39,.61,225,150,9512.25
NIFTY,16-May-2017,25-May-2017,PE,9900,418,424.85,364,371.5,374,371.5,324,2504.37,98.67,69300,16050,9512.25
NIFTY,16-May-2017,25-May-2017,PE,9950,390,429.3,390,409.65,429.3,409.65,2,15.54,.61,150,-75,9512.25
NIFTY,16-May-2017,25-May-2017,PE,10000,540.5,540.5,469.7,473.35,476,473.35,1332,10495.07,505.07,466725,-36750,9512.25
NIFTY,16-May-2017,25-May-2017,PE,10050,0,0,0,960.85,0,521.75,0,0,0,0,0,9512.25
NIFTY,17-May-2017,25-May-2017,PE,8750,0,0,0,2.1,2.1,0,0,0,0,525,0,9525.75
NIFTY,17-May-2017,25-May-2017,PE,8800,2,2.45,2,2.35,2.3,2.35,7082,46753.13,11.93,1986300,-105975,9525.75
NIFTY,17-May-2017,25-May-2017,PE,8850,3.45,3.45,1.5,2.5,2.3,2.5,96,637.39,.19,9000,0,9525.75
NIFTY,17-May-2017,25-May-2017,PE,8900,1.95,2.9,1.95,2.75,2.7,2.75,18716,124966.04,36.74,2780250,84300,9525.75
NIFTY,17-May-2017,25-May-2017,PE,8950,2.9,3.05,2.55,2.85,2.8,2.85,387,2598.55,.82,95475,-2850,9525.75
NIFTY,17-May-2017,25-May-2017,PE,9000,2.95,3.3,2.75,3.2,3.1,3.2,36855,248855.07,83.82,4782450,101775,9525.75
NIFTY,17-May-2017,25-May-2017,PE,9050,3.45,3.6,3,3.45,3.4,3.45,1282,8704.79,3.21,134850,-10650,9525.75
NIFTY,17-May-2017,25-May-2017,PE,9100,3.45,4.3,3.35,3.9,3.75,3.9,34663,236675.28,100.3,4342725,242850,9525.75
NIFTY,17-May-2017,25-May-2017,PE,9150,4.9,5.15,4.1,4.55,4.65,4.55,2916,20021.17,10.12,236325,9975,9525.75
NIFTY,17-May-2017,25-May-2017,PE,9200,5.05,6.7,5.05,5.4,5.35,5.4,53244,367615.48,231.88,4908900,138225,9525.75
NIFTY,17-May-2017,25-May-2017,PE,9250,7.7,9.5,6.75,6.95,7,6.95,7908,54908.4,46.65,621225,20400,9525.75
NIFTY,17-May-2017,25-May-2017,PE,9300,10.45,13.15,8.7,9.05,8.8,9.05,126416,882760.83,1009.23,7321950,-78600,9525.75
NIFTY,17-May-2017,25-May-2017,PE,9350,15.7,18.9,11.75,12.25,11.95,12.25,27836,195506.71,306.76,1231200,25275,9525.75
NIFTY,17-May-2017,25-May-2017,PE,9400,23,26.35,17,17.95,17.4,17.95,187155,1322475.92,3033.17,6964800,699600,9525.75
NIFTY,17-May-2017,25-May-2017,PE,9450,36.25,38.2,26,26.9,26.5,26.9,37956,269927.14,913.99,1379325,155700,9525.75
NIFTY,17-May-2017,25-May-2017,PE,9500,45,57.85,39.75,41.35,40.5,41.35,192201,1376394.84,6962.71,5218575,1544025,9525.75
NIFTY,17-May-2017,25-May-2017,PE,9550,73.55,83,59,60.75,60.15,60.75,11624,83848.79,591.89,419625,265275,9525.75
NIFTY,17-May-2017,25-May-2017,PE,9600,108.5,118.2,88.2,90.85,89.15,90.85,45872,333774.44,3496.04,1024275,238800,9525.75
NIFTY,17-May-2017,25-May-2017,PE,9650,149,154,124,126.3,128.85,126.3,110,807.3,11.18,6150,5925,9525.75
NIFTY,17-May-2017,25-May-2017,PE,9700,193.35,205.3,166.2,170.3,168.85,170.3,2706,20060.16,374.01,160650,20325,9525.75
NIFTY,17-May-2017,25-May-2017,PE,9750,0,0,0,684.35,0,214.5,0,0,0,0,0,9525.75
NIFTY,17-May-2017,25-May-2017,PE,9800,293.95,302,262,264.2,264.35,264.2,99,748.11,20.46,29325,1350,9525.75
NIFTY,17-May-2017,25-May-2017,PE,9850,0,0,0,325,325,311,0,0,0,225,0,9525.75
NIFTY,17-May-2017,25-May-2017,PE,9900,396,396,358.2,358.25,358.3,358.25,228,1758.04,65.14,59475,-9825,9525.75
NIFTY,17-May-2017,25-May-2017,PE,9950,0,0,0,409.65,429.3,410.25,0,0,0,150,0,9525.75
NIFTY,17-May-2017,25-May-2017,PE,10000,500.7,500.75,460,463.8,462,463.8,512,4024.31,184.31,441750,-24975,9525.75
NIFTY,17-May-2017,25-May-2017,PE,10050,0,0,0,960.85,0,510.05,0,0,0,0,0,9525.75
NIFTY,18-May-2017,25-May-2017,PE,8750,2.05,2.05,1.7,2,2,2,33,216.61,.05,2250,1725,9429.45
NIFTY,18-May-2017,25-May-2017,PE,8800,2.35,2.8,1.9,2.1,2.3,2.1,5628,37153.76,8.96,1930650,-55650,9429.45
NIFTY,18-May-2017,25-May-2017,PE,8850,2.5,2.6,2.1,2.35,2.2,2.35,68,451.47,.12,12150,3150,9429.45
NIFTY,18-May-2017,25-May-2017,PE,8900,3.2,3.25,2.45,2.7,2.7,2.7,17041,113782.78,34.11,2696850,-83400,9429.45
NIFTY,18-May-2017,25-May-2017,PE,8950,3,5.15,2.55,2.9,3,2.9,1292,8675.32,2.77,142275,46800,9429.45
NIFTY,18-May-2017,25-May-2017,PE,9000,4.1,4.3,2.85,3.65,3.65,3.65,37083,250404.7,94.45,4728600,-53850,9429.45
NIFTY,18-May-2017,25-May-2017,PE,9050,3.2,4.8,3.2,4.35,4.65,4.35,1721,11686.34,5.05,130725,-4125,9429.45
NIFTY,18-May-2017,25-May-2017,PE,9100,5.65,6.35,3.7,5.4,5.9,5.4,53267,363733.52,186.25,4302300,-40425,9429.45
NIFTY,18-May-2017,25-May-2017,PE,9150,5.05,8.4,4.55,7,8,7,6697,45987.27,29.11,234750,-1575,9429.45
NIFTY,18-May-2017,25-May-2017,PE,9200,8.4,11.35,5.8,9.5,10.75,9.5,116504,804548.61,671.01,4515225,-393675,9429.45
NIFTY,18-May-2017,25-May-2017,PE,9250,10.95,16.35,7.85,13.35,15.05,13.35,18986,131872.91,157.54,634875,13650,9429.45
NIFTY,18-May-2017,25-May-2017,PE,9300,14.95,22.75,11.05,19.25,21.6,19.25,236111,1649536.87,2662.64,6757275,-564675,9429.45
NIFTY,18-May-2017,25-May-2017,PE,9350,24.9,32.25,15.95,27.8,30.15,27.8,59948,421343.55,958.2,1119075,-112125,9429.45
NIFTY,18-May-2017,25-May-2017,PE,9400,29,47,24,40.8,45.2,40.8,378387,2676632.64,9004.29,5608050,-1356750,9429.45
NIFTY,18-May-2017,25-May-2017,PE,9450,41.1,66.4,35.5,58.85,63,58.85,74386,529804.32,2593.55,910875,-468450,9429.45
NIFTY,18-May-2017,25-May-2017,PE,9500,65.15,94.7,53.5,85.9,92.2,85.9,265925,1908231.55,13515.93,3302625,-1915950,9429.45
NIFTY,18-May-2017,25-May-2017,PE,9550,96.55,130.75,78.75,120.6,126,120.6,9460,68417.22,659.97,225075,-194550,9429.45
NIFTY,18-May-2017,25-May-2017,PE,9600,136,171.9,112.8,161.95,169.5,161.95,43867,320271.66,4429.26,566325,-457950,9429.45
NIFTY,18-May-2017,25-May-2017,PE,9650,165.6,216.45,154.7,206.3,216.45,206.3,47,346.42,6.25,6450,300,9429.45
NIFTY,18-May-2017,25-May-2017,PE,9700,219.2,263.15,197.3,255.1,262,255.1,2190,16290.13,357.88,137700,-22950,9429.45
NIFTY,18-May-2017,25-May-2017,PE,9750,0,0,0,684.35,0,309.2,0,0,0,0,0,9429.45
NIFTY,18-May-2017,25-May-2017,PE,9800,305.3,357.6,299.75,352.95,357.6,352.95,231,1753.68,55.83,34200,4875,9429.45
NIFTY,18-May-2017,25-May-2017,PE,9850,0,0,0,325,325,408.45,0,0,0,225,0,9429.45
NIFTY,18-May-2017,25-May-2017,PE,9900,406.6,460,406.6,452.3,460,452.3,334,2590.93,110.98,43350,-16125,9429.45
NIFTY,18-May-2017,25-May-2017,PE,9950,472.4,495,472.4,495,495,495,2,15.65,.73,0,-150,9429.45
NIFTY,18-May-2017,25-May-2017,PE,10000,510.05,563.6,495.6,555.05,563.6,555.05,248,1959.85,99.85,433350,-8400,9429.45
NIFTY,18-May-2017,25-May-2017,PE,10050,0,0,0,960.85,0,608.15,0,0,0,0,0,9429.45
NIFTY,19-May-2017,25-May-2017,PE,8750,1.7,1.7,1.7,1.7,1.7,1.7,1,6.56,0,2250,0,9427.9
NIFTY,19-May-2017,25-May-2017,PE,8800,1.85,1.85,1.2,1.55,1.2,1.55,23574,155615.53,27.13,1851075,-79575,9427.9
NIFTY,19-May-2017,25-May-2017,PE,8850,1.95,1.95,1.7,1.7,1.7,1.7,98,650.61,.13,10125,-2025,9427.9
NIFTY,19-May-2017,25-May-2017,PE,8900,2.4,2.55,1.6,1.85,1.6,1.85,27699,184931.77,40.94,2856975,160125,9427.9
NIFTY,19-May-2017,25-May-2017,PE,8950,2.55,2.85,1.75,1.85,1.75,1.85,1042,6996.04,1.62,131550,-10725,9427.9
NIFTY,19-May-2017,25-May-2017,PE,9000,2.7,3.85,2,2.4,2,2.4,56066,378559.24,113.74,4556775,-171825,9427.9
NIFTY,19-May-2017,25-May-2017,PE,9050,2.85,4.7,2.25,2.75,2.4,2.75,2433,16519.85,5.86,133200,2475,9427.9
NIFTY,19-May-2017,25-May-2017,PE,9100,3.65,6.2,2.55,3.75,3,3.75,104227,711678.65,329.38,4043775,-258525,9427.9
NIFTY,19-May-2017,25-May-2017,PE,9150,5.3,8.5,3.1,5.15,4.15,5.15,11040,75808.82,46.82,276225,41475,9427.9
NIFTY,19-May-2017,25-May-2017,PE,9200,6.6,12.2,3.85,6.85,5.5,6.85,238281,1645522.87,1383.97,4025475,-489750,9427.9
NIFTY,19-May-2017,25-May-2017,PE,9250,9.4,17.8,5.25,9.5,8,9.5,38109,264693.77,312.58,693675,58800,9427.9
NIFTY,19-May-2017,25-May-2017,PE,9300,14,25.75,7.35,14.1,11.6,14.1,396385,2769384.95,4599.57,6561825,-195450,9427.9
NIFTY,19-May-2017,25-May-2017,PE,9350,20.95,37.45,10.3,20.4,16.6,20.4,117034,822643.42,1942.5,1256850,137775,9427.9
NIFTY,19-May-2017,25-May-2017,PE,9400,35,54.85,16.35,31.9,26.55,31.9,607379,4297397.36,15375.41,5689200,81150,9427.9
NIFTY,19-May-2017,25-May-2017,PE,9450,46,78.5,25.5,48.35,41,48.35,114010,811956.31,3910.43,1219950,309075,9427.9
NIFTY,19-May-2017,25-May-2017,PE,9500,70,112.15,43.3,77.4,68,77.4,360148,2585796.67,19742.17,2524725,-777900,9427.9
NIFTY,19-May-2017,25-May-2017,PE,9550,100.5,151.3,67.95,113.15,105,113.15,10580,76599.36,820.11,184425,-40650,9427.9
NIFTY,19-May-2017,25-May-2017,PE,9600,144.9,198.65,102.1,155.55,146.8,155.55,45723,334020.56,4814.96,394200,-172125,9427.9
NIFTY,19-May-2017,25-May-2017,PE,9650,173.05,237.25,143.1,196.6,188.6,196.6,87,642.18,12.52,6675,225,9427.9
NIFTY,19-May-2017,25-May-2017,PE,9700,230.7,293,187.7,251.9,239.75,251.9,1632,12155.15,282.35,119025,-18675,9427.9
NIFTY,19-May-2017,25-May-2017,PE,9750,0,0,0,684.35,0,312.05,0,0,0,0,0,9427.9
NIFTY,19-May-2017,25-May-2017,PE,9800,312.15,384.05,293.1,347.8,356.05,347.8,110,837.28,28.78,33900,-300,9427.9
NIFTY,19-May-2017,25-May-2017,PE,9850,0,0,0,325,325,411.7,0,0,0,225,0,9427.9
NIFTY,19-May-2017,25-May-2017,PE,9900,416.5,483.45,390.25,452.55,454,452.55,62,480.09,19.74,42750,-600,9427.9
NIFTY,19-May-2017,25-May-2017,PE,9950,0,0,0,495,495,511.55,0,0,0,0,0,9427.9
NIFTY,19-May-2017,25-May-2017,PE,10000,531.1,594.3,489,549.55,542.15,549.55,1802,14275.75,760.75,385950,-47400,9427.9
NIFTY,19-May-2017,25-May-2017,PE,10050,0,0,0,960.85,0,611.45,0,0,0,0,0,9427.9
NIFTY,22-May-2017,25-May-2017,PE,8750,0.55,0.55,0.55,0.55,0.55,0.55,25,164.07,.01,2325,75,9438.25
NIFTY,22-May-2017,25-May-2017,PE,8800,0.9,0.9,0.6,0.65,0.6,0.65,11875,78381.15,6.15,1786125,-64950,9438.25
NIFTY,22-May-2017,25-May-2017,PE,8850,1,1,0.7,0.8,0.8,0.8,36,238.97,.02,9075,-1050,9438.25
NIFTY,22-May-2017,25-May-2017,PE,8900,1.1,1.15,0.7,0.95,0.8,0.95,23695,158179.92,15.8,2708250,-148725,9438.25
NIFTY,22-May-2017,25-May-2017,PE,8950,1.2,1.25,0.75,1,0.9,1,961,6451.43,.71,110100,-21450,9438.25
NIFTY,22-May-2017,25-May-2017,PE,9000,1.2,1.4,0.9,1.15,1.1,1.15,38877,262452.67,32.92,4587675,30900,9438.25
NIFTY,22-May-2017,25-May-2017,PE,9050,2.35,2.35,1.1,1.45,1.35,1.45,2130,14459.6,2.23,198975,65775,9438.25
NIFTY,22-May-2017,25-May-2017,PE,9100,2.15,2.45,1.4,1.9,1.7,1.9,64458,440013.18,87.33,3907875,-135900,9438.25
NIFTY,22-May-2017,25-May-2017,PE,9150,2.75,3.1,1.95,2.5,2.35,2.5,7009,48112.1,12.84,335025,58800,9438.25
NIFTY,22-May-2017,25-May-2017,PE,9200,4.7,4.9,2.85,4,3.7,4,86365,596153.89,235.39,3890325,-135150,9438.25
NIFTY,22-May-2017,25-May-2017,PE,9250,5.7,7.8,4.2,6.3,5.85,6.3,26664,185094.54,113.04,625875,-67800,9438.25
NIFTY,22-May-2017,25-May-2017,PE,9300,8.9,12.4,5.8,10.15,9.45,10.15,205671,1435904.24,1349.01,6457425,-104400,9438.25
NIFTY,22-May-2017,25-May-2017,PE,9350,9.9,19.7,9.1,16.45,15.75,16.45,79367,557406.31,845.23,1241925,-14925,9438.25
NIFTY,22-May-2017,25-May-2017,PE,9400,19.7,32.6,15,27.5,26,27.5,394396,2787460.9,6969.1,5780625,91425,9438.25
NIFTY,22-May-2017,25-May-2017,PE,9450,32.6,52.45,22.6,45.1,43.85,45.1,88797,631883.55,2534.81,1437000,217050,9438.25
NIFTY,22-May-2017,25-May-2017,PE,9500,55,85,47.5,73.85,73.45,73.85,195252,1400645.3,9474.8,2350500,-174225,9438.25
NIFTY,22-May-2017,25-May-2017,PE,9550,85.9,125.6,77.45,113.05,110.95,113.05,5622,40687.84,420.27,102750,-81675,9438.25
NIFTY,22-May-2017,25-May-2017,PE,9600,130.45,172.4,116.7,156.55,155.2,156.55,18450,134815.46,1975.46,363675,-30525,9438.25
NIFTY,22-May-2017,25-May-2017,PE,9650,174.25,216.05,161.15,206.65,209.1,206.65,23,169.62,3.16,6525,-150,9438.25
NIFTY,22-May-2017,25-May-2017,PE,9700,219.15,266,206.35,252.5,253.55,252.5,932,6947.04,166.74,81750,-37275,9438.25
NIFTY,22-May-2017,25-May-2017,PE,9750,0,0,0,684.35,0,306.6,0,0,0,0,0,9438.25
NIFTY,22-May-2017,25-May-2017,PE,9800,318.5,353.6,317,349.55,349.55,349.55,56,425.86,14.26,30000,-3900,9438.25
NIFTY,22-May-2017,25-May-2017,PE,9850,410,410,410,410,410,410,2,15.39,.62,75,-150,9438.25
NIFTY,22-May-2017,25-May-2017,PE,9900,425,462.4,425,447.2,446.3,447.2,51,395.61,16.93,41925,-825,9438.25
NIFTY,22-May-2017,25-May-2017,PE,9950,0,0,0,495,495,506.5,0,0,0,0,0,9438.25
NIFTY,22-May-2017,25-May-2017,PE,10000,518.05,566.2,510,551.25,550.1,551.25,470,3715.33,190.33,362775,-23175,9438.25
NIFTY,22-May-2017,25-May-2017,PE,10050,0,0,0,960.85,0,606.45,0,0,0,0,0,9438.25
NIFTY,23-May-2017,25-May-2017,PE,8750,0.35,2,0.35,1.6,1.45,1.6,73,479.15,.08,4725,2400,9386.15
NIFTY,23-May-2017,25-May-2017,PE,8800,0.4,3,0.4,1.5,1.4,1.5,12951,85486.72,10.12,1695300,-90825,9386.15
NIFTY,23-May-2017,25-May-2017,PE,8850,0.7,2.6,0.55,2,1.95,2,339,2250.61,.5,14550,5475,9386.15
NIFTY,23-May-2017,25-May-2017,PE,8900,0.7,3.8,0.6,2.25,2.45,2.25,42681,284941.78,46.11,2605800,-102450,9386.15
NIFTY,23-May-2017,25-May-2017,PE,8950,0.8,3.45,0.7,2.4,2.7,2.4,2228,14958.35,2.9,119100,9000,9386.15
NIFTY,23-May-2017,25-May-2017,PE,9000,0.9,4.6,0.75,3.1,3.6,3.1,102834,694272.93,143.43,4802625,214950,9386.15
NIFTY,23-May-2017,25-May-2017,PE,9050,1.05,5.15,0.85,3.85,4.25,3.85,7348,49890.08,15.53,234450,35475,9386.15
NIFTY,23-May-2017,25-May-2017,PE,9100,1.45,6.55,1.25,4.7,6.2,4.7,133571,911920.74,298.67,3752475,-155400,9386.15
NIFTY,23-May-2017,25-May-2017,PE,9150,2.2,8.9,1.65,6.3,8.5,6.3,27794,190820.95,84.63,522825,187800,9386.15
NIFTY,23-May-2017,25-May-2017,PE,9200,3.65,14,2.6,9.45,11.4,9.45,266267,1838533.36,1291.06,3859875,-30450,9386.15
NIFTY,23-May-2017,25-May-2017,PE,9250,4.45,21.85,4.1,15.15,15.85,15.15,93278,647839.1,722.98,991350,365475,9386.15
NIFTY,23-May-2017,25-May-2017,PE,9300,6.4,31.15,6.35,22.15,23,22.15,521155,3641161.97,6105.85,5426550,-1030875,9386.15
NIFTY,23-May-2017,25-May-2017,PE,9350,10.3,43,10.15,32.7,32.9,32.7,197924,1391499.7,3557.65,1443600,201675,9386.15
NIFTY,23-May-2017,25-May-2017,PE,9400,22.2,63,15.1,49.85,50.55,49.85,657963,4657922.87,19283.72,4646025,-1134600,9386.15
NIFTY,23-May-2017,25-May-2017,PE,9450,35.25,92.75,31.1,77,77,77,82137,586016.93,3870.94,638475,-798525,9386.15
NIFTY,23-May-2017,25-May-2017,PE,9500,61.05,131.5,56.7,112.15,113.2,112.15,170469,1227088.45,12496.83,1476600,-873900,9386.15
NIFTY,23-May-2017,25-May-2017,PE,9550,100.2,176.5,94.1,161.55,163,161.55,2999,21805.5,325.16,43950,-58800,9386.15
NIFTY,23-May-2017,25-May-2017,PE,9600,141.7,226,138.6,208.4,206.35,208.4,13743,100893.43,1943.83,302250,-61425,9386.15
NIFTY,23-May-2017,25-May-2017,PE,9650,197.05,261.65,197.05,247.2,261.65,247.2,7,51.88,1.21,6375,-150,9386.15
NIFTY,23-May-2017,25-May-2017,PE,9700,237.55,321.4,237.5,307.1,307.95,307.1,558,4181.58,122.13,68775,-12975,9386.15
NIFTY,23-May-2017,25-May-2017,PE,9750,0,0,0,684.35,0,360.45,0,0,0,0,0,9386.15
NIFTY,23-May-2017,25-May-2017,PE,9800,385.35,409.45,378,378,378,378,44,336.38,12.98,28650,-1350,9386.15
NIFTY,23-May-2017,25-May-2017,PE,9850,447,453.45,430,449,449,449,4,30.88,1.33,75,0,9386.15
NIFTY,23-May-2017,25-May-2017,PE,9900,486.55,500.45,483.9,491.3,491.3,491.3,9,70.15,3.32,41700,-225,9386.15
NIFTY,23-May-2017,25-May-2017,PE,9950,0,0,0,495,495,560.35,0,0,0,0,0,9386.15
NIFTY,23-May-2017,25-May-2017,PE,10000,544.45,619.6,543.9,606.2,603.5,606.2,796,6325.85,355.85,328200,-34575,9386.15
NIFTY,23-May-2017,25-May-2017,PE,10050,0,0,0,960.85,0,660.3,0,0,0,0,0,9386.15
NIFTY,24-May-2017,25-May-2017,PE,8750,0.6,1.05,0.5,0.5,0.5,0.5,73,479.1,.04,8325,3600,9360.55
NIFTY,24-May-2017,25-May-2017,PE,8800,0.6,1.9,0.3,0.4,0.3,0.4,16809,110946.66,7.26,1569000,-126300,9360.55
NIFTY,24-May-2017,25-May-2017,PE,8850,0.4,2.2,0.1,0.35,0.1,0.35,729,4839.36,.63,11475,-3075,9360.55
NIFTY,24-May-2017,25-May-2017,PE,8900,1.05,2.9,0.4,0.55,0.5,0.55,63717,425360.25,49.28,2579700,-26100,9360.55
NIFTY,24-May-2017,25-May-2017,PE,8950,0.8,3.15,0.4,0.65,0.7,0.65,3146,21120.53,3,103275,-15825,9360.55
NIFTY,24-May-2017,25-May-2017,PE,9000,1.4,4,0.6,0.75,0.7,0.75,129201,872239.21,132.46,4494900,-307725,9360.55
NIFTY,24-May-2017,25-May-2017,PE,9050,1.35,4.7,0.6,0.9,0.85,0.9,16392,111283.77,23.07,140400,-94050,9360.55
NIFTY,24-May-2017,25-May-2017,PE,9100,2.1,6.75,0.8,1.3,1.3,1.3,194032,1324559.71,291.31,3609900,-142575,9360.55
NIFTY,24-May-2017,25-May-2017,PE,9150,3.4,8.9,1,1.9,1.9,1.9,54038,370977.04,141.27,528450,5625,9360.55
NIFTY,24-May-2017,25-May-2017,PE,9200,6.45,12,1.55,2.85,2.85,2.85,342099,2361671.86,1188.76,3408300,-451575,9360.55
NIFTY,24-May-2017,25-May-2017,PE,9250,9.8,17.2,2.55,4.8,5.1,4.8,138431,961100.78,735.72,974325,-17025,9360.55
NIFTY,24-May-2017,25-May-2017,PE,9300,8.9,25,4.75,9.9,9.8,9.9,668026,4665478.9,5997.55,4893375,-533175,9360.55
NIFTY,24-May-2017,25-May-2017,PE,9350,14.9,39.5,8.4,21.35,20,21.35,321484,2259559.9,5153.35,1737975,294375,9360.55
NIFTY,24-May-2017,25-May-2017,PE,9400,30.4,65.9,17.6,46.8,40.65,46.8,706199,4998609.23,19906.28,3535800,-1110225,9360.55
NIFTY,24-May-2017,25-May-2017,PE,9450,60.35,107.5,36.7,86.75,75,86.75,74714,533154.39,3618.91,295275,-343200,9360.55
NIFTY,24-May-2017,25-May-2017,PE,9500,99,155.05,68,131.4,119.45,131.4,121726,877163.71,9865.96,999600,-477000,9360.55
NIFTY,24-May-2017,25-May-2017,PE,9550,141.05,201.8,113,181.55,163.6,181.55,775,5643.14,92.2,38925,-5025,9360.55
NIFTY,24-May-2017,25-May-2017,PE,9600,190.85,253.15,159.8,230.9,217.7,230.9,8603,63246.63,1305.03,192750,-109500,9360.55
NIFTY,24-May-2017,25-May-2017,PE,9650,246.3,300,224.85,284.35,284.35,284.35,20,148.52,3.77,6000,-375,9360.55
NIFTY,24-May-2017,25-May-2017,PE,9700,287,351.95,260,327.15,324.35,327.15,720,5409.45,171.45,60450,-8325,9360.55
NIFTY,24-May-2017,25-May-2017,PE,9750,0,0,0,684.35,0,387.75,0,0,0,0,0,9360.55
NIFTY,24-May-2017,25-May-2017,PE,9800,374.3,448,359,427.85,426.4,427.85,95,727.71,29.46,27150,-1500,9360.55
NIFTY,24-May-2017,25-May-2017,PE,9850,457.95,457.95,457.95,457.95,457.95,457.95,5,38.65,1.72,450,375,9360.55
NIFTY,24-May-2017,25-May-2017,PE,9900,491.75,553.85,455.55,535.55,533.65,535.55,454,3541.84,170.89,20775,-20925,9360.55
NIFTY,24-May-2017,25-May-2017,PE,9950,0,0,0,495,495,587.7,0,0,0,0,0,9360.55
NIFTY,24-May-2017,25-May-2017,PE,10000,595.55,651.4,558,633.75,620,633.75,1524,12112.83,682.83,260325,-67875,9360.55
NIFTY,24-May-2017,25-May-2017,PE,10050,0,0,0,960.85,0,687.7,0,0,0,0,0,9360.55
NIFTY,25-May-2017,25-May-2017,PE,8750,0.15,0.2,0.15,0.15,0.15,0,9,59.06,0,8325,0,9509.75
NIFTY,25-May-2017,25-May-2017,PE,8800,0.05,0.1,0.05,0.05,0.05,0,7574,49988.71,.31,1519350,-49650,9509.75
NIFTY,25-May-2017,25-May-2017,PE,8850,0.05,0.2,0.05,0.05,0.05,0,95,630.57,0,11325,-150,9509.75
NIFTY,25-May-2017,25-May-2017,PE,8900,0.1,0.15,0.05,0.05,0.05,0,25795,172182.83,1.21,2566950,-12750,9509.75
NIFTY,25-May-2017,25-May-2017,PE,8950,0.75,0.75,0.05,0.1,0.05,0,1262,8471.3,.13,104250,975,9509.75
NIFTY,25-May-2017,25-May-2017,PE,9000,0.1,0.15,0.05,0.05,0.05,0,47941,323604.86,3.11,4376400,-118500,9509.75
NIFTY,25-May-2017,25-May-2017,PE,9050,0.05,0.15,0.05,0.05,0.05,0,1321,8966.38,.09,122850,-17550,9509.75
NIFTY,25-May-2017,25-May-2017,PE,9100,0.2,0.3,0.05,0.05,0.05,0,29644,202322.21,1.91,3520575,-89325,9509.75
NIFTY,25-May-2017,25-May-2017,PE,9150,0.5,0.55,0.05,0.1,0.05,0,17410,119478.37,2.24,371775,-156675,9509.75
NIFTY,25-May-2017,25-May-2017,PE,9200,0.9,1,0.05,0.05,0.05,0,110437,762036.03,20.73,3527100,118800,9509.75
NIFTY,25-May-2017,25-May-2017,PE,9250,4,4,0.05,0.05,0.05,0,101503,704214.72,37.66,1188675,214350,9509.75
NIFTY,25-May-2017,25-May-2017,PE,9300,6.05,6.7,0.05,0.05,0.05,0,496826,3465765.27,403.92,5564475,671100,9509.75
NIFTY,25-May-2017,25-May-2017,PE,9350,9.85,10.9,0.05,0.1,0.05,0,449537,3153330.11,951.9,2896425,1158450,9509.75
NIFTY,25-May-2017,25-May-2017,PE,9400,26.7,30.85,0.05,0.1,0.05,0,888976,6274174.69,6893.89,5397825,1862025,9509.75
NIFTY,25-May-2017,25-May-2017,PE,9450,53,67.75,0.05,0.2,0.05,0,228591,1623117.27,2978.56,1636500,1341225,9509.75
NIFTY,25-May-2017,25-May-2017,PE,9500,101,113.5,0.05,1.1,0.2,0,227816,1629177.26,5988.26,2128800,1129200,9509.75
NIFTY,25-May-2017,25-May-2017,PE,9550,156.95,165,29.15,36.2,39.95,0,4611,33206.89,180.6,27600,-11325,9509.75
NIFTY,25-May-2017,25-May-2017,PE,9600,201.6,213,75.4,88.8,83.7,0,11057,80761.17,1150.77,44475,-148275,9509.75
NIFTY,25-May-2017,25-May-2017,PE,9650,249.5,258.6,132.95,139.65,136,0,93,688.07,14.98,4425,-1575,9509.75
NIFTY,25-May-2017,25-May-2017,PE,9700,297.7,310.55,175.15,181.65,184.05,0,704,5253.17,131.57,31125,-29325,9509.75
NIFTY,25-May-2017,25-May-2017,PE,9750,304,304,293.45,293.45,293.45,0,4,30.14,.89,300,300,9509.75
NIFTY,25-May-2017,25-May-2017,PE,9800,400.05,404.4,281,286.95,281,0,499,3795.93,128.28,2325,-24825,9509.75
NIFTY,25-May-2017,25-May-2017,PE,9850,407.5,407.5,372.1,372.1,372.1,0,2,15.36,.58,375,-75,9509.75
NIFTY,25-May-2017,25-May-2017,PE,9900,501.85,511.9,373.85,378.15,382.95,0,341,2649.95,118.03,2475,-18300,9509.75
NIFTY,25-May-2017,25-May-2017,PE,9950,504,504,474.85,474.85,474.85,0,2,15.66,.73,75,75,9509.75
NIFTY,25-May-2017,25-May-2017,PE,10000,598.05,613.3,473,484.4,487.35,0,4720,37432.8,2032.8,6525,-253800,9509.75
NIFTY,25-May-2017,25-May-2017,PE,10050,604,604,604,604,604,0,1,7.99,.45,75,75,9509.75
