NIFTY,30-Nov-2017,28-Dec-2017,PE,9550,0,0,0,109.7,0,0.85,0,0,0,0,0,10226.55
NIFTY,30-Nov-2017,28-Dec-2017,PE,9600,11.55,15.65,10.9,14.35,13.45,14.35,13546,97663.83,132.63,1038725,-64875,10226.55
NIFTY,30-Nov-2017,28-Dec-2017,PE,9650,0,0,0,141.15,0,2.25,0,0,0,0,0,10226.55
NIFTY,30-Nov-2017,28-Dec-2017,PE,9700,16.65,20.9,13.7,19,17.8,19,11821,86147.03,149.26,1441125,103800,10226.55
NIFTY,30-Nov-2017,28-Dec-2017,PE,9750,0,0,0,178.3,0,5.35,0,0,0,0,0,10226.55
NIFTY,30-Nov-2017,28-Dec-2017,PE,9800,21,29.55,19.15,26.85,24.95,26.85,21607,159208.6,397.15,3537750,348075,10226.55
NIFTY,30-Nov-2017,28-Dec-2017,PE,9850,0,0,0,221.4,0,11.65,0,0,0,0,0,10226.55
NIFTY,30-Nov-2017,28-Dec-2017,PE,9900,28.6,40.5,25.8,36.6,36.45,36.6,25547,190303.25,616.78,1168575,356025,10226.55
NIFTY,30-Nov-2017,28-Dec-2017,PE,9950,0,0,0,40.2,40.2,23.1,0,0,0,75,0,10226.55
NIFTY,30-Nov-2017,28-Dec-2017,PE,10000,41,57.1,37,52.8,52.2,52.8,75456,568494.12,2574.12,6938775,863475,10226.55
NIFTY,30-Nov-2017,28-Dec-2017,PE,10050,46.9,65.45,43.95,62.65,59.7,62.65,1166,8836.29,47.56,29400,19050,10226.55
NIFTY,30-Nov-2017,28-Dec-2017,PE,10100,55.1,77.7,52.1,73.45,71.05,73.45,57461,437973.47,2706.4,2688075,933375,10226.55
NIFTY,30-Nov-2017,28-Dec-2017,PE,10150,65,90.8,63,84.55,84.5,84.55,1292,9908.26,72.91,28575,25575,10226.55
NIFTY,30-Nov-2017,28-Dec-2017,PE,10200,75.9,106.75,74.85,101.5,106,101.5,61313,473163.35,4118.9,3311375,381525,10226.55
NIFTY,30-Nov-2017,28-Dec-2017,PE,10250,105.55,125.4,88.9,118.7,118,118.7,5504,42749.61,437.61,173325,130350,10226.55
NIFTY,30-Nov-2017,28-Dec-2017,PE,10300,101.05,147.55,101,140.25,141,140.25,67183,525241.47,6252.8,2732775,419325,10226.55
NIFTY,30-Nov-2017,28-Dec-2017,PE,10350,125,172.95,125,165.1,162.35,165.1,2694,21209.3,297.13,102000,-11325,10226.55
NIFTY,30-Nov-2017,28-Dec-2017,PE,10400,142,202.5,142,194.55,196,194.55,35431,280960.37,4598.57,2101600,175575,10226.55
NIFTY,30-Nov-2017,28-Dec-2017,PE,10450,180.25,233.5,178.95,229.35,226.7,229.35,321,2565.03,49.2,45600,-525,10226.55
NIFTY,30-Nov-2017,28-Dec-2017,PE,10500,210.6,270.9,207,261.1,262,261.1,16104,129663.4,2844.4,2421900,236625,10226.55
NIFTY,30-Nov-2017,28-Dec-2017,PE,10550,0,0,0,680.2,0,307.05,0,0,0,0,0,10226.55
NIFTY,30-Nov-2017,28-Dec-2017,PE,10600,286.4,351.45,277.5,337.8,343.75,337.8,5370,43938.62,1247.12,572950,35100,10226.55
NIFTY,30-Nov-2017,28-Dec-2017,PE,10650,0,0,0,763.8,0,391.45,0,0,0,0,0,10226.55
NIFTY,30-Nov-2017,28-Dec-2017,PE,10700,355,438,355,425.65,431.2,425.65,1525,12691.37,453.24,395625,22575,10226.55
NIFTY,30-Nov-2017,28-Dec-2017,PE,10750,0,0,0,850.45,0,481.9,0,0,0,0,0,10226.55
NIFTY,30-Nov-2017,28-Dec-2017,PE,10800,450.55,528.1,450.55,514.2,520.85,514.2,947,8015.58,344.88,98250,50100,10226.55
NIFTY,30-Nov-2017,28-Dec-2017,PE,10850,0,0,0,939.6,0,576.4,0,0,0,0,0,10226.55
NIFTY,30-Nov-2017,28-Dec-2017,PE,10900,555,622.65,550.25,604.6,617.6,604.6,269,2316.48,117.41,14400,11550,10226.55
NIFTY,30-Nov-2017,28-Dec-2017,PE,10950,0,0,0,1030.85,0,673.3,0,0,0,0,0,10226.55
NIFTY,30-Nov-2017,28-Dec-2017,PE,11000,640.05,722.3,638,710.9,715,710.9,5741,50269,2905.75,1308975,260025,10226.55
NIFTY,30-Nov-2017,28-Dec-2017,PE,11050,0,0,0,1123.85,0,771.55,0,0,0,0,0,10226.55
NIFTY,01-Dec-2017,28-Dec-2017,PE,10850,0,0,0,939.6,0,680.75,0,0,0,0,0,10121.8
NIFTY,01-Dec-2017,28-Dec-2017,PE,10900,595.45,749.4,595.45,740.3,749.35,740.3,45,390.89,23.02,14025,-375,10121.8
NIFTY,01-Dec-2017,28-Dec-2017,PE,10950,0,0,0,1030.85,0,778.85,0,0,0,0,0,10121.8
NIFTY,01-Dec-2017,28-Dec-2017,PE,11000,703.9,850,686.3,832.15,844,832.15,1460,12905.57,860.57,1321800,12825,10121.8
NIFTY,01-Dec-2017,28-Dec-2017,PE,11050,0,0,0,1123.85,0,877.75,0,0,0,0,0,10121.8
NIFTY,01-Dec-2017,28-Dec-2017,PE,10500,259.9,380,239.35,364.2,375.8,364.2,15421,124895.26,3454.88,2247075,-174825,10121.8
NIFTY,01-Dec-2017,28-Dec-2017,PE,10550,0,0,0,680.2,0,399.8,0,0,0,0,0,10121.8
NIFTY,01-Dec-2017,28-Dec-2017,PE,10600,324.45,467.25,317,453.6,459.95,453.6,4066,33474.58,1149.88,510100,-62850,10121.8
NIFTY,01-Dec-2017,28-Dec-2017,PE,10650,0,0,0,763.8,0,489.95,0,0,0,0,0,10121.8
NIFTY,01-Dec-2017,28-Dec-2017,PE,10700,415.65,557.6,398.3,547.4,551.35,547.4,1029,8623.89,366.16,379950,-15675,10121.8
NIFTY,01-Dec-2017,28-Dec-2017,PE,10750,0,0,0,850.45,0,584.1,0,0,0,0,0,10121.8
NIFTY,01-Dec-2017,28-Dec-2017,PE,10800,500.05,657.35,495.6,639.6,647.5,639.6,492,4201.97,216.77,108525,10275,10121.8
NIFTY,01-Dec-2017,28-Dec-2017,PE,10150,71.85,153.4,71.85,143.35,151.05,143.35,8088,62272.58,702.68,123525,94950,10121.8
NIFTY,01-Dec-2017,28-Dec-2017,PE,10200,90,175.95,90,164.8,173.85,164.8,166569,1289945.33,15692.48,3689600,378225,10121.8
NIFTY,01-Dec-2017,28-Dec-2017,PE,10250,103.25,200.55,103.25,188.9,198.65,188.9,7950,61952.64,837.01,183225,9900,10121.8
NIFTY,01-Dec-2017,28-Dec-2017,PE,10300,135.6,230.75,127,218.1,227,218.1,96443,757198.97,12176.8,3008250,275475,10121.8
NIFTY,01-Dec-2017,28-Dec-2017,PE,10350,157.25,263.85,150,252,255.2,252,2063,16309.65,295.61,86550,-15450,10121.8
NIFTY,01-Dec-2017,28-Dec-2017,PE,10400,187.7,300.15,175.15,288.3,296,288.3,28905,230362.08,4903.08,1720750,-380850,10121.8
NIFTY,01-Dec-2017,28-Dec-2017,PE,10450,220.15,338.75,209.95,324.85,328.35,324.85,229,1839.39,44.61,43650,-1950,10121.8
NIFTY,01-Dec-2017,28-Dec-2017,PE,9800,23.3,54.2,22.95,50.6,53.05,50.6,51107,377131.06,1494.61,3867525,329775,10121.8
NIFTY,01-Dec-2017,28-Dec-2017,PE,9850,0,0,0,221.4,0,26.6,0,0,0,0,0,10121.8
NIFTY,01-Dec-2017,28-Dec-2017,PE,9900,35.15,73.85,31.75,69.15,71.7,69.15,59099,441156.97,2346.89,1368625,200050,10121.8
NIFTY,01-Dec-2017,28-Dec-2017,PE,9950,38.1,85.1,38.1,79.4,84.95,79.4,2619,19683.06,138.78,67350,67275,10121.8
NIFTY,01-Dec-2017,28-Dec-2017,PE,10000,46,100,45,93.95,98.5,93.95,125355,947015.82,6853.32,7960500,1021725,10121.8
NIFTY,01-Dec-2017,28-Dec-2017,PE,10050,44.95,115.2,44.7,108.5,113,108.5,4132,31405.4,260.45,61425,32025,10121.8
NIFTY,01-Dec-2017,28-Dec-2017,PE,10100,69.85,134.05,65.65,125.5,132,125.5,129640,991519.18,9496.18,3327900,639825,10121.8
NIFTY,01-Dec-2017,28-Dec-2017,PE,9550,0,0,0,109.7,0,2.9,0,0,0,0,0,10121.8
NIFTY,01-Dec-2017,28-Dec-2017,PE,9600,14,29.2,13.2,27.05,28,27.05,21098,152231.07,325.47,1089650,50925,10121.8
NIFTY,01-Dec-2017,28-Dec-2017,PE,9650,0,0,0,141.15,0,6.65,0,0,0,0,0,10121.8
NIFTY,01-Dec-2017,28-Dec-2017,PE,9700,16.3,39.85,15.85,37.2,38.05,37.2,41155,300285.44,882.82,1946175,505050,10121.8
NIFTY,01-Dec-2017,28-Dec-2017,PE,9750,0,0,0,178.3,0,13.9,0,0,0,0,0,10121.8
NIFTY,04-Dec-2017,28-Dec-2017,PE,10800,641.05,664.4,602.55,639.05,628.7,639.05,229,1964.24,109.34,105375,-3150,10127.75
NIFTY,04-Dec-2017,28-Dec-2017,PE,10850,0,0,0,939.6,0,679.15,0,0,0,0,0,10127.75
NIFTY,04-Dec-2017,28-Dec-2017,PE,10900,748.3,767.25,704.9,730.95,734,730.95,36,313.89,19.59,14250,225,10127.75
NIFTY,04-Dec-2017,28-Dec-2017,PE,10950,0,0,0,1030.85,0,777.9,0,0,0,0,0,10127.75
NIFTY,04-Dec-2017,28-Dec-2017,PE,11000,825.1,863.55,799,830.7,824,830.7,926,8215.93,576.43,1315800,-6000,10127.75
NIFTY,04-Dec-2017,28-Dec-2017,PE,11050,0,0,0,1123.85,0,877.15,0,0,0,0,0,10127.75
NIFTY,04-Dec-2017,28-Dec-2017,PE,10450,317.05,340,292.5,304.45,304.45,304.45,122,984.51,28.34,43050,-600,10127.75
NIFTY,04-Dec-2017,28-Dec-2017,PE,10500,344.1,396,330.15,362.9,357.6,362.9,6624,53963.29,1799.29,2072700,-174375,10127.75
NIFTY,04-Dec-2017,28-Dec-2017,PE,10550,0,0,0,680.2,0,393.9,0,0,0,0,0,10127.75
NIFTY,04-Dec-2017,28-Dec-2017,PE,10600,449.8,481.3,419,450.9,441.75,450.9,1797,14874.18,588.03,489175,-20925,10127.75
NIFTY,04-Dec-2017,28-Dec-2017,PE,10650,0,0,0,763.8,0,485.9,0,0,0,0,0,10127.75
NIFTY,04-Dec-2017,28-Dec-2017,PE,10700,534.7,574.45,506.45,544.05,534.75,544.05,410,3456.44,166.19,365550,-14400,10127.75
NIFTY,04-Dec-2017,28-Dec-2017,PE,10750,0,0,0,850.45,0,581.5,0,0,0,0,0,10127.75
NIFTY,04-Dec-2017,28-Dec-2017,PE,10100,86.35,141.55,86.35,120.75,116.9,120.75,112884,865351.96,10255.66,3602400,274500,10127.75
NIFTY,04-Dec-2017,28-Dec-2017,PE,10150,137.75,162.25,103.5,139.9,136,139.9,8146,62868.74,857.32,196200,72675,10127.75
NIFTY,04-Dec-2017,28-Dec-2017,PE,10200,157.75,185.6,141.05,161.6,156.65,161.6,77423,601694.8,9408.85,3707225,17625,10127.75
NIFTY,04-Dec-2017,28-Dec-2017,PE,10250,184.95,212.6,164.35,185.4,182,185.4,1764,13801.57,240.82,171375,-11850,10127.75
NIFTY,04-Dec-2017,28-Dec-2017,PE,10300,207.7,243,189.2,215.1,209,215.1,32021,252537.07,5174.85,2691750,-316500,10127.75
NIFTY,04-Dec-2017,28-Dec-2017,PE,10350,246.75,269.05,224.6,247.6,237.7,247.6,253,2010.11,46.2,79425,-7125,10127.75
NIFTY,04-Dec-2017,28-Dec-2017,PE,10400,277.15,314.15,253,282.85,277,282.85,7943,63613.96,1658.56,1668850,-51900,10127.75
NIFTY,04-Dec-2017,28-Dec-2017,PE,9750,40,43,35,40,38.5,40,230,1688.73,6.85,11025,11025,10127.75
NIFTY,04-Dec-2017,28-Dec-2017,PE,9800,43,57.35,40.7,46.85,45.45,46.85,44543,328964.71,1573.66,3980775,113250,10127.75
NIFTY,04-Dec-2017,28-Dec-2017,PE,9850,64.6,64.6,48.2,54.1,52.95,54.1,367,2726,14.78,18375,18375,10127.75
NIFTY,04-Dec-2017,28-Dec-2017,PE,9900,67.5,77.85,55.85,64.7,62.25,64.7,57345,428587.24,2800.61,1739050,370425,10127.75
NIFTY,04-Dec-2017,28-Dec-2017,PE,9950,55.2,90.45,55.2,75.85,73.75,75.85,2755,20717.16,157.97,73425,6075,10127.75
NIFTY,04-Dec-2017,28-Dec-2017,PE,10000,85,105.7,77.05,89.4,86.35,89.4,124575,942706.02,8393.52,8053350,92850,10127.75
NIFTY,04-Dec-2017,28-Dec-2017,PE,10050,124.9,124.9,72,103.65,101.65,103.65,3737,28463.48,295.84,94950,33525,10127.75
NIFTY,04-Dec-2017,28-Dec-2017,PE,9550,0,0,0,109.7,0,1.6,0,0,0,0,0,10127.75
NIFTY,04-Dec-2017,28-Dec-2017,PE,9600,28.95,30.65,18.9,24.1,23.75,24.1,20914,150961.28,380.48,1192775,103125,10127.75
NIFTY,04-Dec-2017,28-Dec-2017,PE,9650,20.15,31.5,20.15,28.15,27.15,28.15,401,2910.51,8.28,17775,17775,10127.75
NIFTY,04-Dec-2017,28-Dec-2017,PE,9700,27.5,41.65,27.45,33.75,32.65,33.75,36712,268005.23,925.43,2103300,157125,10127.75
NIFTY,05-Dec-2017,28-Dec-2017,PE,10800,675,700,619.25,646.8,646.6,646.8,78,670.53,38.73,103725,-1650,10118.25
NIFTY,05-Dec-2017,28-Dec-2017,PE,10850,0,0,0,939.6,0,689.95,0,0,0,0,0,10118.25
NIFTY,05-Dec-2017,28-Dec-2017,PE,10900,768.7,795.2,717.7,746.3,748.85,746.3,42,367.26,23.91,14700,450,10118.25
NIFTY,05-Dec-2017,28-Dec-2017,PE,10950,0,0,0,1030.85,0,789.05,0,0,0,0,0,10118.25
NIFTY,05-Dec-2017,28-Dec-2017,PE,11000,860,892.55,815.45,841.75,842.75,841.75,893,7945.19,577.94,1296675,-19125,10118.25
NIFTY,05-Dec-2017,28-Dec-2017,PE,11050,0,0,0,1123.85,0,888.45,0,0,0,0,0,10118.25
NIFTY,05-Dec-2017,28-Dec-2017,PE,10450,356.4,365.6,302.95,330,329.95,330,114,922.18,28.71,41325,-1725,10118.25
NIFTY,05-Dec-2017,28-Dec-2017,PE,10500,388.25,424.9,344.45,373.35,372.85,373.35,4569,37335.35,1354.48,1990950,-81750,10118.25
NIFTY,05-Dec-2017,28-Dec-2017,PE,10550,0,0,0,680.2,0,401.6,0,0,0,0,0,10118.25
NIFTY,05-Dec-2017,28-Dec-2017,PE,10600,478.5,514.9,429,458.95,460.2,458.95,2006,16673.41,725.71,439000,-50175,10118.25
NIFTY,05-Dec-2017,28-Dec-2017,PE,10650,488.1,488.1,488.1,488.1,488.1,488.1,3,25.06,1.1,225,225,10118.25
NIFTY,05-Dec-2017,28-Dec-2017,PE,10700,562.05,605,526.8,553.9,553.05,553.9,629,5318.27,270.54,335625,-29925,10118.25
NIFTY,05-Dec-2017,28-Dec-2017,PE,10750,0,0,0,850.45,0,591.7,0,0,0,0,0,10118.25
NIFTY,05-Dec-2017,28-Dec-2017,PE,10100,129.65,153.9,109.45,123.05,122.85,123.05,125543,963619.24,12631.02,3513000,-89400,10118.25
NIFTY,05-Dec-2017,28-Dec-2017,PE,10150,151.2,175.65,127.3,143.75,143.6,143.75,4659,36002,535.36,180525,-15675,10118.25
NIFTY,05-Dec-2017,28-Dec-2017,PE,10200,182.15,201.7,147.55,165.45,166.7,165.45,67632,526447.26,9062.46,3285125,-422100,10118.25
NIFTY,05-Dec-2017,28-Dec-2017,PE,10250,198.75,229.3,172.9,191.9,189.7,191.9,1200,9409.57,184.57,160725,-10650,10118.25
NIFTY,05-Dec-2017,28-Dec-2017,PE,10300,230.05,262.85,200.05,221,224.4,221,19075,150715.16,3360.79,2472825,-218925,10118.25
NIFTY,05-Dec-2017,28-Dec-2017,PE,10350,266,298,230,253.15,251,253.15,152,1210.67,30.77,74550,-4875,10118.25
NIFTY,05-Dec-2017,28-Dec-2017,PE,10400,303.9,338.55,264.55,289.95,291.65,289.95,6677,53634.62,1554.02,1522900,-145950,10118.25
NIFTY,05-Dec-2017,28-Dec-2017,PE,9750,43.5,51.35,35,38.85,38.8,38.85,729,5354.33,23.52,23100,12075,10118.25
NIFTY,05-Dec-2017,28-Dec-2017,PE,9800,55,61.8,41.6,46.4,46,46.4,78269,578352.6,3075.45,4504875,524100,10118.25
NIFTY,05-Dec-2017,28-Dec-2017,PE,9850,58,70.7,49.95,54.5,54.5,54.5,1462,10868.91,68.38,43275,24900,10118.25
NIFTY,05-Dec-2017,28-Dec-2017,PE,9900,66.2,84,56.65,64.5,64.45,64.5,93834,701788.18,5070.73,2304400,565350,10118.25
NIFTY,05-Dec-2017,28-Dec-2017,PE,9950,80,103.9,68.2,76.55,76,76.55,3158,23768.03,201.45,81975,8550,10118.25
NIFTY,05-Dec-2017,28-Dec-2017,PE,10000,94.9,115,80.15,90.25,89.9,90.25,152641,1156265.61,11458.11,8043075,-10275,10118.25
NIFTY,05-Dec-2017,28-Dec-2017,PE,10050,106.95,132.1,94.05,105.75,105.25,105.75,5753,43861.71,498.47,99375,4425,10118.25
NIFTY,05-Dec-2017,28-Dec-2017,PE,9550,0,0,0,109.7,0,1.25,0,0,0,0,0,10118.25
NIFTY,05-Dec-2017,28-Dec-2017,PE,9600,26.15,31.5,21.2,23.1,22.7,23.1,27592,199209.17,546.77,1275050,82275,10118.25
NIFTY,05-Dec-2017,28-Dec-2017,PE,9650,30.8,37.1,24.4,27.95,27.4,27.95,480,3485.44,11.44,16275,-1500,10118.25
NIFTY,05-Dec-2017,28-Dec-2017,PE,9700,36.65,44,29.4,32.75,32.45,32.75,39532,288682.43,1087.13,2121450,18150,10118.25
NIFTY,06-Dec-2017,28-Dec-2017,PE,10800,680.4,735,678.4,726.65,720.95,726.65,250,2159.03,134.03,102150,-1575,10044.1
NIFTY,06-Dec-2017,28-Dec-2017,PE,10850,0,0,0,939.6,0,765.45,0,0,0,0,0,10044.1
NIFTY,06-Dec-2017,28-Dec-2017,PE,10900,782.25,830.1,777.15,826.35,818,826.35,44,386.52,26.82,14850,150,10044.1
NIFTY,06-Dec-2017,28-Dec-2017,PE,10950,0,0,0,1030.85,0,864.85,0,0,0,0,0,10044.1
NIFTY,06-Dec-2017,28-Dec-2017,PE,11000,878.2,934.45,867.5,919.6,917,919.6,976,8707.93,655.93,1284525,-12150,10044.1
NIFTY,06-Dec-2017,28-Dec-2017,PE,11050,0,0,0,1123.85,0,964.4,0,0,0,0,0,10044.1
NIFTY,06-Dec-2017,28-Dec-2017,PE,10450,358.05,397.55,356.8,393.3,391.3,393.3,98,795.75,27.67,41250,-75,10044.1
NIFTY,06-Dec-2017,28-Dec-2017,PE,10500,399.5,456.55,392.8,444.55,438.65,444.55,5472,44826.57,1734.57,1964750,-26200,10044.1
NIFTY,06-Dec-2017,28-Dec-2017,PE,10550,0,0,0,680.2,0,472.2,0,0,0,0,0,10044.1
NIFTY,06-Dec-2017,28-Dec-2017,PE,10600,496,544.4,481,533.55,528.45,533.55,856,7134.87,329.67,422800,-16200,10044.1
NIFTY,06-Dec-2017,28-Dec-2017,PE,10650,0,0,0,488.1,488.1,568.4,0,0,0,225,0,10044.1
NIFTY,06-Dec-2017,28-Dec-2017,PE,10700,595,644.3,580,631.9,625.55,631.9,232,1966.71,104.91,331275,-4350,10044.1
NIFTY,06-Dec-2017,28-Dec-2017,PE,10750,0,0,0,850.45,0,666.45,0,0,0,0,0,10044.1
NIFTY,06-Dec-2017,28-Dec-2017,PE,10100,139.4,165,130.1,156.7,152.8,156.7,121182,931204.5,13250.85,3708675,195675,10044.1
NIFTY,06-Dec-2017,28-Dec-2017,PE,10150,173.7,190.1,153.05,183.65,176.85,183.65,3316,25669.74,426.69,139350,-41175,10044.1
NIFTY,06-Dec-2017,28-Dec-2017,PE,10200,185.2,219.35,176.65,210.15,204.15,210.15,47419,369759.81,7004.46,3069425,-215700,10044.1
NIFTY,06-Dec-2017,28-Dec-2017,PE,10250,216.1,250.65,204.65,242.35,237.15,242.35,1178,9256.31,200.44,138375,-22350,10044.1
NIFTY,06-Dec-2017,28-Dec-2017,PE,10300,247.2,286.7,235.1,276.55,270.2,276.55,17036,134899.41,3296.31,2455050,-17775,10044.1
NIFTY,06-Dec-2017,28-Dec-2017,PE,10350,277.4,322.9,270.05,314.65,309,314.65,95,759.17,21.73,74250,-300,10044.1
NIFTY,06-Dec-2017,28-Dec-2017,PE,10400,320.75,366,308.65,356.3,352.6,356.3,6035,48600.64,1527.64,1398775,-124125,10044.1
NIFTY,06-Dec-2017,28-Dec-2017,PE,9750,43.85,50.75,38.9,48.65,47.2,48.65,868,6377.38,30.13,33300,10200,10044.1
NIFTY,06-Dec-2017,28-Dec-2017,PE,9800,55.75,61,46.3,57.95,57,57.95,76486,565260.48,3088.38,5028675,523800,10044.1
NIFTY,06-Dec-2017,28-Dec-2017,PE,9850,61.6,72.35,55.85,69,67.05,69,1265,9407,61.81,48225,4950,10044.1
NIFTY,06-Dec-2017,28-Dec-2017,PE,9900,75,86,66,82.05,79.2,82.05,107823,806755.51,6169.73,2518300,213900,10044.1
NIFTY,06-Dec-2017,28-Dec-2017,PE,9950,86,101.9,79.5,98.1,94.95,98.1,3772,28409.25,260.7,82050,75,10044.1
NIFTY,06-Dec-2017,28-Dec-2017,PE,10000,107.95,119.7,94.05,114.8,112,114.8,161899,1227225.6,12983.1,8056500,13425,10044.1
NIFTY,06-Dec-2017,28-Dec-2017,PE,10050,120,140.8,112,135.85,131.15,135.85,7024,53609.9,666.5,129525,30150,10044.1
NIFTY,06-Dec-2017,28-Dec-2017,PE,9550,15,15,15,15,15,15,1,7.17,.01,75,75,10044.1
NIFTY,06-Dec-2017,28-Dec-2017,PE,9600,25.95,29.95,22.25,28.2,27.9,28.2,28291,204261.5,566.3,1477325,202275,10044.1
NIFTY,06-Dec-2017,28-Dec-2017,PE,9650,30.8,35.8,27.35,34.2,33.6,34.2,534,3877.63,12.8,17100,825,10044.1
NIFTY,06-Dec-2017,28-Dec-2017,PE,9700,36,42.85,32,40.6,39.6,40.6,40938,298992.96,1169.01,2346300,224850,10044.1
NIFTY,07-Dec-2017,28-Dec-2017,PE,10800,699.35,707,578.6,598.7,590.2,598.7,221,1895.92,105.82,102900,750,10166.7
NIFTY,07-Dec-2017,28-Dec-2017,PE,10850,0,0,0,939.6,0,646.45,0,0,0,0,0,10166.7
NIFTY,07-Dec-2017,28-Dec-2017,PE,10900,790.45,790.45,680,694.25,682,694.25,47,410.5,26.27,15150,300,10166.7
NIFTY,07-Dec-2017,28-Dec-2017,PE,10950,0,0,0,1030.85,0,744.85,0,0,0,0,0,10166.7
NIFTY,07-Dec-2017,28-Dec-2017,PE,11000,898.45,910,775,784.15,786.45,784.15,991,8805.41,629.66,1290450,5925,10166.7
NIFTY,07-Dec-2017,28-Dec-2017,PE,11050,0,0,0,1123.85,0,844,0,0,0,0,0,10166.7
NIFTY,07-Dec-2017,28-Dec-2017,PE,10450,380.3,382.7,272.65,275.65,272.65,275.65,58,468.8,14.22,40875,-375,10166.7
NIFTY,07-Dec-2017,28-Dec-2017,PE,10500,420,431.05,305.05,321.9,315.65,321.9,4723,38498.49,1304.86,1884425,-80325,10166.7
NIFTY,07-Dec-2017,28-Dec-2017,PE,10550,0,0,0,680.2,0,365,0,0,0,0,0,10166.7
NIFTY,07-Dec-2017,28-Dec-2017,PE,10600,511.4,518.65,390.95,403.5,401.45,403.5,661,5478.65,223.7,415375,-7425,10166.7
NIFTY,07-Dec-2017,28-Dec-2017,PE,10650,0,0,0,488.1,488.1,455.05,0,0,0,225,0,10166.7
NIFTY,07-Dec-2017,28-Dec-2017,PE,10700,615.1,615.1,489.55,497.75,497,497.75,223,1875.46,85.89,329925,-1350,10166.7
NIFTY,07-Dec-2017,28-Dec-2017,PE,10750,0,0,0,850.45,0,549.45,0,0,0,0,0,10166.7
NIFTY,07-Dec-2017,28-Dec-2017,PE,10100,150.4,150.45,84.8,91.2,88.05,91.2,118732,909462.61,10067.71,3877125,168450,10166.7
NIFTY,07-Dec-2017,28-Dec-2017,PE,10150,165.9,173.4,101.95,109.15,105,109.15,5854,45137,573.42,196725,57375,10166.7
NIFTY,07-Dec-2017,28-Dec-2017,PE,10200,203.2,203.25,119.75,128.1,124.9,128.1,48371,375659.54,5621.39,2931050,-138375,10166.7
NIFTY,07-Dec-2017,28-Dec-2017,PE,10250,227.45,229.6,141.95,150.15,147.45,150.15,587,4587.4,74.83,145425,7050,10166.7
NIFTY,07-Dec-2017,28-Dec-2017,PE,10300,262.65,265.5,166.6,176.95,174.25,176.95,16737,131978.19,2684.87,2365800,-89250,10166.7
NIFTY,07-Dec-2017,28-Dec-2017,PE,10350,289.95,298.8,197,209.15,200.35,209.15,175,1388.98,30.55,73200,-1050,10166.7
NIFTY,07-Dec-2017,28-Dec-2017,PE,10400,344.95,345,228.95,241.95,239.75,241.95,5680,45538.2,1234.2,1315975,-82800,10166.7
NIFTY,07-Dec-2017,28-Dec-2017,PE,9750,42.35,44.8,20.1,26.05,24.3,26.05,1135,8328.22,28.53,33450,150,10166.7
NIFTY,07-Dec-2017,28-Dec-2017,PE,9800,54.05,54.3,28.75,32.35,29.25,32.35,79937,590006.59,2469.64,4982325,-46350,10166.7
NIFTY,07-Dec-2017,28-Dec-2017,PE,9850,60,64.25,35,37.2,35,37.2,2134,15843.21,78.29,77700,29475,10166.7
NIFTY,07-Dec-2017,28-Dec-2017,PE,9900,77.55,77.55,41.45,45.2,42.2,45.2,91002,679673.79,3983.94,2526600,8300,10166.7
NIFTY,07-Dec-2017,28-Dec-2017,PE,9950,94.95,94.95,49,55.4,52,55.4,3736,28078.06,198.16,134250,52200,10166.7
NIFTY,07-Dec-2017,28-Dec-2017,PE,10000,109.5,109.5,60.85,65.4,61.3,65.4,159152,1203528.18,9888.18,8596425,539925,10166.7
NIFTY,07-Dec-2017,28-Dec-2017,PE,10050,124,126.6,71.15,76.1,73.15,76.1,6500,49471.45,477.7,159975,30450,10166.7
NIFTY,07-Dec-2017,28-Dec-2017,PE,9550,20,21,15,15,15,15,16,114.82,.22,825,750,10166.7
NIFTY,07-Dec-2017,28-Dec-2017,PE,9600,25.25,26.45,13.45,15.3,13.9,15.3,33666,242885.34,490.14,1507475,30150,10166.7
NIFTY,07-Dec-2017,28-Dec-2017,PE,9650,29.2,31.2,16.65,18,16.75,18,1409,10220.48,22.85,28425,11325,10166.7
NIFTY,07-Dec-2017,28-Dec-2017,PE,9700,34.8,38,19.6,22.5,20.05,22.5,52579,383623.6,1111.37,2586975,240675,10166.7
NIFTY,08-Dec-2017,28-Dec-2017,PE,10850,0,0,0,939.6,0,552.35,0,0,0,0,0,10265.65
NIFTY,08-Dec-2017,28-Dec-2017,PE,10900,656,656,606.3,606.3,606.3,606.3,15,129.67,7.05,15150,0,10265.65
NIFTY,08-Dec-2017,28-Dec-2017,PE,10950,0,0,0,1030.85,0,649.15,0,0,0,0,0,10265.65
NIFTY,08-Dec-2017,28-Dec-2017,PE,11000,765,767,694.5,698.95,701.3,698.95,677,5952.08,366.83,1293375,2925,10265.65
NIFTY,08-Dec-2017,28-Dec-2017,PE,11050,0,0,0,1123.85,0,747.45,0,0,0,0,0,10265.65
NIFTY,08-Dec-2017,28-Dec-2017,PE,10500,301.15,302.5,239.05,245.4,244.9,245.4,8690,70141.11,1707.36,1865525,-18900,10265.65
NIFTY,08-Dec-2017,28-Dec-2017,PE,10550,0,0,0,680.2,0,285.4,0,0,0,0,0,10265.65
NIFTY,08-Dec-2017,28-Dec-2017,PE,10600,382,382,318.05,321.35,323.8,321.35,1020,8373.99,264.99,399100,-16275,10265.65
NIFTY,08-Dec-2017,28-Dec-2017,PE,10650,0,0,0,488.1,488.1,368.55,0,0,0,225,0,10265.65
NIFTY,08-Dec-2017,28-Dec-2017,PE,10700,470.25,470.25,411.5,415.5,415,415.5,1234,10312.84,409.99,338625,8700,10265.65
NIFTY,08-Dec-2017,28-Dec-2017,PE,10750,0,0,0,850.45,0,458.25,0,0,0,0,0,10265.65
NIFTY,08-Dec-2017,28-Dec-2017,PE,10800,568.7,569.6,502.15,507.85,506.5,507.85,228,1937.56,90.76,99600,-3300,10265.65
NIFTY,08-Dec-2017,28-Dec-2017,PE,10100,83.9,84,57.2,60,58.7,60,128690,981263.03,6436.28,4006800,129675,10265.65
NIFTY,08-Dec-2017,28-Dec-2017,PE,10150,111,111,69.2,71.95,71.3,71.95,6871,52724.1,418.61,227925,31200,10265.65
NIFTY,08-Dec-2017,28-Dec-2017,PE,10200,121.55,121.55,82.25,85.4,85,85.4,134663,1039785.38,9613.43,4136450,1205400,10265.65
NIFTY,08-Dec-2017,28-Dec-2017,PE,10250,135.15,135.35,100,103,102.95,103,9132,70968.63,766.38,241950,96525,10265.65
NIFTY,08-Dec-2017,28-Dec-2017,PE,10300,152.4,165.6,119.6,123.25,123.75,123.25,48555,379993.58,4906.21,2413350,47550,10265.65
NIFTY,08-Dec-2017,28-Dec-2017,PE,10350,183,183,142.05,145.6,145.65,145.6,878,6919.33,103.86,83775,10575,10265.65
NIFTY,08-Dec-2017,28-Dec-2017,PE,10400,227.5,227.5,171.1,175.65,176.65,175.65,10879,86410.92,1554.72,1359250,43275,10265.65
NIFTY,08-Dec-2017,28-Dec-2017,PE,10450,243.7,243.7,195.45,200.2,203,200.2,165,1320.03,26.84,42450,1575,10265.65
NIFTY,08-Dec-2017,28-Dec-2017,PE,9750,21.2,21.2,15.8,16.85,16.35,16.85,2299,16842.18,30.74,57000,23550,10265.65
NIFTY,08-Dec-2017,28-Dec-2017,PE,9800,27.45,28.85,19.2,20.05,19.8,20.05,51895,382301.38,873.13,4987500,5175,10265.65
NIFTY,08-Dec-2017,28-Dec-2017,PE,9850,30.9,31.05,22.5,23.6,23,23.6,2129,15768.9,40.91,108225,30525,10265.65
NIFTY,08-Dec-2017,28-Dec-2017,PE,9900,38.05,40.35,27.55,28.8,28.5,28.8,62803,467796.45,1484.18,2605375,78775,10265.65
NIFTY,08-Dec-2017,28-Dec-2017,PE,9950,45.85,45.95,33.6,35.15,34.5,35.15,2813,21072.35,80.33,100425,-33825,10265.65
NIFTY,08-Dec-2017,28-Dec-2017,PE,10000,57.45,58.5,40.5,41.95,41.7,41.95,120951,911381.2,4248.7,8682675,86250,10265.65
NIFTY,08-Dec-2017,28-Dec-2017,PE,10050,67.95,80.3,48.05,49.55,49.6,49.55,4037,30605.28,176.39,127875,-32100,10265.65
NIFTY,08-Dec-2017,28-Dec-2017,PE,9550,11.1,11.1,9.75,9.75,9.75,9.75,4,28.68,.03,975,150,10265.65
NIFTY,08-Dec-2017,28-Dec-2017,PE,9600,13.2,13.6,9.2,9.95,9.85,9.95,21637,155958.07,171.67,1460150,-47325,10265.65
NIFTY,08-Dec-2017,28-Dec-2017,PE,9650,14.45,14.65,11,11.8,11.65,11.8,720,5218.1,7.1,25575,-2850,10265.65
NIFTY,08-Dec-2017,28-Dec-2017,PE,9700,22.45,22.45,13.05,13.65,13.65,13.65,29853,217522.84,342.27,2589750,2775,10265.65
NIFTY,11-Dec-2017,28-Dec-2017,PE,10850,0,0,0,939.6,0,501.1,0,0,0,0,0,10322.25
NIFTY,11-Dec-2017,28-Dec-2017,PE,10900,580,591.1,550,555.3,551.5,555.3,33,283.85,14.08,13800,-1350,10322.25
NIFTY,11-Dec-2017,28-Dec-2017,PE,10950,0,0,0,1030.85,0,597.95,0,0,0,0,0,10322.25
NIFTY,11-Dec-2017,28-Dec-2017,PE,11000,674.3,687.9,640,645.85,642,645.85,3988,34898.96,1997.96,1357575,64200,10322.25
NIFTY,11-Dec-2017,28-Dec-2017,PE,11050,0,0,0,1123.85,0,696.35,0,0,0,0,0,10322.25
NIFTY,11-Dec-2017,28-Dec-2017,PE,10500,241.7,241.7,198.2,206.25,199,206.25,16488,132529.71,2686.71,1751225,-114300,10322.25
NIFTY,11-Dec-2017,28-Dec-2017,PE,10550,0,0,0,680.2,0,238,0,0,0,0,0,10322.25
NIFTY,11-Dec-2017,28-Dec-2017,PE,10600,299.1,314.05,272.65,281.1,272.65,281.1,2556,20878.41,558.21,421000,21900,10322.25
NIFTY,11-Dec-2017,28-Dec-2017,PE,10650,0,0,0,488.1,488.1,318.75,0,0,0,225,0,10322.25
NIFTY,11-Dec-2017,28-Dec-2017,PE,10700,390.55,404.2,357,363.15,357,363.15,1938,16104.22,551.77,314850,-23775,10322.25
NIFTY,11-Dec-2017,28-Dec-2017,PE,10750,0,0,0,850.45,0,407.35,0,0,0,0,0,10322.25
NIFTY,11-Dec-2017,28-Dec-2017,PE,10800,476.3,494.4,447.55,454.65,447.55,454.65,268,2265.55,94.75,97650,-1950,10322.25
NIFTY,11-Dec-2017,28-Dec-2017,PE,10150,58.3,68,52.35,58.85,57.5,58.85,4819,36904.85,220.21,278100,50175,10322.25
NIFTY,11-Dec-2017,28-Dec-2017,PE,10200,75.75,82,67.1,70.25,68,70.25,108040,832468.33,5962.33,4268000,131550,10322.25
NIFTY,11-Dec-2017,28-Dec-2017,PE,10250,91,98.65,81,84.25,81,84.25,9476,73478.76,632.01,304050,62100,10322.25
NIFTY,11-Dec-2017,28-Dec-2017,PE,10300,105.5,118.6,96.45,100.9,97,100.9,104071,812275.63,8327.15,2954175,540825,10322.25
NIFTY,11-Dec-2017,28-Dec-2017,PE,10350,127.6,141.7,115,119.75,115.1,119.75,3656,28729.35,349.65,135900,52125,10322.25
NIFTY,11-Dec-2017,28-Dec-2017,PE,10400,155.55,170.6,138.65,144.65,140,144.65,26238,207690.49,3034.09,1479925,120675,10322.25
NIFTY,11-Dec-2017,28-Dec-2017,PE,10450,185.05,200.5,164.05,169.25,164.05,169.25,341,2717.85,45.26,44550,2100,10322.25
NIFTY,11-Dec-2017,28-Dec-2017,PE,9800,16.4,19.85,12,17.6,17.25,17.6,27540,202788.08,369.08,4821675,-165825,10322.25
NIFTY,11-Dec-2017,28-Dec-2017,PE,9850,19.3,23.7,18,20.6,20,20.6,2411,17849.14,37.88,77325,-30900,10322.25
NIFTY,11-Dec-2017,28-Dec-2017,PE,9900,26,27.95,22.95,24.6,24,24.6,36810,274014.41,700.16,2594950,-10425,10322.25
NIFTY,11-Dec-2017,28-Dec-2017,PE,9950,28.65,33.8,27.8,29.45,28.9,29.45,1757,13151.89,40.28,114375,13950,10322.25
NIFTY,11-Dec-2017,28-Dec-2017,PE,10000,37.55,40.2,33.5,35.15,34.25,35.15,78020,587303.92,2153.92,8547600,-135075,10322.25
NIFTY,11-Dec-2017,28-Dec-2017,PE,10050,42.5,47.65,39.9,41.45,40.3,41.45,2301,17418.88,75.1,112050,-15825,10322.25
NIFTY,11-Dec-2017,28-Dec-2017,PE,10100,58.7,58.7,45,49.45,47.7,49.45,86434,658067.34,3329.79,4856175,849375,10322.25
NIFTY,11-Dec-2017,28-Dec-2017,PE,9550,8,8,8,8,8,8,1,7.17,.01,975,0,10322.25
NIFTY,11-Dec-2017,28-Dec-2017,PE,9600,7,10.5,6.3,9.4,9.4,9.4,9655,69583.61,67.61,1551725,91575,10322.25
NIFTY,11-Dec-2017,28-Dec-2017,PE,9650,10,12.2,9.8,11.05,11.15,11.05,448,3246.05,3.65,26850,1275,10322.25
NIFTY,11-Dec-2017,28-Dec-2017,PE,9700,10.9,14,10.7,12.4,12.25,12.4,15717,114488.79,147.62,2426325,-163425,10322.25
NIFTY,11-Dec-2017,28-Dec-2017,PE,9750,13.6,16.7,13.3,14.9,15,14.9,820,6005.38,9.13,64200,7200,10322.25
NIFTY,12-Dec-2017,28-Dec-2017,PE,10850,0,0,0,939.6,0,582.15,0,0,0,0,0,10240.15
NIFTY,12-Dec-2017,28-Dec-2017,PE,10900,576.9,641.05,576.45,636.45,636.45,636.45,14,120.82,6.37,14250,450,10240.15
NIFTY,12-Dec-2017,28-Dec-2017,PE,10950,0,0,0,1030.85,0,680.6,0,0,0,0,0,10240.15
NIFTY,12-Dec-2017,28-Dec-2017,PE,11000,658.55,737,658.55,725.6,727.75,725.6,901,7907.64,474.39,1375125,17550,10240.15
NIFTY,12-Dec-2017,28-Dec-2017,PE,11050,0,0,0,1123.85,0,779.8,0,0,0,0,0,10240.15
NIFTY,12-Dec-2017,28-Dec-2017,PE,10500,208.7,278,208.7,271.95,270.55,271.95,6845,55188.72,1284.34,1716350,-34875,10240.15
NIFTY,12-Dec-2017,28-Dec-2017,PE,10550,0,0,0,680.2,0,303.65,0,0,0,0,0,10240.15
NIFTY,12-Dec-2017,28-Dec-2017,PE,10600,296.8,359,296.8,351.6,352.05,351.6,787,6446.96,190.31,425425,4425,10240.15
NIFTY,12-Dec-2017,28-Dec-2017,PE,10650,0,0,0,488.1,488.1,391.75,0,0,0,225,0,10240.15
NIFTY,12-Dec-2017,28-Dec-2017,PE,10700,389.7,449,387.55,441.2,442.85,441.2,380,3168.89,119.39,301275,-13575,10240.15
NIFTY,12-Dec-2017,28-Dec-2017,PE,10750,0,0,0,850.45,0,485.35,0,0,0,0,0,10240.15
NIFTY,12-Dec-2017,28-Dec-2017,PE,10800,488.1,540,486.3,534.35,537.2,534.35,98,831.53,37.73,96300,-1350,10240.15
NIFTY,12-Dec-2017,28-Dec-2017,PE,10150,72.05,90,63.3,85.95,85.3,85.95,5703,43740.36,326.27,222000,-56100,10240.15
NIFTY,12-Dec-2017,28-Dec-2017,PE,10200,74,106.75,67.65,101.95,102.5,101.95,130761,1009202.65,8881,3981275,-286725,10240.15
NIFTY,12-Dec-2017,28-Dec-2017,PE,10250,88,126,88,121.15,120.7,121.15,12484,96974.34,1003.59,229500,-74550,10240.15
NIFTY,12-Dec-2017,28-Dec-2017,PE,10300,120,149,97,143.7,144.4,143.7,103192,807000.86,9842.66,2828325,-125850,10240.15
NIFTY,12-Dec-2017,28-Dec-2017,PE,10350,129.35,174.1,129.35,168.75,169.3,168.75,3430,27003.26,377.88,105900,-30000,10240.15
NIFTY,12-Dec-2017,28-Dec-2017,PE,10400,149.85,205,149.65,199.5,197.45,199.5,21852,173366.99,2921.39,1460950,-18975,10240.15
NIFTY,12-Dec-2017,28-Dec-2017,PE,10450,187.45,237.65,186.5,229.45,229.3,229.45,513,4104.32,83.68,38625,-5925,10240.15
NIFTY,12-Dec-2017,28-Dec-2017,PE,9750,16,23.4,15.7,22.55,22.5,22.55,444,3253.13,6.38,70575,6375,10240.15
NIFTY,12-Dec-2017,28-Dec-2017,PE,9800,17.1,28.65,17.1,26.75,26.75,26.75,38365,282646.66,663.91,5028675,207000,10240.15
NIFTY,12-Dec-2017,28-Dec-2017,PE,9850,22.55,33.55,22.25,31.15,31.6,31.15,2032,15052.49,41.09,84150,6825,10240.15
NIFTY,12-Dec-2017,28-Dec-2017,PE,9900,24.25,39.65,23.9,37.1,37,37.1,47343,352663.47,1141.7,2590800,-4150,10240.15
NIFTY,12-Dec-2017,28-Dec-2017,PE,9950,32.45,46.55,31.55,44.05,44,44.05,1832,13724.95,53.65,106500,-7875,10240.15
NIFTY,12-Dec-2017,28-Dec-2017,PE,10000,33.65,56,33.65,52.55,52.95,52.55,98318,740823.65,3438.65,9076800,529200,10240.15
NIFTY,12-Dec-2017,28-Dec-2017,PE,10050,45.8,65.35,45,61.4,61.7,61.4,2899,21970.09,118.88,126375,14325,10240.15
NIFTY,12-Dec-2017,28-Dec-2017,PE,10100,47.7,77.3,47.7,72.75,73.45,72.75,85016,648124.84,4128.64,4675875,-180300,10240.15
NIFTY,12-Dec-2017,28-Dec-2017,PE,9550,10,10.25,9.05,10.25,10.25,10.25,11,78.87,.08,1125,150,10240.15
NIFTY,12-Dec-2017,28-Dec-2017,PE,9600,10.25,15.15,9.75,14.25,14.2,14.25,16822,121271.6,153.2,1672850,121125,10240.15
NIFTY,12-Dec-2017,28-Dec-2017,PE,9650,10.95,17.15,10.95,16.5,16.25,16.5,761,5515.72,7.99,60600,33750,10240.15
NIFTY,12-Dec-2017,28-Dec-2017,PE,9700,12.25,20.6,12.25,19.15,18.9,19.15,20629,150331.56,255.58,2491200,64875,10240.15
NIFTY,13-Dec-2017,28-Dec-2017,PE,10850,0,0,0,939.6,0,630,0,0,0,0,0,10192.95
NIFTY,13-Dec-2017,28-Dec-2017,PE,10900,650,686.7,573.55,672.75,675.05,672.75,23,198.81,10.79,14025,-225,10192.95
NIFTY,13-Dec-2017,28-Dec-2017,PE,10950,0,0,0,1030.85,0,729.15,0,0,0,0,0,10192.95
NIFTY,13-Dec-2017,28-Dec-2017,PE,11000,749.4,799,662,776.1,763,776.1,1187,10455.08,662.33,1377600,2475,10192.95
NIFTY,13-Dec-2017,28-Dec-2017,PE,11050,0,0,0,1123.85,0,828.7,0,0,0,0,0,10192.95
NIFTY,13-Dec-2017,28-Dec-2017,PE,10450,245.65,289,185,285.25,285,285.25,205,1642.09,35.4,37800,-825,10192.95
NIFTY,13-Dec-2017,28-Dec-2017,PE,10500,279.35,334.95,218.1,315,306.55,315,11291,91180.02,2263.39,1591850,-124500,10192.95
NIFTY,13-Dec-2017,28-Dec-2017,PE,10550,263,350,263,350,350,350,2,16.28,.46,75,75,10192.95
NIFTY,13-Dec-2017,28-Dec-2017,PE,10600,383.8,416.3,294,400.15,386.15,400.15,1183,9717.66,312.81,412750,-12675,10192.95
NIFTY,13-Dec-2017,28-Dec-2017,PE,10650,0,0,0,488.1,488.1,435.6,0,0,0,225,0,10192.95
NIFTY,13-Dec-2017,28-Dec-2017,PE,10700,472.55,506.5,378,496.2,478.15,496.2,468,3904.41,148.71,299775,-1500,10192.95
NIFTY,13-Dec-2017,28-Dec-2017,PE,10750,0,0,0,850.45,0,531.8,0,0,0,0,0,10192.95
NIFTY,13-Dec-2017,28-Dec-2017,PE,10800,566.3,601.8,473.2,583.45,570,583.45,200,1702.87,82.87,100050,3750,10192.95
NIFTY,13-Dec-2017,28-Dec-2017,PE,10100,75.6,105,52.8,94.35,88.75,94.35,160519,1225415.3,9483.88,4728525,52650,10192.95
NIFTY,13-Dec-2017,28-Dec-2017,PE,10150,103.3,122,63.9,111.7,106.85,111.7,14026,107757.03,984.1,191400,-30600,10192.95
NIFTY,13-Dec-2017,28-Dec-2017,PE,10200,108.85,143.75,75.2,131.4,123.5,131.4,221217,1710075.36,17765.31,4094300,113025,10192.95
NIFTY,13-Dec-2017,28-Dec-2017,PE,10250,139.9,166.2,91.05,154.15,145,154.15,14972,116495.14,1397.89,196275,-33225,10192.95
NIFTY,13-Dec-2017,28-Dec-2017,PE,10300,149,194,108.55,179.1,172.45,179.1,111443,873003.59,12106.42,2665725,-162600,10192.95
NIFTY,13-Dec-2017,28-Dec-2017,PE,10350,190.1,221,129.6,205.4,197.45,205.4,1700,13408.93,212.68,104775,-1125,10192.95
NIFTY,13-Dec-2017,28-Dec-2017,PE,10400,212.45,255.9,153.65,238.85,230.7,238.85,20008,159001.99,2939.59,1396075,-64875,10192.95
NIFTY,13-Dec-2017,28-Dec-2017,PE,9750,25,32.65,16.7,31.05,27.1,31.05,784,5749.26,16.26,80025,9450,10192.95
NIFTY,13-Dec-2017,28-Dec-2017,PE,9800,39.8,39.9,19.35,35,32.85,35,63325,466798.4,1359.65,4995675,-33000,10192.95
NIFTY,13-Dec-2017,28-Dec-2017,PE,9850,34.75,46.55,22.65,41.4,37.5,41.4,2632,19508.6,64.7,86775,2625,10192.95
NIFTY,13-Dec-2017,28-Dec-2017,PE,9900,39.15,54.4,26.8,49.35,48,49.35,94704,706040.1,2862.9,2826750,235950,10192.95
NIFTY,13-Dec-2017,28-Dec-2017,PE,9950,49.9,63.9,32,58.65,54,58.65,3236,24264.44,115.79,101400,-5100,10192.95
NIFTY,13-Dec-2017,28-Dec-2017,PE,10000,55,76,37.9,69.25,64.3,69.25,168528,1271152.05,7192.05,8561400,-515400,10192.95
NIFTY,13-Dec-2017,28-Dec-2017,PE,10050,81.1,88.95,44.65,80.05,76.4,80.05,5615,42609.1,286.04,108525,-17850,10192.95
NIFTY,13-Dec-2017,28-Dec-2017,PE,9550,11.95,11.95,10.35,10.35,10.35,10.35,2,14.34,.02,1050,-75,10192.95
NIFTY,13-Dec-2017,28-Dec-2017,PE,9600,14.25,20.85,10.65,18.45,16.85,18.45,24843,179162.93,293.33,1770125,97275,10192.95
NIFTY,13-Dec-2017,28-Dec-2017,PE,9650,18,23.45,12.4,21.85,19.65,21.85,346,2509.07,4.89,63300,2700,10192.95
NIFTY,13-Dec-2017,28-Dec-2017,PE,9700,24.2,28,13.8,23.85,22.4,23.85,38308,279276.41,585.71,2399175,-92025,10192.95
NIFTY,14-Dec-2017,28-Dec-2017,PE,9550,13.35,13.35,13.35,13.35,13.35,13.35,1,7.17,.01,1050,0,10252.1
NIFTY,14-Dec-2017,28-Dec-2017,PE,9600,15.55,28.2,15.55,18.9,18.5,18.9,43133,311240.13,682.53,1873925,103800,10252.1
NIFTY,14-Dec-2017,28-Dec-2017,PE,9650,19,35,18.5,21.4,21.45,21.4,1140,8271.83,21.08,63675,375,10252.1
NIFTY,14-Dec-2017,28-Dec-2017,PE,9700,18.5,38.6,18.5,24.9,24.45,24.9,59706,435651.79,1290.64,2915700,516525,10252.1
NIFTY,14-Dec-2017,28-Dec-2017,PE,9750,25.6,45,25.6,28.9,28.5,28.9,2308,16936.92,59.67,100500,20475,10252.1
NIFTY,14-Dec-2017,28-Dec-2017,PE,9800,25,53.2,24.1,33.95,33.2,33.95,82262,607128.93,2503.23,5150175,154500,10252.1
NIFTY,14-Dec-2017,28-Dec-2017,PE,9850,35,61.1,34.9,39.15,38,39.15,2720,20192.77,98.77,95700,8925,10252.1
NIFTY,14-Dec-2017,28-Dec-2017,PE,9900,36.3,71.9,36.3,45.8,44.15,45.8,121039,903839.88,5125.3,3372150,545400,10252.1
NIFTY,14-Dec-2017,28-Dec-2017,PE,9950,35.6,83.75,35.6,53.6,51.5,53.6,5217,39194.05,262.19,148200,46800,10252.1
NIFTY,14-Dec-2017,28-Dec-2017,PE,10000,57.15,98,53.65,62.8,59.75,62.8,208060,1572463.54,12013.54,9604800,1043400,10252.1
NIFTY,14-Dec-2017,28-Dec-2017,PE,10050,68.95,111.45,65.75,71.75,68.15,71.75,9655,73420.95,646.39,174150,65625,10252.1
NIFTY,14-Dec-2017,28-Dec-2017,PE,10100,83.8,128.9,76.2,83.75,79.6,83.75,175319,1341461.33,13419.9,4849500,120975,10252.1
NIFTY,14-Dec-2017,28-Dec-2017,PE,10150,84.05,148.75,84.05,99.05,92.8,99.05,10751,82811.03,969.04,222675,31275,10252.1
NIFTY,14-Dec-2017,28-Dec-2017,PE,10200,116.1,171,103.05,112.65,107.5,112.65,152212,1180067.64,15645.84,4045625,-48675,10252.1
NIFTY,14-Dec-2017,28-Dec-2017,PE,10250,148.65,195.15,120.15,131.45,124.7,131.45,7887,61526.95,895.64,273750,77475,10252.1
NIFTY,14-Dec-2017,28-Dec-2017,PE,10300,148.15,224,138.75,151.5,144.65,151.5,61952,486991.07,8411.87,2744550,78825,10252.1
NIFTY,14-Dec-2017,28-Dec-2017,PE,10350,185,250.5,160,176.85,166.75,176.85,741,5864.08,112.07,98625,-6150,10252.1
NIFTY,14-Dec-2017,28-Dec-2017,PE,10400,231.9,286.95,185.05,198.05,190.4,198.05,14558,116150.59,2598.19,1362325,-33750,10252.1
NIFTY,14-Dec-2017,28-Dec-2017,PE,10450,248,312.25,214.4,222.9,218.7,222.9,87,700.08,18.22,38100,300,10252.1
NIFTY,14-Dec-2017,28-Dec-2017,PE,10500,280.1,363.8,250,268.9,256,268.9,7674,62240.48,1807.73,1391475,-200375,10252.1
NIFTY,14-Dec-2017,28-Dec-2017,PE,10550,368.2,368.2,368.2,368.2,368.2,368.2,1,8.19,.28,75,0,10252.1
NIFTY,14-Dec-2017,28-Dec-2017,PE,10600,370.55,445,325.65,347.7,333.45,347.7,1131,9330.26,338.81,416875,4125,10252.1
NIFTY,14-Dec-2017,28-Dec-2017,PE,10650,0,0,0,488.1,488.1,380.65,0,0,0,225,0,10252.1
NIFTY,14-Dec-2017,28-Dec-2017,PE,10700,456,535.75,413,432.55,419.6,432.55,274,2296.03,97.18,300075,300,10252.1
NIFTY,14-Dec-2017,28-Dec-2017,PE,10750,0,0,0,850.45,0,475.45,0,0,0,0,0,10252.1
NIFTY,14-Dec-2017,28-Dec-2017,PE,10800,548.05,623.3,504.95,527.45,511.9,527.45,164,1400.02,71.62,98700,-1350,10252.1
NIFTY,14-Dec-2017,28-Dec-2017,PE,10850,0,0,0,939.6,0,573.1,0,0,0,0,0,10252.1
NIFTY,14-Dec-2017,28-Dec-2017,PE,10900,680.75,720.55,619,629.05,619,629.05,23,199.65,11.63,14100,75,10252.1
NIFTY,14-Dec-2017,28-Dec-2017,PE,10950,0,0,0,1030.85,0,672.05,0,0,0,0,0,10252.1
NIFTY,14-Dec-2017,28-Dec-2017,PE,11000,746.9,828,691.95,719.75,702,719.75,2667,23549.18,1546.43,1286025,-91575,10252.1
NIFTY,14-Dec-2017,28-Dec-2017,PE,11050,0,0,0,1123.85,0,771.55,0,0,0,0,0,10252.1
NIFTY,15-Dec-2017,28-Dec-2017,PE,9550,0,0,0,13.35,13.35,0.05,0,0,0,1050,0,10333.25
NIFTY,15-Dec-2017,28-Dec-2017,PE,9600,15.9,15.9,7.05,10.15,10.05,10.15,45227,325931.56,297.16,2069075,195150,10333.25
NIFTY,15-Dec-2017,28-Dec-2017,PE,9650,18.5,18.5,8,11.7,12.05,11.7,987,7150.91,7.5,56250,-7425,10333.25
NIFTY,15-Dec-2017,28-Dec-2017,PE,9700,21.9,21.9,9.2,13.35,14,13.35,57497,418782.09,491.41,2653275,-262425,10333.25
NIFTY,15-Dec-2017,28-Dec-2017,PE,9750,23.8,23.8,10,15.65,15.9,15.65,1935,14169.13,19.44,86325,-14175,10333.25
NIFTY,15-Dec-2017,28-Dec-2017,PE,9800,25.4,25.4,13,18.2,18.75,18.2,81639,601014.78,968.13,4737750,-412425,10333.25
NIFTY,15-Dec-2017,28-Dec-2017,PE,9850,25.55,25.55,15,20.8,20.75,20.8,2625,19427.47,35.29,107775,12075,10333.25
NIFTY,15-Dec-2017,28-Dec-2017,PE,9900,25.45,26.85,18.4,24.5,24.2,24.5,90934,676660.11,1475.16,2874225,-497925,10333.25
NIFTY,15-Dec-2017,28-Dec-2017,PE,9950,25.2,30.35,22.3,29.15,29.45,29.15,3642,27248.86,70.44,167625,19425,10333.25
NIFTY,15-Dec-2017,28-Dec-2017,PE,10000,34.5,35.9,26.95,33.95,34.35,33.95,193559,1456130.57,4438.07,9190725,-414075,10333.25
NIFTY,15-Dec-2017,28-Dec-2017,PE,10050,29.75,40.95,29.75,38.95,39.1,38.95,7125,53894.21,189.53,153300,-20850,10333.25
NIFTY,15-Dec-2017,28-Dec-2017,PE,10100,59.8,59.8,38,46.1,46.8,46.1,166568,1267051.19,5298.59,4529250,-320250,10333.25
NIFTY,15-Dec-2017,28-Dec-2017,PE,10150,55.85,76.2,45.3,54.7,54.9,54.7,7880,60285.31,298.81,187500,-35175,10333.25
NIFTY,15-Dec-2017,28-Dec-2017,PE,10200,83.85,83.85,50.1,65.55,66.4,65.55,191039,1470089.61,8641.26,4973375,927750,10333.25
NIFTY,15-Dec-2017,28-Dec-2017,PE,10250,81.05,81.55,65.05,77.95,78.85,77.95,16012,123956.49,864.24,410400,136650,10333.25
NIFTY,15-Dec-2017,28-Dec-2017,PE,10300,86.8,100.85,76.95,94.05,94.25,94.05,217946,1697980.33,14347.48,3962925,1218375,10333.25
NIFTY,15-Dec-2017,28-Dec-2017,PE,10350,100,147.85,93.85,109.1,112,109.1,21394,167730.66,1659.73,550575,451950,10333.25
NIFTY,15-Dec-2017,28-Dec-2017,PE,10400,140.1,145,114.05,133.45,134.2,133.45,91347,721180.47,8673.87,1590700,228375,10333.25
NIFTY,15-Dec-2017,28-Dec-2017,PE,10450,148.7,165.05,137.15,158.1,165.05,158.1,1263,10042.21,143.45,63525,25425,10333.25
NIFTY,15-Dec-2017,28-Dec-2017,PE,10500,185,201,166.75,192.35,194.5,192.35,29422,235727.96,4029.71,1556225,164750,10333.25
NIFTY,15-Dec-2017,28-Dec-2017,PE,10550,204.9,244,204.9,223.75,221.75,223.75,5,40.42,.86,225,150,10333.25
NIFTY,15-Dec-2017,28-Dec-2017,PE,10600,278.15,278.15,233.6,266.95,265,266.95,5162,42030.3,992.4,424600,7725,10333.25
NIFTY,15-Dec-2017,28-Dec-2017,PE,10650,0,0,0,488.1,488.1,308,0,0,0,225,0,10333.25
NIFTY,15-Dec-2017,28-Dec-2017,PE,10700,316.8,360,315.1,350,351.55,350,1239,10258.49,315.51,271200,-28875,10333.25
NIFTY,15-Dec-2017,28-Dec-2017,PE,10750,0,0,0,850.45,0,399.2,0,0,0,0,0,10333.25
NIFTY,15-Dec-2017,28-Dec-2017,PE,10800,418.55,452.75,405,441.5,442.05,441.5,198,1667.56,63.76,98850,150,10333.25
NIFTY,15-Dec-2017,28-Dec-2017,PE,10850,0,0,0,939.6,0,495,0,0,0,0,0,10333.25
NIFTY,15-Dec-2017,28-Dec-2017,PE,10900,531.65,541.5,497.85,534.15,531.6,534.15,48,411.23,18.83,12675,-1425,10333.25
NIFTY,15-Dec-2017,28-Dec-2017,PE,10950,0,0,0,1030.85,0,593.15,0,0,0,0,0,10333.25
NIFTY,15-Dec-2017,28-Dec-2017,PE,11000,611.2,650.5,597.95,634.8,637.65,634.8,2630,22930.44,1232.94,1186650,-99375,10333.25
NIFTY,15-Dec-2017,28-Dec-2017,PE,11050,0,0,0,1123.85,0,692.35,0,0,0,0,0,10333.25
NIFTY,18-Dec-2017,28-Dec-2017,PE,9550,0.75,3,0.75,3,3,3,7,50.15,.01,1275,225,10388.75
NIFTY,18-Dec-2017,28-Dec-2017,PE,9600,13.15,22.65,2.7,4.15,4.45,4.15,65194,469675.55,278.75,1866275,-202800,10388.75
NIFTY,18-Dec-2017,28-Dec-2017,PE,9650,14.7,16.55,2.6,4.65,4.8,4.65,839,6075.82,3.56,53625,-2625,10388.75
NIFTY,18-Dec-2017,28-Dec-2017,PE,9700,16.35,29.5,2.9,5,5.15,5,86015,626259.65,500.53,2381175,-272100,10388.75
NIFTY,18-Dec-2017,28-Dec-2017,PE,9750,18.2,23.25,3.25,5.65,6,5.65,2804,20519.41,15.16,52200,-34125,10388.75
NIFTY,18-Dec-2017,28-Dec-2017,PE,9800,21.2,42,3.6,6.65,7.05,6.65,144779,1065247.96,1122.31,4308900,-428850,10388.75
NIFTY,18-Dec-2017,28-Dec-2017,PE,9850,24.75,47.75,4,7.75,8.45,7.75,3870,28620.23,30.6,74025,-33750,10388.75
NIFTY,18-Dec-2017,28-Dec-2017,PE,9900,31.5,67.65,4.6,9.55,9.75,9.55,195051,1450657.41,2403.73,2407725,-466500,10388.75
NIFTY,18-Dec-2017,28-Dec-2017,PE,9950,41.05,66.7,5.65,10.95,11.6,10.95,7832,58594.11,147.81,131925,-35700,10388.75
NIFTY,18-Dec-2017,28-Dec-2017,PE,10000,53.2,87.5,6.85,13.5,14.35,13.5,444637,3343409.33,8631.83,8148000,-1042725,10388.75
NIFTY,18-Dec-2017,28-Dec-2017,PE,10050,49.9,93.9,8.65,16.15,17.15,16.15,12808,96808.49,268.19,177600,24300,10388.75
NIFTY,18-Dec-2017,28-Dec-2017,PE,10100,90,112.35,10.85,19.75,20.4,19.75,317092,2409650.12,7678.22,4147275,-381975,10388.75
NIFTY,18-Dec-2017,28-Dec-2017,PE,10150,100,136.7,13.35,23.6,24.4,23.6,25123,191939.62,690.79,499200,311700,10388.75
NIFTY,18-Dec-2017,28-Dec-2017,PE,10200,99,161.75,17.5,29.95,29.6,29.95,454120,3490508.6,16490.6,5050550,77175,10388.75
NIFTY,18-Dec-2017,28-Dec-2017,PE,10250,110,186,22.4,37,36.65,37,26246,202828.05,1061.92,487200,76800,10388.75
NIFTY,18-Dec-2017,28-Dec-2017,PE,10300,151.6,220.4,29.55,47.4,45.05,47.4,457538,3556389.08,21908.03,4560675,597750,10388.75
NIFTY,18-Dec-2017,28-Dec-2017,PE,10350,146.95,255.55,39.55,60.25,58.85,60.25,37588,293829.9,2053.05,540600,-9975,10388.75
NIFTY,18-Dec-2017,28-Dec-2017,PE,10400,188.95,295.9,53.1,78.7,75.25,78.7,361389,2840854.91,22020.71,3241600,1650900,10388.75
NIFTY,18-Dec-2017,28-Dec-2017,PE,10450,259.25,332.35,71.65,101.25,96.95,101.25,17661,139619.81,1201.73,494175,430650,10388.75
NIFTY,18-Dec-2017,28-Dec-2017,PE,10500,274.1,385.7,96.85,132.7,128.9,132.7,83115,663122.56,8591.94,1443125,-113100,10388.75
NIFTY,18-Dec-2017,28-Dec-2017,PE,10550,385.65,385.65,128,167.6,160.85,167.6,100,802.37,11.12,2625,2400,10388.75
NIFTY,18-Dec-2017,28-Dec-2017,PE,10600,381.15,480.5,164.05,208.95,205.95,208.95,12380,100358.25,1937.25,424600,0,10388.75
NIFTY,18-Dec-2017,28-Dec-2017,PE,10650,210,258.95,210,258.95,258.95,258.95,2,16.33,.35,300,75,10388.75
NIFTY,18-Dec-2017,28-Dec-2017,PE,10700,547.65,598,248.5,296.45,294,296.45,3195,26512.58,872.7,232650,-38550,10388.75
NIFTY,18-Dec-2017,28-Dec-2017,PE,10750,0,0,0,850.45,0,348.2,0,0,0,0,0,10388.75
NIFTY,18-Dec-2017,28-Dec-2017,PE,10800,548,699.6,340,388.95,387.9,388.95,654,5492.66,195.26,101625,2775,10388.75
NIFTY,18-Dec-2017,28-Dec-2017,PE,10850,0,0,0,939.6,0,444.3,0,0,0,0,0,10388.75
NIFTY,18-Dec-2017,28-Dec-2017,PE,10900,674.05,674.05,436,486.55,487.2,486.55,62,529.83,22.98,11700,-975,10388.75
NIFTY,18-Dec-2017,28-Dec-2017,PE,10950,0,0,0,1030.85,0,542.8,0,0,0,0,0,10388.75
NIFTY,18-Dec-2017,28-Dec-2017,PE,11000,839.45,872.3,535,586.25,583,586.25,2949,25688.16,1358.91,1140375,-46275,10388.75
NIFTY,18-Dec-2017,28-Dec-2017,PE,11050,0,0,0,1123.85,0,642.25,0,0,0,0,0,10388.75
NIFTY,19-Dec-2017,28-Dec-2017,PE,9550,5,5,1.9,2.2,2.2,2.2,91,651.99,.2,3150,1875,10463.2
NIFTY,19-Dec-2017,28-Dec-2017,PE,9600,3.3,3.3,2.25,2.4,2.35,2.4,25873,186333.85,48.25,1824125,-42150,10463.2
NIFTY,19-Dec-2017,28-Dec-2017,PE,9650,3,3.3,2.35,2.55,2.55,2.55,370,2678.63,.75,47250,-6375,10463.2
NIFTY,19-Dec-2017,28-Dec-2017,PE,9700,4,4,2.45,2.6,2.7,2.6,29684,216014.9,63.8,2381475,300,10463.2
NIFTY,19-Dec-2017,28-Dec-2017,PE,9750,4,4.2,2.9,3,2.95,3,1029,7527.14,2.58,36825,-15375,10463.2
NIFTY,19-Dec-2017,28-Dec-2017,PE,9800,6,6,3.2,3.4,3.4,3.4,36802,270601.46,106.76,4252650,-56250,10463.2
NIFTY,19-Dec-2017,28-Dec-2017,PE,9850,7.95,7.95,3.65,4,4.35,4,1416,10465.36,4.66,63600,-10425,10463.2
NIFTY,19-Dec-2017,28-Dec-2017,PE,9900,8.95,9.5,4.25,4.45,4.4,4.45,44264,328832.37,172.17,2556225,148500,10463.2
NIFTY,19-Dec-2017,28-Dec-2017,PE,9950,8,10,5,5.45,5.5,5.45,2331,17406.58,11.49,155025,23100,10463.2
NIFTY,19-Dec-2017,28-Dec-2017,PE,10000,10.5,12.5,6.45,6.75,6.75,6.75,96265,722561.47,573.97,8299875,151875,10463.2
NIFTY,19-Dec-2017,28-Dec-2017,PE,10050,11.15,13.2,7.55,8.05,8.05,8.05,3914,29531.1,29.33,183000,5400,10463.2
NIFTY,19-Dec-2017,28-Dec-2017,PE,10100,13.3,17,9.45,9.75,9.55,9.75,92876,704373.78,838.08,4283550,136275,10463.2
NIFTY,19-Dec-2017,28-Dec-2017,PE,10150,19.05,19.1,11.15,11.6,12,11.6,8605,65599.84,94.28,545925,46725,10463.2
NIFTY,19-Dec-2017,28-Dec-2017,PE,10200,26.8,26.85,14.65,15.25,15.45,15.25,160229,1228082.27,2330.42,5084450,33900,10463.2
NIFTY,19-Dec-2017,28-Dec-2017,PE,10250,30.45,31.8,18.1,19.05,21.15,19.05,37897,292021.44,688.25,915000,427800,10463.2
NIFTY,19-Dec-2017,28-Dec-2017,PE,10300,43.85,43.85,23.75,25.05,25.65,25.05,222344,1723050.4,5443,4980975,420300,10463.2
NIFTY,19-Dec-2017,28-Dec-2017,PE,10350,49.85,54,30,31.7,32.95,31.7,51547,401737.05,1603.47,1310400,769800,10463.2
NIFTY,19-Dec-2017,28-Dec-2017,PE,10400,68.3,72.1,41,43.15,44.05,43.15,291449,2285585.28,12283.08,5173325,1931725,10463.2
NIFTY,19-Dec-2017,28-Dec-2017,PE,10450,90.05,93.35,55.55,57.75,58.25,57.75,26160,206413.21,1384.21,853875,359700,10463.2
NIFTY,19-Dec-2017,28-Dec-2017,PE,10500,117.45,123.8,78.1,80.9,81.95,80.9,73830,586902.56,5491.31,1953650,510525,10463.2
NIFTY,19-Dec-2017,28-Dec-2017,PE,10550,158.55,158.55,107.1,109.65,108.15,109.65,723,5786.56,65.82,26250,23625,10463.2
NIFTY,19-Dec-2017,28-Dec-2017,PE,10600,191.1,199.15,142.7,145.9,144.95,145.9,10049,81145.34,1255.79,554500,129900,10463.2
NIFTY,19-Dec-2017,28-Dec-2017,PE,10650,238.3,238.3,220,220,220,220,5,40.78,.84,525,225,10463.2
NIFTY,19-Dec-2017,28-Dec-2017,PE,10700,278.7,289,228,231.4,228.9,231.4,3309,27165.48,610.76,330525,97875,10463.2
NIFTY,19-Dec-2017,28-Dec-2017,PE,10750,0,0,0,850.45,0,279.95,0,0,0,0,0,10463.2
NIFTY,19-Dec-2017,28-Dec-2017,PE,10800,372.45,381.9,323.4,325.15,324.05,325.15,566,4733.77,149.17,109725,8100,10463.2
NIFTY,19-Dec-2017,28-Dec-2017,PE,10850,0,0,0,939.6,0,373.35,0,0,0,0,0,10463.2
NIFTY,19-Dec-2017,28-Dec-2017,PE,10900,463.55,474.5,420,420,420,420,53,451.4,18.12,11400,-300,10463.2
NIFTY,19-Dec-2017,28-Dec-2017,PE,10950,0,0,0,1030.85,0,470.8,0,0,0,0,0,10463.2
NIFTY,19-Dec-2017,28-Dec-2017,PE,11000,565,579,515,524.75,519.35,524.75,1907,16518.32,785.57,1113150,-27225,10463.2
NIFTY,19-Dec-2017,28-Dec-2017,PE,11050,0,0,0,1123.85,0,569.9,0,0,0,0,0,10463.2
NIFTY,20-Dec-2017,28-Dec-2017,PE,9550,0,0,0,2.2,2.2,0,0,0,0,3150,0,10444.2
NIFTY,20-Dec-2017,28-Dec-2017,PE,9600,2.25,3.1,1.9,2.85,2.9,2.85,11428,82301,19.4,1799450,-24675,10444.2
NIFTY,20-Dec-2017,28-Dec-2017,PE,9650,2.4,3.2,2.05,3,3.15,3,183,1324.8,.33,48150,900,10444.2
NIFTY,20-Dec-2017,28-Dec-2017,PE,9700,2.7,3.7,2.1,3.45,3.45,3.45,14614,106346.14,29.29,2389425,7950,10444.2
NIFTY,20-Dec-2017,28-Dec-2017,PE,9750,2.85,4.3,2.35,4,4,4,527,3854.96,1.27,47025,10200,10444.2
NIFTY,20-Dec-2017,28-Dec-2017,PE,9800,2.65,5.1,2.45,4.6,4.7,4.6,39151,287867.87,108.02,5041350,788700,10444.2
NIFTY,20-Dec-2017,28-Dec-2017,PE,9850,3.95,5.2,3.1,4.95,5,4.95,1200,8868.51,3.51,64275,675,10444.2
NIFTY,20-Dec-2017,28-Dec-2017,PE,9900,4.4,5.8,3.5,5.4,5.6,5.4,47777,354902.53,158.3,2469375,-86850,10444.2
NIFTY,20-Dec-2017,28-Dec-2017,PE,9950,5.5,6.5,4.15,6.2,5.9,6.2,1855,13849.92,6.98,134175,-20850,10444.2
NIFTY,20-Dec-2017,28-Dec-2017,PE,10000,6,7.4,5.1,6.9,6.75,6.9,67618,507447.78,312.78,8058000,-241875,10444.2
NIFTY,20-Dec-2017,28-Dec-2017,PE,10050,7.5,8.8,6.25,8.15,7.6,8.15,2914,21980.23,15.96,189000,6000,10444.2
NIFTY,20-Dec-2017,28-Dec-2017,PE,10100,8.3,10.6,7.6,9.75,8.15,9.75,67937,515078.52,455.75,4204350,-79200,10444.2
NIFTY,20-Dec-2017,28-Dec-2017,PE,10150,11.3,12.75,9,11.55,10.5,11.55,5924,45143.55,47.1,533100,-12825,10444.2
NIFTY,20-Dec-2017,28-Dec-2017,PE,10200,14.35,17.1,11.6,15,13.4,15,143619,1100195.2,1509.85,4879575,-204875,10444.2
NIFTY,20-Dec-2017,28-Dec-2017,PE,10250,14.15,21.8,14,18.8,17.3,18.8,26120,201145.84,348.34,705075,-209925,10444.2
NIFTY,20-Dec-2017,28-Dec-2017,PE,10300,21.2,29.2,18.35,24.3,22.65,24.3,222647,1723816.47,3868.39,5249250,268275,10444.2
NIFTY,20-Dec-2017,28-Dec-2017,PE,10350,27.7,37.55,23.6,30.95,29.6,30.95,55336,430794.55,1248.85,1315200,4800,10444.2
NIFTY,20-Dec-2017,28-Dec-2017,PE,10400,39.95,51,31.05,41.25,40.2,41.25,342934,2685222.33,10337.13,5674625,501300,10444.2
NIFTY,20-Dec-2017,28-Dec-2017,PE,10450,58.3,68.05,41.5,54.45,53,54.45,59426,468116.77,2365.49,1130925,277050,10444.2
NIFTY,20-Dec-2017,28-Dec-2017,PE,10500,83.65,94.4,58.05,74.9,73,74.9,199043,1578504.85,11041.22,3108200,1154550,10444.2
NIFTY,20-Dec-2017,28-Dec-2017,PE,10550,118.4,125.55,81.45,102.55,101.9,102.55,6846,54680.84,511.87,85800,59550,10444.2
NIFTY,20-Dec-2017,28-Dec-2017,PE,10600,142.35,164.5,116.1,141.5,140.9,141.5,29816,240135.4,3098.2,608725,54225,10444.2
NIFTY,20-Dec-2017,28-Dec-2017,PE,10650,192.05,192.05,156,180.5,188.75,180.5,18,146.09,2.31,600,75,10444.2
NIFTY,20-Dec-2017,28-Dec-2017,PE,10700,214.75,252.85,199.7,231.1,231,231.1,4547,37251.3,761.62,376650,46125,10444.2
NIFTY,20-Dec-2017,28-Dec-2017,PE,10750,0,0,0,850.45,0,296.4,0,0,0,0,0,10444.2
NIFTY,20-Dec-2017,28-Dec-2017,PE,10800,332.7,346.95,292.6,324.5,325.8,324.5,744,6206.1,179.7,113100,3375,10444.2
NIFTY,20-Dec-2017,28-Dec-2017,PE,10850,0,0,0,939.6,0,392.35,0,0,0,0,0,10444.2
NIFTY,20-Dec-2017,28-Dec-2017,PE,10900,434.95,440,401.5,405,405,405,29,246.18,9.11,11475,75,10444.2
NIFTY,20-Dec-2017,28-Dec-2017,PE,10950,0,0,0,1030.85,0,491,0,0,0,0,0,10444.2
NIFTY,20-Dec-2017,28-Dec-2017,PE,11000,534.65,546.4,490,522.75,520.65,522.75,1615,13960.43,636.68,1055325,-57825,10444.2
NIFTY,20-Dec-2017,28-Dec-2017,PE,11050,0,0,0,1123.85,0,590.6,0,0,0,0,0,10444.2
NIFTY,21-Dec-2017,28-Dec-2017,PE,9550,0,0,0,2.2,2.2,0,0,0,0,3150,0,10440.3
NIFTY,21-Dec-2017,28-Dec-2017,PE,9600,2.8,2.8,1.9,2.1,1.9,2.1,5371,38680.15,8.95,1789925,-9525,10440.3
NIFTY,21-Dec-2017,28-Dec-2017,PE,9650,2.3,2.5,2.1,2.15,2.15,2.15,65,470.54,.11,47250,-900,10440.3
NIFTY,21-Dec-2017,28-Dec-2017,PE,9700,3.3,3.65,2.1,2.45,2.1,2.45,8393,61075.45,16.37,2491875,102450,10440.3
NIFTY,21-Dec-2017,28-Dec-2017,PE,9750,3.3,3.45,1.8,2.7,2.65,2.7,599,4381.47,1.28,65625,18600,10440.3
NIFTY,21-Dec-2017,28-Dec-2017,PE,9800,3.95,4.25,2.9,3.2,3,3.2,24917,183204.36,64.41,5080650,39300,10440.3
NIFTY,21-Dec-2017,28-Dec-2017,PE,9850,4.15,4.35,2.95,3.3,3,3.3,1226,9060.43,3.36,72600,8325,10440.3
NIFTY,21-Dec-2017,28-Dec-2017,PE,9900,4.8,4.9,3.3,3.8,3.55,3.8,18754,139308.01,59.56,2437950,-31425,10440.3
NIFTY,21-Dec-2017,28-Dec-2017,PE,9950,5.05,5.45,3.45,4,3.45,4,2820,21053.48,9.23,191850,57675,10440.3
NIFTY,21-Dec-2017,28-Dec-2017,PE,10000,5.6,6.4,4.7,5.1,4.7,5.1,48213,361798.43,200.93,7993950,-64050,10440.3
NIFTY,21-Dec-2017,28-Dec-2017,PE,10050,5.55,7.45,5.15,5.85,5.55,5.85,2206,16638.23,10.51,206325,17325,10440.3
NIFTY,21-Dec-2017,28-Dec-2017,PE,10100,6,9.35,6,7.25,6.6,7.25,42691,323638.59,254.26,4322475,118125,10440.3
NIFTY,21-Dec-2017,28-Dec-2017,PE,10150,8.95,11.25,7.75,8.8,8.2,8.8,3688,28101.53,26.63,545550,12450,10440.3
NIFTY,21-Dec-2017,28-Dec-2017,PE,10200,12.35,14.75,10,11.85,11,11.85,91964,704409.22,884.62,4650450,-229125,10440.3
NIFTY,21-Dec-2017,28-Dec-2017,PE,10250,16,18.95,14.6,15.65,15.2,15.65,9691,74620.93,121.37,683400,-21675,10440.3
NIFTY,21-Dec-2017,28-Dec-2017,PE,10300,20.15,25.25,16.35,20.9,20.9,20.9,137081,1061235.39,2284.67,5010525,-238725,10440.3
NIFTY,21-Dec-2017,28-Dec-2017,PE,10350,30.45,33.25,25,27.9,28.2,27.9,34990,272383.58,773.71,1464075,148875,10440.3
NIFTY,21-Dec-2017,28-Dec-2017,PE,10400,37.85,45.95,34,38.7,39,38.7,227025,1777627.77,6832.77,5581025,-93600,10440.3
NIFTY,21-Dec-2017,28-Dec-2017,PE,10450,51.8,61.15,46.35,53.1,53.5,53.1,39032,307509.48,1596.18,949500,-181425,10440.3
NIFTY,21-Dec-2017,28-Dec-2017,PE,10500,67.75,85,66,74.8,75.6,74.8,123468,979397.43,7086.93,2914125,-194075,10440.3
NIFTY,21-Dec-2017,28-Dec-2017,PE,10550,105,116.45,94.05,104.6,106.8,104.6,6338,50649.19,499.76,108900,23100,10440.3
NIFTY,21-Dec-2017,28-Dec-2017,PE,10600,140.65,159.45,132.2,145.5,149.6,145.5,19889,160302.29,2184.74,542800,-65925,10440.3
NIFTY,21-Dec-2017,28-Dec-2017,PE,10650,182.9,196.8,158.6,158.6,158.6,158.6,12,97.52,1.67,750,150,10440.3
NIFTY,21-Dec-2017,28-Dec-2017,PE,10700,235.75,250.05,223.05,234.6,244.9,234.6,2880,23622.58,510.58,354075,-22575,10440.3
NIFTY,21-Dec-2017,28-Dec-2017,PE,10750,0,0,0,850.45,0,299.85,0,0,0,0,0,10440.3
NIFTY,21-Dec-2017,28-Dec-2017,PE,10800,334.7,348.3,317.15,329.3,334.8,329.3,227,1895.07,56.37,113475,375,10440.3
NIFTY,21-Dec-2017,28-Dec-2017,PE,10850,0,0,0,939.6,0,397.3,0,0,0,0,0,10440.3
NIFTY,21-Dec-2017,28-Dec-2017,PE,10900,432.5,436,427.55,435,435,435,12,102,3.9,10875,-600,10440.3
NIFTY,21-Dec-2017,28-Dec-2017,PE,10950,0,0,0,1030.85,0,496.6,0,0,0,0,0,10440.3
NIFTY,21-Dec-2017,28-Dec-2017,PE,11000,524.6,545.9,518.2,528.3,535.65,528.3,1651,14277.08,656.33,980775,-74550,10440.3
NIFTY,21-Dec-2017,28-Dec-2017,PE,11050,0,0,0,1123.85,0,596.35,0,0,0,0,0,10440.3
NIFTY,22-Dec-2017,28-Dec-2017,PE,9550,1.4,1.4,1.4,1.4,1.4,1.4,1,7.16,0,3150,0,10493
NIFTY,22-Dec-2017,28-Dec-2017,PE,9600,1.75,2,1.3,1.4,1.3,1.4,12331,88796.85,13.65,1761050,-28875,10493
NIFTY,22-Dec-2017,28-Dec-2017,PE,9650,1.6,1.65,0.6,1.1,1.55,1.1,21,152.01,.02,47400,150,10493
NIFTY,22-Dec-2017,28-Dec-2017,PE,9700,2.1,2.1,1.3,1.4,1.3,1.4,17354,126271.56,21.21,2326200,-165675,10493
NIFTY,22-Dec-2017,28-Dec-2017,PE,9750,2.2,2.2,1,1.45,1.4,1.45,914,6684.8,1.18,41400,-24225,10493
NIFTY,22-Dec-2017,28-Dec-2017,PE,9800,2.75,2.9,1.5,1.6,1.5,1.6,42311,311046.15,60.3,4940850,-139800,10493
NIFTY,22-Dec-2017,28-Dec-2017,PE,9850,2.5,2.5,1.5,1.65,1.5,1.65,938,6930.93,1.46,59250,-13350,10493
NIFTY,22-Dec-2017,28-Dec-2017,PE,9900,3.05,3.35,1.55,1.7,1.55,1.7,48367,359205.55,80.58,2313150,-124800,10493
NIFTY,22-Dec-2017,28-Dec-2017,PE,9950,3.15,3.3,1.65,1.9,1.65,1.9,3796,28335.13,7.48,119700,-72150,10493
NIFTY,22-Dec-2017,28-Dec-2017,PE,10000,4,4.35,1.75,2.05,1.75,2.05,103688,777875.48,215.48,7511400,-482550,10493
NIFTY,22-Dec-2017,28-Dec-2017,PE,10050,3.2,4.9,2.05,2.45,2.2,2.45,6685,50404.5,16.32,184950,-21375,10493
NIFTY,22-Dec-2017,28-Dec-2017,PE,10100,4,6.05,2.5,3,2.6,3,78581,595491.01,239.94,4147575,-174900,10493
NIFTY,22-Dec-2017,28-Dec-2017,PE,10150,6.95,7.25,3.2,3.6,3.4,3.6,8020,61080.3,28.05,533025,-12525,10493
NIFTY,22-Dec-2017,28-Dec-2017,PE,10200,9.1,10.15,4.45,5.35,4.6,5.35,126435,967876.62,648.87,4996725,346275,10493
NIFTY,22-Dec-2017,28-Dec-2017,PE,10250,13.35,13.95,5.7,6.75,5.9,6.75,29549,227351.5,193.56,707250,23850,10493
NIFTY,22-Dec-2017,28-Dec-2017,PE,10300,15.2,19.35,8.6,10.2,8.8,10.2,184109,1424060.6,1818.57,4839750,-170775,10493
NIFTY,22-Dec-2017,28-Dec-2017,PE,10350,26,26.6,12,14.05,12.05,14.05,77582,603266.5,1036.22,1513050,48975,10493
NIFTY,22-Dec-2017,28-Dec-2017,PE,10400,37,38.1,18.6,21.5,19.2,21.5,302366,2364477.21,6022.41,5942825,361800,10493
NIFTY,22-Dec-2017,28-Dec-2017,PE,10450,51.6,53,26.5,30.85,27.65,30.85,99840,785290.89,2794.89,1920825,971325,10493
NIFTY,22-Dec-2017,28-Dec-2017,PE,10500,71.85,75.2,40,45.95,41,45.95,199342,1578031.76,8213.51,3639375,725250,10493
NIFTY,22-Dec-2017,28-Dec-2017,PE,10550,106.85,107,63,69.5,65,69.5,14029,111868.08,863.62,249525,140625,10493
NIFTY,22-Dec-2017,28-Dec-2017,PE,10600,146.4,147.8,100,106.95,103.25,106.95,31583,253934.31,2849.46,628675,85875,10493
NIFTY,22-Dec-2017,28-Dec-2017,PE,10650,184.8,184.8,146.85,170,170,170,13,105.45,1.62,900,150,10493
NIFTY,22-Dec-2017,28-Dec-2017,PE,10700,243.65,244,184.1,191.3,191.5,191.3,3904,31936.7,607.1,348675,-5400,10493
NIFTY,22-Dec-2017,28-Dec-2017,PE,10750,0,0,0,850.45,0,250.15,0,0,0,0,0,10493
NIFTY,22-Dec-2017,28-Dec-2017,PE,10800,333.1,333.1,282.55,292.35,287.75,292.35,715,5956.14,164.64,91875,-21600,10493
NIFTY,22-Dec-2017,28-Dec-2017,PE,10850,0,0,0,939.6,0,346.6,0,0,0,0,0,10493
NIFTY,22-Dec-2017,28-Dec-2017,PE,10900,422,425,381.1,381.1,381.1,381.1,31,262.85,9.42,10050,-825,10493
NIFTY,22-Dec-2017,28-Dec-2017,PE,10950,0,0,0,1030.85,0,445.75,0,0,0,0,0,10493
NIFTY,22-Dec-2017,28-Dec-2017,PE,11000,525.65,527.9,481,490.35,487.1,490.35,4088,35275.24,1549.24,816525,-164250,10493
NIFTY,22-Dec-2017,28-Dec-2017,PE,11050,0,0,0,1123.85,0,545.55,0,0,0,0,0,10493
NIFTY,26-Dec-2017,28-Dec-2017,PE,9550,0,0,0,1.4,1.4,0,0,0,0,3150,0,10531.5
NIFTY,26-Dec-2017,28-Dec-2017,PE,9600,0.85,0.85,0.6,0.65,0.65,0.65,6209,44707.93,3.13,1724900,-36150,10531.5
NIFTY,26-Dec-2017,28-Dec-2017,PE,9650,0,0,0,1.1,1.55,0,0,0,0,47400,0,10531.5
NIFTY,26-Dec-2017,28-Dec-2017,PE,9700,0.65,0.8,0.6,0.7,0.7,0.7,10117,73606.51,5.33,2106600,-219600,10531.5
NIFTY,26-Dec-2017,28-Dec-2017,PE,9750,0.7,0.75,0.6,0.65,0.65,0.65,270,1974.51,.14,38700,-2700,10531.5
NIFTY,26-Dec-2017,28-Dec-2017,PE,9800,1,1,0.65,0.75,0.8,0.75,21245,156163.33,12.58,4818300,-122550,10531.5
NIFTY,26-Dec-2017,28-Dec-2017,PE,9850,0.85,0.9,0.7,0.75,0.75,0.75,248,1832.25,.15,53175,-6075,10531.5
NIFTY,26-Dec-2017,28-Dec-2017,PE,9900,1.05,1.05,0.7,0.8,0.85,0.8,19904,147799.47,12.27,2093850,-219300,10531.5
NIFTY,26-Dec-2017,28-Dec-2017,PE,9950,0.95,0.95,0.7,0.85,0.9,0.85,1625,12127.57,1.01,120075,375,10531.5
NIFTY,26-Dec-2017,28-Dec-2017,PE,10000,1.75,1.85,0.75,0.9,0.9,0.9,55313,414885.28,37.78,7090200,-421200,10531.5
NIFTY,26-Dec-2017,28-Dec-2017,PE,10050,1.7,1.7,0.65,0.95,0.95,0.95,3445,25969.29,2.61,122475,-62475,10531.5
NIFTY,26-Dec-2017,28-Dec-2017,PE,10100,1.15,2.05,0.95,1.1,1,1.1,59806,453088.74,58.29,4259775,112200,10531.5
NIFTY,26-Dec-2017,28-Dec-2017,PE,10150,2,2.5,1,1.2,1.25,1.2,7689,58541.22,8.7,489675,-43350,10531.5
NIFTY,26-Dec-2017,28-Dec-2017,PE,10200,2.6,4.5,1.35,1.55,1.55,1.55,101414,775994.57,177.47,4842525,-154200,10531.5
NIFTY,26-Dec-2017,28-Dec-2017,PE,10250,4.85,4.95,1.6,1.9,1.8,1.9,17499,134562.24,38.68,565200,-142050,10531.5
NIFTY,26-Dec-2017,28-Dec-2017,PE,10300,6,7.55,2.4,2.9,2.6,2.9,171315,1324026.56,618.19,4641450,-198300,10531.5
NIFTY,26-Dec-2017,28-Dec-2017,PE,10350,9.15,11.15,3.4,4.4,3.5,4.4,79496,617534.81,447.11,1086825,-426225,10531.5
NIFTY,26-Dec-2017,28-Dec-2017,PE,10400,20.75,20.75,5.6,7.4,5.8,7.4,250834,1958757.72,2252.52,5926325,-16500,10531.5
NIFTY,26-Dec-2017,28-Dec-2017,PE,10450,25,26.95,10.15,13.1,10.6,13.1,127342,999922.67,1879.75,2018025,97200,10531.5
NIFTY,26-Dec-2017,28-Dec-2017,PE,10500,35.7,43.9,19.85,24.3,20.25,24.3,302306,2388173.36,7513.61,4557000,917625,10531.5
NIFTY,26-Dec-2017,28-Dec-2017,PE,10550,64.4,70.35,38.45,43.45,40.95,43.45,39997,318100.74,1624.48,944325,694800,10531.5
NIFTY,26-Dec-2017,28-Dec-2017,PE,10600,106.5,110.75,71.55,81.05,76,81.05,47882,384008.6,3346.7,722050,93375,10531.5
NIFTY,26-Dec-2017,28-Dec-2017,PE,10650,148.5,158.2,113,120.7,114.25,120.7,234,1891.58,22.5,6900,6000,10531.5
NIFTY,26-Dec-2017,28-Dec-2017,PE,10700,210.8,211.05,160,169.5,163.65,169.5,4237,34595.97,594.05,272700,-75975,10531.5
NIFTY,26-Dec-2017,28-Dec-2017,PE,10750,0,0,0,850.45,0,215.05,0,0,0,0,0,10531.5
NIFTY,26-Dec-2017,28-Dec-2017,PE,10800,286.75,296.55,257,269.25,261.85,269.25,579,4812.5,122.6,108225,16350,10531.5
NIFTY,26-Dec-2017,28-Dec-2017,PE,10850,0,0,0,939.6,0,314.75,0,0,0,0,0,10531.5
NIFTY,26-Dec-2017,28-Dec-2017,PE,10900,390.85,392.75,360,366.2,361.7,366.2,28,236.8,7.9,9750,-300,10531.5
NIFTY,26-Dec-2017,28-Dec-2017,PE,10950,0,0,0,1030.85,0,414.7,0,0,0,0,0,10531.5
NIFTY,26-Dec-2017,28-Dec-2017,PE,11000,489.55,494.5,455.45,465.1,459.1,465.1,1602,13796.92,580.42,786900,-29625,10531.5
NIFTY,26-Dec-2017,28-Dec-2017,PE,11050,0,0,0,1123.85,0,514.7,0,0,0,0,0,10531.5
NIFTY,27-Dec-2017,28-Dec-2017,PE,9550,0,0,0,1.4,1.4,0,0,0,0,3150,0,10490.75
NIFTY,27-Dec-2017,28-Dec-2017,PE,9600,0.5,0.75,0.4,0.55,0.45,0.55,6210,44714.38,2.38,1699025,-25875,10490.75
NIFTY,27-Dec-2017,28-Dec-2017,PE,9650,0.65,0.65,0.45,0.45,0.45,0.45,53,383.61,.03,47325,-75,10490.75
NIFTY,27-Dec-2017,28-Dec-2017,PE,9700,0.5,0.65,0.4,0.55,0.5,0.55,3990,29028.76,1.51,2050125,-56475,10490.75
NIFTY,27-Dec-2017,28-Dec-2017,PE,9750,0.35,0.55,0.35,0.4,0.4,0.4,131,957.98,.04,37050,-1650,10490.75
NIFTY,27-Dec-2017,28-Dec-2017,PE,9800,0.6,0.75,0.45,0.55,0.55,0.55,8862,65139.24,3.54,4757025,-61275,10490.75
NIFTY,27-Dec-2017,28-Dec-2017,PE,9850,0.75,0.75,0.4,0.55,0.4,0.55,319,2356.74,.13,51750,-1425,10490.75
NIFTY,27-Dec-2017,28-Dec-2017,PE,9900,0.7,0.8,0.45,0.6,0.55,0.6,10720,79600.47,4.47,1840500,-253350,10490.75
NIFTY,27-Dec-2017,28-Dec-2017,PE,9950,0.6,1.2,0.45,0.6,0.55,0.6,948,7074.9,.45,105825,-14250,10490.75
NIFTY,27-Dec-2017,28-Dec-2017,PE,10000,0.8,1.05,0.5,0.6,0.5,0.6,26707,200314.39,11.89,6448500,-641700,10490.75
NIFTY,27-Dec-2017,28-Dec-2017,PE,10050,0.65,1.35,0.45,0.75,0.7,0.75,1255,9460.26,.7,101550,-20925,10490.75
NIFTY,27-Dec-2017,28-Dec-2017,PE,10100,0.9,1.25,0.55,0.75,0.55,0.75,31653,239788.14,16.67,4121325,-138450,10490.75
NIFTY,27-Dec-2017,28-Dec-2017,PE,10150,1.25,1.6,0.55,0.75,0.6,0.75,5177,39412.93,3.01,407625,-82050,10490.75
NIFTY,27-Dec-2017,28-Dec-2017,PE,10200,1.35,2.2,0.7,0.95,0.75,0.95,84608,647312.73,61.53,4719600,-122925,10490.75
NIFTY,27-Dec-2017,28-Dec-2017,PE,10250,0.7,2.55,0.7,1,0.9,1,20095,154497.82,17.51,521100,-44100,10490.75
NIFTY,27-Dec-2017,28-Dec-2017,PE,10300,2.6,4.05,1.1,1.75,1.4,1.75,162828,1258065.51,219.21,4284750,-356700,10490.75
NIFTY,27-Dec-2017,28-Dec-2017,PE,10350,3,6.2,1.35,2.75,2.4,2.75,72930,566266.41,147.29,1055925,-30900,10490.75
NIFTY,27-Dec-2017,28-Dec-2017,PE,10400,4.7,10.9,2.2,5.35,5.4,5.35,352692,2752239.33,1241.73,4641725,-1284600,10490.75
NIFTY,27-Dec-2017,28-Dec-2017,PE,10450,9,20.25,3.65,10.55,11.85,10.55,296562,2326362.87,2058.19,1751850,-266175,10490.75
NIFTY,27-Dec-2017,28-Dec-2017,PE,10500,20.4,40.45,8.6,24.45,27.4,24.45,650632,5133389.96,9662.96,3345450,-1211550,10490.75
NIFTY,27-Dec-2017,28-Dec-2017,PE,10550,43,74.95,19.75,52.2,57.75,52.2,164553,1306665.46,4639.85,1129125,184800,10490.75
NIFTY,27-Dec-2017,28-Dec-2017,PE,10600,81.55,124,43.2,96.9,104.1,96.9,160072,1281132.6,8560.2,623950,-98100,10490.75
NIFTY,27-Dec-2017,28-Dec-2017,PE,10650,126.75,167.9,83.95,144.15,153.65,144.15,3519,28397.76,289.75,7725,825,10490.75
NIFTY,27-Dec-2017,28-Dec-2017,PE,10700,177.4,217.25,131.75,196.05,202.5,196.05,7853,63969.29,948.96,226725,-45975,10490.75
NIFTY,27-Dec-2017,28-Dec-2017,PE,10750,189,198,189,198,198,198,2,16.42,.29,0,0,10490.75
NIFTY,27-Dec-2017,28-Dec-2017,PE,10800,271.4,313.9,227,291.85,298.35,291.85,2046,16988.26,415.66,90000,-18225,10490.75
NIFTY,27-Dec-2017,28-Dec-2017,PE,10850,0,0,0,939.6,0,357.4,0,0,0,0,0,10490.75
NIFTY,27-Dec-2017,28-Dec-2017,PE,10900,361.7,411.4,338.95,390.45,387.3,390.45,74,624.69,19.74,8925,-825,10490.75
NIFTY,27-Dec-2017,28-Dec-2017,PE,10950,0,0,0,1030.85,0,457.35,0,0,0,0,0,10490.75
NIFTY,27-Dec-2017,28-Dec-2017,PE,11000,469.25,517.1,431.5,493.65,505.5,493.65,6697,57541.88,2291.63,528675,-258225,10490.75
NIFTY,27-Dec-2017,28-Dec-2017,PE,11050,0,0,0,1123.85,0,557.35,0,0,0,0,0,10490.75
NIFTY,28-Dec-2017,28-Dec-2017,PE,9550,0,0,0,1.4,1.4,0,0,0,0,3150,0,10477.9
NIFTY,28-Dec-2017,28-Dec-2017,PE,9600,0.1,0.1,0.05,0.05,0.05,0,8805,63396.37,.37,1695725,-3300,10477.9
NIFTY,28-Dec-2017,28-Dec-2017,PE,9650,0,0,0,0.45,0.45,0,0,0,0,47325,0,10477.9
NIFTY,28-Dec-2017,28-Dec-2017,PE,9700,0.05,0.1,0.05,0.05,0.05,0,5138,37379.17,.22,2085450,35325,10477.9
NIFTY,28-Dec-2017,28-Dec-2017,PE,9750,0.1,0.1,0.05,0.05,0.05,0,97,709.32,0,36225,-825,10477.9
NIFTY,28-Dec-2017,28-Dec-2017,PE,9800,0.1,0.1,0.05,0.05,0.05,0,29103,213908.24,1.19,4761525,4500,10477.9
NIFTY,28-Dec-2017,28-Dec-2017,PE,9850,0.1,0.15,0.05,0.1,0.1,0,141,1041.65,.01,52800,1050,10477.9
NIFTY,28-Dec-2017,28-Dec-2017,PE,9900,0.1,0.1,0.05,0.05,0.05,0,16900,125483.23,.73,1761225,-79275,10477.9
NIFTY,28-Dec-2017,28-Dec-2017,PE,9950,0.1,0.1,0.05,0.05,0.05,0,355,2649.21,.02,108150,2325,10477.9
NIFTY,28-Dec-2017,28-Dec-2017,PE,10000,0.25,0.25,0.05,0.05,0.05,0,25117,188378.59,1.09,6305775,-142725,10477.9
NIFTY,28-Dec-2017,28-Dec-2017,PE,10050,0.2,0.2,0.05,0.05,0.05,0,886,6678.27,.05,113850,12300,10477.9
NIFTY,28-Dec-2017,28-Dec-2017,PE,10100,0.1,0.1,0.05,0.05,0.05,0,28880,218767.46,1.46,3957900,-163425,10477.9
NIFTY,28-Dec-2017,28-Dec-2017,PE,10150,0.2,0.2,0.05,0.05,0.05,0,1090,8297.7,.08,383325,-24300,10477.9
NIFTY,28-Dec-2017,28-Dec-2017,PE,10200,0.15,0.2,0.05,0.05,0.05,0,38333,293249.79,2.34,4783200,63600,10477.9
NIFTY,28-Dec-2017,28-Dec-2017,PE,10250,0.4,0.4,0.05,0.05,0.05,0,10003,76899.1,1.04,591225,70125,10477.9
NIFTY,28-Dec-2017,28-Dec-2017,PE,10300,0.6,0.7,0.05,0.1,0.05,0,108591,838882.67,17.19,4761375,476625,10477.9
NIFTY,28-Dec-2017,28-Dec-2017,PE,10350,0.6,1.25,0.05,0.1,0.05,0,166909,1295680.79,49.68,1336875,280950,10477.9
NIFTY,28-Dec-2017,28-Dec-2017,PE,10400,3,3.7,0.05,0.1,0.05,0,594002,4633722.49,506.89,5225600,583875,10477.9
NIFTY,28-Dec-2017,28-Dec-2017,PE,10450,15,15,0.05,0.3,0.05,0,544652,4270121.14,1411.09,3975375,2223525,10477.9
NIFTY,28-Dec-2017,28-Dec-2017,PE,10500,19.7,28.5,2.5,15.5,20.5,0,870626,6866054.74,9874.99,1045200,-2300250,10477.9
NIFTY,28-Dec-2017,28-Dec-2017,PE,10550,37.9,72.25,16.75,54.25,72,0,184820,1468299.29,5911.04,193575,-935550,10477.9
NIFTY,28-Dec-2017,28-Dec-2017,PE,10600,90.55,121.75,57.4,106.3,110,0,98709,791296.9,6560.35,81700,-542250,10477.9
NIFTY,28-Dec-2017,28-Dec-2017,PE,10650,134.05,170.25,102.2,154.65,160.2,0,506,4093.5,51.82,1350,-6375,10477.9
NIFTY,28-Dec-2017,28-Dec-2017,PE,10700,192.1,223,154.2,205.9,223,0,8009,65422.7,1150.47,41650,-185075,10477.9
NIFTY,28-Dec-2017,28-Dec-2017,PE,10750,0,0,0,198,198,0,0,0,0,0,0,10477.9
NIFTY,28-Dec-2017,28-Dec-2017,PE,10800,286.65,319.05,255,306.4,310.05,0,2052,17069.95,448.75,10725,-79275,10477.9
NIFTY,28-Dec-2017,28-Dec-2017,PE,10850,0,0,0,939.6,0,0,0,0,0,0,0,10477.9
NIFTY,28-Dec-2017,28-Dec-2017,PE,10900,380.55,415.75,364,411.65,408.05,0,123,1040.79,35.27,1200,-7725,10477.9
NIFTY,28-Dec-2017,28-Dec-2017,PE,10950,0,0,0,1030.85,0,0,0,0,0,0,0,10477.9
NIFTY,28-Dec-2017,28-Dec-2017,PE,11000,495.85,522.95,457,516.25,517,0,8781,75694.94,3251.69,55350,-473325,10477.9
NIFTY,28-Dec-2017,28-Dec-2017,PE,11050,0,0,0,1123.85,0,0,0,0,0,0,0,10477.9
