NIFTY,30-Nov-2017,28-Dec-2017,CE,9550,0,0,0,477.25,0,723.05,0,0,0,0,0,10226.55
NIFTY,30-Nov-2017,28-Dec-2017,CE,9600,741.55,744,675.8,680.25,682.95,680.25,780,6039.75,423.75,89700,39900,10226.55
NIFTY,30-Nov-2017,28-Dec-2017,CE,9650,0,0,0,410.25,0,624.95,0,0,0,0,0,10226.55
NIFTY,30-Nov-2017,28-Dec-2017,CE,9700,660,660,580,588.1,589,588.1,1004,7768.96,464.86,316500,2625,10226.55
NIFTY,30-Nov-2017,28-Dec-2017,CE,9750,0,0,0,348.95,0,528.5,0,0,0,0,0,10226.55
NIFTY,30-Nov-2017,28-Dec-2017,CE,9800,580,580,490,499.4,494,499.4,1437,11132.33,570.38,201225,67200,10226.55
NIFTY,30-Nov-2017,28-Dec-2017,CE,9850,0,0,0,293.6,0,435.3,0,0,0,0,0,10226.55
NIFTY,30-Nov-2017,28-Dec-2017,CE,9900,475.8,479.05,402.55,409.65,405,409.65,1628,12623.84,535.94,265050,18000,10226.55
NIFTY,30-Nov-2017,28-Dec-2017,CE,9950,0,0,0,244.25,0,347.25,0,0,0,0,0,10226.55
NIFTY,30-Nov-2017,28-Dec-2017,CE,10000,385.65,390.65,321.95,327.35,322,327.35,6763,52505,1782.5,2604975,50775,10226.55
NIFTY,30-Nov-2017,28-Dec-2017,CE,10050,310,310,277.3,278.65,277.3,278.65,6,46.57,1.35,450,450,10226.55
NIFTY,30-Nov-2017,28-Dec-2017,CE,10100,299.85,304.4,243,248.2,245.9,248.2,6645,51667.56,1331.69,716175,227025,10226.55
NIFTY,30-Nov-2017,28-Dec-2017,CE,10150,213.1,230.75,210,211.05,210,211.05,18,140.07,3.05,1950,1125,10226.55
NIFTY,30-Nov-2017,28-Dec-2017,CE,10200,221.35,230.5,174,178.55,176.4,178.55,16811,131050.76,2446.61,1431900,445650,10226.55
NIFTY,30-Nov-2017,28-Dec-2017,CE,10250,220,220,146.5,150.1,149,150.1,1394,10881.63,165.26,64725,60525,10226.55
NIFTY,30-Nov-2017,28-Dec-2017,CE,10300,165.65,165.65,115.1,122.55,119,122.55,55426,433746.51,5580.66,2091150,966075,10226.55
NIFTY,30-Nov-2017,28-Dec-2017,CE,10350,135,135,95.25,100.15,96.3,100.15,6855,53787.02,575.08,250425,212775,10226.55
NIFTY,30-Nov-2017,28-Dec-2017,CE,10400,120,120,75,79,76.5,79,88743,698103.64,5908.24,2820825,1362975,10226.55
NIFTY,30-Nov-2017,28-Dec-2017,CE,10450,90.1,90.1,60,62.15,60.3,62.15,3771,29752.83,197.61,149775,68550,10226.55
NIFTY,30-Nov-2017,28-Dec-2017,CE,10500,77,77,45,47.4,45.9,47.4,104856,829970.04,4229.04,4958250,2086500,10226.55
NIFTY,30-Nov-2017,28-Dec-2017,CE,10550,53,54.35,34.25,35.7,34.75,35.7,2711,21535.53,84.74,129600,8025,10226.55
NIFTY,30-Nov-2017,28-Dec-2017,CE,10600,40,44.95,25.3,27.25,26.25,27.25,72803,580499.33,1715.48,3055650,1182525,10226.55
NIFTY,30-Nov-2017,28-Dec-2017,CE,10650,30.55,32.3,18.8,20.2,20.5,20.2,1098,8790.18,19.91,34350,20475,10226.55
NIFTY,30-Nov-2017,28-Dec-2017,CE,10700,24.9,24.95,14.4,15.35,14.95,15.35,52591,422750.82,708.04,1903950,559725,10226.55
NIFTY,30-Nov-2017,28-Dec-2017,CE,10750,20,20.5,10.5,12.05,12.15,12.05,218,1759.83,2.21,13800,8400,10226.55
NIFTY,30-Nov-2017,28-Dec-2017,CE,10800,12.95,14.4,7.7,8.55,8.6,8.55,36053,292295.54,266.24,1367700,146475,10226.55
NIFTY,30-Nov-2017,28-Dec-2017,CE,10850,12,12,7,7,7,7,17,138.47,.13,1350,1125,10226.55
NIFTY,30-Nov-2017,28-Dec-2017,CE,10900,8.1,8.3,4.4,4.95,5,4.95,14594,119368.2,62.25,844050,365475,10226.55
NIFTY,30-Nov-2017,28-Dec-2017,CE,10950,5,9,5,9,9,9,10,82.17,.04,900,750,10226.55
NIFTY,30-Nov-2017,28-Dec-2017,CE,11000,6,6,3.5,3.9,4,3.9,35888,296185.4,109.4,3696450,1120125,10226.55
NIFTY,30-Nov-2017,28-Dec-2017,CE,11050,0,0,0,10,10,0.95,0,0,0,0,0,10226.55
NIFTY,01-Dec-2017,28-Dec-2017,CE,9550,0,0,0,477.25,0,618.75,0,0,0,0,0,10121.8
NIFTY,01-Dec-2017,28-Dec-2017,CE,10650,22,22,10.15,10.8,11.3,10.8,2661,21284.31,29.57,66150,31800,10121.8
NIFTY,01-Dec-2017,28-Dec-2017,CE,10700,16.05,16.4,7.35,7.85,8.2,7.85,70872,569334.92,587.12,2499450,595500,10121.8
NIFTY,01-Dec-2017,28-Dec-2017,CE,10750,13,13,5.95,6.2,6.7,6.2,553,4462.25,3.68,31125,17325,10121.8
NIFTY,01-Dec-2017,28-Dec-2017,CE,10800,9.7,9.7,4.5,4.75,5.15,4.75,39426,319533.48,182.88,1575075,207375,10121.8
NIFTY,01-Dec-2017,28-Dec-2017,CE,10850,7,7.9,4.1,4.1,4.1,4.1,44,358.23,.18,3825,2475,10121.8
NIFTY,01-Dec-2017,28-Dec-2017,CE,10900,5.7,5.8,3.25,3.4,3.5,3.4,18125,148225.56,53.68,810450,-33600,10121.8
NIFTY,01-Dec-2017,28-Dec-2017,CE,10950,6.65,6.65,3,3.3,3.95,3.3,116,952.98,.33,3750,2850,10121.8
NIFTY,01-Dec-2017,28-Dec-2017,CE,11000,4.3,4.3,2.75,2.95,3.05,2.95,43658,360281.32,102.82,4178025,481575,10121.8
NIFTY,01-Dec-2017,28-Dec-2017,CE,11050,3.25,3.95,1.25,2.4,3.5,2.4,13,107.76,.02,150,150,10121.8
NIFTY,01-Dec-2017,28-Dec-2017,CE,10100,255.3,268.85,170.3,177.4,173.75,177.4,12554,97034.25,1937.7,869025,152850,10121.8
NIFTY,01-Dec-2017,28-Dec-2017,CE,10150,215,215.55,142.4,149.6,147.9,149.6,2519,19468.26,292.37,94575,92625,10121.8
NIFTY,01-Dec-2017,28-Dec-2017,CE,10200,179.3,196.2,114.55,120.25,120.05,120.25,79167,614462.41,8834.86,2387700,955800,10121.8
NIFTY,01-Dec-2017,28-Dec-2017,CE,10250,160,164.55,93.05,97.4,98.1,97.4,10660,82948.18,999.43,246150,181425,10121.8
NIFTY,01-Dec-2017,28-Dec-2017,CE,10300,137,137,73.15,77,77,77,178750,1394516.18,13672.43,3799875,1708725,10121.8
NIFTY,01-Dec-2017,28-Dec-2017,CE,10350,103.15,109.7,57.8,60.95,61.8,60.95,13708,107296.04,887.69,503025,252600,10121.8
NIFTY,01-Dec-2017,28-Dec-2017,CE,10400,84.45,87,44,46.5,46.7,46.5,179412,1408121.41,8707.81,4031025,1210200,10121.8
NIFTY,01-Dec-2017,28-Dec-2017,CE,10450,65.05,70.55,33.4,35.35,36.4,35.35,6838,53847.7,254.88,252375,102600,10121.8
NIFTY,01-Dec-2017,28-Dec-2017,CE,10500,49,52,24.75,25.95,26.7,25.95,170496,1347454.58,4798.58,5782875,824625,10121.8
NIFTY,01-Dec-2017,28-Dec-2017,CE,10550,36.7,39.6,18.45,19.55,19.65,19.55,3091,24522.07,64.53,153675,24075,10121.8
NIFTY,01-Dec-2017,28-Dec-2017,CE,10600,28.75,29.85,13.55,14.2,14.55,14.2,104174,829808.32,1625.02,3438300,382650,10121.8
NIFTY,01-Dec-2017,28-Dec-2017,CE,9600,700,700,571.55,578.05,571.55,578.05,41,314.43,19.23,89100,-600,10121.8
NIFTY,01-Dec-2017,28-Dec-2017,CE,9650,0,0,0,410.25,0,522.95,0,0,0,0,0,10121.8
NIFTY,01-Dec-2017,28-Dec-2017,CE,9700,595,612.1,476.65,486.5,479.8,486.5,652,5006.22,262.92,299400,-17100,10121.8
NIFTY,01-Dec-2017,28-Dec-2017,CE,9750,0,0,0,348.95,0,430.65,0,0,0,0,0,10121.8
NIFTY,01-Dec-2017,28-Dec-2017,CE,9800,514.35,516.45,387,399.8,393.05,399.8,862,6620.7,285,216300,15075,10121.8
NIFTY,01-Dec-2017,28-Dec-2017,CE,9850,0,0,0,293.6,0,343.85,0,0,0,0,0,10121.8
NIFTY,01-Dec-2017,28-Dec-2017,CE,9900,416.55,434.2,309,319.35,314.4,319.35,1650,12706.46,455.21,260925,-4125,10121.8
NIFTY,01-Dec-2017,28-Dec-2017,CE,9950,250,250,250,250,250,250,1,7.65,.19,75,75,10121.8
NIFTY,01-Dec-2017,28-Dec-2017,CE,10000,260,351.6,233.6,245.35,240.5,245.35,10610,81799.28,2224.28,2765700,160725,10121.8
NIFTY,01-Dec-2017,28-Dec-2017,CE,10050,275,275,175.6,207.95,206.85,207.95,5,38.52,.84,675,225,10121.8
NIFTY,04-Dec-2017,28-Dec-2017,CE,9550,0,0,0,477.25,0,618.5,0,0,0,0,0,10127.75
NIFTY,04-Dec-2017,28-Dec-2017,CE,10650,11.8,12.95,9,10.2,10.4,10.2,1340,10714.32,11.07,77925,11775,10127.75
NIFTY,04-Dec-2017,28-Dec-2017,CE,10700,8.7,11,6.7,7.55,7.85,7.55,40501,325266.87,246.35,2618550,119100,10127.75
NIFTY,04-Dec-2017,28-Dec-2017,CE,10750,8,8,5.3,6.05,6.05,6.05,256,2065.25,1.25,35850,4725,10127.75
NIFTY,04-Dec-2017,28-Dec-2017,CE,10800,5.35,5.55,4.05,4.45,4.5,4.45,18542,150255.23,65.03,1675350,100275,10127.75
NIFTY,04-Dec-2017,28-Dec-2017,CE,10850,4.05,4.75,3.6,3.6,3.6,3.6,33,268.65,.11,4425,600,10127.75
NIFTY,04-Dec-2017,28-Dec-2017,CE,10900,4,4,3.05,3.4,3.4,3.4,14000,114485.7,35.7,790800,-19650,10127.75
NIFTY,04-Dec-2017,28-Dec-2017,CE,10950,5.9,5.9,2.05,3.65,3.5,3.65,41,336.82,.11,5475,1725,10127.75
NIFTY,04-Dec-2017,28-Dec-2017,CE,11000,3.25,3.85,2.55,2.95,3,2.95,31174,257252.3,66.8,4342950,164925,10127.75
NIFTY,04-Dec-2017,28-Dec-2017,CE,11050,3.5,3.5,3,3,3,3,2,16.58,0,225,75,10127.75
NIFTY,04-Dec-2017,28-Dec-2017,CE,10100,186.8,199,164.15,176.35,180.15,176.35,35242,271772.45,4814.3,1001400,132375,10127.75
NIFTY,04-Dec-2017,28-Dec-2017,CE,10150,166.85,166.85,136.7,148.1,151.5,148.1,6239,48206.64,712.26,141675,47100,10127.75
NIFTY,04-Dec-2017,28-Dec-2017,CE,10200,125.05,137,110.1,120,123.65,120,104878,812119.77,9803.07,2634300,246600,10127.75
NIFTY,04-Dec-2017,28-Dec-2017,CE,10250,105.6,111,88.1,97.5,100,97.5,8262,64140.18,626.06,278550,32400,10127.75
NIFTY,04-Dec-2017,28-Dec-2017,CE,10300,84.05,88.7,67.8,76.2,78.65,76.2,144679,1126401.63,8756.35,3975000,175125,10127.75
NIFTY,04-Dec-2017,28-Dec-2017,CE,10350,68.9,74.65,53.25,60.5,61.1,60.5,8181,63896.25,391.24,536775,33750,10127.75
NIFTY,04-Dec-2017,28-Dec-2017,CE,10400,49.95,54.35,40.4,45.25,46.5,45.25,119267,934616.74,4334.14,4411425,380400,10127.75
NIFTY,04-Dec-2017,28-Dec-2017,CE,10450,40.65,41.5,30.05,34.1,34.1,34.1,8650,68033.28,238.9,378600,126225,10127.75
NIFTY,04-Dec-2017,28-Dec-2017,CE,10500,29.75,31,22.25,25.15,26,25.15,114882,907021.44,2325.69,6179475,396600,10127.75
NIFTY,04-Dec-2017,28-Dec-2017,CE,10550,23.9,23.9,16.3,18.5,20.3,18.5,1695,13436.99,25.3,164625,10950,10127.75
NIFTY,04-Dec-2017,28-Dec-2017,CE,10600,14,17.25,11.85,13.6,14.25,13.6,60971,485396.81,677.36,3572325,134025,10127.75
NIFTY,04-Dec-2017,28-Dec-2017,CE,9600,562.55,614.45,557.25,571.5,573,571.5,71,542.08,30.88,87375,-1725,10127.75
NIFTY,04-Dec-2017,28-Dec-2017,CE,9650,0,0,0,410.25,0,521.45,0,0,0,0,0,10127.75
NIFTY,04-Dec-2017,28-Dec-2017,CE,9700,499.45,517.1,461,486.45,490.95,486.45,467,3570.12,172.7,300225,825,10127.75
NIFTY,04-Dec-2017,28-Dec-2017,CE,9750,0,0,0,348.95,0,427.35,0,0,0,0,0,10127.75
NIFTY,04-Dec-2017,28-Dec-2017,CE,9800,408.75,427.5,375.6,396.6,403.15,396.6,616,4715.54,187.94,219000,2700,10127.75
NIFTY,04-Dec-2017,28-Dec-2017,CE,9850,0,0,0,293.6,0,338.3,0,0,0,0,0,10127.75
NIFTY,04-Dec-2017,28-Dec-2017,CE,9900,341,345,298.95,316.8,321.15,316.8,2622,20092.54,624.19,318525,57600,10127.75
NIFTY,04-Dec-2017,28-Dec-2017,CE,9950,0,0,0,250,250,257,0,0,0,75,0,10127.75
NIFTY,04-Dec-2017,28-Dec-2017,CE,10000,240.25,269,228.15,243.95,250,243.95,9597,73751.81,1774.31,2661900,-103800,10127.75
NIFTY,04-Dec-2017,28-Dec-2017,CE,10050,220,228.8,197.05,211.95,217.1,211.95,177,1362.27,28.14,5700,5025,10127.75
NIFTY,05-Dec-2017,28-Dec-2017,CE,9550,0,0,0,477.25,0,607.05,0,0,0,0,0,10118.25
NIFTY,05-Dec-2017,28-Dec-2017,CE,10650,7.9,10.8,7.05,9.6,10.45,9.6,1046,8361.86,6.93,86400,8475,10118.25
NIFTY,05-Dec-2017,28-Dec-2017,CE,10700,9.2,9.2,4.55,7.1,7.15,7.1,29054,233304.66,146.31,2445150,-173400,10118.25
NIFTY,05-Dec-2017,28-Dec-2017,CE,10750,5,14.8,4.6,6.15,6,6.15,417,3364.04,1.98,47175,11325,10118.25
NIFTY,05-Dec-2017,28-Dec-2017,CE,10800,4,4.85,3.7,4.45,4.45,4.45,12395,100438.9,39.4,1713600,38250,10118.25
NIFTY,05-Dec-2017,28-Dec-2017,CE,10850,3.4,3.9,3.4,3.9,3.9,3.9,30,244.21,.08,5325,900,10118.25
NIFTY,05-Dec-2017,28-Dec-2017,CE,10900,3,3.55,2.95,3.3,3.35,3.3,6747,55172.85,16.12,761775,-29025,10118.25
NIFTY,05-Dec-2017,28-Dec-2017,CE,10950,3.2,3.2,3.2,3.2,3.2,3.2,1,8.21,0,5475,0,10118.25
NIFTY,05-Dec-2017,28-Dec-2017,CE,11000,2.9,2.9,2.5,2.7,2.65,2.7,14116,116485.17,28.17,4278450,-64500,10118.25
NIFTY,05-Dec-2017,28-Dec-2017,CE,11050,0,0,0,3,3,0.1,0,0,0,225,0,10118.25
NIFTY,05-Dec-2017,28-Dec-2017,CE,10100,165.7,188.65,142.25,168.55,169.45,168.55,62217,478745.28,7451.51,1820025,818625,10118.25
NIFTY,05-Dec-2017,28-Dec-2017,CE,10150,151.9,156,115.6,139.95,141,139.95,6068,46798.47,605.82,158700,17025,10118.25
NIFTY,05-Dec-2017,28-Dec-2017,CE,10200,110,128.4,93.45,113.85,113.5,113.85,168331,1301297.9,13565.75,3391050,756750,10118.25
NIFTY,05-Dec-2017,28-Dec-2017,CE,10250,85.6,103.95,75,91.3,91.8,91.3,7685,59575.69,497.25,260025,-18525,10118.25
NIFTY,05-Dec-2017,28-Dec-2017,CE,10300,76,83.05,58.5,71.35,72.5,71.35,161425,1255242.62,8234.5,4609200,634200,10118.25
NIFTY,05-Dec-2017,28-Dec-2017,CE,10350,56.05,64.35,40.65,55.65,56.8,55.65,6938,54131.41,275.18,560850,24075,10118.25
NIFTY,05-Dec-2017,28-Dec-2017,CE,10400,48,48.7,33.75,42.05,42.3,42.05,129087,1010727.9,3849.3,4609875,198450,10118.25
NIFTY,05-Dec-2017,28-Dec-2017,CE,10450,29.6,37.05,25,32.15,32.25,32.15,7438,58465.25,169.93,290925,-87675,10118.25
NIFTY,05-Dec-2017,28-Dec-2017,CE,10500,28.55,28.55,18.5,23.75,23.75,23.75,115413,910785.86,1908.48,6229800,50325,10118.25
NIFTY,05-Dec-2017,28-Dec-2017,CE,10550,23.45,23.45,13.85,17.5,17.95,17.5,1580,12521.46,19.71,179850,15225,10118.25
NIFTY,05-Dec-2017,28-Dec-2017,CE,10600,16.55,16.55,10,12.85,12.85,12.85,55036,438033.61,497.41,3566925,-5400,10118.25
NIFTY,05-Dec-2017,28-Dec-2017,CE,9600,551,585.35,524,563,563,563,53,403.11,21.51,84975,-2400,10118.25
NIFTY,05-Dec-2017,28-Dec-2017,CE,9650,0,0,0,410.25,0,509.6,0,0,0,0,0,10118.25
NIFTY,05-Dec-2017,28-Dec-2017,CE,9700,464.75,497.65,429.5,473.1,474.3,473.1,333,2537.23,114.66,288000,-12225,10118.25
NIFTY,05-Dec-2017,28-Dec-2017,CE,9750,0,0,0,348.95,0,415.05,0,0,0,0,0,10118.25
NIFTY,05-Dec-2017,28-Dec-2017,CE,9800,372.4,414.25,347,386.9,386,386.9,2008,15300.86,542.06,307275,88275,10118.25
NIFTY,05-Dec-2017,28-Dec-2017,CE,9850,0,0,0,293.6,0,325.5,0,0,0,0,0,10118.25
NIFTY,05-Dec-2017,28-Dec-2017,CE,9900,298.1,332.55,270.55,306.75,306,306.75,2534,19366.71,551.76,340800,22275,10118.25
NIFTY,05-Dec-2017,28-Dec-2017,CE,9950,291.3,291.3,270,270,270,270,2,15.35,.42,75,0,10118.25
NIFTY,05-Dec-2017,28-Dec-2017,CE,10000,230,257.15,204.4,234.5,234,234.5,12609,96674.03,2106.53,2616075,-45825,10118.25
NIFTY,05-Dec-2017,28-Dec-2017,CE,10050,186.1,212.2,171.85,200.15,193.1,200.15,1252,9615,178.05,12075,6375,10118.25
NIFTY,06-Dec-2017,28-Dec-2017,CE,10650,8.1,8.5,6.5,7.3,7.35,7.3,531,4244.29,2.93,91200,4800,10044.1
NIFTY,06-Dec-2017,28-Dec-2017,CE,10700,6,6.75,4.7,5.45,5.6,5.45,35322,283601.79,142.74,2702475,257325,10044.1
NIFTY,06-Dec-2017,28-Dec-2017,CE,10750,5.5,5.5,3.7,4.2,4.3,4.2,543,4379.75,1.81,62475,15300,10044.1
NIFTY,06-Dec-2017,28-Dec-2017,CE,10800,3.9,4.1,3.5,3.85,4,3.85,18736,151815.15,53.55,1973475,259875,10044.1
NIFTY,06-Dec-2017,28-Dec-2017,CE,10850,3.35,3.95,3.3,3.95,3.95,3.95,23,187.22,.06,5400,75,10044.1
NIFTY,06-Dec-2017,28-Dec-2017,CE,10900,3.55,3.6,2.75,3,3.1,3,6999,57232.15,15.32,783375,21600,10044.1
NIFTY,06-Dec-2017,28-Dec-2017,CE,10950,1.5,3.45,1.5,3,3,3,5,41.07,.01,5550,75,10044.1
NIFTY,06-Dec-2017,28-Dec-2017,CE,11000,2.5,2.6,2.35,2.5,2.55,2.5,12047,99409.9,22.15,4326600,48150,10044.1
NIFTY,06-Dec-2017,28-Dec-2017,CE,11050,2.5,2.5,2.5,2.5,2.5,2.5,1,8.29,0,225,0,10044.1
NIFTY,06-Dec-2017,28-Dec-2017,CE,10150,125,130,95.7,102.9,103.35,102.9,7828,60244.02,653.37,237300,78600,10044.1
NIFTY,06-Dec-2017,28-Dec-2017,CE,10200,117.9,117.9,76.2,82.5,83.15,82.5,167080,1289318.79,11156.79,4164075,773025,10044.1
NIFTY,06-Dec-2017,28-Dec-2017,CE,10250,77,84.05,59.5,65.5,65.7,65.5,7104,54987.99,375.99,319875,59850,10044.1
NIFTY,06-Dec-2017,28-Dec-2017,CE,10300,62.75,65.9,46.6,50.8,51,50.8,180819,1404271.31,7444.53,4898850,289650,10044.1
NIFTY,06-Dec-2017,28-Dec-2017,CE,10350,46.85,51.2,35.9,39.45,39.7,39.45,6430,50117.77,204.9,632775,71925,10044.1
NIFTY,06-Dec-2017,28-Dec-2017,CE,10400,37.1,38.5,26.35,29.4,29.5,29.4,137523,1075942.54,3263.14,5311875,702000,10044.1
NIFTY,06-Dec-2017,28-Dec-2017,CE,10450,26.1,29.05,20.1,22.55,22.25,22.55,6239,49007.75,109.59,336225,45300,10044.1
NIFTY,06-Dec-2017,28-Dec-2017,CE,10500,12.05,21.95,12.05,16.75,16.9,16.75,110817,874143.8,1459.92,6687675,457875,10044.1
NIFTY,06-Dec-2017,28-Dec-2017,CE,10550,11.75,15.75,11.15,11.75,12.25,11.75,2199,17420.32,20.73,211875,32025,10044.1
NIFTY,06-Dec-2017,28-Dec-2017,CE,10600,12.85,12.85,8.1,9.05,9.3,9.05,51383,408857.03,362.18,3745125,178200,10044.1
NIFTY,06-Dec-2017,28-Dec-2017,CE,9600,527.25,535.95,488.5,490.3,493.2,490.3,68,516.05,26.45,82500,-2475,10044.1
NIFTY,06-Dec-2017,28-Dec-2017,CE,9650,0,0,0,410.25,0,436.9,0,0,0,0,0,10044.1
NIFTY,06-Dec-2017,28-Dec-2017,CE,9700,439.35,450,391.35,400.8,405,400.8,396,3007.91,127.01,286800,-1200,10044.1
NIFTY,06-Dec-2017,28-Dec-2017,CE,9750,0,0,0,348.95,0,345.7,0,0,0,0,0,10044.1
NIFTY,06-Dec-2017,28-Dec-2017,CE,9800,353.75,367.55,309.5,321.3,322.6,321.3,1563,11878.21,390.16,330825,23550,10044.1
NIFTY,06-Dec-2017,28-Dec-2017,CE,9850,0,0,0,293.6,0,261.65,0,0,0,0,0,10044.1
NIFTY,06-Dec-2017,28-Dec-2017,CE,9900,278,289.75,236,246.1,249.1,246.1,3909,29782.44,758.11,404625,63825,10044.1
NIFTY,06-Dec-2017,28-Dec-2017,CE,9950,190.3,210,190.3,205.65,193.85,205.65,12,91.32,1.77,825,750,10044.1
NIFTY,06-Dec-2017,28-Dec-2017,CE,10000,186.1,220.95,171,182.5,184.4,182.5,24289,185691.19,3523.69,2525850,-90225,10044.1
NIFTY,06-Dec-2017,28-Dec-2017,CE,10050,194.9,194.9,144.2,152.95,154,152.95,4138,31685.75,495.58,66150,54075,10044.1
NIFTY,06-Dec-2017,28-Dec-2017,CE,10100,127.55,157,117.85,125.9,127,125.9,99853,766478.87,10092.39,2657325,837300,10044.1
NIFTY,06-Dec-2017,28-Dec-2017,CE,9550,0,0,0,477.25,0,532.55,0,0,0,0,0,10044.1
NIFTY,07-Dec-2017,28-Dec-2017,CE,10650,7.35,11,7.25,10.3,10.5,10.3,717,5732.09,5.05,90750,-450,10166.7
NIFTY,07-Dec-2017,28-Dec-2017,CE,10700,6.05,7.9,5.2,7.5,7.6,7.5,24328,195347.64,115.44,2777250,74775,10166.7
NIFTY,07-Dec-2017,28-Dec-2017,CE,10750,4.15,5.85,4.15,5.4,5.3,5.4,500,4033.01,1.76,62850,375,10166.7
NIFTY,07-Dec-2017,28-Dec-2017,CE,10800,4,4.65,3.65,4.45,4.25,4.45,12685,102786.66,38.16,2001900,28425,10166.7
NIFTY,07-Dec-2017,28-Dec-2017,CE,10850,3,4.5,3,4.5,4.5,4.5,17,138.38,.04,4950,-450,10166.7
NIFTY,07-Dec-2017,28-Dec-2017,CE,10900,3.15,3.45,2.85,3.25,3.25,3.25,4982,40739.35,11.5,777375,-6000,10166.7
NIFTY,07-Dec-2017,28-Dec-2017,CE,10950,3,3,1.5,2.25,2.5,2.25,54,443.57,.09,3150,-2400,10166.7
NIFTY,07-Dec-2017,28-Dec-2017,CE,11000,2.45,2.8,2.35,2.75,2.7,2.75,13104,108133.01,25.01,4239825,-86775,10166.7
NIFTY,07-Dec-2017,28-Dec-2017,CE,11050,0,0,0,2.5,2.5,0.35,0,0,0,225,0,10166.7
NIFTY,07-Dec-2017,28-Dec-2017,CE,10150,108.95,168.55,104,159.05,160.4,159.05,10308,79496.91,1027.26,174750,-62550,10166.7
NIFTY,07-Dec-2017,28-Dec-2017,CE,10200,84.15,138,82.95,128.65,130.1,128.65,161177,1245861.22,12857.17,3480150,-683925,10166.7
NIFTY,07-Dec-2017,28-Dec-2017,CE,10250,68.3,110.9,65.55,104.5,105.2,104.5,9309,72172.87,609.94,282075,-37800,10166.7
NIFTY,07-Dec-2017,28-Dec-2017,CE,10300,53.4,87.25,50.55,81.15,82.5,81.15,189496,1473358.98,9502.38,4375725,-523125,10166.7
NIFTY,07-Dec-2017,28-Dec-2017,CE,10350,39.95,67.8,39,63.55,64.65,63.55,6309,49225.1,251.49,588675,-44100,10166.7
NIFTY,07-Dec-2017,28-Dec-2017,CE,10400,29.5,51.15,28.9,47.55,48.25,47.55,139951,1095723.35,4105.55,5076900,-234975,10166.7
NIFTY,07-Dec-2017,28-Dec-2017,CE,10450,23.85,38.15,22,36,36,36,3830,30102.14,84.52,301875,-34350,10166.7
NIFTY,07-Dec-2017,28-Dec-2017,CE,10500,18.25,28,16.2,26.05,26.7,26.05,105877,835478.45,1697.07,6196125,-491550,10166.7
NIFTY,07-Dec-2017,28-Dec-2017,CE,10550,13.15,19.85,11.6,18.4,16.8,18.4,2269,17980.47,27,196275,-15600,10166.7
NIFTY,07-Dec-2017,28-Dec-2017,CE,10600,11,14.65,8.75,13.55,14.15,13.55,39570,314914.81,333.31,3572250,-172875,10166.7
NIFTY,07-Dec-2017,28-Dec-2017,CE,9550,0,0,0,477.25,0,652.25,0,0,0,0,0,10166.7
NIFTY,07-Dec-2017,28-Dec-2017,CE,9600,501.2,618.6,501.2,600.5,610.2,600.5,44,335.6,18.8,83625,1125,10166.7
NIFTY,07-Dec-2017,28-Dec-2017,CE,9650,0,0,0,410.25,0,554.65,0,0,0,0,0,10166.7
NIFTY,07-Dec-2017,28-Dec-2017,CE,9700,416.3,531,412.2,517.6,522.05,517.6,488,3723.74,173.54,277575,-9225,10166.7
NIFTY,07-Dec-2017,28-Dec-2017,CE,9750,0,0,0,348.95,0,459.55,0,0,0,0,0,10166.7
NIFTY,07-Dec-2017,28-Dec-2017,CE,9800,334.6,440.95,329.95,426.3,428,426.3,1466,11196.19,421.09,333975,3150,10166.7
NIFTY,07-Dec-2017,28-Dec-2017,CE,9850,347.55,347.55,325.8,325.8,325.8,325.8,2,15.28,.51,0,0,10166.7
NIFTY,07-Dec-2017,28-Dec-2017,CE,9900,260.35,355.8,253.15,340.9,345.7,340.9,2827,21624.85,634.37,350100,-54525,10166.7
NIFTY,07-Dec-2017,28-Dec-2017,CE,9950,223.1,314.1,223.1,301.95,310.8,301.95,14,107.28,2.81,900,75,10166.7
NIFTY,07-Dec-2017,28-Dec-2017,CE,10000,189.2,276.8,186,263.9,265.05,263.9,19202,147263.38,3248.38,2429775,-96075,10166.7
NIFTY,07-Dec-2017,28-Dec-2017,CE,10050,161.15,236.8,155.85,224.4,228.05,224.4,1970,15123.54,274.66,40050,-26100,10166.7
NIFTY,07-Dec-2017,28-Dec-2017,CE,10100,125.9,202,125.85,191.05,191,191.05,91938,707448.78,11018.43,2445450,-211875,10166.7
NIFTY,08-Dec-2017,28-Dec-2017,CE,10650,11.6,28.9,10.65,15.75,14,15.75,1204,9628.82,11.87,110325,19575,10265.65
NIFTY,08-Dec-2017,28-Dec-2017,CE,10700,8.5,10.45,7.7,9.85,9.9,9.85,36264,291269.51,250.91,2486925,-290325,10265.65
NIFTY,08-Dec-2017,28-Dec-2017,CE,10750,6.5,7.8,6,7.3,7.3,7.3,757,6107.26,3.94,70275,7425,10265.65
NIFTY,08-Dec-2017,28-Dec-2017,CE,10800,4.5,5.75,4.35,5.55,5.5,5.55,17198,139371.63,67.83,2123100,121200,10265.65
NIFTY,08-Dec-2017,28-Dec-2017,CE,10850,4.5,4.5,4.45,4.45,4.45,4.45,13,105.83,.04,4875,-75,10265.65
NIFTY,08-Dec-2017,28-Dec-2017,CE,10900,3.55,4,3.2,3.85,3.85,3.85,7270,59452.21,19.96,783225,5850,10265.65
NIFTY,08-Dec-2017,28-Dec-2017,CE,10950,2.5,4.5,2.5,4.2,4,4.2,17,139.66,.04,2700,-450,10265.65
NIFTY,08-Dec-2017,28-Dec-2017,CE,11000,3,3.1,2.7,3.05,3,3.05,14829,122372.07,32.82,4276350,36525,10265.65
NIFTY,08-Dec-2017,28-Dec-2017,CE,11050,1.65,2.45,1.65,2.45,2.45,2.45,2,16.58,0,225,0,10265.65
NIFTY,08-Dec-2017,28-Dec-2017,CE,10100,208.45,249.75,195.1,244.25,241.1,244.25,26625,206181.85,4497.48,1860900,-584550,10265.65
NIFTY,08-Dec-2017,28-Dec-2017,CE,10150,179.35,208.95,166.75,202.5,204.35,202.5,3315,25709.67,474.23,133650,-41100,10265.65
NIFTY,08-Dec-2017,28-Dec-2017,CE,10200,139.15,175.5,133.05,171.15,170.15,171.15,79231,615553.36,9436.21,2959650,-520500,10265.65
NIFTY,08-Dec-2017,28-Dec-2017,CE,10250,110.1,143.55,109.45,139.95,140.3,139.95,10860,84541.64,1055.39,254850,-27225,10265.65
NIFTY,08-Dec-2017,28-Dec-2017,CE,10300,86.35,115,86,112,113.5,112,171522,1338338.96,13331.51,4313550,-62175,10265.65
NIFTY,08-Dec-2017,28-Dec-2017,CE,10350,67,90,67,87.8,88,87.8,13514,105740.37,837.94,531675,-57000,10265.65
NIFTY,08-Dec-2017,28-Dec-2017,CE,10400,48.6,69.8,48.6,66.85,68.35,66.85,157292,1234229.41,7351.81,4211175,-865725,10265.65
NIFTY,08-Dec-2017,28-Dec-2017,CE,10450,38.25,51.35,38.25,49.85,50,49.85,19817,156008.85,693.11,645825,343950,10265.65
NIFTY,08-Dec-2017,28-Dec-2017,CE,10500,29.05,38.75,27.35,36.85,37.2,36.85,136391,1077585.36,3506.24,5625675,-570450,10265.65
NIFTY,08-Dec-2017,28-Dec-2017,CE,10550,21.85,27.85,20.3,26.35,26,26.35,5263,41741.5,98.01,228000,31725,10265.65
NIFTY,08-Dec-2017,28-Dec-2017,CE,10600,16.05,20,14.7,19,19.15,19,68750,547488.11,925.61,3542325,-29925,10265.65
NIFTY,08-Dec-2017,28-Dec-2017,CE,9550,0,0,0,477.25,0,748.95,0,0,0,0,0,10265.65
NIFTY,08-Dec-2017,28-Dec-2017,CE,9600,634.15,694.5,632,689.95,692.85,689.95,72,554.69,36.29,85950,2325,10265.65
NIFTY,08-Dec-2017,28-Dec-2017,CE,9650,0,0,0,410.25,0,650.25,0,0,0,0,0,10265.65
NIFTY,08-Dec-2017,28-Dec-2017,CE,9700,545.2,600,540.45,591.7,600,591.7,461,3553.53,199.75,283950,6375,10265.65
NIFTY,08-Dec-2017,28-Dec-2017,CE,9750,0,0,0,348.95,0,552.95,0,0,0,0,0,10265.65
NIFTY,08-Dec-2017,28-Dec-2017,CE,9800,443.6,507,442.4,501.85,502,501.85,672,5181.57,242.37,337275,3300,10265.65
NIFTY,08-Dec-2017,28-Dec-2017,CE,9850,0,0,0,325.8,325.8,458.25,0,0,0,0,0,10265.65
NIFTY,08-Dec-2017,28-Dec-2017,CE,9900,358.95,419.7,356.85,412.1,415.4,412.1,1307,10094.24,389.77,354000,3900,10265.65
NIFTY,08-Dec-2017,28-Dec-2017,CE,9950,371.3,371.3,371.3,371.3,371.3,371.3,2,15.48,.56,825,-75,10265.65
NIFTY,08-Dec-2017,28-Dec-2017,CE,10000,277.4,333.3,276.05,328.5,327.5,328.5,7131,55141.47,1658.97,2346975,-82800,10265.65
NIFTY,08-Dec-2017,28-Dec-2017,CE,10050,237.35,289.25,237.35,281.9,285.5,281.9,428,3312.51,86.46,36750,-3300,10265.65
NIFTY,11-Dec-2017,28-Dec-2017,CE,9550,0,0,0,477.25,0,800.25,0,0,0,0,0,10322.25
NIFTY,11-Dec-2017,28-Dec-2017,CE,9600,722,737.1,711,737.1,737.1,737.1,13,100.65,7.05,86400,450,10322.25
NIFTY,11-Dec-2017,28-Dec-2017,CE,9650,0,0,0,410.25,0,700.85,0,0,0,0,0,10322.25
NIFTY,11-Dec-2017,28-Dec-2017,CE,9700,627.65,653.75,610,646.9,652.95,646.9,321,2487.2,151.92,282900,-1050,10322.25
NIFTY,11-Dec-2017,28-Dec-2017,CE,9750,0,0,0,348.95,0,602.05,0,0,0,0,0,10322.25
NIFTY,11-Dec-2017,28-Dec-2017,CE,9800,529.95,560.55,517.1,553,560.55,553,254,1969.01,102.11,333600,-3675,10322.25
NIFTY,11-Dec-2017,28-Dec-2017,CE,9850,0,0,0,325.8,325.8,504.65,0,0,0,0,0,10322.25
NIFTY,11-Dec-2017,28-Dec-2017,CE,9900,435.9,474.05,428.4,468,474.05,468,1556,12069.73,516.43,303825,-50175,10322.25
NIFTY,11-Dec-2017,28-Dec-2017,CE,9950,386.75,424.65,386.75,424.65,424.65,424.65,2,15.53,.61,825,0,10322.25
NIFTY,11-Dec-2017,28-Dec-2017,CE,10000,343,383.8,341,376.4,381,376.4,4795,37261.23,1298.73,2304900,-42075,10322.25
NIFTY,11-Dec-2017,28-Dec-2017,CE,10050,301,338.45,297.1,329.85,338.45,329.85,81,629.87,19.33,35925,-825,10322.25
NIFTY,11-Dec-2017,28-Dec-2017,CE,10100,259.6,296.5,255,290,296.5,290,8001,62254.21,1646.64,1750425,-110475,10322.25
NIFTY,11-Dec-2017,28-Dec-2017,CE,10150,223.05,252,213.95,248.2,252,248.2,551,4291.41,96.92,126600,-7050,10322.25
NIFTY,11-Dec-2017,28-Dec-2017,CE,10200,194.05,215,180.45,209.55,213.1,209.55,30089,234606.41,4425.56,2736975,-222675,10322.25
NIFTY,11-Dec-2017,28-Dec-2017,CE,10250,155,178,148.2,173.9,175.85,173.9,3250,25379.97,395.6,234975,-19875,10322.25
NIFTY,11-Dec-2017,28-Dec-2017,CE,10300,134.85,146.35,120.25,142.6,145.95,142.6,120163,940203.01,11943.83,3630750,-682800,10322.25
NIFTY,11-Dec-2017,28-Dec-2017,CE,10350,95.5,116.5,94.8,113.15,116,113.15,14889,116753.4,1177.53,495075,-36600,10322.25
NIFTY,11-Dec-2017,28-Dec-2017,CE,10400,79.35,90.8,73.55,88.55,90.2,88.55,144078,1132633.58,8825.18,4239375,28200,10322.25
NIFTY,11-Dec-2017,28-Dec-2017,CE,10450,56.4,69,55.4,67.4,68.75,67.4,13591,107160.88,641.42,420225,-225600,10322.25
NIFTY,11-Dec-2017,28-Dec-2017,CE,10500,43.05,51.95,40.35,50.75,51.85,50.75,134336,1062600.03,4704.03,5326425,-299250,10322.25
NIFTY,11-Dec-2017,28-Dec-2017,CE,10550,30,37.85,29.3,37.15,37.5,37.15,5944,47184.41,152.51,229500,1500,10322.25
NIFTY,11-Dec-2017,28-Dec-2017,CE,10600,20,27.65,20,27.1,27.6,27.1,70666,563107.72,1313.02,3657825,115500,10322.25
NIFTY,11-Dec-2017,28-Dec-2017,CE,10650,16,20.3,15,19.55,19.8,19.55,1824,14593.93,24.73,112800,2475,10322.25
NIFTY,11-Dec-2017,28-Dec-2017,CE,10700,11.8,14.45,10,14.2,14.25,14.2,40454,325034.12,390.77,2747700,260775,10322.25
NIFTY,11-Dec-2017,28-Dec-2017,CE,10750,7.45,10.9,7.45,10.1,10.2,10.1,942,7601.49,6.61,79275,9000,10322.25
NIFTY,11-Dec-2017,28-Dec-2017,CE,10800,5.5,7.75,5.5,7.6,7.65,7.6,22622,183354.68,116.48,2216700,93600,10322.25
NIFTY,11-Dec-2017,28-Dec-2017,CE,10850,5.85,6,4.65,5.95,5.95,5.95,30,244.25,.13,5850,975,10322.25
NIFTY,11-Dec-2017,28-Dec-2017,CE,10900,3.85,4.8,3.35,4.7,4.65,4.7,7859,64272.96,25.64,782700,-525,10322.25
NIFTY,11-Dec-2017,28-Dec-2017,CE,10950,4,4.45,3,3.55,3.6,3.55,36,295.76,.11,3075,375,10322.25
NIFTY,11-Dec-2017,28-Dec-2017,CE,11000,3.45,3.45,2.9,3.35,3.25,3.35,21762,179588.77,52.27,4252500,-23850,10322.25
NIFTY,11-Dec-2017,28-Dec-2017,CE,11050,0,0,0,2.45,2.45,0.85,0,0,0,225,0,10322.25
NIFTY,12-Dec-2017,28-Dec-2017,CE,9550,0,0,0,477.25,0,716.65,0,0,0,0,0,10240.15
NIFTY,12-Dec-2017,28-Dec-2017,CE,9600,701,702,665,665,665,665,5,38.57,2.57,86550,150,10240.15
NIFTY,12-Dec-2017,28-Dec-2017,CE,9650,0,0,0,410.25,0,617.6,0,0,0,0,0,10240.15
NIFTY,12-Dec-2017,28-Dec-2017,CE,9700,615,618.1,571.15,576.2,579.75,576.2,162,1250.51,71.96,277275,-5625,10240.15
NIFTY,12-Dec-2017,28-Dec-2017,CE,9750,0,0,0,348.95,0,519.65,0,0,0,0,0,10240.15
NIFTY,12-Dec-2017,28-Dec-2017,CE,9800,529.15,529.15,479.7,484,485.4,484,503,3889.77,192.72,312000,-21600,10240.15
NIFTY,12-Dec-2017,28-Dec-2017,CE,9850,0,0,0,325.8,325.8,424.2,0,0,0,0,0,10240.15
NIFTY,12-Dec-2017,28-Dec-2017,CE,9900,448.65,448.65,392,398.15,397.55,398.15,888,6869.93,276.53,300450,-3375,10240.15
NIFTY,12-Dec-2017,28-Dec-2017,CE,9950,393.65,393.65,346.65,346.75,346.8,346.75,9,69.64,2.48,825,0,10240.15
NIFTY,12-Dec-2017,28-Dec-2017,CE,10000,362.05,362.05,308.4,313.5,312.85,313.5,4058,31435.2,1000.2,2251800,-53100,10240.15
NIFTY,12-Dec-2017,28-Dec-2017,CE,10050,302.65,305,266.25,269.95,269,269.95,69,534.46,14.37,35550,-375,10240.15
NIFTY,12-Dec-2017,28-Dec-2017,CE,10100,272.15,274.95,228.75,234,234.7,234,5496,42654.96,1022.76,1720650,-29775,10240.15
NIFTY,12-Dec-2017,28-Dec-2017,CE,10150,225.1,225.45,191,195.5,194,195.5,613,4759.88,93.42,121275,-5325,10240.15
NIFTY,12-Dec-2017,28-Dec-2017,CE,10200,190,200.95,159,163.8,164.95,163.8,27470,213746.4,3600.9,2703750,-33225,10240.15
NIFTY,12-Dec-2017,28-Dec-2017,CE,10250,153.05,161.5,129.55,134,134.75,134,4932,38441.67,526.92,262350,27375,10240.15
NIFTY,12-Dec-2017,28-Dec-2017,CE,10300,135,136,104.15,108.3,108,108.3,122434,956513.02,10710.37,4032975,402225,10240.15
NIFTY,12-Dec-2017,28-Dec-2017,CE,10350,82.55,112.25,81.4,85.25,86.3,85.25,12143,95107.53,847.49,514800,19725,10240.15
NIFTY,12-Dec-2017,28-Dec-2017,CE,10400,85.2,85.2,62,66.4,66.25,66.4,122747,963987.63,6561.03,4557825,318450,10240.15
NIFTY,12-Dec-2017,28-Dec-2017,CE,10450,67.4,68.65,44.1,50.65,51,50.65,13852,109125.05,560,509100,88875,10240.15
NIFTY,12-Dec-2017,28-Dec-2017,CE,10500,49.4,52.85,35.1,37.7,37.3,37.7,109826,868185.91,3306.16,5821725,495300,10240.15
NIFTY,12-Dec-2017,28-Dec-2017,CE,10550,30.8,43.9,25.3,27.55,27.9,27.55,6074,48194.11,133.58,287400,57900,10240.15
NIFTY,12-Dec-2017,28-Dec-2017,CE,10600,22.45,25.9,18.6,20.35,20.85,20.35,75931,604859.69,1208.24,3837600,179775,10240.15
NIFTY,12-Dec-2017,28-Dec-2017,CE,10650,16.25,24.75,5.55,14.85,15.5,14.85,2109,16869.48,23.84,124275,11475,10240.15
NIFTY,12-Dec-2017,28-Dec-2017,CE,10700,13.5,13.95,9.8,10.8,11.2,10.8,34104,273971.43,286.83,2878875,131175,10240.15
NIFTY,12-Dec-2017,28-Dec-2017,CE,10750,10.05,11.7,7.35,8.05,7.95,8.05,1046,8439.85,6.48,100200,20925,10240.15
NIFTY,12-Dec-2017,28-Dec-2017,CE,10800,7,7.6,5.55,5.95,6.15,5.95,19443,157577.64,89.34,2281050,64350,10240.15
NIFTY,12-Dec-2017,28-Dec-2017,CE,10850,4.25,5.3,4.25,5.05,5.25,5.05,299,2434.27,1.16,22050,16200,10240.15
NIFTY,12-Dec-2017,28-Dec-2017,CE,10900,4.5,4.5,3.6,4,4.15,4,6071,49648.35,17.93,779700,-3000,10240.15
NIFTY,12-Dec-2017,28-Dec-2017,CE,10950,3.6,4.45,2.95,2.95,2.95,2.95,22,180.73,.06,4125,1050,10240.15
NIFTY,12-Dec-2017,28-Dec-2017,CE,11000,3.2,3.2,2.65,2.95,2.95,2.95,15165,125143.73,32.48,4026825,-225675,10240.15
NIFTY,12-Dec-2017,28-Dec-2017,CE,11050,1.2,3.3,1.2,3.25,3.3,3.25,11,91.19,.03,900,675,10240.15
NIFTY,13-Dec-2017,28-Dec-2017,CE,9550,0,0,0,477.25,0,667.85,0,0,0,0,0,10192.95
NIFTY,13-Dec-2017,28-Dec-2017,CE,9600,652.1,728.25,608.45,628.2,635.45,628.2,32,246.57,16.17,86325,-225,10192.95
NIFTY,13-Dec-2017,28-Dec-2017,CE,9650,0,0,0,410.25,0,568.9,0,0,0,0,0,10192.95
NIFTY,13-Dec-2017,28-Dec-2017,CE,9700,556.75,632.85,516.3,536.7,545,536.7,221,1702.94,95.17,278850,1575,10192.95
NIFTY,13-Dec-2017,28-Dec-2017,CE,9750,0,0,0,348.95,0,471.35,0,0,0,0,0,10192.95
NIFTY,13-Dec-2017,28-Dec-2017,CE,9800,451.4,540.65,423.05,446.85,456.6,446.85,470,3624.25,169.75,313275,1275,10192.95
NIFTY,13-Dec-2017,28-Dec-2017,CE,9850,0,0,0,325.8,325.8,376.9,0,0,0,0,0,10192.95
NIFTY,13-Dec-2017,28-Dec-2017,CE,9900,370.55,452.8,342.25,355.5,372,355.5,1367,10545.67,395.69,297675,-2775,10192.95
NIFTY,13-Dec-2017,28-Dec-2017,CE,9950,345.85,397.4,345.85,394.4,394.4,394.4,5,38.76,1.45,975,150,10192.95
NIFTY,13-Dec-2017,28-Dec-2017,CE,10000,301.75,365.95,265,279.25,290.7,279.25,5741,44413.23,1355.73,2262825,11025,10192.95
NIFTY,13-Dec-2017,28-Dec-2017,CE,10050,259.15,318.1,227.9,240.55,251.95,240.55,520,4030.76,111.26,35025,-525,10192.95
NIFTY,13-Dec-2017,28-Dec-2017,CE,10100,217.9,280.7,193.15,205.7,212.2,205.7,16320,126526.24,2902.24,1677300,-43350,10192.95
NIFTY,13-Dec-2017,28-Dec-2017,CE,10150,185.2,237,160.05,171.45,178,171.45,1995,15465.13,278.2,106650,-14625,10192.95
NIFTY,13-Dec-2017,28-Dec-2017,CE,10200,141,202.9,131.55,142.25,148.05,142.25,73130,568258.55,8814.05,2734125,30375,10192.95
NIFTY,13-Dec-2017,28-Dec-2017,CE,10250,109.35,167.1,107,116,122,116,12471,97093.25,1222.44,312000,49650,10192.95
NIFTY,13-Dec-2017,28-Dec-2017,CE,10300,111.9,137,85,92.65,97.75,92.65,217741,1699697.1,17647.87,3838500,-194475,10192.95
NIFTY,13-Dec-2017,28-Dec-2017,CE,10350,80.2,109.35,66,72.75,77.85,72.75,22645,177237.11,1455.3,581475,66675,10192.95
NIFTY,13-Dec-2017,28-Dec-2017,CE,10400,64.7,85,50.15,55.8,59,55.8,216321,1698128.8,10825,4635825,78000,10192.95
NIFTY,13-Dec-2017,28-Dec-2017,CE,10450,44.5,65.25,37.7,42.75,49.05,42.75,19183,151092.63,745.86,470400,-38700,10192.95
NIFTY,13-Dec-2017,28-Dec-2017,CE,10500,34.5,49,28.2,31.8,34.45,31.8,194443,1536665.54,5426.92,6344175,522450,10192.95
NIFTY,13-Dec-2017,28-Dec-2017,CE,10550,23.7,35.9,19.65,23.15,25.5,23.15,8778,69632.29,176.37,303300,15900,10192.95
NIFTY,13-Dec-2017,28-Dec-2017,CE,10600,17.6,26.3,14.2,17.15,18.5,17.15,130388,1038513.77,1929.17,3813750,-23850,10192.95
NIFTY,13-Dec-2017,28-Dec-2017,CE,10650,13,18.95,11.05,12.65,13.25,12.65,3076,24603.31,33.76,152925,28650,10192.95
NIFTY,13-Dec-2017,28-Dec-2017,CE,10700,10,13.55,7.8,9.1,9.9,9.1,56039,450142.37,429.39,2821500,-57375,10192.95
NIFTY,13-Dec-2017,28-Dec-2017,CE,10750,6.45,9.75,5.8,6.95,7.4,6.95,1192,9617.23,6.73,107025,6825,10192.95
NIFTY,13-Dec-2017,28-Dec-2017,CE,10800,6.1,7.2,4.5,5.2,6,5.2,28383,230023.99,121.69,2381925,100875,10192.95
NIFTY,13-Dec-2017,28-Dec-2017,CE,10850,4.85,5.5,2.95,4.35,4.5,4.35,249,2027.09,.85,22650,600,10192.95
NIFTY,13-Dec-2017,28-Dec-2017,CE,10900,3.4,4.4,2.85,3.45,3.65,3.45,10359,84713.28,28.45,784575,4875,10192.95
NIFTY,13-Dec-2017,28-Dec-2017,CE,10950,1.05,4.6,1.05,4.05,4.3,4.05,45,369.68,.11,3900,-225,10192.95
NIFTY,13-Dec-2017,28-Dec-2017,CE,11000,2.9,3.2,2.5,2.8,3,2.8,23387,192991.8,49.05,4129050,102225,10192.95
NIFTY,13-Dec-2017,28-Dec-2017,CE,11050,3.35,3.35,3.35,3.35,3.35,3.35,7,58.03,.02,1425,525,10192.95
NIFTY,14-Dec-2017,28-Dec-2017,CE,9550,0,0,0,477.25,0,725.1,0,0,0,0,0,10252.1
NIFTY,14-Dec-2017,28-Dec-2017,CE,9600,634.3,704.75,587.35,690.9,704.75,690.9,63,482.81,29.21,83325,-3000,10252.1
NIFTY,14-Dec-2017,28-Dec-2017,CE,9650,0,0,0,410.25,0,625.65,0,0,0,0,0,10252.1
NIFTY,14-Dec-2017,28-Dec-2017,CE,9700,541.2,610,501.05,605.1,608.65,605.1,417,3201.94,168.26,264825,-14025,10252.1
NIFTY,14-Dec-2017,28-Dec-2017,CE,9750,0,0,0,348.95,0,526.9,0,0,0,0,0,10252.1
NIFTY,14-Dec-2017,28-Dec-2017,CE,9800,462,520.55,413,504,511,504,1124,8639.65,378.25,337950,24675,10252.1
NIFTY,14-Dec-2017,28-Dec-2017,CE,9850,0,0,0,325.8,325.8,429.9,0,0,0,0,0,10252.1
NIFTY,14-Dec-2017,28-Dec-2017,CE,9900,377.85,433.9,333.95,408.1,426.25,408.1,1502,11576.93,424.58,288750,-8925,10252.1
NIFTY,14-Dec-2017,28-Dec-2017,CE,9950,313.05,313.05,313.05,313.05,313.05,313.05,1,7.7,.23,900,-75,10252.1
NIFTY,14-Dec-2017,28-Dec-2017,CE,10000,303.85,351,260.35,330.95,341.2,330.95,6755,52165.37,1502.87,2228100,-34725,10252.1
NIFTY,14-Dec-2017,28-Dec-2017,CE,10050,254.8,307.35,225.8,293.05,294.3,293.05,299,2314.7,60.99,35100,75,10252.1
NIFTY,14-Dec-2017,28-Dec-2017,CE,10100,224.5,270.95,192.5,258.3,262.15,258.3,19776,153051.22,3248.02,1602225,-75075,10252.1
NIFTY,14-Dec-2017,28-Dec-2017,CE,10150,185.1,232,162.05,219.75,225,219.75,2930,22703.69,399.07,93975,-12675,10252.1
NIFTY,14-Dec-2017,28-Dec-2017,CE,10200,153.2,197.5,135,185.2,192.5,185.2,100425,779997.8,11746.55,2783550,49425,10252.1
NIFTY,14-Dec-2017,28-Dec-2017,CE,10250,151.15,164,110.85,154.15,161,154.15,13512,105189.06,1315.56,299700,-12300,10252.1
NIFTY,14-Dec-2017,28-Dec-2017,CE,10300,103.8,135,88.55,126.95,132.75,126.95,201125,1569617.76,15927.13,3882975,44475,10252.1
NIFTY,14-Dec-2017,28-Dec-2017,CE,10350,83.4,107.35,70,102.1,105.15,102.1,20814,162931.77,1363.09,534600,-46875,10252.1
NIFTY,14-Dec-2017,28-Dec-2017,CE,10400,62.4,84,54,79.35,82.2,79.35,201544,1582090.27,10047.07,5103375,467550,10252.1
NIFTY,14-Dec-2017,28-Dec-2017,CE,10450,49.1,64.65,41.4,60.2,63,60.2,13199,103952.7,505.54,423900,-46500,10252.1
NIFTY,14-Dec-2017,28-Dec-2017,CE,10500,39.5,48.3,30.7,45.65,47.25,45.65,186127,1471058.81,5308.69,6958575,614400,10252.1
NIFTY,14-Dec-2017,28-Dec-2017,CE,10550,27.35,36.2,22.75,34,35.85,34,7317,58052.02,156.25,346500,43200,10252.1
NIFTY,14-Dec-2017,28-Dec-2017,CE,10600,21.1,26.35,16.5,24.9,25.75,24.9,114202,909667.54,1761.64,4276275,462525,10252.1
NIFTY,14-Dec-2017,28-Dec-2017,CE,10650,14.6,18.9,12,17.7,18,17.7,3239,25907.87,36.36,178125,25200,10252.1
NIFTY,14-Dec-2017,28-Dec-2017,CE,10700,16.95,17.9,8.65,13,13.5,13,48905,392862.13,399.51,3105750,284250,10252.1
NIFTY,14-Dec-2017,28-Dec-2017,CE,10750,9.15,9.5,6.6,9.15,9.4,9.15,1156,9327.19,6.94,115350,8325,10252.1
NIFTY,14-Dec-2017,28-Dec-2017,CE,10800,5.9,7.15,5,6.85,6.9,6.85,30458,246848.6,138.8,2534475,152550,10252.1
NIFTY,14-Dec-2017,28-Dec-2017,CE,10850,6,6,4,5.4,4.55,5.4,110,895.52,.4,24525,1875,10252.1
NIFTY,14-Dec-2017,28-Dec-2017,CE,10900,3.6,4.4,3.2,4.15,4.15,4.15,15831,129463.85,45.42,999225,214650,10252.1
NIFTY,14-Dec-2017,28-Dec-2017,CE,10950,4,4.4,3.5,3.85,3.5,3.85,19,156.09,.06,4650,750,10252.1
NIFTY,14-Dec-2017,28-Dec-2017,CE,11000,2.85,3.3,2.6,3.05,3.1,3.05,35530,293200.65,78.15,4301175,172125,10252.1
NIFTY,14-Dec-2017,28-Dec-2017,CE,11050,0,0,0,3.35,3.35,0.15,0,0,0,1425,0,10252.1
NIFTY,15-Dec-2017,28-Dec-2017,CE,9550,0,0,0,477.25,0,804.65,0,0,0,0,0,10333.25
NIFTY,15-Dec-2017,28-Dec-2017,CE,9600,776.3,795.05,756.05,763.05,761.3,763.05,57,443.59,33.19,84375,1050,10333.25
NIFTY,15-Dec-2017,28-Dec-2017,CE,9650,0,0,0,410.25,0,704.95,0,0,0,0,0,10333.25
NIFTY,15-Dec-2017,28-Dec-2017,CE,9700,674,700,659.05,664.2,666.65,664.2,357,2778.07,180.89,270075,5250,10333.25
NIFTY,15-Dec-2017,28-Dec-2017,CE,9750,0,0,0,348.95,0,605.5,0,0,0,0,0,10333.25
NIFTY,15-Dec-2017,28-Dec-2017,CE,9800,594.75,602.3,560,570.65,567.65,570.65,1353,10534.54,589.99,265725,-72225,10333.25
NIFTY,15-Dec-2017,28-Dec-2017,CE,9850,0,0,0,325.8,325.8,506.85,0,0,0,0,0,10333.25
NIFTY,15-Dec-2017,28-Dec-2017,CE,9900,508.35,508.4,468.6,475.7,475.4,475.7,668,5202.15,242.25,278250,-10500,10333.25
NIFTY,15-Dec-2017,28-Dec-2017,CE,9950,449.65,449.65,418.5,418.5,418.5,418.5,4,31.15,1.3,975,75,10333.25
NIFTY,15-Dec-2017,28-Dec-2017,CE,10000,410.4,424.45,375,390.4,389,390.4,4768,37180.86,1420.86,2243100,15000,10333.25
NIFTY,15-Dec-2017,28-Dec-2017,CE,10050,345.85,364.05,332.05,340.7,336.55,340.7,103,803.07,26.71,34200,-900,10333.25
NIFTY,15-Dec-2017,28-Dec-2017,CE,10100,317.65,331.8,285.55,301.75,301.2,301.75,9134,71312.2,2122.15,1442550,-159675,10333.25
NIFTY,15-Dec-2017,28-Dec-2017,CE,10150,290,290,247.8,257.1,254.35,257.1,429,3351.22,85.46,88875,-5100,10333.25
NIFTY,15-Dec-2017,28-Dec-2017,CE,10200,240.85,247.15,205.3,221.25,220.25,221.25,32657,255371.79,5545.74,2403150,-380400,10333.25
NIFTY,15-Dec-2017,28-Dec-2017,CE,10250,221.8,221.8,169.15,182.7,183.7,182.7,3836,30029.37,540.12,196725,-102975,10333.25
NIFTY,15-Dec-2017,28-Dec-2017,CE,10300,165.35,173.15,136.85,151.05,150,151.05,114298,896193.16,13241.11,3141975,-741000,10333.25
NIFTY,15-Dec-2017,28-Dec-2017,CE,10350,145,145,107.15,120.1,120.5,120.1,22481,176580.18,2071.42,528000,-6600,10333.25
NIFTY,15-Dec-2017,28-Dec-2017,CE,10400,98.9,113.8,82.5,94.25,94,94.25,238727,1879226.64,17156.04,4841925,-261450,10333.25
NIFTY,15-Dec-2017,28-Dec-2017,CE,10450,89.7,92,61.55,70.8,71.4,70.8,31379,247622.82,1689.9,757275,333375,10333.25
NIFTY,15-Dec-2017,28-Dec-2017,CE,10500,70.9,70.9,45.1,53.05,53.5,53.05,244687,1936806.12,9896,7358925,400350,10333.25
NIFTY,15-Dec-2017,28-Dec-2017,CE,10550,41.25,52,32.3,38.6,39.15,38.6,12174,96688.32,361.54,356100,9600,10333.25
NIFTY,15-Dec-2017,28-Dec-2017,CE,10600,31.6,36.4,22.6,27.3,27.4,27.3,168476,1342911.5,3527.3,4466475,190200,10333.25
NIFTY,15-Dec-2017,28-Dec-2017,CE,10650,41.9,41.9,15.85,19.35,19.85,19.35,5096,40780.5,76.2,224325,46200,10333.25
NIFTY,15-Dec-2017,28-Dec-2017,CE,10700,17,21.5,11,13.6,14.3,13.6,106339,854474.7,1104.22,3600225,494475,10333.25
NIFTY,15-Dec-2017,28-Dec-2017,CE,10750,15,16.35,7.6,9.55,10.2,9.55,5418,43720.98,38.36,204675,89325,10333.25
NIFTY,15-Dec-2017,28-Dec-2017,CE,10800,8.85,9.5,5.45,6.75,7,6.75,55777,452082.29,288.59,2886600,352125,10333.25
NIFTY,15-Dec-2017,28-Dec-2017,CE,10850,9.95,9.95,4.05,5,5.3,5,277,2255.22,1.14,34500,9975,10333.25
NIFTY,15-Dec-2017,28-Dec-2017,CE,10900,6,6,3.15,3.85,4,3.85,34392,281254.46,99.86,1263000,263775,10333.25
NIFTY,15-Dec-2017,28-Dec-2017,CE,10950,3.55,3.55,3.25,3.3,3.3,3.3,47,386.11,.12,6525,1875,10333.25
NIFTY,15-Dec-2017,28-Dec-2017,CE,11000,4.15,4.5,2.5,3.05,3.15,3.05,52367,432143.13,115.38,4373625,72450,10333.25
NIFTY,15-Dec-2017,28-Dec-2017,CE,11050,0,0,0,3.35,3.35,0.3,0,0,0,1425,0,10333.25
NIFTY,18-Dec-2017,28-Dec-2017,CE,9550,869.9,869.9,869.9,869.9,869.9,869.9,3,23.44,1.96,225,225,10388.75
NIFTY,18-Dec-2017,28-Dec-2017,CE,9600,549.1,844,549.1,808.85,808.85,808.85,132,1017.1,66.7,79050,-5325,10388.75
NIFTY,18-Dec-2017,28-Dec-2017,CE,9650,0,0,0,410.25,0,755.5,0,0,0,0,0,10388.75
NIFTY,18-Dec-2017,28-Dec-2017,CE,9700,460,752.35,447.25,699.5,697,699.5,450,3507.74,233.99,260250,-9825,10388.75
NIFTY,18-Dec-2017,28-Dec-2017,CE,9750,0,0,0,348.95,0,655.7,0,0,0,0,0,10388.75
NIFTY,18-Dec-2017,28-Dec-2017,CE,9800,452,650,359.95,608.55,610.1,608.55,1029,7993.71,430.56,235950,-29775,10388.75
NIFTY,18-Dec-2017,28-Dec-2017,CE,9850,0,0,0,325.8,325.8,556.1,0,0,0,0,0,10388.75
NIFTY,18-Dec-2017,28-Dec-2017,CE,9900,474.85,558.4,274,508.75,512.65,508.75,901,6958.49,268.56,271425,-6825,10388.75
NIFTY,18-Dec-2017,28-Dec-2017,CE,9950,297.35,297.35,297.35,297.35,297.35,297.35,1,7.69,.22,975,0,10388.75
NIFTY,18-Dec-2017,28-Dec-2017,CE,10000,310.05,464.45,200,416.95,422.45,416.95,13274,102990.83,3435.83,2215650,-27450,10388.75
NIFTY,18-Dec-2017,28-Dec-2017,CE,10050,194,410.2,163.7,363.2,368.85,363.2,334,2589.87,72.34,32850,-1350,10388.75
NIFTY,18-Dec-2017,28-Dec-2017,CE,10100,206.9,368.1,132.75,322.45,330,322.45,29621,229971.56,5592.49,1344825,-97725,10388.75
NIFTY,18-Dec-2017,28-Dec-2017,CE,10150,150,315.6,104,270.9,279,270.9,3077,23833.62,409.96,82275,-6600,10388.75
NIFTY,18-Dec-2017,28-Dec-2017,CE,10200,156,272,77.15,230.4,234.6,230.4,132648,1031542.51,16785.31,2184825,-218325,10388.75
NIFTY,18-Dec-2017,28-Dec-2017,CE,10250,100.05,224.95,61.05,186,190.35,186,10833,84428.33,1149.64,195750,-975,10388.75
NIFTY,18-Dec-2017,28-Dec-2017,CE,10300,89.95,184.3,45,149.15,152.5,149.15,313617,2451490,28798.67,2769675,-372300,10388.75
NIFTY,18-Dec-2017,28-Dec-2017,CE,10350,79.9,144.35,32.45,112.3,115.1,112.3,32355,253623.33,2467.64,357150,-170850,10388.75
NIFTY,18-Dec-2017,28-Dec-2017,CE,10400,74.95,110,23.65,83.15,85.75,83.15,589649,4635219.34,35957.14,4130175,-711750,10388.75
NIFTY,18-Dec-2017,28-Dec-2017,CE,10450,58.75,80.55,17.5,57.9,61.1,57.9,66554,524751.34,3134.36,891075,133800,10388.75
NIFTY,18-Dec-2017,28-Dec-2017,CE,10500,39,56.6,12.85,39.45,40.15,39.45,660080,5218995.15,20865.15,7242600,-116325,10388.75
NIFTY,18-Dec-2017,28-Dec-2017,CE,10550,38.6,39,6.65,25.35,26.15,25.35,30639,243087.3,656.21,521250,165150,10388.75
NIFTY,18-Dec-2017,28-Dec-2017,CE,10600,17,26.75,4,16.2,16.05,16.2,382024,3042569.99,5479.19,4714200,247725,10388.75
NIFTY,18-Dec-2017,28-Dec-2017,CE,10650,14.8,18.4,3.3,9.6,10,9.6,19090,152659.48,178.1,476475,252150,10388.75
NIFTY,18-Dec-2017,28-Dec-2017,CE,10700,5,12.7,3.45,6.6,6.2,6.6,219883,1765956.45,1395.37,3688800,88575,10388.75
NIFTY,18-Dec-2017,28-Dec-2017,CE,10750,9.4,9.4,2.55,4.4,4.2,4.4,7441,60025.1,32.04,241350,36675,10388.75
NIFTY,18-Dec-2017,28-Dec-2017,CE,10800,5,6.3,2.15,3.3,3.1,3.3,108483,879052.26,339.96,3025500,138900,10388.75
NIFTY,18-Dec-2017,28-Dec-2017,CE,10850,1.7,5,1.5,2.55,2.6,2.55,1753,14268.82,3.78,40050,5550,10388.75
NIFTY,18-Dec-2017,28-Dec-2017,CE,10900,2.8,3.4,1.6,2.1,1.95,2.1,46709,381933.06,86.99,1330650,67650,10388.75
NIFTY,18-Dec-2017,28-Dec-2017,CE,10950,3,3,1.6,1.8,1.7,1.8,192,1577.09,.29,8400,1875,10388.75
NIFTY,18-Dec-2017,28-Dec-2017,CE,11000,2.6,2.9,1.2,1.65,1.5,1.65,60860,502181.3,86.3,4183050,-190575,10388.75
NIFTY,18-Dec-2017,28-Dec-2017,CE,11050,3,3,1,1.45,1.45,1.45,100,828.85,.1,6900,5475,10388.75
NIFTY,19-Dec-2017,28-Dec-2017,CE,9550,0,0,0,869.9,869.9,928.05,0,0,0,225,0,10463.2
NIFTY,19-Dec-2017,28-Dec-2017,CE,9600,829.85,868.5,816,867.2,867,867.2,27,211.49,17.09,77625,-1425,10463.2
NIFTY,19-Dec-2017,28-Dec-2017,CE,9650,0,0,0,410.25,0,828.2,0,0,0,0,0,10463.2
NIFTY,19-Dec-2017,28-Dec-2017,CE,9700,730,772.9,715,771.3,772.25,771.3,345,2702.84,192.97,245700,-14550,10463.2
NIFTY,19-Dec-2017,28-Dec-2017,CE,9750,0,0,0,348.95,0,728.4,0,0,0,0,0,10463.2
NIFTY,19-Dec-2017,28-Dec-2017,CE,9800,621.5,670,620,662.25,670,662.25,220,1724.9,107.9,229200,-6750,10463.2
NIFTY,19-Dec-2017,28-Dec-2017,CE,9850,0,0,0,325.8,325.8,628.6,0,0,0,0,0,10463.2
NIFTY,19-Dec-2017,28-Dec-2017,CE,9900,531.85,571,520.75,570.2,570.9,570.2,211,1652.11,85.43,265125,-6300,10463.2
NIFTY,19-Dec-2017,28-Dec-2017,CE,9950,0,0,0,297.35,297.35,528.95,0,0,0,975,0,10463.2
NIFTY,19-Dec-2017,28-Dec-2017,CE,10000,435.1,477.6,420.5,475.1,475,475.1,3922,30743.33,1328.33,2200725,-14925,10463.2
NIFTY,19-Dec-2017,28-Dec-2017,CE,10050,390.95,421,370.7,420.05,420.15,420.05,34,266.27,10,31725,-1125,10463.2
NIFTY,19-Dec-2017,28-Dec-2017,CE,10100,339,382.15,325,374.7,379.7,374.7,3985,31239.15,1052.77,1290675,-54150,10463.2
NIFTY,19-Dec-2017,28-Dec-2017,CE,10150,283.35,326.75,276,322.65,322.65,322.65,259,2029.01,57.37,74025,-8250,10463.2
NIFTY,19-Dec-2017,28-Dec-2017,CE,10200,245.6,284.8,232,282.2,283.75,282.2,15241,119561.58,2967.93,1917450,-267375,10463.2
NIFTY,19-Dec-2017,28-Dec-2017,CE,10250,190,233.85,188.95,230.75,231,230.75,1598,12539.31,254.68,196425,675,10463.2
NIFTY,19-Dec-2017,28-Dec-2017,CE,10300,159,193.55,150.5,190.1,193.3,190.1,43354,340380.37,5470.72,2573700,-195975,10463.2
NIFTY,19-Dec-2017,28-Dec-2017,CE,10350,127.95,147.35,112.5,144.45,145.7,144.45,7043,55349.5,678.22,356025,-1125,10463.2
NIFTY,19-Dec-2017,28-Dec-2017,CE,10400,89.85,110,82.1,107.8,109.1,107.8,190971,1503096.66,13522.86,3700650,-429525,10463.2
NIFTY,19-Dec-2017,28-Dec-2017,CE,10450,65.2,77,56.1,75.1,76.75,75.1,38558,304090.57,1892.24,846450,-44625,10463.2
NIFTY,19-Dec-2017,28-Dec-2017,CE,10500,44.55,51,36.15,49.45,50.85,49.45,256003,2024295,8271.37,6250875,-991725,10463.2
NIFTY,19-Dec-2017,28-Dec-2017,CE,10550,29.4,31.5,21.7,30.45,31.25,30.45,19801,157076.79,401.38,648375,127125,10463.2
NIFTY,19-Dec-2017,28-Dec-2017,CE,10600,18.75,18.95,12.3,17.4,17.7,17.4,154120,1227013.65,1759.65,4370925,-343275,10463.2
NIFTY,19-Dec-2017,28-Dec-2017,CE,10650,11.6,11.9,6.8,9.15,9.3,9.15,11265,90050.66,71.48,477675,1200,10463.2
NIFTY,19-Dec-2017,28-Dec-2017,CE,10700,7.85,7.85,3.95,5.3,5.35,5.3,76142,611328.27,288.72,3364200,-324600,10463.2
NIFTY,19-Dec-2017,28-Dec-2017,CE,10750,4.05,4.4,2.5,2.85,2.7,2.85,4132,33323.76,9.51,259200,17850,10463.2
NIFTY,19-Dec-2017,28-Dec-2017,CE,10800,3.2,3.5,2,2.35,2.05,2.35,49502,401059.26,93.06,2509500,-516000,10463.2
NIFTY,19-Dec-2017,28-Dec-2017,CE,10850,2.45,2.45,1.45,1.7,1.6,1.7,843,6861.04,1.12,55350,15300,10463.2
NIFTY,19-Dec-2017,28-Dec-2017,CE,10900,2.1,2.1,1.3,1.5,1.3,1.5,19168,156721.58,23.18,1128600,-202050,10463.2
NIFTY,19-Dec-2017,28-Dec-2017,CE,10950,1.45,1.7,1.1,1.25,1.25,1.25,86,706.36,.08,12300,3900,10463.2
NIFTY,19-Dec-2017,28-Dec-2017,CE,11000,1.55,1.6,0.9,1.15,1,1.15,21624,178418.66,20.66,3597075,-585975,10463.2
NIFTY,19-Dec-2017,28-Dec-2017,CE,11050,0.9,1,0.85,0.9,0.85,0.9,89,737.65,.06,9375,2475,10463.2
NIFTY,20-Dec-2017,28-Dec-2017,CE,9550,0,0,0,869.9,869.9,907.45,0,0,0,225,0,10444.2
NIFTY,20-Dec-2017,28-Dec-2017,CE,9600,858.65,881.05,854.15,881.05,881.05,881.05,3,23.55,1.95,77475,-150,10444.2
NIFTY,20-Dec-2017,28-Dec-2017,CE,9650,0,0,0,410.25,0,807.6,0,0,0,0,0,10444.2
NIFTY,20-Dec-2017,28-Dec-2017,CE,9700,756.85,802,749,765.4,766.85,765.4,308,2420.79,180.09,224700,-21000,10444.2
NIFTY,20-Dec-2017,28-Dec-2017,CE,9750,0,0,0,348.95,0,707.7,0,0,0,0,0,10444.2
NIFTY,20-Dec-2017,28-Dec-2017,CE,9800,655,701.5,650,683.45,661.65,683.45,219,1722.18,112.53,214875,-14325,10444.2
NIFTY,20-Dec-2017,28-Dec-2017,CE,9850,0,0,0,325.8,325.8,607.9,0,0,0,0,0,10444.2
NIFTY,20-Dec-2017,28-Dec-2017,CE,9900,562,599.65,552.5,569.85,571,569.85,206,1618.56,89.01,260250,-4875,10444.2
NIFTY,20-Dec-2017,28-Dec-2017,CE,9950,524.8,524.8,524.8,524.8,524.8,524.8,1,7.86,.39,900,-75,10444.2
NIFTY,20-Dec-2017,28-Dec-2017,CE,10000,470,507,451.4,476.2,475.2,476.2,1793,14094.91,647.41,2197125,-3600,10444.2
NIFTY,20-Dec-2017,28-Dec-2017,CE,10050,413.85,444.8,404,414.8,417.05,414.8,32,251.33,10.13,31875,150,10444.2
NIFTY,20-Dec-2017,28-Dec-2017,CE,10100,368,411,355.85,376.1,376.1,376.1,3628,28532.41,1050.31,1216425,-74250,10444.2
NIFTY,20-Dec-2017,28-Dec-2017,CE,10150,310.95,355.85,301.4,324.4,327.85,324.4,568,4465.08,141.18,73950,-75,10444.2
NIFTY,20-Dec-2017,28-Dec-2017,CE,10200,275.95,313.9,261.15,282.2,283.3,282.2,13377,105228.4,2894.35,1538025,-379425,10444.2
NIFTY,20-Dec-2017,28-Dec-2017,CE,10250,225.45,262.25,210.35,230.45,229.45,230.45,1347,10589.79,234.73,197475,1050,10444.2
NIFTY,20-Dec-2017,28-Dec-2017,CE,10300,194,218,171,188.1,188.25,188.1,32403,255039.57,4726.39,2006775,-566925,10444.2
NIFTY,20-Dec-2017,28-Dec-2017,CE,10350,152.8,172.25,128,142.35,143.45,142.35,5303,41761.63,597.1,268350,-87675,10444.2
NIFTY,20-Dec-2017,28-Dec-2017,CE,10400,110,129.75,93.05,106.7,107,106.7,148241,1168601.41,12321.61,3048225,-652425,10444.2
NIFTY,20-Dec-2017,28-Dec-2017,CE,10450,76.95,91.2,63,71.35,70.7,71.35,33367,263423,1909.13,800400,-46050,10444.2
NIFTY,20-Dec-2017,28-Dec-2017,CE,10500,58.4,60,38.1,43.45,43.4,43.45,377009,2982933.53,13987.66,6524625,273750,10444.2
NIFTY,20-Dec-2017,28-Dec-2017,CE,10550,30.1,36,20,23.4,23.95,23.4,47043,373226.33,998.59,1115475,467100,10444.2
NIFTY,20-Dec-2017,28-Dec-2017,CE,10600,18.5,20.45,11,13.15,13.3,13.15,205095,1633003.55,2498.3,4457550,86625,10444.2
NIFTY,20-Dec-2017,28-Dec-2017,CE,10650,9.15,10.8,5.75,6.8,7.2,6.8,22643,181002.45,141.49,468525,-9150,10444.2
NIFTY,20-Dec-2017,28-Dec-2017,CE,10700,5,6.05,3.2,3.9,4.15,3.9,86073,691035.28,299.46,3460425,96225,10444.2
NIFTY,20-Dec-2017,28-Dec-2017,CE,10750,2.1,3.05,2.05,2.3,2.35,2.3,5622,45337.94,10.57,285600,26400,10444.2
NIFTY,20-Dec-2017,28-Dec-2017,CE,10800,1.5,3.45,1.45,1.85,1.95,1.85,36871,298706.36,51.26,2414025,-95475,10444.2
NIFTY,20-Dec-2017,28-Dec-2017,CE,10850,2.1,2.15,1.1,1.45,1.45,1.45,599,4874.99,.63,60600,5250,10444.2
NIFTY,20-Dec-2017,28-Dec-2017,CE,10900,1.9,1.9,1.05,1.45,1.65,1.45,11124,90949.76,11.06,1007775,-120825,10444.2
NIFTY,20-Dec-2017,28-Dec-2017,CE,10950,1,1.6,1,1.6,1.6,1.6,8,65.71,.01,12000,-300,10444.2
NIFTY,20-Dec-2017,28-Dec-2017,CE,11000,0.7,1.6,0.7,1.35,1.45,1.35,21948,181090.03,19.03,3646500,49425,10444.2
NIFTY,20-Dec-2017,28-Dec-2017,CE,11050,0,0,0,0.9,0.85,0.1,0,0,0,9375,0,10444.2
NIFTY,21-Dec-2017,28-Dec-2017,CE,9550,0,0,0,869.9,869.9,901.9,0,0,0,225,0,10440.3
NIFTY,21-Dec-2017,28-Dec-2017,CE,9600,855,863,842.5,863,863,863,38,298,24.4,74700,-2775,10440.3
NIFTY,21-Dec-2017,28-Dec-2017,CE,9650,0,0,0,410.25,0,802,0,0,0,0,0,10440.3
NIFTY,21-Dec-2017,28-Dec-2017,CE,9700,760.45,771.7,750,759,753.45,759,524,4110.99,298.89,198225,-26475,10440.3
NIFTY,21-Dec-2017,28-Dec-2017,CE,9750,0,0,0,348.95,0,702.15,0,0,0,0,0,10440.3
NIFTY,21-Dec-2017,28-Dec-2017,CE,9800,670,675.55,645.5,661.1,654.3,661.1,451,3540.07,225.22,195375,-19500,10440.3
NIFTY,21-Dec-2017,28-Dec-2017,CE,9850,0,0,0,325.8,325.8,602.25,0,0,0,0,0,10440.3
NIFTY,21-Dec-2017,28-Dec-2017,CE,9900,572.05,573,547,562.3,558.15,562.3,185,1451.65,78.03,253875,-6375,10440.3
NIFTY,21-Dec-2017,28-Dec-2017,CE,9950,0,0,0,524.8,524.8,502.45,0,0,0,900,0,10440.3
NIFTY,21-Dec-2017,28-Dec-2017,CE,10000,465,482,451,466.05,460.65,466.05,3166,24848.43,1103.43,2019150,-177975,10440.3
NIFTY,21-Dec-2017,28-Dec-2017,CE,10050,401,410,401,407,407,407,6,47.06,1.83,31575,-300,10440.3
NIFTY,21-Dec-2017,28-Dec-2017,CE,10100,374.5,382.4,351.35,366.45,362.25,366.45,1611,12645.63,442.31,1208325,-8100,10440.3
NIFTY,21-Dec-2017,28-Dec-2017,CE,10150,327,327,301.4,310.9,308.75,310.9,84,659.17,19.72,73350,-600,10440.3
NIFTY,21-Dec-2017,28-Dec-2017,CE,10200,285.3,286.55,258.1,272.8,266.1,272.8,5955,46768.06,1212.31,1439625,-98400,10440.3
NIFTY,21-Dec-2017,28-Dec-2017,CE,10250,229.65,234,206.45,219.15,214.4,219.15,357,2803.61,59.17,194400,-3075,10440.3
NIFTY,21-Dec-2017,28-Dec-2017,CE,10300,188.35,192,154.1,177.4,172,177.4,18270,143574.62,2438.87,1834725,-172050,10440.3
NIFTY,21-Dec-2017,28-Dec-2017,CE,10350,134.55,146.5,118.55,133.1,129.05,133.1,2498,19641.41,250.69,263850,-4500,10440.3
NIFTY,21-Dec-2017,28-Dec-2017,CE,10400,107.2,110.25,85,95.95,90.5,95.95,102510,807011.73,7433.73,3305850,257625,10440.3
NIFTY,21-Dec-2017,28-Dec-2017,CE,10450,67,70.25,55.7,61.75,58,61.75,32795,258574.06,1543.25,971625,171225,10440.3
NIFTY,21-Dec-2017,28-Dec-2017,CE,10500,45.05,45.15,31.65,37.1,33.95,37.1,255884,2022230.74,7144.24,6538650,14025,10440.3
NIFTY,21-Dec-2017,28-Dec-2017,CE,10550,22.8,23.3,15.7,18.8,16.75,18.8,31150,246920.17,445.79,1140525,25050,10440.3
NIFTY,21-Dec-2017,28-Dec-2017,CE,10600,11,12.7,7.85,9.85,8.7,9.85,146060,1162259.36,1082.36,4604175,146625,10440.3
NIFTY,21-Dec-2017,28-Dec-2017,CE,10650,6.35,8,3.65,4.6,4,4.6,17626,140850.33,62.65,507300,38775,10440.3
NIFTY,21-Dec-2017,28-Dec-2017,CE,10700,2.75,4,2.1,2.5,2.25,2.5,50333,404023.56,101.23,3420150,-40275,10440.3
NIFTY,21-Dec-2017,28-Dec-2017,CE,10750,2.35,2.35,1.5,1.75,1.5,1.75,3457,27876.6,4.53,244350,-41250,10440.3
NIFTY,21-Dec-2017,28-Dec-2017,CE,10800,2,2,1.15,1.35,1.25,1.35,16494,133618.51,17.11,2279850,-134175,10440.3
NIFTY,21-Dec-2017,28-Dec-2017,CE,10850,1.85,1.85,0.7,0.9,0.8,0.9,392,3190.2,.3,59325,-1275,10440.3
NIFTY,21-Dec-2017,28-Dec-2017,CE,10900,1,1.45,0.8,0.95,0.8,0.95,6249,51090.47,4.9,912675,-95100,10440.3
NIFTY,21-Dec-2017,28-Dec-2017,CE,10950,0.35,0.7,0.35,0.7,0.7,0.7,10,82.13,0,12000,0,10440.3
NIFTY,21-Dec-2017,28-Dec-2017,CE,11000,1.05,1.4,0.7,0.8,0.75,0.8,12097,99808.45,8.2,3665100,18600,10440.3
NIFTY,21-Dec-2017,28-Dec-2017,CE,11050,0.2,0.65,0.15,0.65,0.65,0.65,33,273.5,.01,9450,75,10440.3
NIFTY,22-Dec-2017,28-Dec-2017,CE,9550,0,0,0,869.9,869.9,952.95,0,0,0,225,0,10493
NIFTY,22-Dec-2017,28-Dec-2017,CE,9600,890,894.1,878.1,892,892,892,107,841.48,71.08,67725,-6975,10493
NIFTY,22-Dec-2017,28-Dec-2017,CE,9650,0,0,0,410.25,0,853.05,0,0,0,0,0,10493
NIFTY,22-Dec-2017,28-Dec-2017,CE,9700,765,806.3,765,794.2,806.3,794.2,556,4373.56,328.66,165450,-32775,10493
NIFTY,22-Dec-2017,28-Dec-2017,CE,9750,0,0,0,348.95,0,753.2,0,0,0,0,0,10493
NIFTY,22-Dec-2017,28-Dec-2017,CE,9800,665,708,664,704,702,704,391,3075.21,201.36,172050,-23325,10493
NIFTY,22-Dec-2017,28-Dec-2017,CE,9850,0,0,0,325.8,325.8,653.3,0,0,0,0,0,10493
NIFTY,22-Dec-2017,28-Dec-2017,CE,9900,570,610.95,567.25,602.7,605.85,602.7,1280,10071.65,567.65,199125,-54750,10493
NIFTY,22-Dec-2017,28-Dec-2017,CE,9950,527.15,534.8,527.15,533.1,534.8,533.1,4,31.44,1.59,825,-75,10493
NIFTY,22-Dec-2017,28-Dec-2017,CE,10000,464.1,512.5,464.1,499.7,503.25,499.7,6147,48344.98,2242.48,1642950,-376200,10493
NIFTY,22-Dec-2017,28-Dec-2017,CE,10050,438,457.45,433.9,451.05,443.5,451.05,21,165.29,7.01,31275,-300,10493
NIFTY,22-Dec-2017,28-Dec-2017,CE,10100,351.6,414.25,351.6,404.55,405.1,404.55,3152,24796.16,919.76,1116525,-91800,10493
NIFTY,22-Dec-2017,28-Dec-2017,CE,10150,319.55,355.05,313,350.85,354.05,350.85,91,715.58,22.84,73125,-225,10493
NIFTY,22-Dec-2017,28-Dec-2017,CE,10200,262.65,315.25,261.85,308.3,309.5,308.3,5683,44733,1258.05,1306050,-133575,10493
NIFTY,22-Dec-2017,28-Dec-2017,CE,10250,221.8,260.25,216.4,253.65,252.9,253.65,1157,9104.16,209.73,169575,-24825,10493
NIFTY,22-Dec-2017,28-Dec-2017,CE,10300,179.15,217.8,170.95,208.4,211.4,208.4,19505,153515.91,2839.79,1623825,-210900,10493
NIFTY,22-Dec-2017,28-Dec-2017,CE,10350,131.1,168.35,124.05,159.85,159,159.85,4615,36340.19,516.25,174075,-89775,10493
NIFTY,22-Dec-2017,28-Dec-2017,CE,10400,88.55,126.25,88.4,119.2,120,119.2,119645,943048.8,9817.8,2285250,-1020600,10493
NIFTY,22-Dec-2017,28-Dec-2017,CE,10450,58.5,83.7,55.9,78.35,78,78.35,39160,309035.15,2118.65,862725,-108900,10493
NIFTY,22-Dec-2017,28-Dec-2017,CE,10500,35.7,49.85,31.25,46.35,44.55,46.35,322657,2551328.72,10404.84,5641275,-897375,10493
NIFTY,22-Dec-2017,28-Dec-2017,CE,10550,25,26.7,6.25,24.15,23,24.15,81612,647127.02,1372.07,1309200,168675,10493
NIFTY,22-Dec-2017,28-Dec-2017,CE,10600,6.3,13.6,6.3,11.25,10.5,11.25,200370,1594584.06,1642.56,4302450,-301725,10493
NIFTY,22-Dec-2017,28-Dec-2017,CE,10650,2.35,6.15,2.35,4.3,4.15,4.3,33340,266415.25,112,793425,286125,10493
NIFTY,22-Dec-2017,28-Dec-2017,CE,10700,2.1,3.1,1.6,2.25,2.25,2.25,81000,650171.44,146.44,3338550,-81600,10493
NIFTY,22-Dec-2017,28-Dec-2017,CE,10750,1.95,1.95,1,1.4,1.35,1.4,5329,42970.84,5.78,207750,-36600,10493
NIFTY,22-Dec-2017,28-Dec-2017,CE,10800,1.8,1.8,0.75,0.9,0.8,0.9,24307,196904.66,17.96,1998150,-281700,10493
NIFTY,22-Dec-2017,28-Dec-2017,CE,10850,0.3,0.8,0.3,0.6,0.6,0.6,231,1879.87,.11,51225,-8100,10493
NIFTY,22-Dec-2017,28-Dec-2017,CE,10900,1.1,1.1,0.5,0.6,0.55,0.6,11694,95604.04,5.59,720900,-191775,10493
NIFTY,22-Dec-2017,28-Dec-2017,CE,10950,0.6,0.6,0.3,0.6,0.6,0.6,14,114.98,0,11550,-450,10493
NIFTY,22-Dec-2017,28-Dec-2017,CE,11000,0.65,0.7,0.45,0.55,0.45,0.55,22839,188430.9,9.15,3034425,-630675,10493
NIFTY,22-Dec-2017,28-Dec-2017,CE,11050,0,0,0,0.65,0.65,0.05,0,0,0,9450,0,10493
NIFTY,26-Dec-2017,28-Dec-2017,CE,9550,0,0,0,869.9,869.9,984.85,0,0,0,225,0,10531.5
NIFTY,26-Dec-2017,28-Dec-2017,CE,9600,904,931.2,894.8,928.95,930,928.95,72,567.66,49.26,63300,-4425,10531.5
NIFTY,26-Dec-2017,28-Dec-2017,CE,9650,0,0,0,410.25,0,884.9,0,0,0,0,0,10531.5
NIFTY,26-Dec-2017,28-Dec-2017,CE,9700,800.15,833.9,794.5,826.15,833.9,826.15,435,3426.49,261.87,139125,-26325,10531.5
NIFTY,26-Dec-2017,28-Dec-2017,CE,9750,0,0,0,348.95,0,784.9,0,0,0,0,0,10531.5
NIFTY,26-Dec-2017,28-Dec-2017,CE,9800,700,731.95,696,714.3,726.45,714.3,365,2875.53,192.78,149700,-22350,10531.5
NIFTY,26-Dec-2017,28-Dec-2017,CE,9850,0,0,0,325.8,325.8,684.95,0,0,0,0,0,10531.5
NIFTY,26-Dec-2017,28-Dec-2017,CE,9900,605,635.25,595,632.45,630.15,632.45,653,5146.44,297.91,172350,-26775,10531.5
NIFTY,26-Dec-2017,28-Dec-2017,CE,9950,0,0,0,533.1,534.8,585,0,0,0,825,0,10531.5
NIFTY,26-Dec-2017,28-Dec-2017,CE,10000,500,531.1,492.75,522.65,526.35,522.65,4036,31797.72,1527.72,1596525,-46425,10531.5
NIFTY,26-Dec-2017,28-Dec-2017,CE,10050,450.4,480.25,442.55,473,478.75,473,187,1473.98,64.47,17550,-13725,10531.5
NIFTY,26-Dec-2017,28-Dec-2017,CE,10100,401.5,436,396,423.8,427.35,423.8,2264,17843.89,694.09,1064250,-52275,10531.5
NIFTY,26-Dec-2017,28-Dec-2017,CE,10150,352.9,380,339.45,376.25,375.35,376.25,242,1909.06,66.83,63000,-10125,10531.5
NIFTY,26-Dec-2017,28-Dec-2017,CE,10200,308,337,296.9,328,331.15,328,3134,24706.15,731.05,1252275,-53775,10531.5
NIFTY,26-Dec-2017,28-Dec-2017,CE,10250,248.75,281.45,240.05,275.4,273.65,275.4,414,3264.38,81.75,155025,-14550,10531.5
NIFTY,26-Dec-2017,28-Dec-2017,CE,10300,208.85,236.8,198,226.1,229.8,226.1,9842,77592.3,1562.85,1391325,-232500,10531.5
NIFTY,26-Dec-2017,28-Dec-2017,CE,10350,157,183.4,149.85,172.7,177,172.7,1267,9989.87,154.78,152700,-21375,10531.5
NIFTY,26-Dec-2017,28-Dec-2017,CE,10400,100.05,138.25,93.15,128.25,132,128.25,68845,543094.44,6103.44,1835850,-449400,10531.5
NIFTY,26-Dec-2017,28-Dec-2017,CE,10450,75.85,93.1,66,83.45,87.75,83.45,30946,244320.38,1781.11,587925,-274800,10531.5
NIFTY,26-Dec-2017,28-Dec-2017,CE,10500,40.7,54.7,34.85,47.9,49,47.9,275688,2179988.9,8945.9,5545275,-96000,10531.5
NIFTY,26-Dec-2017,28-Dec-2017,CE,10550,19.95,27,15.55,23.35,23,23.35,98614,781810.72,1527.45,1748025,438825,10531.5
NIFTY,26-Dec-2017,28-Dec-2017,CE,10600,6.8,11,6.35,9.25,9.35,9.25,218068,1734977.63,1337.03,4519350,216900,10531.5
NIFTY,26-Dec-2017,28-Dec-2017,CE,10650,3,3.65,2,3,3,3,49660,396760.64,101.39,964050,170625,10531.5
NIFTY,26-Dec-2017,28-Dec-2017,CE,10700,1.25,1.95,0.85,1.2,1.1,1.2,82464,661844.25,70.65,3520725,182175,10531.5
NIFTY,26-Dec-2017,28-Dec-2017,CE,10750,1.35,1.4,0.65,0.75,0.8,0.75,6843,55175.97,4.28,281400,73650,10531.5
NIFTY,26-Dec-2017,28-Dec-2017,CE,10800,0.6,0.65,0.45,0.55,0.55,0.55,14619,118419.92,6.02,1853700,-144450,10531.5
NIFTY,26-Dec-2017,28-Dec-2017,CE,10850,0.55,0.55,0.25,0.45,0.25,0.45,66,537.1,.02,51150,-75,10531.5
NIFTY,26-Dec-2017,28-Dec-2017,CE,10900,0.35,0.45,0.3,0.4,0.45,0.4,3818,31213.21,1.06,716100,-4800,10531.5
NIFTY,26-Dec-2017,28-Dec-2017,CE,10950,0.4,0.4,0.1,0.1,0.1,0.1,5,41.06,0,11250,-300,10531.5
NIFTY,26-Dec-2017,28-Dec-2017,CE,11000,0.2,0.45,0.2,0.35,0.25,0.35,7128,58807.72,1.72,2899125,-135300,10531.5
NIFTY,26-Dec-2017,28-Dec-2017,CE,11050,0,0,0,0.65,0.65,0,0,0,0,9450,0,10531.5
NIFTY,27-Dec-2017,28-Dec-2017,CE,9550,0,0,0,869.9,869.9,942.45,0,0,0,225,0,10490.75
NIFTY,27-Dec-2017,28-Dec-2017,CE,9600,929.3,957.4,882,899.95,886,899.95,380,3001.3,265.3,40875,-22425,10490.75
NIFTY,27-Dec-2017,28-Dec-2017,CE,9650,0,0,0,410.25,0,842.45,0,0,0,0,0,10490.75
NIFTY,27-Dec-2017,28-Dec-2017,CE,9700,823.6,861,774.65,794.5,784.95,794.5,642,5071.53,400.98,109875,-29250,10490.75
NIFTY,27-Dec-2017,28-Dec-2017,CE,9750,0,0,0,348.95,0,742.45,0,0,0,0,0,10490.75
NIFTY,27-Dec-2017,28-Dec-2017,CE,9800,721.25,756,672.25,699.9,690,699.9,750,5924.92,412.42,115050,-34650,10490.75
NIFTY,27-Dec-2017,28-Dec-2017,CE,9850,0,0,0,325.8,325.8,642.5,0,0,0,0,0,10490.75
NIFTY,27-Dec-2017,28-Dec-2017,CE,9900,622.7,661,580,601.9,590.5,601.9,821,6489.9,393.97,120600,-51750,10490.75
NIFTY,27-Dec-2017,28-Dec-2017,CE,9950,0,0,0,533.1,534.8,542.5,0,0,0,825,0,10490.75
NIFTY,27-Dec-2017,28-Dec-2017,CE,10000,520,558.5,473.05,495.2,487,495.2,7118,56221.54,2836.54,1145775,-450750,10490.75
NIFTY,27-Dec-2017,28-Dec-2017,CE,10050,475.9,496.65,430,442.7,437.95,442.7,154,1212.43,51.66,6600,-10950,10490.75
NIFTY,27-Dec-2017,28-Dec-2017,CE,10100,420.05,461.85,375,398.35,388.05,398.35,4884,38574.73,1578.43,793650,-270600,10490.75
NIFTY,27-Dec-2017,28-Dec-2017,CE,10150,367,407,321.7,346.65,336,346.65,424,3344.26,116.56,34725,-28275,10490.75
NIFTY,27-Dec-2017,28-Dec-2017,CE,10200,319.4,362.15,274.15,299.95,289.55,299.95,9539,75319.81,2346.46,724575,-527700,10490.75
NIFTY,27-Dec-2017,28-Dec-2017,CE,10250,250.05,311.85,222.9,247.35,235,247.35,1161,9160.28,235.1,83100,-71925,10490.75
NIFTY,27-Dec-2017,28-Dec-2017,CE,10300,221.05,261.3,176.5,200.8,190,200.8,14029,110714.92,2340.9,947400,-443925,10490.75
NIFTY,27-Dec-2017,28-Dec-2017,CE,10350,171.3,207,124.65,147.4,137,147.4,1447,11419.65,187.31,120600,-32100,10490.75
NIFTY,27-Dec-2017,28-Dec-2017,CE,10400,121.2,161.95,82.55,103.55,93.35,103.55,64648,510271.75,6017.35,1288875,-546975,10490.75
NIFTY,27-Dec-2017,28-Dec-2017,CE,10450,78,115,44.15,59.05,51,59.05,44188,348861.96,2538.51,429075,-158850,10490.75
NIFTY,27-Dec-2017,28-Dec-2017,CE,10500,45.8,70,16.5,24.7,19,24.7,499862,3952742.7,16329.45,4563675,-981600,10490.75
NIFTY,27-Dec-2017,28-Dec-2017,CE,10550,20.6,33.7,4.15,7.55,4.35,7.55,327623,2596889.39,4572.41,2808000,1059975,10490.75
NIFTY,27-Dec-2017,28-Dec-2017,CE,10600,7.05,12.8,1.3,2.5,1.3,2.5,470331,3741543.79,2412.34,5459925,940575,10490.75
NIFTY,27-Dec-2017,28-Dec-2017,CE,10650,2.05,4.05,0.5,0.85,0.65,0.85,142209,1136079.59,185.2,1252125,288075,10490.75
NIFTY,27-Dec-2017,28-Dec-2017,CE,10700,1.3,1.3,0.3,0.55,0.35,0.55,150357,1206692.08,77.16,2836950,-683775,10490.75
NIFTY,27-Dec-2017,28-Dec-2017,CE,10750,0.8,0.8,0.3,0.4,0.3,0.4,7547,60850.26,2.57,182025,-99375,10490.75
NIFTY,27-Dec-2017,28-Dec-2017,CE,10800,0.3,0.45,0.2,0.3,0.25,0.3,16044,129960.83,4.43,1683375,-170325,10490.75
NIFTY,27-Dec-2017,28-Dec-2017,CE,10850,0.2,0.2,0.1,0.2,0.15,0.2,50,406.88,.01,50625,-525,10490.75
NIFTY,27-Dec-2017,28-Dec-2017,CE,10900,0.45,0.45,0.15,0.2,0.15,0.2,3179,25989.04,.72,649200,-66900,10490.75
NIFTY,27-Dec-2017,28-Dec-2017,CE,10950,0.15,0.2,0.15,0.2,0.2,0.2,19,156.04,0,11175,-75,10490.75
NIFTY,27-Dec-2017,28-Dec-2017,CE,11000,0.2,0.35,0.15,0.25,0.15,0.25,12742,105123.98,2.48,2620275,-278850,10490.75
NIFTY,27-Dec-2017,28-Dec-2017,CE,11050,0,0,0,0.65,0.65,0,0,0,0,9450,0,10490.75
NIFTY,28-Dec-2017,28-Dec-2017,CE,9550,0,0,0,869.9,869.9,0,0,0,0,225,0,10477.9
NIFTY,28-Dec-2017,28-Dec-2017,CE,9600,908,937,880.9,893.9,881.4,0,589,4642.2,401.4,5325,-35550,10477.9
NIFTY,28-Dec-2017,28-Dec-2017,CE,9650,0,0,0,410.25,0,0,0,0,0,0,0,10477.9
NIFTY,28-Dec-2017,28-Dec-2017,CE,9700,809.75,836,776,799.2,776,0,1714,13505.21,1035.86,23400,-86475,10477.9
NIFTY,28-Dec-2017,28-Dec-2017,CE,9750,0,0,0,348.95,0,0,0,0,0,0,0,10477.9
NIFTY,28-Dec-2017,28-Dec-2017,CE,9800,708.1,728.9,664.15,678.9,664.9,0,1793,14117.71,939.16,42375,-72675,10477.9
NIFTY,28-Dec-2017,28-Dec-2017,CE,9850,0,0,0,325.8,325.8,0,0,0,0,0,0,10477.9
NIFTY,28-Dec-2017,28-Dec-2017,CE,9900,611.6,635.2,575,585.3,578.5,0,1726,13593.86,778.31,21525,-99075,10477.9
NIFTY,28-Dec-2017,28-Dec-2017,CE,9950,551.05,551.05,514.65,530.45,525,0,10,78.6,3.98,600,-225,10477.9
NIFTY,28-Dec-2017,28-Dec-2017,CE,10000,495.2,531.95,470.05,479.65,472.2,0,10631,83684.08,3951.58,521925,-623850,10477.9
NIFTY,28-Dec-2017,28-Dec-2017,CE,10050,449.45,477.5,421.4,430.05,425,0,61,480.43,20.64,2925,-3675,10477.9
NIFTY,28-Dec-2017,28-Dec-2017,CE,10100,396.75,434,366.1,379.15,375.35,0,9874,77730.92,2935.37,210075,-583575,10477.9
NIFTY,28-Dec-2017,28-Dec-2017,CE,10150,345.5,386.3,314.45,330.15,314.45,0,233,1834.24,60.53,20925,-13800,10477.9
NIFTY,28-Dec-2017,28-Dec-2017,CE,10200,295.25,333.3,265,279.15,272.1,0,9404,74040.27,2099.67,278475,-446100,10477.9
NIFTY,28-Dec-2017,28-Dec-2017,CE,10250,248.95,286.45,214.35,228.15,214.7,0,1118,8805.97,211.35,33750,-49350,10477.9
NIFTY,28-Dec-2017,28-Dec-2017,CE,10300,200.85,241,173.95,184.7,175,0,18813,148195.74,2865.32,275325,-672075,10477.9
NIFTY,28-Dec-2017,28-Dec-2017,CE,10350,153.8,184.05,114.4,132.75,114.4,0,3661,28834.68,416.17,11925,-108675,10477.9
NIFTY,28-Dec-2017,28-Dec-2017,CE,10400,102.05,134,64,83.15,65,0,103096,812006.61,7857.81,311400,-977475,10477.9
NIFTY,28-Dec-2017,28-Dec-2017,CE,10450,57.15,84.35,16.3,32.25,24,0,90331,711606.92,3637.71,141000,-288075,10477.9
NIFTY,28-Dec-2017,28-Dec-2017,CE,10500,30,35,0.05,3.8,0.05,0,816489,6441411.73,11560.86,3675450,-888225,10477.9
NIFTY,28-Dec-2017,28-Dec-2017,CE,10550,6.9,8,0.05,0.45,0.05,0,536619,4247588.77,1590.93,3091425,283425,10477.9
NIFTY,28-Dec-2017,28-Dec-2017,CE,10600,0.95,1.95,0.05,0.1,0.05,0,482687,3837519.32,157.67,6706650,1246725,10477.9
NIFTY,28-Dec-2017,28-Dec-2017,CE,10650,1.1,1.1,0.05,0.05,0.05,0,45142,360574.57,2.85,1249650,-2475,10477.9
NIFTY,28-Dec-2017,28-Dec-2017,CE,10700,0.05,0.3,0.05,0.05,0.05,0,31345,251545.05,1.42,2307600,-529350,10477.9
NIFTY,28-Dec-2017,28-Dec-2017,CE,10750,0.1,0.1,0.05,0.05,0.05,0,1635,13182.27,.08,162900,-19125,10477.9
NIFTY,28-Dec-2017,28-Dec-2017,CE,10800,0.15,0.15,0.05,0.05,0.05,0,7353,59559.61,.31,1603425,-79950,10477.9
NIFTY,28-Dec-2017,28-Dec-2017,CE,10850,0,0,0,0.2,0.15,0,0,0,0,50625,0,10477.9
NIFTY,28-Dec-2017,28-Dec-2017,CE,10900,0.05,0.1,0.05,0.05,0.05,0,2715,22195.23,.11,664575,15375,10477.9
NIFTY,28-Dec-2017,28-Dec-2017,CE,10950,0,0,0,0.2,0.2,0,0,0,0,11175,0,10477.9
NIFTY,28-Dec-2017,28-Dec-2017,CE,11000,0.05,0.2,0.05,0.05,0.05,0,3919,32331.91,.16,2640825,20550,10477.9
NIFTY,28-Dec-2017,28-Dec-2017,CE,11050,0.05,0.05,0.05,0.05,0.05,0,1,8.29,0,9450,0,10477.9
