NIFTY,25-Jan-2018,22-Feb-2018,CE,10050,0,0,0,411.75,0,1068.7,0,0,0,0,0,11069.65
NIFTY,25-Jan-2018,22-Feb-2018,CE,10100,1003.15,1012.15,934.4,961.15,960.5,961.15,1613,13395.7,1177.22,170475,95175,11069.65
NIFTY,25-Jan-2018,22-Feb-2018,CE,10950,290,290.95,236.2,262.8,266.3,262.8,380,3194.67,73.92,15600,-3375,11069.65
NIFTY,25-Jan-2018,22-Feb-2018,CE,11000,270.15,270.3,206,233.8,235.2,233.8,22357,188416.36,3971.11,2171700,299025,11069.65
NIFTY,25-Jan-2018,22-Feb-2018,CE,11050,227.45,234.1,179.85,206.1,208,206.1,1384,11684.24,214.34,62850,25800,11069.65
NIFTY,25-Jan-2018,22-Feb-2018,CE,11100,206.15,219.9,155.55,181.2,182,181.2,29891,252951.79,4109.21,1713000,405600,11069.65
NIFTY,25-Jan-2018,22-Feb-2018,CE,11150,179.8,179.85,133.95,155.5,156,155.5,2350,19930.94,279.07,52950,6675,11069.65
NIFTY,25-Jan-2018,22-Feb-2018,CE,11200,161.8,161.8,113,135.8,135.3,135.8,39255,333771.02,4029.02,1813575,785100,11069.65
NIFTY,25-Jan-2018,22-Feb-2018,CE,11250,136,136.6,84.65,116.1,114.25,116.1,1383,11791.51,122.44,49725,17925,11069.65
NIFTY,25-Jan-2018,22-Feb-2018,CE,11300,113.3,117.85,80.05,100.1,99.5,100.1,36709,313877.76,2768.98,1181100,512625,11069.65
NIFTY,25-Jan-2018,22-Feb-2018,CE,11350,97.3,100.35,68.8,82.2,83,82.2,499,4279.87,32.14,17700,3300,11069.65
NIFTY,25-Jan-2018,22-Feb-2018,CE,11400,87,88.15,56.25,70.55,70.9,70.55,34982,300981.62,1885.52,1510800,321975,11069.65
NIFTY,25-Jan-2018,22-Feb-2018,CE,11450,68.35,73.9,47.5,58.25,57,58.25,1092,9426.81,49.26,24825,5250,11069.65
NIFTY,25-Jan-2018,22-Feb-2018,CE,11500,62.7,63.45,38.75,48.45,46.85,48.45,49934,432536.31,1855.56,2230800,567375,11069.65
NIFTY,25-Jan-2018,22-Feb-2018,CE,11550,49.15,53.25,33,40.4,41.4,40.4,303,2634.26,9.52,18300,9675,11069.65
NIFTY,25-Jan-2018,22-Feb-2018,CE,11600,44.6,45.2,25.5,32.85,33.4,32.85,24173,210934.63,629.53,611700,222600,11069.65
NIFTY,25-Jan-2018,22-Feb-2018,CE,11650,45.2,45.2,22.8,29.4,32,29.4,167,1463.27,4.11,11925,5175,11069.65
NIFTY,25-Jan-2018,22-Feb-2018,CE,10150,0,0,0,344.1,0,969.2,0,0,0,0,0,11069.65
NIFTY,25-Jan-2018,22-Feb-2018,CE,10200,914.3,915,834.7,865.45,867.95,865.45,2557,21234.89,1673.84,301500,162750,11069.65
NIFTY,25-Jan-2018,22-Feb-2018,CE,10250,0,0,0,385.05,385.05,869.85,0,0,0,0,0,11069.65
NIFTY,25-Jan-2018,22-Feb-2018,CE,10300,815.7,825,736.85,774.65,783,774.65,2141,17793.03,1253.8,341400,64650,11069.65
NIFTY,25-Jan-2018,22-Feb-2018,CE,10350,0,0,0,229.4,0,770.8,0,0,0,0,0,11069.65
NIFTY,25-Jan-2018,22-Feb-2018,CE,10400,725,731.7,653.25,677.5,681.6,677.5,2595,21579.8,1338.8,519075,114975,11069.65
NIFTY,25-Jan-2018,22-Feb-2018,CE,10450,581.05,581.05,581.05,581.05,581.05,581.05,1,8.27,.44,600,0,11069.65
NIFTY,25-Jan-2018,22-Feb-2018,CE,10500,644,645,563.65,595.65,598.95,595.65,6400,53311.87,2911.87,1204275,238125,11069.65
NIFTY,25-Jan-2018,22-Feb-2018,CE,10550,570,644.95,481.05,481.05,481.05,481.05,169,1408.26,71.05,12750,12225,11069.65
NIFTY,25-Jan-2018,22-Feb-2018,CE,10600,566.75,566.75,482.65,512.45,509.6,512.45,3545,29559.62,1376.87,633675,167700,11069.65
NIFTY,25-Jan-2018,22-Feb-2018,CE,10650,474,480,421.05,421.05,421.05,421.05,276,2303.52,98.97,23325,19650,11069.65
NIFTY,25-Jan-2018,22-Feb-2018,CE,10700,487,487,403,431.6,439.3,431.6,7191,60077.6,2369.82,1191525,132000,11069.65
NIFTY,25-Jan-2018,22-Feb-2018,CE,10750,408,415,371,394.1,394.1,394.1,193,1613.8,57.74,16575,9750,11069.65
NIFTY,25-Jan-2018,22-Feb-2018,CE,10800,404,405.65,332.45,364.65,367.6,364.65,8151,68279.81,2256.71,2261100,146925,11069.65
NIFTY,25-Jan-2018,22-Feb-2018,CE,10850,358.25,365.4,300,324.8,324.75,324.8,243,2037.89,60.48,23775,-2550,11069.65
NIFTY,25-Jan-2018,22-Feb-2018,CE,10900,331.15,340.6,264.15,295.45,297.2,295.45,6519,54758.57,1465.75,1121325,134625,11069.65
NIFTY,25-Jan-2018,22-Feb-2018,CE,9800,1297.6,1300,1220,1246.65,1251.55,1246.65,229,1900.07,216.92,53850,14250,11069.65
NIFTY,25-Jan-2018,22-Feb-2018,CE,9850,0,0,0,565.2,0,1267.7,0,0,0,0,0,11069.65
NIFTY,25-Jan-2018,22-Feb-2018,CE,9900,1194.55,1201.8,1121.2,1152.65,1151.55,1152.65,400,3321.95,351.95,100500,20475,11069.65
NIFTY,25-Jan-2018,22-Feb-2018,CE,9950,0,0,0,1130,1130,1168.2,0,0,0,150,0,11069.65
NIFTY,25-Jan-2018,22-Feb-2018,CE,10000,1099.7,1107,1026,1057,1057.55,1057,6627,55027.85,5325.35,886125,442275,11069.65
NIFTY,29-Jan-2018,22-Feb-2018,CE,10050,0,0,0,411.75,0,1122.35,0,0,0,0,0,11130.4
NIFTY,29-Jan-2018,22-Feb-2018,CE,10100,1037.9,1084.75,1037.7,1038.1,1038.5,1038.1,154,1288.2,121.65,171825,1350,11130.4
NIFTY,29-Jan-2018,22-Feb-2018,CE,10950,304.15,335.2,303.9,310.15,310.2,310.15,71,599.96,16.87,15075,-525,11130.4
NIFTY,29-Jan-2018,22-Feb-2018,CE,11000,254,308.7,220.5,279.2,276.1,279.2,31079,263114.45,6712.7,2533500,361800,11130.4
NIFTY,29-Jan-2018,22-Feb-2018,CE,11050,264.85,271.5,219.95,247.35,254.4,247.35,1134,9611.97,213.95,51750,-11100,11130.4
NIFTY,29-Jan-2018,22-Feb-2018,CE,11100,200.05,246.15,193,217.6,218,217.6,46091,391526.39,7818.82,1735725,22725,11130.4
NIFTY,29-Jan-2018,22-Feb-2018,CE,11150,175.5,213.25,166.95,191.1,191.6,191.1,5093,43348.51,758.3,100350,47400,11130.4
NIFTY,29-Jan-2018,22-Feb-2018,CE,11200,154.7,186.15,137.2,165.45,164.9,165.45,69196,590217.24,8970.84,2099700,286125,11130.4
NIFTY,29-Jan-2018,22-Feb-2018,CE,11250,128.95,162,128.95,143.6,142.3,143.6,3278,28026.21,368.08,91200,41475,11130.4
NIFTY,29-Jan-2018,22-Feb-2018,CE,11300,106.25,139.4,105,122,121.5,122,64960,556769.91,6233.91,1350825,169725,11130.4
NIFTY,29-Jan-2018,22-Feb-2018,CE,11350,96.1,117,88.7,102.4,103.05,102.4,1314,11292.59,107.16,37800,20100,11130.4
NIFTY,29-Jan-2018,22-Feb-2018,CE,11400,71.9,98.95,71.9,85.9,84.4,85.9,59752,514967.23,4087.63,1827150,316350,11130.4
NIFTY,29-Jan-2018,22-Feb-2018,CE,11450,69.7,81.95,68.25,71.1,70.95,71.1,836,7226.65,47.5,25875,1050,11130.4
NIFTY,29-Jan-2018,22-Feb-2018,CE,11500,50.15,67.1,50.15,57.95,57.45,57.95,83761,726359.87,3921.25,2469975,239175,11130.4
NIFTY,29-Jan-2018,22-Feb-2018,CE,11550,47.45,56.35,45.9,47.45,47,47.45,888,7726.83,34.53,34875,16575,11130.4
NIFTY,29-Jan-2018,22-Feb-2018,CE,11600,35,46.9,34.8,38.3,37.45,38.3,32110,280367.55,1010.55,911400,299700,11130.4
NIFTY,29-Jan-2018,22-Feb-2018,CE,11650,33,39.3,29.6,30.7,30.55,30.7,888,7782.1,23.2,24675,12750,11130.4
NIFTY,29-Jan-2018,22-Feb-2018,CE,10150,0,0,0,344.1,0,1022.8,0,0,0,0,0,11130.4
NIFTY,29-Jan-2018,22-Feb-2018,CE,10200,914.8,982.95,914.8,944.35,947.45,944.35,402,3364.99,289.69,293550,-7950,11130.4
NIFTY,29-Jan-2018,22-Feb-2018,CE,10250,0,0,0,385.05,385.05,923.25,0,0,0,0,0,11130.4
NIFTY,29-Jan-2018,22-Feb-2018,CE,10300,833.15,887.9,830.35,854.8,853.15,854.8,240,2010.19,156.19,338400,-3000,11130.4
NIFTY,29-Jan-2018,22-Feb-2018,CE,10350,0,0,0,229.4,0,823.8,0,0,0,0,0,11130.4
NIFTY,29-Jan-2018,22-Feb-2018,CE,10400,742,799.45,742,760.2,765.95,760.2,494,4137.51,284.31,490950,-28125,11130.4
NIFTY,29-Jan-2018,22-Feb-2018,CE,10450,0,0,0,581.05,581.05,724.6,0,0,0,600,0,11130.4
NIFTY,29-Jan-2018,22-Feb-2018,CE,10500,638.9,710.8,638.9,670.15,667.55,670.15,1193,10003.67,608.8,1181550,-22725,11130.4
NIFTY,29-Jan-2018,22-Feb-2018,CE,10550,710.4,710.4,622.2,622.2,622.2,622.2,5,41.96,2.4,12525,-225,11130.4
NIFTY,29-Jan-2018,22-Feb-2018,CE,10600,525,624.6,525,583.2,584.25,583.2,1282,10765.39,573.49,607575,-26100,11130.4
NIFTY,29-Jan-2018,22-Feb-2018,CE,10650,475.05,475.05,475.05,475.05,475.05,475.05,2,16.69,.71,23475,150,11130.4
NIFTY,29-Jan-2018,22-Feb-2018,CE,10700,455.8,535.2,455.8,499,498.2,499,2305,19385.26,887.64,1179675,-11850,11130.4
NIFTY,29-Jan-2018,22-Feb-2018,CE,10750,286.55,471,286.55,471,471,471,15,125.87,4.93,16875,300,11130.4
NIFTY,29-Jan-2018,22-Feb-2018,CE,10800,378,460.85,378,423.8,422.3,423.8,20982,176884.07,6929.87,1647375,-613725,11130.4
NIFTY,29-Jan-2018,22-Feb-2018,CE,10850,363.7,414.8,363.7,386.55,381.35,386.55,42,353.88,12.1,23700,-75,11130.4
NIFTY,29-Jan-2018,22-Feb-2018,CE,10900,312.65,383.2,311.85,347.2,344.9,347.2,6223,52528.17,1655.14,1010475,-110850,11130.4
NIFTY,29-Jan-2018,22-Feb-2018,CE,9800,1341,1374,1333.95,1333.95,1333.95,1333.95,15,125.42,15.17,52800,-1050,11130.4
NIFTY,29-Jan-2018,22-Feb-2018,CE,9850,0,0,0,565.2,0,1321.55,0,0,0,0,0,11130.4
NIFTY,29-Jan-2018,22-Feb-2018,CE,9900,1236.75,1268,1232,1232.7,1234,1232.7,211,1765.05,198.37,89925,-10575,11130.4
NIFTY,29-Jan-2018,22-Feb-2018,CE,9950,0,0,0,1130,1130,1221.95,0,0,0,150,0,11130.4
NIFTY,29-Jan-2018,22-Feb-2018,CE,10000,1100,1182.1,1100,1137.2,1134.5,1137.2,1044,8731.33,901.33,891675,5550,11130.4
NIFTY,30-Jan-2018,22-Feb-2018,CE,10950,277.15,287.4,247,249.5,250,249.5,31,260.7,6.11,15150,75,11049.65
NIFTY,30-Jan-2018,22-Feb-2018,CE,11000,264.3,264.3,205,215.6,213.8,215.6,37161,313071.59,6493.34,2799375,265875,11049.65
NIFTY,30-Jan-2018,22-Feb-2018,CE,11050,228.9,228.9,180.55,186.9,182.9,186.9,2652,22378.86,400.41,127500,75750,11049.65
NIFTY,30-Jan-2018,22-Feb-2018,CE,11100,212.45,212.45,155,161.4,156.1,161.4,66342,561116.57,8819.42,2057700,321975,11049.65
NIFTY,30-Jan-2018,22-Feb-2018,CE,11150,191,194,132.05,137.85,133,137.85,3998,33893.46,460.19,164325,63975,11049.65
NIFTY,30-Jan-2018,22-Feb-2018,CE,11200,154.45,154.65,109.1,115.75,110.9,115.75,82558,701559.01,8071.81,2406450,306750,11049.65
NIFTY,30-Jan-2018,22-Feb-2018,CE,11250,118,129.85,90.6,95.6,91.45,95.6,4169,35524.56,348.62,116100,24900,11049.65
NIFTY,30-Jan-2018,22-Feb-2018,CE,11300,102.15,115.25,72.2,78.65,73.9,78.65,90741,775279.71,6249.74,1813575,462750,11049.65
NIFTY,30-Jan-2018,22-Feb-2018,CE,11350,100,100,58.7,63.55,60,63.55,1872,16041.77,106.37,56475,18675,11049.65
NIFTY,30-Jan-2018,22-Feb-2018,CE,11400,78.4,99.65,45.55,50.75,47.75,50.75,72609,624178.6,3371.65,2033325,206175,11049.65
NIFTY,30-Jan-2018,22-Feb-2018,CE,11450,71.4,71.4,36.1,39.75,36.85,39.75,2019,17411.49,73.33,62475,36600,11049.65
NIFTY,30-Jan-2018,22-Feb-2018,CE,11500,52.3,58,27.25,31.55,29.9,31.55,120640,1044129.15,3609.15,2968200,498225,11049.65
NIFTY,30-Jan-2018,22-Feb-2018,CE,11550,31.3,42.75,21.6,24.75,23.2,24.75,2853,24778.06,63.95,69600,34725,11049.65
NIFTY,30-Jan-2018,22-Feb-2018,CE,11600,34.9,35.5,16.1,19.05,17.6,19.05,51794,451586.24,978.44,905400,-6000,11049.65
NIFTY,30-Jan-2018,22-Feb-2018,CE,11650,33,33,12.7,15.1,15.6,15.1,1753,15344.33,27.5,55950,31275,11049.65
NIFTY,30-Jan-2018,22-Feb-2018,CE,10150,0,0,0,344.1,0,940.35,0,0,0,0,0,11049.65
NIFTY,30-Jan-2018,22-Feb-2018,CE,10200,913.1,916.65,867.55,875.25,877,875.25,153,1272.68,102.23,289950,-3600,11049.65
NIFTY,30-Jan-2018,22-Feb-2018,CE,10250,0,0,0,385.05,385.05,840.85,0,0,0,0,0,11049.65
NIFTY,30-Jan-2018,22-Feb-2018,CE,10300,817.15,819.65,776.95,786.1,780,786.1,565,4702.76,338.14,326475,-11925,11049.65
NIFTY,30-Jan-2018,22-Feb-2018,CE,10350,0,0,0,229.4,0,741.6,0,0,0,0,0,11049.65
NIFTY,30-Jan-2018,22-Feb-2018,CE,10400,720,730.45,685,690.4,689.7,690.4,374,3114.98,197.78,479250,-11700,11049.65
NIFTY,30-Jan-2018,22-Feb-2018,CE,10450,0,0,0,581.05,581.05,642.85,0,0,0,600,0,11049.65
NIFTY,30-Jan-2018,22-Feb-2018,CE,10500,650.5,650.5,590,597.6,590,597.6,1830,15256.81,845.56,1115700,-65850,11049.65
NIFTY,30-Jan-2018,22-Feb-2018,CE,10550,604.65,613.1,560.8,560.85,560.85,560.85,5,41.74,2.18,12450,-75,11049.65
NIFTY,30-Jan-2018,22-Feb-2018,CE,10600,550,554.15,504,510.25,509.3,510.25,541,4513.95,213,593175,-14400,11049.65
NIFTY,30-Jan-2018,22-Feb-2018,CE,10650,0,0,0,475.05,475.05,450.55,0,0,0,23475,0,11049.65
NIFTY,30-Jan-2018,22-Feb-2018,CE,10700,473.45,473.45,421,427.15,421.05,427.15,1524,12742.88,512.78,1178325,-1350,11049.65
NIFTY,30-Jan-2018,22-Feb-2018,CE,10750,420.5,420.5,397.75,410,410,410,6,50.22,1.84,17250,375,11049.65
NIFTY,30-Jan-2018,22-Feb-2018,CE,10800,408.1,408.1,347.45,353.9,348.8,353.9,4812,40319.44,1342.24,1546125,-101250,11049.65
NIFTY,30-Jan-2018,22-Feb-2018,CE,10850,345.4,345.4,310,311.1,312.6,311.1,16,134.05,3.85,23625,-75,11049.65
NIFTY,30-Jan-2018,22-Feb-2018,CE,10900,333.15,335.05,275,280.2,277,280.2,5654,47487.92,1266.47,960075,-50400,11049.65
NIFTY,30-Jan-2018,22-Feb-2018,CE,9800,1278.1,1278.1,1258.65,1258.8,1258.65,1258.8,7,58.11,6.66,52650,-150,11049.65
NIFTY,30-Jan-2018,22-Feb-2018,CE,9850,0,0,0,565.2,0,1239.15,0,0,0,0,0,11049.65
NIFTY,30-Jan-2018,22-Feb-2018,CE,9900,1192,1207.1,1164,1170.1,1172,1170.1,21,174.53,18.6,89250,-675,11049.65
NIFTY,30-Jan-2018,22-Feb-2018,CE,9950,0,0,0,1130,1130,1139.55,0,0,0,150,0,11049.65
NIFTY,30-Jan-2018,22-Feb-2018,CE,10000,1120.25,1120.25,1060.7,1072.25,1066,1072.25,690,5733.32,558.32,872925,-18750,11049.65
NIFTY,30-Jan-2018,22-Feb-2018,CE,10050,0,0,0,411.75,0,1039.95,0,0,0,0,0,11049.65
NIFTY,30-Jan-2018,22-Feb-2018,CE,10100,1003,1003,962,971.4,969.1,971.4,74,614.89,54.34,171225,-600,11049.65
NIFTY,31-Jan-2018,22-Feb-2018,CE,10000,1065,1072,1010.85,1049.55,1052.75,1049.55,5914,49002.16,4647.16,1143225,270300,11027.7
NIFTY,31-Jan-2018,22-Feb-2018,CE,10050,0,0,0,411.75,0,1016.2,0,0,0,0,0,11027.7
NIFTY,31-Jan-2018,22-Feb-2018,CE,10100,957.9,974.6,916,956.9,964.15,956.9,149,1232.87,104.19,165675,-5550,11027.7
NIFTY,31-Jan-2018,22-Feb-2018,CE,10950,250.75,250.75,196.8,223.9,232.35,223.9,361,3024.01,59.29,15600,450,11027.7
NIFTY,31-Jan-2018,22-Feb-2018,CE,11000,199.8,213.5,168.05,193.8,195,193.8,56633,475324.15,8101.9,2981625,182250,11027.7
NIFTY,31-Jan-2018,22-Feb-2018,CE,11050,170.1,185,143.75,166.05,169.45,166.05,5113,43004.86,630.88,148500,21000,11027.7
NIFTY,31-Jan-2018,22-Feb-2018,CE,11100,148.35,157.95,121.4,141.45,142,141.45,109387,922068.74,11421.97,2384400,326700,11027.7
NIFTY,31-Jan-2018,22-Feb-2018,CE,11150,134.2,134.2,101.25,118.45,120.85,118.45,4574,38656.99,406.92,174075,9750,11027.7
NIFTY,31-Jan-2018,22-Feb-2018,CE,11200,100,111.85,81.5,97.6,99.35,97.6,123462,1046021.34,8940.54,2550525,144075,11027.7
NIFTY,31-Jan-2018,22-Feb-2018,CE,11250,85.3,91.2,66.5,79.45,80.8,79.45,5551,47157.1,320.54,206100,90000,11027.7
NIFTY,31-Jan-2018,22-Feb-2018,CE,11300,67.25,73.55,51.8,63.55,64.6,63.55,108979,928735.2,5138.18,2697375,883800,11027.7
NIFTY,31-Jan-2018,22-Feb-2018,CE,11350,60,60,40.6,50.85,51.8,50.85,2593,22169.88,96.97,82725,26250,11027.7
NIFTY,31-Jan-2018,22-Feb-2018,CE,11400,42.4,47.1,31.75,40.65,41.45,40.65,93295,800411.11,2738.86,2834400,801075,11027.7
NIFTY,31-Jan-2018,22-Feb-2018,CE,11450,35.95,37,24.95,32.15,32.75,32.15,2973,25600.46,69.83,83475,21000,11027.7
NIFTY,31-Jan-2018,22-Feb-2018,CE,11500,27,29,18.4,24.9,25.85,24.9,136079,1176062.82,2381.45,4108275,1140075,11027.7
NIFTY,31-Jan-2018,22-Feb-2018,CE,11550,22,22.95,6.5,19.5,20.45,19.5,2572,22315.59,35.64,71850,2250,11027.7
NIFTY,31-Jan-2018,22-Feb-2018,CE,11600,18.8,18.8,11.05,15,15.7,15,41462,361153.4,434,1119075,213675,11027.7
NIFTY,31-Jan-2018,22-Feb-2018,CE,11650,12.55,13.15,9,12.05,12.05,12.05,914,7993.61,7.54,68025,12075,11027.7
NIFTY,31-Jan-2018,22-Feb-2018,CE,10150,0,0,0,344.1,0,916.6,0,0,0,0,0,11027.7
NIFTY,31-Jan-2018,22-Feb-2018,CE,10200,878.5,878.7,825,858.5,864.9,858.5,85,704.36,54.11,289200,-750,11027.7
NIFTY,31-Jan-2018,22-Feb-2018,CE,10250,0,0,0,385.05,385.05,817.05,0,0,0,0,0,11027.7
NIFTY,31-Jan-2018,22-Feb-2018,CE,10300,778,784.1,727,763.3,765.45,763.3,120,995.17,68.17,323475,-3000,11027.7
NIFTY,31-Jan-2018,22-Feb-2018,CE,10350,611,611,611,611,611,611,1,8.22,.46,75,75,11027.7
NIFTY,31-Jan-2018,22-Feb-2018,CE,10400,684.8,692.25,637.15,670.25,676.05,670.25,818,6796.63,416.23,446400,-32850,11027.7
NIFTY,31-Jan-2018,22-Feb-2018,CE,10450,610,610,610,610,610,610,1,8.3,.46,600,0,11027.7
NIFTY,31-Jan-2018,22-Feb-2018,CE,10500,593.6,599.75,544,579.85,582.85,579.85,3508,29134.67,1509.17,999825,-115875,11027.7
NIFTY,31-Jan-2018,22-Feb-2018,CE,10550,0,0,0,560.85,560.85,521.35,0,0,0,12450,0,11027.7
NIFTY,31-Jan-2018,22-Feb-2018,CE,10600,475,510,455,490.3,490,490.3,915,7604.71,330.46,568950,-24225,11027.7
NIFTY,31-Jan-2018,22-Feb-2018,CE,10650,0,0,0,475.05,475.05,426.45,0,0,0,23475,0,11027.7
NIFTY,31-Jan-2018,22-Feb-2018,CE,10700,410,425,372,403.2,407,403.2,2036,16950.09,611.19,1180350,2025,11027.7
NIFTY,31-Jan-2018,22-Feb-2018,CE,10750,390.7,390.7,345.1,358.95,358.95,358.95,16,133.31,4.31,17100,-150,11027.7
NIFTY,31-Jan-2018,22-Feb-2018,CE,10800,335.5,350.5,297.6,326.1,330.35,326.1,7293,60851.4,1778.1,1353375,-192750,11027.7
NIFTY,31-Jan-2018,22-Feb-2018,CE,10850,278.7,291.15,268.95,287.1,283.8,287.1,49,409.15,10.41,23625,0,11027.7
NIFTY,31-Jan-2018,22-Feb-2018,CE,10900,267,278,227.65,255.15,257.05,255.15,13639,114089.77,2590.95,1094925,134850,11027.7
NIFTY,31-Jan-2018,22-Feb-2018,CE,9800,1250,1250,1250,1250,1250,1250,8,66.3,7.5,53250,600,11027.7
NIFTY,31-Jan-2018,22-Feb-2018,CE,9850,0,0,0,565.2,0,1215.4,0,0,0,0,0,11027.7
NIFTY,31-Jan-2018,22-Feb-2018,CE,9900,1156.65,1156.65,1117,1118.55,1118.55,1118.55,10,82.72,8.47,88500,-750,11027.7
NIFTY,31-Jan-2018,22-Feb-2018,CE,9950,0,0,0,1130,1130,1115.8,0,0,0,150,0,11027.7
NIFTY,01-Feb-2018,22-Feb-2018,CE,9800,1290,1300,1150,1260,1260,1260,36,297.77,33.17,53175,-75,11016.9
NIFTY,01-Feb-2018,22-Feb-2018,CE,9850,0,0,0,565.2,0,1202.9,0,0,0,0,0,11016.9
NIFTY,01-Feb-2018,22-Feb-2018,CE,9900,1202.6,1202.6,1025.65,1080.45,1080.45,1080.45,60,493.99,48.49,86775,-1725,11016.9
NIFTY,01-Feb-2018,22-Feb-2018,CE,9950,0,0,0,1130,1130,1103.25,0,0,0,150,0,11016.9
NIFTY,01-Feb-2018,22-Feb-2018,CE,10000,1075,1120.15,882,1023.25,1026.15,1023.25,1294,10689.85,984.85,1110150,-33075,11016.9
NIFTY,01-Feb-2018,22-Feb-2018,CE,10050,0,0,0,411.75,0,1003.65,0,0,0,0,0,11016.9
NIFTY,01-Feb-2018,22-Feb-2018,CE,10100,1002.9,1016.65,801,929.4,934.8,929.4,228,1885.78,158.68,160650,-5025,11016.9
NIFTY,01-Feb-2018,22-Feb-2018,CE,10150,0,0,0,344.1,0,904,0,0,0,0,0,11016.9
NIFTY,01-Feb-2018,22-Feb-2018,CE,10200,883.7,918,695.15,834.95,841.8,834.95,504,4162.09,306.49,279600,-9600,11016.9
NIFTY,01-Feb-2018,22-Feb-2018,CE,10250,0,0,0,385.05,385.05,804.4,0,0,0,0,0,11016.9
NIFTY,01-Feb-2018,22-Feb-2018,CE,10300,783.5,825,601.05,731.65,735,731.65,633,5234.2,344.28,310500,-12975,11016.9
NIFTY,01-Feb-2018,22-Feb-2018,CE,10350,0,0,0,611,611,705,0,0,0,75,0,11016.9
NIFTY,01-Feb-2018,22-Feb-2018,CE,10400,697.5,732.75,510.8,642,645,642,1008,8344.26,481.86,441750,-4650,11016.9
NIFTY,01-Feb-2018,22-Feb-2018,CE,10450,499.4,499.4,499.4,499.4,499.4,499.4,2,16.42,.75,750,150,11016.9
NIFTY,01-Feb-2018,22-Feb-2018,CE,10500,599.25,638.2,430,545.4,552.25,545.4,2298,19055.83,959.08,983175,-16650,11016.9
NIFTY,01-Feb-2018,22-Feb-2018,CE,10550,0,0,0,560.85,560.85,508.1,0,0,0,12450,0,11016.9
NIFTY,01-Feb-2018,22-Feb-2018,CE,10600,512.1,547.85,345,451.4,454.65,451.4,2100,17456.1,761.1,572175,3225,11016.9
NIFTY,01-Feb-2018,22-Feb-2018,CE,10650,475,475,453.1,453.1,453.1,453.1,21,175.2,7.46,22350,-1125,11016.9
NIFTY,01-Feb-2018,22-Feb-2018,CE,10700,420.35,459,270,367.45,369.25,367.45,3476,28862.3,967.4,1136850,-43500,11016.9
NIFTY,01-Feb-2018,22-Feb-2018,CE,10750,250,295.1,240,295.1,295.1,295.1,5,41.3,.99,17025,-75,11016.9
NIFTY,01-Feb-2018,22-Feb-2018,CE,10800,335.4,379.95,202,288.1,290,288.1,9942,82711.09,2180.89,1326675,-26700,11016.9
NIFTY,01-Feb-2018,22-Feb-2018,CE,10850,299,333.55,175,245.15,253,245.15,216,1797.24,39.54,24300,675,11016.9
NIFTY,01-Feb-2018,22-Feb-2018,CE,10900,261.8,299.5,140.15,213.1,212.85,213.1,26029,217102.67,4315.6,1055925,-39000,11016.9
NIFTY,01-Feb-2018,22-Feb-2018,CE,10950,242.95,258.95,120,179.55,179.2,179.55,4914,40975.72,619.5,33975,18375,11016.9
NIFTY,01-Feb-2018,22-Feb-2018,CE,11000,196.15,230,97,149.95,150.9,149.95,175798,1471519.68,21186.18,3025350,43725,11016.9
NIFTY,01-Feb-2018,22-Feb-2018,CE,11050,157.1,196.85,79,124.15,124.5,124.15,18305,153624.84,1922.15,208425,59925,11016.9
NIFTY,01-Feb-2018,22-Feb-2018,CE,11100,146.3,169.3,61,100.05,100.75,100.05,292104,2457110.34,25344.54,2908500,524100,11016.9
NIFTY,01-Feb-2018,22-Feb-2018,CE,11150,125.05,142,48.95,80.15,79.3,80.15,12326,104003.87,927.7,223125,49050,11016.9
NIFTY,01-Feb-2018,22-Feb-2018,CE,11200,102.65,118,35.7,62.1,62,62.1,360396,3048172.95,20846.55,3123975,573450,11016.9
NIFTY,01-Feb-2018,22-Feb-2018,CE,11250,85,95.75,25,48,48.45,48,11509,97665.95,558.76,209550,3450,11016.9
NIFTY,01-Feb-2018,22-Feb-2018,CE,11300,65.95,77,21,36.4,36.25,36.4,339671,2890802.7,12090.98,3024150,326775,11016.9
NIFTY,01-Feb-2018,22-Feb-2018,CE,11350,50,61.5,15.05,27.75,26.95,27.75,7760,66283.94,226.94,126375,43650,11016.9
NIFTY,01-Feb-2018,22-Feb-2018,CE,11400,48.45,48.45,12.35,20.65,19.55,20.65,271913,2330620.39,5764.24,3531600,697200,11016.9
NIFTY,01-Feb-2018,22-Feb-2018,CE,11450,35,36.9,8.8,15.95,15.25,15.95,5525,47536.68,90.74,130125,46650,11016.9
NIFTY,01-Feb-2018,22-Feb-2018,CE,11500,27.95,27.95,7.1,12.25,12,12.25,316971,2737913.2,4038.32,6124275,2016000,11016.9
NIFTY,01-Feb-2018,22-Feb-2018,CE,11550,31.85,31.85,5.55,9.45,9.85,9.45,3912,33926.47,38.77,115875,44025,11016.9
NIFTY,01-Feb-2018,22-Feb-2018,CE,11600,16,16.65,4.8,7.15,7.2,7.15,93958,818117.92,683.32,1711875,592800,11016.9
NIFTY,01-Feb-2018,22-Feb-2018,CE,11650,12,12.55,4,6.15,6,6.15,1915,16744.21,11.9,90225,22200,11016.9
NIFTY,02-Feb-2018,22-Feb-2018,CE,9800,1140,1140,997.35,998.4,998.4,998.4,57,464.52,45.57,51600,-1575,10760.6
NIFTY,02-Feb-2018,22-Feb-2018,CE,9850,0,0,0,565.2,0,945.35,0,0,0,0,0,10760.6
NIFTY,02-Feb-2018,22-Feb-2018,CE,9900,1020,1020,857,865.1,867.55,865.1,129,1051.01,93.18,85350,-1425,10760.6
NIFTY,02-Feb-2018,22-Feb-2018,CE,9950,0,0,0,1130,1130,846.35,0,0,0,150,0,10760.6
NIFTY,02-Feb-2018,22-Feb-2018,CE,10000,935.3,942.4,737.95,758.15,741.5,758.15,2180,17708.99,1358.99,1132200,22050,10760.6
NIFTY,02-Feb-2018,22-Feb-2018,CE,10050,0,0,0,411.75,0,748.1,0,0,0,0,0,10760.6
NIFTY,02-Feb-2018,22-Feb-2018,CE,10100,820,841.95,651,675.7,651,675.7,164,1335.69,93.39,158550,-2100,10760.6
NIFTY,02-Feb-2018,22-Feb-2018,CE,10150,0,0,0,344.1,0,651.25,0,0,0,0,0,10760.6
NIFTY,02-Feb-2018,22-Feb-2018,CE,10200,740,750,555.6,578.3,558.85,578.3,517,4205.81,250.76,273900,-5700,10760.6
NIFTY,02-Feb-2018,22-Feb-2018,CE,10250,0,0,0,385.05,385.05,556.8,0,0,0,0,0,10760.6
NIFTY,02-Feb-2018,22-Feb-2018,CE,10300,650,654.05,466.4,484.55,466.4,484.55,536,4369.17,228.57,303750,-6750,10760.6
NIFTY,02-Feb-2018,22-Feb-2018,CE,10350,500,500,500,500,500,500,1,8.14,.38,75,0,10760.6
NIFTY,02-Feb-2018,22-Feb-2018,CE,10400,555.15,564.1,380.2,403.2,382.15,403.2,3047,24886.51,1119.91,424425,-17325,10760.6
NIFTY,02-Feb-2018,22-Feb-2018,CE,10450,0,0,0,499.4,499.4,380.7,0,0,0,750,0,10760.6
NIFTY,02-Feb-2018,22-Feb-2018,CE,10500,468.95,474,299,316.2,305,316.2,6170,50379.25,1790.5,972975,-10200,10760.6
NIFTY,02-Feb-2018,22-Feb-2018,CE,10550,342,431.05,254.95,271.6,254.95,271.6,8,65.15,1.85,12525,75,10760.6
NIFTY,02-Feb-2018,22-Feb-2018,CE,10600,370.9,383.95,219.8,230.9,224.5,230.9,5030,41096.23,1107.73,569250,-2925,10760.6
NIFTY,02-Feb-2018,22-Feb-2018,CE,10650,280,289.4,182.5,196.5,194.45,196.5,51,415.9,8.53,23100,750,10760.6
NIFTY,02-Feb-2018,22-Feb-2018,CE,10700,295.05,300,155,165.75,158,165.75,19893,162769.05,3127.73,1301925,165075,10760.6
NIFTY,02-Feb-2018,22-Feb-2018,CE,10750,230.2,230.2,128.25,137.5,131,137.5,1909,15605.78,214.47,75000,57975,10760.6
NIFTY,02-Feb-2018,22-Feb-2018,CE,10800,218.25,226.7,102,112.2,104.25,112.2,90209,740549.59,9856.69,2392800,1066125,10760.6
NIFTY,02-Feb-2018,22-Feb-2018,CE,10850,179.15,189,81.1,89.3,83,89.3,8713,71749.06,847.03,167025,142725,10760.6
NIFTY,02-Feb-2018,22-Feb-2018,CE,10900,149.9,164.1,62.1,70.95,64.8,70.95,178571,1473925.12,14107.2,2931450,1875525,10760.6
NIFTY,02-Feb-2018,22-Feb-2018,CE,10950,120.3,128.2,48.2,54.75,51.2,54.75,10787,89322.41,734.17,164175,130200,10760.6
NIFTY,02-Feb-2018,22-Feb-2018,CE,11000,109.45,124.9,36.9,42.5,38.3,42.5,324600,2694870.94,16920.94,4710825,1685475,10760.6
NIFTY,02-Feb-2018,22-Feb-2018,CE,11050,73.6,83.4,28.85,32.6,30.15,32.6,8963,74654.2,373.34,232425,24000,10760.6
NIFTY,02-Feb-2018,22-Feb-2018,CE,11100,60,74.9,21.5,24.65,22,24.65,269494,2252077.64,8540.09,3068925,160425,10760.6
NIFTY,02-Feb-2018,22-Feb-2018,CE,11150,40.45,50.85,17.4,19.6,17.8,19.6,9308,78054.96,216.81,357600,134475,10760.6
NIFTY,02-Feb-2018,22-Feb-2018,CE,11200,40,40.05,13.3,14.95,13.5,14.95,275410,2318539.01,5095.01,4233450,1109475,10760.6
NIFTY,02-Feb-2018,22-Feb-2018,CE,11250,29.05,29.05,11.3,12.25,11.4,12.25,8880,75045.22,120.22,300375,90825,10760.6
NIFTY,02-Feb-2018,22-Feb-2018,CE,11300,26,26,8.4,9.5,9,9.5,182133,1545526.72,1949.55,3509325,485175,10760.6
NIFTY,02-Feb-2018,22-Feb-2018,CE,11350,16,16,7,7.85,7.55,7.85,2756,23483.49,23.04,161025,34650,10760.6
NIFTY,02-Feb-2018,22-Feb-2018,CE,11400,15,15,5.55,6.35,6.4,6.35,162782,1392801.35,1015.25,3159975,-371625,10760.6
NIFTY,02-Feb-2018,22-Feb-2018,CE,11450,10,10.05,5.25,6.1,6,6.1,2782,23905.93,15.5,149175,19050,10760.6
NIFTY,02-Feb-2018,22-Feb-2018,CE,11500,8.4,8.4,3.65,5,5.1,5,144428,1246296.66,605.16,6529875,405600,10760.6
NIFTY,02-Feb-2018,22-Feb-2018,CE,11550,5.95,7.4,4.05,4.85,4.8,4.85,1640,14212.62,6.12,123075,7200,10760.6
NIFTY,02-Feb-2018,22-Feb-2018,CE,11600,4.85,4.9,3.25,3.85,3.55,3.85,49632,431941.67,143.27,1722300,10425,10760.6
NIFTY,02-Feb-2018,22-Feb-2018,CE,11650,3.25,5,3.1,3.85,3.25,3.85,699,6109.36,1.85,76575,-13650,10760.6
NIFTY,05-Feb-2018,22-Feb-2018,CE,9800,854.1,909.95,830,865,865,865,42,335.96,27.26,51300,-300,10666.55
NIFTY,05-Feb-2018,22-Feb-2018,CE,9850,0,0,0,565.2,0,846.3,0,0,0,0,0,10666.55
NIFTY,05-Feb-2018,22-Feb-2018,CE,9900,760,817.6,747,786.85,786.85,786.85,52,416.45,30.35,85275,-75,10666.55
NIFTY,05-Feb-2018,22-Feb-2018,CE,9950,0,0,0,1130,1130,747.45,0,0,0,150,0,10666.55
NIFTY,05-Feb-2018,22-Feb-2018,CE,10000,610.1,760,610,684.15,710,684.15,2104,16842.87,1062.87,1153050,20850,10666.55
NIFTY,05-Feb-2018,22-Feb-2018,CE,10050,0,0,0,411.75,0,649.6,0,0,0,0,0,10666.55
NIFTY,05-Feb-2018,22-Feb-2018,CE,10100,567.35,629,550,598.8,616.5,598.8,240,1922.32,104.32,158775,225,10666.55
NIFTY,05-Feb-2018,22-Feb-2018,CE,10150,0,0,0,344.1,0,553.8,0,0,0,0,0,10666.55
NIFTY,05-Feb-2018,22-Feb-2018,CE,10200,476.45,541.55,462.4,508.8,528.65,508.8,1500,12035.79,560.79,261450,-12450,10666.55
NIFTY,05-Feb-2018,22-Feb-2018,CE,10250,0,0,0,385.05,385.05,461.25,0,0,0,0,0,10666.55
NIFTY,05-Feb-2018,22-Feb-2018,CE,10300,330,449,330,423.85,439.95,423.85,971,7797.03,296.05,305250,1500,10666.55
NIFTY,05-Feb-2018,22-Feb-2018,CE,10350,399.6,399.6,399.6,399.6,399.6,399.6,1,8.06,.3,75,0,10666.55
NIFTY,05-Feb-2018,22-Feb-2018,CE,10400,258.5,364.25,258.5,339.45,353.5,339.45,3945,31731.19,960.19,412350,-12075,10666.55
NIFTY,05-Feb-2018,22-Feb-2018,CE,10450,274,285.35,265.55,284.65,285.35,284.65,8,64.37,1.67,825,75,10666.55
NIFTY,05-Feb-2018,22-Feb-2018,CE,10500,208.9,282.7,206.55,254.55,270,254.55,17802,143452.45,3261.7,1009200,36225,10666.55
NIFTY,05-Feb-2018,22-Feb-2018,CE,10550,181.5,239.05,181.5,215.55,239.05,215.55,535,4314.85,81.66,16875,4350,10666.55
NIFTY,05-Feb-2018,22-Feb-2018,CE,10600,150.8,206.9,138.9,182,195.1,182,74299,600478.82,9801.77,1079475,510225,10666.55
NIFTY,05-Feb-2018,22-Feb-2018,CE,10650,142,173,123.3,155.05,160,155.05,6889,55781.84,755.95,84975,61875,10666.55
NIFTY,05-Feb-2018,22-Feb-2018,CE,10700,103.85,142.2,85.35,125.3,134.7,125.3,190823,1548387,17032.42,2268225,966300,10666.55
NIFTY,05-Feb-2018,22-Feb-2018,CE,10750,77.1,115,76.35,101.9,109.4,101.9,9113,74127.33,653.77,101400,26400,10666.55
NIFTY,05-Feb-2018,22-Feb-2018,CE,10800,52.15,91.85,52.15,80.35,87,80.35,212797,1735597.28,11941.58,2822625,429825,10666.55
NIFTY,05-Feb-2018,22-Feb-2018,CE,10850,55.3,71.25,41,63.15,68.05,63.15,9240,75593.69,403.19,141000,-26025,10666.55
NIFTY,05-Feb-2018,22-Feb-2018,CE,10900,44.9,55.5,26.05,48.45,52.4,48.45,195416,1604070.97,6545.17,2981250,49800,10666.55
NIFTY,05-Feb-2018,22-Feb-2018,CE,10950,27.5,42.6,24.05,38.25,40.65,38.25,5971,49187.57,150.73,148950,-15225,10666.55
NIFTY,05-Feb-2018,22-Feb-2018,CE,11000,26,32.2,15.8,28.65,30.9,28.65,284561,2353248.06,5619.81,4564950,-145875,10666.55
NIFTY,05-Feb-2018,22-Feb-2018,CE,11050,19.25,25,10,22.85,23.4,22.85,6813,56569.25,106.51,361875,129450,10666.55
NIFTY,05-Feb-2018,22-Feb-2018,CE,11100,6.75,18.9,6.75,17.25,18,17.25,150424,1254071.4,1791.6,3045900,-23025,10666.55
NIFTY,05-Feb-2018,22-Feb-2018,CE,11150,12.9,15.05,8.8,14.05,14.3,14.05,3550,29720.43,33.55,385425,27825,10666.55
NIFTY,05-Feb-2018,22-Feb-2018,CE,11200,9.9,12,5.05,11.1,11.4,11.1,115805,973632.15,870.15,4239525,6075,10666.55
NIFTY,05-Feb-2018,22-Feb-2018,CE,11250,1.65,9.95,1.65,9.3,9.7,9.3,2300,19419.97,13.72,297075,-3300,10666.55
NIFTY,05-Feb-2018,22-Feb-2018,CE,11300,6.15,8.2,4.8,7.5,7.5,7.5,65974,559470.45,340.8,3389700,-119625,10666.55
NIFTY,05-Feb-2018,22-Feb-2018,CE,11350,7.4,7.4,4.05,6.5,6.55,6.5,2813,23958.64,12.98,175125,14100,10666.55
NIFTY,05-Feb-2018,22-Feb-2018,CE,11400,3.55,6,3.5,5.1,4.75,5.1,51071,436843.68,186.63,2710500,-449475,10666.55
NIFTY,05-Feb-2018,22-Feb-2018,CE,11450,3.35,6,3.35,5.1,4.9,5.1,1377,11829.99,5,146775,-2400,10666.55
NIFTY,05-Feb-2018,22-Feb-2018,CE,11500,5.1,5.15,3.05,4.4,4.25,4.4,76684,661642.25,242.75,6215625,-314250,10666.55
NIFTY,05-Feb-2018,22-Feb-2018,CE,11550,3.65,4.6,3.3,4.4,4.4,4.4,493,4272.09,1.48,117225,-5850,10666.55
NIFTY,05-Feb-2018,22-Feb-2018,CE,11600,3,4.15,2.55,3.75,3.7,3.75,15781,137335.53,40.83,1557000,-165300,10666.55
NIFTY,05-Feb-2018,22-Feb-2018,CE,11650,3,5.2,0.8,4.05,4.45,4.05,406,3548.47,1.04,74025,-2550,10666.55
NIFTY,06-Feb-2018,22-Feb-2018,CE,9800,600,818.1,576.5,718.3,724.2,718.3,240,1879.82,115.82,53700,2400,10498.25
NIFTY,06-Feb-2018,22-Feb-2018,CE,9850,0,0,0,565.2,0,679.05,0,0,0,0,0,10498.25
NIFTY,06-Feb-2018,22-Feb-2018,CE,9900,562,713.3,497,650,670,650,187,1464.17,75.7,86325,1050,10498.25
NIFTY,06-Feb-2018,22-Feb-2018,CE,9950,623,623,623,623,623,623,1,7.93,.47,225,75,10498.25
NIFTY,06-Feb-2018,22-Feb-2018,CE,10000,356.6,635,356.6,556.25,577.2,556.25,10800,84760.47,3760.47,1321500,168450,10498.25
NIFTY,06-Feb-2018,22-Feb-2018,CE,10050,0,0,0,411.75,0,490.15,0,0,0,0,0,10498.25
NIFTY,06-Feb-2018,22-Feb-2018,CE,10100,449.7,545.85,324.95,462.85,489.3,462.85,3314,26070.94,967.39,180075,21300,10498.25
NIFTY,06-Feb-2018,22-Feb-2018,CE,10150,326.35,410.9,280.95,410.9,410.9,410.9,25,196.05,5.73,1650,1650,10498.25
NIFTY,06-Feb-2018,22-Feb-2018,CE,10200,360,466.65,214.55,384.55,414.95,384.55,13568,106990.91,3195.71,296775,35325,10498.25
NIFTY,06-Feb-2018,22-Feb-2018,CE,10250,263.15,417.85,237.1,353.3,353.3,353.3,660,5206.22,132.47,9000,9000,10498.25
NIFTY,06-Feb-2018,22-Feb-2018,CE,10300,294.15,383.85,194.5,307.65,332.15,307.65,78752,623036.03,14676.83,590550,285300,10498.25
NIFTY,06-Feb-2018,22-Feb-2018,CE,10350,236.6,342.35,164,265.65,288.7,265.65,5702,45159.87,898.09,35850,35775,10498.25
NIFTY,06-Feb-2018,22-Feb-2018,CE,10400,207.05,305.8,139.3,238.25,260.8,238.25,156497,1242853.33,22176.73,1309125,896775,10498.25
NIFTY,06-Feb-2018,22-Feb-2018,CE,10450,142.65,268,115,203.25,225.95,203.25,7396,58904.26,938.11,32400,31575,10498.25
NIFTY,06-Feb-2018,22-Feb-2018,CE,10500,119.95,233.15,95.7,174,192,174,272819,2177270.57,28820.95,2525325,1516125,10498.25
NIFTY,06-Feb-2018,22-Feb-2018,CE,10550,69.6,201,69.6,147.65,164,147.65,9082,72736.35,875.03,62700,45825,10498.25
NIFTY,06-Feb-2018,22-Feb-2018,CE,10600,66.4,172.5,60.1,122.55,138,122.55,281407,2258250.65,21065,1964550,885075,10498.25
NIFTY,06-Feb-2018,22-Feb-2018,CE,10650,50.3,145,45.7,100,113.8,100,11435,92070.71,733.64,82725,-2250,10498.25
NIFTY,06-Feb-2018,22-Feb-2018,CE,10700,43.95,121.75,38,80.35,92.5,80.35,285713,2307632.69,14785.87,2690775,422550,10498.25
NIFTY,06-Feb-2018,22-Feb-2018,CE,10750,52,101.1,25.05,66.8,73.4,66.8,9651,78224.98,413.79,110475,9075,10498.25
NIFTY,06-Feb-2018,22-Feb-2018,CE,10800,21.8,83.2,21.8,52,59,52,303864,2471026.05,9727.65,2593275,-229350,10498.25
NIFTY,06-Feb-2018,22-Feb-2018,CE,10850,45,67.25,17.45,41.65,47.6,41.65,11284,92117.25,293.7,108375,-32625,10498.25
NIFTY,06-Feb-2018,22-Feb-2018,CE,10900,30,53.8,16,32.9,36.6,32.9,219890,1801977.62,4376.87,2117400,-863850,10498.25
NIFTY,06-Feb-2018,22-Feb-2018,CE,10950,20,42.8,12.35,28.15,29.45,28.15,9805,80675.05,151.48,156600,7650,10498.25
NIFTY,06-Feb-2018,22-Feb-2018,CE,11000,14.65,34,8.6,21.05,23.25,21.05,276546,2285110.21,3605.71,4094775,-470175,10498.25
NIFTY,06-Feb-2018,22-Feb-2018,CE,11050,10.25,27.55,3.6,16.05,18.3,16.05,9154,75961.39,97.62,296700,-65175,10498.25
NIFTY,06-Feb-2018,22-Feb-2018,CE,11100,6.15,22,5.95,13.45,14.8,13.45,152332,1269486.84,1322.94,2559000,-486900,10498.25
NIFTY,06-Feb-2018,22-Feb-2018,CE,11150,14,18.25,5,11.65,12.75,11.65,4631,38761.56,34.82,395250,9825,10498.25
NIFTY,06-Feb-2018,22-Feb-2018,CE,11200,6.4,14.5,4.55,9.2,10,9.2,98152,825074.66,597.86,3526125,-713400,10498.25
NIFTY,06-Feb-2018,22-Feb-2018,CE,11250,8,11.95,0.35,8.1,8.25,8.1,2294,19367.73,12.11,279450,-17625,10498.25
NIFTY,06-Feb-2018,22-Feb-2018,CE,11300,3.9,9.85,3.6,6.65,6.6,6.65,63029,534455.44,284.67,3039225,-350475,10498.25
NIFTY,06-Feb-2018,22-Feb-2018,CE,11350,3.65,20,3.15,5.85,5.05,5.85,1113,9478.34,3.92,160575,-14550,10498.25
NIFTY,06-Feb-2018,22-Feb-2018,CE,11400,3.7,6.95,3.1,4.85,5,4.85,32076,274357.1,107.3,2283075,-427425,10498.25
NIFTY,06-Feb-2018,22-Feb-2018,CE,11450,3.1,6.5,2.8,5.35,5.15,5.35,508,4364.04,1.59,136425,-10350,10498.25
NIFTY,06-Feb-2018,22-Feb-2018,CE,11500,4.4,5.85,2.2,4.4,4.6,4.4,67850,585407.39,201.14,5778675,-436950,10498.25
NIFTY,06-Feb-2018,22-Feb-2018,CE,11550,1.25,5.65,0.75,4.65,5,4.65,454,3934.09,1.31,115200,-2025,10498.25
NIFTY,06-Feb-2018,22-Feb-2018,CE,11600,3.9,4.5,2.55,3.7,3.8,3.7,12363,107588.73,30.63,1224975,-332025,10498.25
NIFTY,06-Feb-2018,22-Feb-2018,CE,11650,3.1,4,1.3,3.85,4,3.85,193,1686.82,.48,69600,-4425,10498.25
NIFTY,07-Feb-2018,22-Feb-2018,CE,9800,789.65,791.25,690.85,712.35,712.35,712.35,17,134.27,9.32,53175,-525,10476.7
NIFTY,07-Feb-2018,22-Feb-2018,CE,9850,0,0,0,565.2,0,655.15,0,0,0,0,0,10476.7
NIFTY,07-Feb-2018,22-Feb-2018,CE,9900,679,679,573.5,579.4,585.3,579.4,53,419.1,25.58,85500,-825,10476.7
NIFTY,07-Feb-2018,22-Feb-2018,CE,9950,0,0,0,623,623,558.8,0,0,0,225,0,10476.7
NIFTY,07-Feb-2018,22-Feb-2018,CE,10000,610.65,614.45,482.8,510.8,485.05,510.8,2442,19311.54,996.54,1323150,1650,10476.7
NIFTY,07-Feb-2018,22-Feb-2018,CE,10050,548.45,548.45,495,495.25,495.25,495.25,3,23.77,1.15,75,75,10476.7
NIFTY,07-Feb-2018,22-Feb-2018,CE,10100,518.05,518.9,399.05,412.7,399.05,412.7,734,5811.8,251.75,174000,-6075,10476.7
NIFTY,07-Feb-2018,22-Feb-2018,CE,10150,0,0,0,410.9,410.9,377.15,0,0,0,1650,0,10476.7
NIFTY,07-Feb-2018,22-Feb-2018,CE,10200,437.3,437.3,320.35,334.6,325.35,334.6,2067,16392.93,580.38,310725,13950,10476.7
NIFTY,07-Feb-2018,22-Feb-2018,CE,10250,358.65,358.65,294.15,294.85,294.15,294.85,47,372.74,11.42,9000,0,10476.7
NIFTY,07-Feb-2018,22-Feb-2018,CE,10300,347.15,357.5,248.4,261.95,254.3,261.95,8451,67124.35,1840.37,608250,17700,10476.7
NIFTY,07-Feb-2018,22-Feb-2018,CE,10350,308.15,312.15,212.8,226.95,212.8,226.95,435,3460.93,84.25,18000,-17850,10476.7
NIFTY,07-Feb-2018,22-Feb-2018,CE,10400,277.65,289.8,184.05,198.95,190,198.95,27572,219795.95,4734.35,1151250,-157875,10476.7
NIFTY,07-Feb-2018,22-Feb-2018,CE,10450,234.9,239,156.6,167.85,161.55,167.85,3118,24864.71,427.39,37725,5325,10476.7
NIFTY,07-Feb-2018,22-Feb-2018,CE,10500,211.05,220.3,129.7,141.75,135.55,141.75,129646,1036509.61,15547.36,2956500,431175,10476.7
NIFTY,07-Feb-2018,22-Feb-2018,CE,10550,181.9,191.75,107.8,117.55,111.1,117.55,7856,62957.82,797.22,112650,49950,10476.7
NIFTY,07-Feb-2018,22-Feb-2018,CE,10600,153.55,155,88.2,98.05,91.35,98.05,187098,1503258.66,15829.56,2588775,624225,10476.7
NIFTY,07-Feb-2018,22-Feb-2018,CE,10650,136.35,146.55,71.3,79.05,74.75,79.05,6148,49545.66,438.51,116550,33825,10476.7
NIFTY,07-Feb-2018,22-Feb-2018,CE,10700,102.4,108,57.05,63.75,59.5,63.75,202290,1634795.27,11418.02,3465075,774300,10476.7
NIFTY,07-Feb-2018,22-Feb-2018,CE,10750,99,99.05,44.55,49.1,46.55,49.1,12820,103912.06,550.81,471825,361350,10476.7
NIFTY,07-Feb-2018,22-Feb-2018,CE,10800,78.7,78.7,36.7,41.6,37.95,41.6,194861,1585541.86,7167.76,3280425,687150,10476.7
NIFTY,07-Feb-2018,22-Feb-2018,CE,10850,65,70.45,30,32.95,31.4,32.95,3319,27105.01,96.65,132450,24075,10476.7
NIFTY,07-Feb-2018,22-Feb-2018,CE,10900,45.05,45.45,23.75,26.85,25.25,26.85,137737,1129161.16,3161.18,2254125,136725,10476.7
NIFTY,07-Feb-2018,22-Feb-2018,CE,10950,31,35.05,19.95,21.2,20.6,21.2,2838,23362.4,55.32,167175,10575,10476.7
NIFTY,07-Feb-2018,22-Feb-2018,CE,11000,29.55,29.55,15.95,17.75,16.6,17.75,187059,1546137.28,2900.53,5532525,1437750,10476.7
NIFTY,07-Feb-2018,22-Feb-2018,CE,11050,32,32,14.3,15.35,15.3,15.35,3183,26420.39,41.28,260625,-36075,10476.7
NIFTY,07-Feb-2018,22-Feb-2018,CE,11100,19.35,19.35,11.5,13.3,13,13.3,110117,917961.18,1237.16,5561100,3002100,10476.7
NIFTY,07-Feb-2018,22-Feb-2018,CE,11150,20,20,10.5,11.6,12.05,11.6,1629,13637.85,15.34,400275,5025,10476.7
NIFTY,07-Feb-2018,22-Feb-2018,CE,11200,15.95,16.45,8.9,9.45,9.45,9.45,71613,602103.01,553.81,4505550,979425,10476.7
NIFTY,07-Feb-2018,22-Feb-2018,CE,11250,16.8,16.8,7.05,8.1,8.7,8.1,872,7363.2,5.7,285075,5625,10476.7
NIFTY,07-Feb-2018,22-Feb-2018,CE,11300,8.9,10.45,6.55,7.15,7.3,7.15,32253,273522.99,178.82,3119550,80325,10476.7
NIFTY,07-Feb-2018,22-Feb-2018,CE,11350,10,10,5.65,6.6,7,6.6,491,4182.04,2.4,165975,5400,10476.7
NIFTY,07-Feb-2018,22-Feb-2018,CE,11400,7.3,7.4,4.8,5.6,5.85,5.6,21577,184573.09,89.74,2592075,309000,10476.7
NIFTY,07-Feb-2018,22-Feb-2018,CE,11450,5.2,5.95,5,5.25,5.1,5.25,683,5868.02,2.76,130575,-5850,10476.7
NIFTY,07-Feb-2018,22-Feb-2018,CE,11500,5.45,5.9,4.2,4.7,4.9,4.7,34290,295870.7,119.45,5709300,-69375,10476.7
NIFTY,07-Feb-2018,22-Feb-2018,CE,11550,5,6,3,4.65,4.95,4.65,82,710.62,.29,115875,675,10476.7
NIFTY,07-Feb-2018,22-Feb-2018,CE,11600,5.9,5.9,3.25,3.75,4.1,3.75,5023,43714.33,14.23,1243575,18600,10476.7
NIFTY,07-Feb-2018,22-Feb-2018,CE,11650,4,6,3.75,4.15,4,4.15,127,1110.08,.42,72450,2850,10476.7
NIFTY,08-Feb-2018,22-Feb-2018,CE,9800,693.2,825.7,693.2,767.15,767.15,767.15,14,111.05,8.15,52950,-225,10576.85
NIFTY,08-Feb-2018,22-Feb-2018,CE,9850,0,0,0,565.2,0,751.9,0,0,0,0,0,10576.85
NIFTY,08-Feb-2018,22-Feb-2018,CE,9900,634.4,738,634,685.65,688,685.65,80,634.69,40.69,85200,-300,10576.85
NIFTY,08-Feb-2018,22-Feb-2018,CE,9950,0,0,0,623,623,653.6,0,0,0,225,0,10576.85
NIFTY,08-Feb-2018,22-Feb-2018,CE,10000,500,642.5,500,587.55,589,587.55,2907,23093.1,1290.6,1294575,-28575,10576.85
NIFTY,08-Feb-2018,22-Feb-2018,CE,10050,0,0,0,495.25,495.25,557.05,0,0,0,75,0,10576.85
NIFTY,08-Feb-2018,22-Feb-2018,CE,10100,418.25,560.05,418.25,495.7,493.5,495.7,765,6079.35,284.48,170175,-3825,10576.85
NIFTY,08-Feb-2018,22-Feb-2018,CE,10150,0,0,0,410.9,410.9,463.55,0,0,0,1650,0,10576.85
NIFTY,08-Feb-2018,22-Feb-2018,CE,10200,344.15,463.9,338.2,410.15,410.45,410.15,2170,17272.07,671.57,309150,-1575,10576.85
NIFTY,08-Feb-2018,22-Feb-2018,CE,10250,370,395.85,345.35,345.35,345.35,345.35,23,183.2,6.38,9225,225,10576.85
NIFTY,08-Feb-2018,22-Feb-2018,CE,10300,273.55,379.85,261.35,324.45,324.5,324.45,5702,45449.78,1401.83,569925,-38325,10576.85
NIFTY,08-Feb-2018,22-Feb-2018,CE,10350,240,330.6,240,285.2,284.9,285.2,135,1077.51,29.57,19800,1800,10576.85
NIFTY,08-Feb-2018,22-Feb-2018,CE,10400,198.6,299,194.15,247.35,249,247.35,19465,155507.91,3680.91,1038975,-112275,10576.85
NIFTY,08-Feb-2018,22-Feb-2018,CE,10450,177.15,250.8,165.05,209.55,213.6,209.55,1352,10802.22,205.92,13425,-24300,10576.85
NIFTY,08-Feb-2018,22-Feb-2018,CE,10500,151.45,222.35,136.95,175.85,176,175.85,107425,860519.64,14547.76,2799375,-157125,10576.85
NIFTY,08-Feb-2018,22-Feb-2018,CE,10550,113.6,189,113.25,145.8,146.65,145.8,7832,62850.38,879.68,116775,4125,10576.85
NIFTY,08-Feb-2018,22-Feb-2018,CE,10600,100,158.9,92,119,118.35,119,206057,1657592.96,19439.81,2128500,-460275,10576.85
NIFTY,08-Feb-2018,22-Feb-2018,CE,10650,79.1,131.25,74.15,95.3,94.4,95.3,9188,74117.68,728.53,124575,8025,10576.85
NIFTY,08-Feb-2018,22-Feb-2018,CE,10700,58,107.1,58,74.45,73.95,74.45,243138,1966215.97,15033.52,3444150,-20925,10576.85
NIFTY,08-Feb-2018,22-Feb-2018,CE,10750,51.8,85.4,44.8,57.5,57.5,57.5,13852,112372.85,691.1,190425,-281400,10576.85
NIFTY,08-Feb-2018,22-Feb-2018,CE,10800,42,69,33.85,45.1,44.95,45.1,221568,1803451.84,8751.04,3053175,-227250,10576.85
NIFTY,08-Feb-2018,22-Feb-2018,CE,10850,35.3,54,25.4,34.8,34.9,34.8,4695,38348.08,142.52,138900,6450,10576.85
NIFTY,08-Feb-2018,22-Feb-2018,CE,10900,29.1,41.7,18,26.6,26.25,26.6,156891,1286227.6,3643.68,2512875,258750,10576.85
NIFTY,08-Feb-2018,22-Feb-2018,CE,10950,23.85,31.75,14.9,20.55,20.95,20.55,2707,22281.85,50.61,165300,-1875,10576.85
NIFTY,08-Feb-2018,22-Feb-2018,CE,11000,13.5,24.6,11.3,16.2,15.7,16.2,158114,1306724.91,2284.41,5191950,-340575,10576.85
NIFTY,08-Feb-2018,22-Feb-2018,CE,11050,17,19.7,10,13.6,14.4,13.6,1734,14391.67,21.14,244275,-16350,10576.85
NIFTY,08-Feb-2018,22-Feb-2018,CE,11100,14.25,15.8,8.45,11.2,10.7,11.2,93309,777729.85,932.43,5798475,237375,10576.85
NIFTY,08-Feb-2018,22-Feb-2018,CE,11150,20.05,20.05,7.05,9.55,9.3,9.55,1716,14364.36,14.31,403650,3375,10576.85
NIFTY,08-Feb-2018,22-Feb-2018,CE,11200,9.95,10.5,5.9,7.4,7.05,7.4,56496,474942.5,376.1,4217025,-288525,10576.85
NIFTY,08-Feb-2018,22-Feb-2018,CE,11250,5.75,8.95,5.5,6.35,6.45,6.35,754,6366.1,4.23,279300,-5775,10576.85
NIFTY,08-Feb-2018,22-Feb-2018,CE,11300,7.55,7.6,4.8,5.45,5.3,5.45,30025,254604.29,142.41,3068250,-51300,10576.85
NIFTY,08-Feb-2018,22-Feb-2018,CE,11350,7,7.05,4.2,4.9,4.8,4.9,517,4403.13,2.17,164025,-1950,10576.85
NIFTY,08-Feb-2018,22-Feb-2018,CE,11400,6.05,6.05,3.75,3.9,3.75,3.9,13590,116241.32,46.82,2318925,-273150,10576.85
NIFTY,08-Feb-2018,22-Feb-2018,CE,11450,5.45,5.45,4,4.5,4.45,4.5,218,1872.82,.75,122775,-7800,10576.85
NIFTY,08-Feb-2018,22-Feb-2018,CE,11500,3.5,5.05,3.35,3.6,3.45,3.6,24207,208856.62,71.25,5463225,-246075,10576.85
NIFTY,08-Feb-2018,22-Feb-2018,CE,11550,4.95,5,3.05,3.05,3.05,3.05,126,1091.84,.36,114000,-1875,10576.85
NIFTY,08-Feb-2018,22-Feb-2018,CE,11600,3.95,4,2.7,3,3,3,3255,28326.07,7.57,1210125,-33450,10576.85
NIFTY,08-Feb-2018,22-Feb-2018,CE,11650,3.95,4.95,2.6,3.85,3.9,3.85,218,1905.34,.57,72975,525,10576.85
NIFTY,09-Feb-2018,22-Feb-2018,CE,9800,634,702.85,621.1,694.55,695.9,694.55,108,847.36,53.56,48450,-4500,10454.95
NIFTY,09-Feb-2018,22-Feb-2018,CE,9850,0,0,0,565.2,0,630,0,0,0,0,0,10454.95
NIFTY,09-Feb-2018,22-Feb-2018,CE,9900,540,606.85,530,603.4,606.4,603.4,47,369.02,20.05,85425,225,10454.95
NIFTY,09-Feb-2018,22-Feb-2018,CE,9950,521.55,521.55,521.55,521.55,521.55,521.55,1,7.85,.39,300,75,10454.95
NIFTY,09-Feb-2018,22-Feb-2018,CE,10000,450,518,415.05,495.7,516,495.7,6560,51545.04,2345.04,1214400,-80175,10454.95
NIFTY,09-Feb-2018,22-Feb-2018,CE,10050,435.8,458.95,435.8,458.95,458.95,458.95,4,31.49,1.34,75,0,10454.95
NIFTY,09-Feb-2018,22-Feb-2018,CE,10100,375,434,358.85,415.15,427.75,415.15,1876,14758,547.3,167100,-3075,10454.95
NIFTY,09-Feb-2018,22-Feb-2018,CE,10150,0,0,0,410.9,410.9,353,0,0,0,1650,0,10454.95
NIFTY,09-Feb-2018,22-Feb-2018,CE,10200,269.9,349.35,269,330.45,345,330.45,4916,38733.36,1125.96,334575,25425,10454.95
NIFTY,09-Feb-2018,22-Feb-2018,CE,10250,255.25,310.25,249.15,300.4,304.7,300.4,59,465.59,12.03,9750,525,10454.95
NIFTY,09-Feb-2018,22-Feb-2018,CE,10300,221.2,273.45,195,255.9,267.05,255.9,22015,173953.65,3887.77,656775,86850,10454.95
NIFTY,09-Feb-2018,22-Feb-2018,CE,10350,160.2,231,149.75,218.55,229.2,218.55,1522,12043.53,229,22950,3150,10454.95
NIFTY,09-Feb-2018,22-Feb-2018,CE,10400,147.4,202,138.1,185,194,185,111606,884812.42,14285.62,1838475,799500,10454.95
NIFTY,09-Feb-2018,22-Feb-2018,CE,10450,115.7,169.1,115.7,158.35,165,158.35,11697,92939.85,1264.61,64350,50925,10454.95
NIFTY,09-Feb-2018,22-Feb-2018,CE,10500,135,139.9,88.45,126.95,136.85,126.95,227960,1815318.78,20133.78,3306375,507000,10454.95
NIFTY,09-Feb-2018,22-Feb-2018,CE,10550,98.1,113.75,76.7,104.75,109.6,104.75,9886,78933.78,710.8,137775,21000,10454.95
NIFTY,09-Feb-2018,22-Feb-2018,CE,10600,70.15,91.7,51.2,82.45,88.9,82.45,238040,1905943.08,13525.08,2550675,422175,10454.95
NIFTY,09-Feb-2018,22-Feb-2018,CE,10650,40,71.4,33.9,67.55,68.05,67.55,13802,110863.75,620.28,186600,62025,10454.95
NIFTY,09-Feb-2018,22-Feb-2018,CE,10700,45,55.4,30,49.85,51.9,49.85,202612,1632920.9,6959.6,3708900,264750,10454.95
NIFTY,09-Feb-2018,22-Feb-2018,CE,10750,27.7,42,25,37.15,38.45,37.15,10724,86740.41,278.16,267975,77550,10454.95
NIFTY,09-Feb-2018,22-Feb-2018,CE,10800,25,32.3,11.45,28.8,30.2,28.8,181264,1471942.49,3704.09,2991900,-61275,10454.95
NIFTY,09-Feb-2018,22-Feb-2018,CE,10850,10.1,24.25,10.1,21.9,23,21.9,3654,29792.08,57.66,145650,6750,10454.95
NIFTY,09-Feb-2018,22-Feb-2018,CE,10900,16.9,19.15,8,16.65,17,16.65,117574,962598.83,1431.38,2166975,-345900,10454.95
NIFTY,09-Feb-2018,22-Feb-2018,CE,10950,12.95,15.25,10.3,13.2,13.5,13.2,2236,18384.61,21.46,165525,225,10454.95
NIFTY,09-Feb-2018,22-Feb-2018,CE,11000,4.2,12,4.2,10,10.2,10,107688,889244.39,818.39,5374650,182700,10454.95
NIFTY,09-Feb-2018,22-Feb-2018,CE,11050,9,10.45,7.05,9.15,9.05,9.15,1020,8460.1,6.85,254025,9750,10454.95
NIFTY,09-Feb-2018,22-Feb-2018,CE,11100,7.5,9.4,3.55,7.2,7.35,7.2,78749,656021.77,436.35,5764275,-34200,10454.95
NIFTY,09-Feb-2018,22-Feb-2018,CE,11150,6.35,7.55,5,6.7,6.5,6.7,1352,11313,6.9,422175,18525,10454.95
NIFTY,09-Feb-2018,22-Feb-2018,CE,11200,5.45,6.3,4.45,5.05,5.25,5.05,45692,383992.27,179.47,4173525,-43500,10454.95
NIFTY,09-Feb-2018,22-Feb-2018,CE,11250,3.85,5.45,3.85,4.35,4.3,4.35,1033,8719.37,3.43,261600,-17700,10454.95
NIFTY,09-Feb-2018,22-Feb-2018,CE,11300,4.4,4.75,3.1,4.15,4.25,4.15,28260,239592.57,89.07,2949900,-118350,10454.95
NIFTY,09-Feb-2018,22-Feb-2018,CE,11350,3.05,4.45,3.05,3.15,3.15,3.15,108,919.65,.3,159450,-4575,10454.95
NIFTY,09-Feb-2018,22-Feb-2018,CE,11400,2.1,3.6,2.1,3.25,3.2,3.25,7877,67367.38,19.03,2242500,-76425,10454.95
NIFTY,09-Feb-2018,22-Feb-2018,CE,11450,2.75,4.25,2.75,3.95,4.25,3.95,140,1202.62,.37,122175,-600,10454.95
NIFTY,09-Feb-2018,22-Feb-2018,CE,11500,2.3,3.3,2.3,2.95,2.95,2.95,31225,269384.04,68.42,4759800,-703425,10454.95
NIFTY,09-Feb-2018,22-Feb-2018,CE,11550,2.2,3,2.15,2.55,2.8,2.55,78,675.82,.14,111525,-2475,10454.95
NIFTY,09-Feb-2018,22-Feb-2018,CE,11600,2.55,2.9,2.15,2.35,2.25,2.35,4944,43021.95,9.15,1125825,-84300,10454.95
NIFTY,09-Feb-2018,22-Feb-2018,CE,11650,1.2,3.6,1.2,2.5,2.4,2.5,118,1031.27,.24,70200,-2775,10454.95
NIFTY,12-Feb-2018,22-Feb-2018,CE,9800,724.7,760,715,760,760,760,38,300.42,21.12,48600,150,-
NIFTY,12-Feb-2018,22-Feb-2018,CE,9850,0,0,0,565.2,0,707.4,0,0,0,0,0,-
NIFTY,12-Feb-2018,22-Feb-2018,CE,9900,622.1,664,622.05,662.5,661,662.5,8,63.22,3.82,85425,0,-
NIFTY,12-Feb-2018,22-Feb-2018,CE,9950,0,0,0,521.55,521.55,608.5,0,0,0,300,0,-
NIFTY,12-Feb-2018,22-Feb-2018,CE,10000,540,565,504.8,551.2,545.05,551.2,1781,14072.14,714.64,1203825,-10575,-
NIFTY,12-Feb-2018,22-Feb-2018,CE,10050,491.3,491.3,491.3,491.3,491.3,491.3,1,7.91,.37,150,75,-
NIFTY,12-Feb-2018,22-Feb-2018,CE,10100,478.65,478.65,416.95,467.4,459.75,467.4,532,4205.73,175.83,169875,2775,-
NIFTY,12-Feb-2018,22-Feb-2018,CE,10150,500.9,500.9,500.9,500.9,500.9,500.9,1,7.99,.38,1650,0,-
NIFTY,12-Feb-2018,22-Feb-2018,CE,10200,365.9,387.45,331.9,373.4,367,373.4,1677,13287.31,458.26,339075,4500,-
NIFTY,12-Feb-2018,22-Feb-2018,CE,10250,285.35,335,285.35,323.3,313.65,323.3,10,79.24,2.36,10050,300,-
NIFTY,12-Feb-2018,22-Feb-2018,CE,10300,278.85,303.45,251.65,291.95,282.05,291.95,6085,48282.02,1275.4,623700,-33075,-
NIFTY,12-Feb-2018,22-Feb-2018,CE,10350,237.9,265.7,220.55,250.9,247.75,250.9,277,2199.11,48.9,22350,-600,-
NIFTY,12-Feb-2018,22-Feb-2018,CE,10400,204.35,223.65,180.1,213.05,206.5,213.05,34263,272493.21,5241.81,1548600,-289875,-
NIFTY,12-Feb-2018,22-Feb-2018,CE,10450,202.65,202.65,149.35,177.55,170,177.55,2588,20612.64,329.19,40725,-23625,-
NIFTY,12-Feb-2018,22-Feb-2018,CE,10500,184.8,184.8,118.25,145.95,139.9,145.95,153336,1223499.74,15978.74,3049125,-257250,-
NIFTY,12-Feb-2018,22-Feb-2018,CE,10550,118.45,123,94.45,116,111.2,116,14219,113704,1196.16,183525,45750,-
NIFTY,12-Feb-2018,22-Feb-2018,CE,10600,94.9,97,72.65,91.3,88,91.3,185776,1489154.6,12235.4,2821200,270525,-
NIFTY,12-Feb-2018,22-Feb-2018,CE,10650,72.7,74.2,55.2,67.5,66.25,67.5,12639,101590.04,636.03,339975,153375,-
NIFTY,12-Feb-2018,22-Feb-2018,CE,10700,56.3,58.3,39.8,51.85,49.85,51.85,178572,1439776.21,6735.91,3863250,154350,-
NIFTY,12-Feb-2018,22-Feb-2018,CE,10750,43.5,43.5,30.35,38,36,38,9585,77547.5,268.44,217575,-50400,-
NIFTY,12-Feb-2018,22-Feb-2018,CE,10800,30,34.4,22,27.5,26.5,27.5,116943,949619.91,2381.61,2955000,-36900,-
NIFTY,12-Feb-2018,22-Feb-2018,CE,10850,23.55,23.55,16.2,19.25,18.5,19.25,2893,23584.6,42.81,169725,24075,-
NIFTY,12-Feb-2018,22-Feb-2018,CE,10900,18.1,18.95,11.6,14,13,14,85102,696617.98,909.13,2239125,72150,-
NIFTY,12-Feb-2018,22-Feb-2018,CE,10950,13.5,13.9,8.7,9.75,9.5,9.75,1269,10431.69,10.03,157125,-8400,-
NIFTY,12-Feb-2018,22-Feb-2018,CE,11000,10.9,11.9,6.4,7.25,6.7,7.25,86202,711678.08,511.58,5285625,-89025,-
NIFTY,12-Feb-2018,22-Feb-2018,CE,11050,8.15,8.8,5.7,6.05,5.75,6.05,1156,9586.27,5.92,252975,-1050,-
NIFTY,12-Feb-2018,22-Feb-2018,CE,11100,7.35,9.25,4.4,4.95,4.5,4.95,63453,528503.96,257.74,5696850,-67425,-
NIFTY,12-Feb-2018,22-Feb-2018,CE,11150,5.85,6.55,3.8,4.1,3.85,4.1,1812,15159.18,6.33,423600,1425,-
NIFTY,12-Feb-2018,22-Feb-2018,CE,11200,5.35,5.4,3.05,3.25,3.05,3.25,35661,299652.07,99.67,4012875,-160650,-
NIFTY,12-Feb-2018,22-Feb-2018,CE,11250,4.5,4.5,2.9,3.05,3,3.05,640,5401.62,1.62,247425,-14175,-
NIFTY,12-Feb-2018,22-Feb-2018,CE,11300,4.3,4.3,2.5,2.8,2.5,2.8,23562,199742.33,54.38,2697150,-252750,-
NIFTY,12-Feb-2018,22-Feb-2018,CE,11350,3,3.5,2.55,2.65,2.55,2.65,209,1779.56,.45,161850,2400,-
NIFTY,12-Feb-2018,22-Feb-2018,CE,11400,4.9,4.9,2.1,2.25,2.2,2.25,8531,72954.81,14.76,2079450,-163050,-
NIFTY,12-Feb-2018,22-Feb-2018,CE,11450,2.6,3.2,1.85,2.35,2.35,2.35,396,3401.41,.76,116625,-5550,-
NIFTY,12-Feb-2018,22-Feb-2018,CE,11500,3,4,1.6,1.85,1.8,1.85,22334,192664.62,33.87,4401225,-358575,-
NIFTY,12-Feb-2018,22-Feb-2018,CE,11550,1.85,2.35,1.85,2.3,1.9,2.3,184,1594.17,.27,107550,-3975,-
NIFTY,12-Feb-2018,22-Feb-2018,CE,11600,2.25,2.3,1.55,1.75,1.7,1.75,5159,44890.16,6.86,1122225,-3600,-
NIFTY,12-Feb-2018,22-Feb-2018,CE,11650,1.5,2,1.05,1.35,1.05,1.35,185,1616.64,.2,61950,-8250,-
NIFTY,14-Feb-2018,22-Feb-2018,CE,9800,740,740,675,684,675,684,52,409.84,27.64,48150,-450,10500.9
NIFTY,14-Feb-2018,22-Feb-2018,CE,9850,0,0,0,565.2,0,664.9,0,0,0,0,0,10500.9
NIFTY,14-Feb-2018,22-Feb-2018,CE,9900,670.15,681.45,616.8,624.45,616.85,624.45,17,134.47,8.25,85350,-75,10500.9
NIFTY,14-Feb-2018,22-Feb-2018,CE,9950,0,0,0,521.55,521.55,565.6,0,0,0,300,0,10500.9
NIFTY,14-Feb-2018,22-Feb-2018,CE,10000,575.45,585,471.3,510.65,471.3,510.65,2156,17056.1,886.1,1125750,-78075,10500.9
NIFTY,14-Feb-2018,22-Feb-2018,CE,10050,476.95,476.95,476.95,476.95,476.95,476.95,1,7.9,.36,75,-75,10500.9
NIFTY,14-Feb-2018,22-Feb-2018,CE,10100,483.95,490,381.25,410.7,381.25,410.7,813,6434.92,276.45,168075,-1800,10500.9
NIFTY,14-Feb-2018,22-Feb-2018,CE,10150,0,0,0,500.9,500.9,372.25,0,0,0,1650,0,10500.9
NIFTY,14-Feb-2018,22-Feb-2018,CE,10200,381.25,399.25,294.55,324.65,295,324.65,1972,15625.77,539.97,330675,-8400,10500.9
NIFTY,14-Feb-2018,22-Feb-2018,CE,10250,351,353.5,250,250,250,250,13,103.13,3.19,9825,-225,10500.9
NIFTY,14-Feb-2018,22-Feb-2018,CE,10300,298.2,312,215.65,242.55,215.65,242.55,9061,71904.73,1908.5,594975,-28725,10500.9
NIFTY,14-Feb-2018,22-Feb-2018,CE,10350,248.35,260.5,189.9,212.75,189.9,212.75,48,381.18,8.58,21600,-750,10500.9
NIFTY,14-Feb-2018,22-Feb-2018,CE,10400,223.85,227.3,144.75,167.95,149,167.95,23234,184643.09,3417.89,1596975,48375,10500.9
NIFTY,14-Feb-2018,22-Feb-2018,CE,10450,186.55,188.2,116.5,137.3,117,137.3,1675,13317.53,189.72,50625,9900,10500.9
NIFTY,14-Feb-2018,22-Feb-2018,CE,10500,147.9,158.15,89.2,106.8,91.8,106.8,127165,1013891.41,12467.03,3369600,320475,10500.9
NIFTY,14-Feb-2018,22-Feb-2018,CE,10550,130,130,67.55,83.05,68.5,83.05,14217,113577.66,1085.65,252600,69075,10500.9
NIFTY,14-Feb-2018,22-Feb-2018,CE,10600,99.2,99.2,48.5,61.45,49,61.45,231312,1852418.98,13488.58,3778125,956925,10500.9
NIFTY,14-Feb-2018,22-Feb-2018,CE,10650,73.5,73.6,34,42.7,34.2,42.7,18575,149162.71,794.89,269025,-70950,10500.9
NIFTY,14-Feb-2018,22-Feb-2018,CE,10700,54.9,55.75,22.85,29.7,23.1,29.7,224839,1811103.57,6770.6,4163025,299775,10500.9
NIFTY,14-Feb-2018,22-Feb-2018,CE,10750,38.15,40.5,16.1,20.9,16.1,20.9,12005,97038.98,248.67,279750,62175,10500.9
NIFTY,14-Feb-2018,22-Feb-2018,CE,10800,28.3,31.1,11.3,14.75,11.3,14.75,146445,1188347.73,2143.23,2979750,24750,10500.9
NIFTY,14-Feb-2018,22-Feb-2018,CE,10850,18.9,19.75,7.55,9.7,7.55,9.7,4353,35464.28,41.74,199200,29475,10500.9
NIFTY,14-Feb-2018,22-Feb-2018,CE,10900,20,20,5.85,7.1,5.95,7.1,99233,811910.96,681.18,2079150,-159975,10500.9
NIFTY,14-Feb-2018,22-Feb-2018,CE,10950,10.8,10.8,4.1,5.05,4.1,5.05,2364,19425.48,11.13,162900,5775,10500.9
NIFTY,14-Feb-2018,22-Feb-2018,CE,11000,6.9,7.6,3.45,3.95,3.65,3.95,103556,854700.65,363.65,5121675,-163950,10500.9
NIFTY,14-Feb-2018,22-Feb-2018,CE,11050,5.3,5.3,3.15,3.4,3.3,3.4,1571,13024.23,4.56,263100,10125,10500.9
NIFTY,14-Feb-2018,22-Feb-2018,CE,11100,2.75,4.8,2.75,3.1,3,3.1,52205,434738.32,131.69,5389500,-307350,10500.9
NIFTY,14-Feb-2018,22-Feb-2018,CE,11150,3.15,3.3,2.1,2.5,2.75,2.5,2020,16896.25,4,355050,-68550,10500.9
NIFTY,14-Feb-2018,22-Feb-2018,CE,11200,3.05,3.5,2,2.2,2,2.2,27595,231846.05,48.05,3697500,-315375,10500.9
NIFTY,14-Feb-2018,22-Feb-2018,CE,11250,1.7,2.75,1.5,2,1.5,2,345,2911.47,.54,233250,-14175,10500.9
NIFTY,14-Feb-2018,22-Feb-2018,CE,11300,2.35,2.45,1.65,1.85,1.95,1.85,19141,162247.09,27.11,2709225,12075,10500.9
NIFTY,14-Feb-2018,22-Feb-2018,CE,11350,2,2.2,0.5,1.35,0.85,1.35,460,3916.19,.44,148725,-13125,10500.9
NIFTY,14-Feb-2018,22-Feb-2018,CE,11400,1.75,1.95,1.3,1.7,1.4,1.7,7942,67913.24,9.14,2041725,-37725,10500.9
NIFTY,14-Feb-2018,22-Feb-2018,CE,11450,1.35,1.9,1.25,1.45,1.55,1.45,197,1691.95,.21,111225,-5400,10500.9
NIFTY,14-Feb-2018,22-Feb-2018,CE,11500,1.85,1.9,1.1,1.4,1.3,1.4,14807,127725.13,14.76,3938400,-462825,10500.9
NIFTY,14-Feb-2018,22-Feb-2018,CE,11550,1.35,1.5,1.05,1.45,1.2,1.45,160,1386.16,.16,97650,-9900,10500.9
NIFTY,14-Feb-2018,22-Feb-2018,CE,11600,1.55,1.55,1.15,1.35,1.35,1.35,2718,23649.16,2.56,1033875,-88350,10500.9
NIFTY,14-Feb-2018,22-Feb-2018,CE,11650,0.55,1.5,0.55,0.85,0.9,0.85,79,690.32,.05,59475,-2475,10500.9
NIFTY,15-Feb-2018,22-Feb-2018,CE,9800,746.65,823,720,720,720,720,61,484.18,35.83,47400,-750,-
NIFTY,15-Feb-2018,22-Feb-2018,CE,9850,0,0,0,565.2,0,707.65,0,0,0,0,0,-
NIFTY,15-Feb-2018,22-Feb-2018,CE,9900,634,730.35,634,636.8,636.8,636.8,60,475.98,30.48,83025,-2325,-
NIFTY,15-Feb-2018,22-Feb-2018,CE,9950,0,0,0,521.55,521.55,607.9,0,0,0,300,0,-
NIFTY,15-Feb-2018,22-Feb-2018,CE,10000,528,631,511.8,553.35,559.05,553.35,1587,12586.63,684.13,1080375,-45375,-
NIFTY,15-Feb-2018,22-Feb-2018,CE,10050,0,0,0,476.95,476.95,508.7,0,0,0,75,0,-
NIFTY,15-Feb-2018,22-Feb-2018,CE,10100,440.95,534,427,461.5,467,461.5,1077,8537.95,379.67,157275,-10800,-
NIFTY,15-Feb-2018,22-Feb-2018,CE,10150,0,0,0,500.9,500.9,410.9,0,0,0,1650,0,-
NIFTY,15-Feb-2018,22-Feb-2018,CE,10200,342.7,435.95,331.05,365.2,364,365.2,2148,17038.43,606.23,296400,-34275,-
NIFTY,15-Feb-2018,22-Feb-2018,CE,10250,379.3,379.35,290.05,300.05,300.05,300.05,14,111.39,3.76,9000,-825,-
NIFTY,15-Feb-2018,22-Feb-2018,CE,10300,255,345.05,238.9,270.8,275,270.8,6714,53294.62,1428.97,572700,-22275,-
NIFTY,15-Feb-2018,22-Feb-2018,CE,10350,212.3,295,212.3,226.85,226.85,226.85,83,660.03,15.75,21150,-450,-
NIFTY,15-Feb-2018,22-Feb-2018,CE,10400,174.9,252.6,160.25,186.5,189.65,186.5,37548,298510.17,5635.77,1710675,113700,-
NIFTY,15-Feb-2018,22-Feb-2018,CE,10450,148,210,127,149.15,154,149.15,2528,20105.45,292.25,33975,-16650,-
NIFTY,15-Feb-2018,22-Feb-2018,CE,10500,115.75,172,96.15,118,119.3,118,187134,1491775.55,18095.3,3058200,-311400,-
NIFTY,15-Feb-2018,22-Feb-2018,CE,10550,91.2,134.15,68.65,86.95,87,86.95,25636,204688.49,1843.64,281325,28725,-
NIFTY,15-Feb-2018,22-Feb-2018,CE,10600,63.8,103,47.75,62.85,62,62.85,347996,2785481.48,18913.28,3558300,-219825,-
NIFTY,15-Feb-2018,22-Feb-2018,CE,10650,49.95,74.35,31.3,41.85,40.15,41.85,42555,341510.88,1602.82,835650,566625,-
NIFTY,15-Feb-2018,22-Feb-2018,CE,10700,29.45,52.7,20.9,27.95,26.6,27.95,312407,2515093.46,8027.28,3788775,-374250,-
NIFTY,15-Feb-2018,22-Feb-2018,CE,10750,18.1,35.15,12.9,17.2,15.85,17.2,25263,204112.66,429.72,410925,131175,-
NIFTY,15-Feb-2018,22-Feb-2018,CE,10800,16,24.4,9,11.65,10.7,11.65,189935,1540587.49,2113.99,2914050,-65700,-
NIFTY,15-Feb-2018,22-Feb-2018,CE,10850,10.15,15.95,5.9,7.55,6.75,7.55,8609,70119.52,63.78,224700,25500,-
NIFTY,15-Feb-2018,22-Feb-2018,CE,10900,7.05,10.9,4.4,5.3,4.6,5.3,124677,1019877.5,643.02,2013375,-65775,-
NIFTY,15-Feb-2018,22-Feb-2018,CE,10950,5.55,7.7,3.8,4.25,3.8,4.25,4701,38625.2,18.24,181350,18450,-
NIFTY,15-Feb-2018,22-Feb-2018,CE,11000,4.35,5.65,2.9,3.25,2.9,3.25,101491,837607.6,306.85,4996500,-125175,-
NIFTY,15-Feb-2018,22-Feb-2018,CE,11050,2.5,4.2,1.65,2.95,2.7,2.95,2103,17434.11,5.5,255675,-7425,-
NIFTY,15-Feb-2018,22-Feb-2018,CE,11100,2.8,3.5,2.05,2.25,2.2,2.25,42579,354557.46,87.29,5270700,-118800,-
NIFTY,15-Feb-2018,22-Feb-2018,CE,11150,2.95,2.95,1.25,1.95,1.95,1.95,1109,9276.07,2.06,330450,-24600,-
NIFTY,15-Feb-2018,22-Feb-2018,CE,11200,2,2.2,1.55,1.6,1.55,1.6,17646,148249.73,23.33,3252675,-444825,-
NIFTY,15-Feb-2018,22-Feb-2018,CE,11250,1.15,2,0.65,1.6,1.85,1.6,302,2548.43,.3,227325,-5925,-
NIFTY,15-Feb-2018,22-Feb-2018,CE,11300,1.15,1.95,1.15,1.4,1.4,1.4,13216,112021.53,15.93,2735475,26250,-
NIFTY,15-Feb-2018,22-Feb-2018,CE,11350,2,2,0.1,1.25,1.25,1.25,167,1421.75,.17,147225,-1500,-
NIFTY,15-Feb-2018,22-Feb-2018,CE,11400,1.35,1.8,1,1.2,1.1,1.2,7046,60250.92,7.62,1905600,-136125,-
NIFTY,15-Feb-2018,22-Feb-2018,CE,11450,1.1,1.7,1.05,1.5,1.5,1.5,101,867.44,.1,107700,-3525,-
NIFTY,15-Feb-2018,22-Feb-2018,CE,11500,1.1,2,1,1.1,1.1,1.1,12118,104529.27,11.52,3687525,-250875,-
NIFTY,15-Feb-2018,22-Feb-2018,CE,11550,1.05,1.65,0.75,0.85,1,0.85,90,779.71,.09,93675,-3975,-
NIFTY,15-Feb-2018,22-Feb-2018,CE,11600,1,1.4,1,1.15,1.1,1.15,3158,27477.46,2.86,935925,-97950,-
NIFTY,15-Feb-2018,22-Feb-2018,CE,11650,0.1,1.7,0.1,0.95,0.95,0.95,170,1485.5,.12,56700,-2775,-
NIFTY,16-Feb-2018,22-Feb-2018,CE,9800,772.7,773.4,651,656.1,655,656.1,70,549.83,35.33,43125,-4275,-
NIFTY,16-Feb-2018,22-Feb-2018,CE,9850,0,0,0,565.2,0,612.75,0,0,0,0,0,-
NIFTY,16-Feb-2018,22-Feb-2018,CE,9900,695.9,698.1,544.65,561.7,551,561.7,205,1612.31,90.19,75225,-7800,-
NIFTY,16-Feb-2018,22-Feb-2018,CE,9950,0,0,0,521.55,521.55,513.15,0,0,0,300,0,-
NIFTY,16-Feb-2018,22-Feb-2018,CE,10000,600.2,612,440,457.1,448.9,457.1,2044,16110.29,780.29,1019925,-60450,-
NIFTY,16-Feb-2018,22-Feb-2018,CE,10050,0,0,0,476.95,476.95,414.6,0,0,0,75,0,-
NIFTY,16-Feb-2018,22-Feb-2018,CE,10100,502,514.5,346.45,363.85,346.45,363.85,1272,10041.81,406.41,155550,-1725,-
NIFTY,16-Feb-2018,22-Feb-2018,CE,10150,0,0,0,500.9,500.9,318.85,0,0,0,1650,0,-
NIFTY,16-Feb-2018,22-Feb-2018,CE,10200,395,416,257,272.2,262,272.2,2902,22888.77,688.47,274125,-22275,-
NIFTY,16-Feb-2018,22-Feb-2018,CE,10250,364.15,365,205.55,222.05,205.55,222.05,175,1384.38,39.06,7200,-1800,-
NIFTY,16-Feb-2018,22-Feb-2018,CE,10300,296.95,323,170,184,170.95,184,12907,101909.53,2202.95,511875,-60825,-
NIFTY,16-Feb-2018,22-Feb-2018,CE,10350,263.55,269,137.65,148.55,137.8,148.55,192,1517.72,27.32,19650,-1500,-
NIFTY,16-Feb-2018,22-Feb-2018,CE,10400,210,232.65,101.05,112.65,101.05,112.65,60830,480934.32,6460.32,1864125,153450,-
NIFTY,16-Feb-2018,22-Feb-2018,CE,10450,171,190,72.65,80.5,72.7,80.5,20049,158493.7,1359.66,581175,547200,-
NIFTY,16-Feb-2018,22-Feb-2018,CE,10500,131,151.3,53.1,60.15,53.5,60.15,331490,2632208.25,21724.5,4710075,1651875,-
NIFTY,16-Feb-2018,22-Feb-2018,CE,10550,98.05,113,35,40,35.75,40,58293,463884.33,2640.97,870450,589125,-
NIFTY,16-Feb-2018,22-Feb-2018,CE,10600,74.7,82.4,24.25,28.25,24.5,28.25,527371,4211641.13,19041.68,5238150,1679850,-
NIFTY,16-Feb-2018,22-Feb-2018,CE,10650,50.1,56.05,15.1,17.2,16,17.2,83701,670463.29,1901.55,799800,-35850,-
NIFTY,16-Feb-2018,22-Feb-2018,CE,10700,33.65,37,9.1,11,9.3,11,379387,3050408.17,5827.5,4379550,590775,-
NIFTY,16-Feb-2018,22-Feb-2018,CE,10750,20,22.5,4.65,5.85,4.85,5.85,38726,312562.62,334.24,558300,147375,-
NIFTY,16-Feb-2018,22-Feb-2018,CE,10800,12.1,14.55,3.3,4.25,3.5,4.25,221109,1792324.35,1341.45,3331425,417375,-
NIFTY,16-Feb-2018,22-Feb-2018,CE,10850,8.3,8.8,2.3,2.85,2.45,2.85,13415,109213.57,49,274950,50250,-
NIFTY,16-Feb-2018,22-Feb-2018,CE,10900,5.85,6,1.7,2.35,1.95,2.35,124661,1019449.26,345.59,1914675,-98700,-
NIFTY,16-Feb-2018,22-Feb-2018,CE,10950,3.8,5,1.85,2.25,2.1,2.25,4680,38444.67,10.17,191250,9900,-
NIFTY,16-Feb-2018,22-Feb-2018,CE,11000,2.7,3.3,1.75,2,1.8,2,128496,1060326.32,234.32,4898550,-97950,-
NIFTY,16-Feb-2018,22-Feb-2018,CE,11050,3.15,3.15,1.5,1.85,1.85,1.85,663,5495.76,1.15,246600,-9075,-
NIFTY,16-Feb-2018,22-Feb-2018,CE,11100,2.25,2.5,1.45,1.7,1.45,1.7,61407,511299.51,86.24,5113050,-157650,-
NIFTY,16-Feb-2018,22-Feb-2018,CE,11150,1.95,2.4,0.85,1.1,1.35,1.1,304,2542.5,.3,319800,-10650,-
NIFTY,16-Feb-2018,22-Feb-2018,CE,11200,1.55,1.6,1.2,1.4,1.2,1.4,13628,114489.65,14.45,3135900,-116775,-
NIFTY,16-Feb-2018,22-Feb-2018,CE,11250,0.9,1.5,0.6,1.2,0.75,1.2,174,1468.24,.11,225000,-2325,-
NIFTY,16-Feb-2018,22-Feb-2018,CE,11300,1.55,1.55,1.05,1.35,1.3,1.35,7075,59967.22,6.59,2565600,-169875,-
NIFTY,16-Feb-2018,22-Feb-2018,CE,11350,0.65,0.85,0.45,0.5,0.5,0.5,150,1276.95,.07,142125,-5100,-
NIFTY,16-Feb-2018,22-Feb-2018,CE,11400,0.95,1.5,0.9,1.15,0.9,1.15,4835,41343.11,3.86,1762050,-143550,-
NIFTY,16-Feb-2018,22-Feb-2018,CE,11450,1.05,1.05,0.35,0.9,0.8,0.9,111,953.29,.07,101175,-6525,-
NIFTY,16-Feb-2018,22-Feb-2018,CE,11500,1,1.15,0.65,1.05,1,1.05,16392,141392.69,11.69,3268650,-418875,-
NIFTY,16-Feb-2018,22-Feb-2018,CE,11550,0.7,0.85,0.15,0.4,0.5,0.4,157,1360.09,.08,85125,-8550,-
NIFTY,16-Feb-2018,22-Feb-2018,CE,11600,0.7,1.15,0.7,1.1,1.05,1.1,2757,23987.84,1.94,864750,-71175,-
NIFTY,16-Feb-2018,22-Feb-2018,CE,11650,0.25,1.8,0.25,0.8,0.8,0.8,63,550.5,.04,55725,-975,-
NIFTY,19-Feb-2018,22-Feb-2018,CE,9800,645,645,504,582.75,587.15,582.75,206,1599.65,85.55,39900,-3225,-
NIFTY,19-Feb-2018,22-Feb-2018,CE,9850,0,0,0,565.2,0,533.6,0,0,0,0,0,-
NIFTY,19-Feb-2018,22-Feb-2018,CE,9900,535.8,535.8,397.65,483.25,485.1,483.25,329,2553.43,110.61,64950,-10275,-
NIFTY,19-Feb-2018,22-Feb-2018,CE,9950,0,0,0,521.55,521.55,433.7,0,0,0,300,0,-
NIFTY,19-Feb-2018,22-Feb-2018,CE,10000,444,455.9,299.85,373.75,384.55,373.75,8263,64213.64,2241.14,811275,-208650,-
NIFTY,19-Feb-2018,22-Feb-2018,CE,10050,0,0,0,476.95,476.95,334.2,0,0,0,75,0,-
NIFTY,19-Feb-2018,22-Feb-2018,CE,10100,361.85,361.85,205.05,283.6,283.6,283.6,2757,21415.53,531.25,155025,-525,-
NIFTY,19-Feb-2018,22-Feb-2018,CE,10150,251,270,159.35,212.7,212.7,212.7,31,241.65,5.66,1425,-225,-
NIFTY,19-Feb-2018,22-Feb-2018,CE,10200,287.1,300,122.2,188.05,189,188.05,32022,248972.87,4004.57,526350,252225,-
NIFTY,19-Feb-2018,22-Feb-2018,CE,10250,210,215.85,90.1,145.75,144.3,145.75,4311,33515.65,374.83,42300,35100,-
NIFTY,19-Feb-2018,22-Feb-2018,CE,10300,189.45,196.55,61,107.05,107.9,107.05,194182,1514106.19,14050.24,1353450,841575,-
NIFTY,19-Feb-2018,22-Feb-2018,CE,10350,146.4,146.4,40,72.6,73.3,72.6,58128,453927.06,2708.46,1046850,1027200,-
NIFTY,19-Feb-2018,22-Feb-2018,CE,10400,108.8,118.85,26.1,49.55,49.4,49.55,534253,4187725.51,20552.11,4163475,2299350,-
NIFTY,19-Feb-2018,22-Feb-2018,CE,10450,82.75,83.95,16.7,32.95,33.1,32.95,94170,740602.42,2545.05,929550,348375,-
NIFTY,19-Feb-2018,22-Feb-2018,CE,10500,61.75,61.75,10.75,20.55,20.6,20.55,609240,4809244.89,11479.89,4674375,-35700,-
NIFTY,19-Feb-2018,22-Feb-2018,CE,10550,37.7,39.85,6.45,11.85,12.2,11.85,108308,858226.69,1239.64,818025,-52425,-
NIFTY,19-Feb-2018,22-Feb-2018,CE,10600,24.35,30,4.15,7.05,7.25,7.05,453605,3609669.46,3509.71,4715700,-522450,-
NIFTY,19-Feb-2018,22-Feb-2018,CE,10650,16.35,16.85,3,4.35,4.3,4.35,58508,467640.96,308.31,711600,-88200,-
NIFTY,19-Feb-2018,22-Feb-2018,CE,10700,9.8,10.1,2,2.8,2.55,2.8,279065,2240351.53,854.9,3862575,-516975,-
NIFTY,19-Feb-2018,22-Feb-2018,CE,10750,4.85,5.1,1.6,2,1.8,2,21481,173234.66,44.1,402075,-156225,-
NIFTY,19-Feb-2018,22-Feb-2018,CE,10800,3.75,3.8,1.35,1.6,1.4,1.6,154553,1252102.48,223.18,2270100,-1061325,-
NIFTY,19-Feb-2018,22-Feb-2018,CE,10850,2.1,2.1,1.2,1.55,1.5,1.55,5434,44225.89,6.71,217875,-57075,-
NIFTY,19-Feb-2018,22-Feb-2018,CE,10900,1.8,2,1.05,1.25,1.15,1.25,77707,635333.59,78.87,1540650,-374025,-
NIFTY,19-Feb-2018,22-Feb-2018,CE,10950,1.6,1.85,0.95,1.4,1.15,1.4,1663,13659.13,1.74,173250,-18000,-
NIFTY,19-Feb-2018,22-Feb-2018,CE,11000,1.75,1.75,1.05,1.25,1.15,1.25,67767,559138.56,60.81,4109550,-789000,-
NIFTY,19-Feb-2018,22-Feb-2018,CE,11050,1,1.45,0.5,1.35,1.4,1.35,311,2577.66,.25,234000,-12600,-
NIFTY,19-Feb-2018,22-Feb-2018,CE,11100,1.3,1.3,0.95,1.15,1.15,1.15,28034,233406.2,23.15,4915575,-197475,-
NIFTY,19-Feb-2018,22-Feb-2018,CE,11150,0.5,1.2,0.4,0.6,0.55,0.6,384,3211.44,.24,318600,-1200,-
NIFTY,19-Feb-2018,22-Feb-2018,CE,11200,0.8,1,0.8,0.95,0.9,0.95,22987,193106.23,15.43,2192325,-943575,-
NIFTY,19-Feb-2018,22-Feb-2018,CE,11250,0.4,0.8,0.3,0.5,0.5,0.5,240,2025.09,.09,216450,-8550,-
NIFTY,19-Feb-2018,22-Feb-2018,CE,11300,1,1.15,0.75,1.05,0.9,1.05,7382,62567.67,5.22,2412825,-152775,-
NIFTY,19-Feb-2018,22-Feb-2018,CE,11350,0.15,0.95,0.1,0.65,0.35,0.65,189,1608.92,.06,135450,-6675,-
NIFTY,19-Feb-2018,22-Feb-2018,CE,11400,0.65,1,0.65,0.9,0.8,0.9,3617,30927.56,2.21,1611675,-150375,-
NIFTY,19-Feb-2018,22-Feb-2018,CE,11450,0.35,1.2,0.35,0.9,1.2,0.9,80,687.04,.04,95700,-5475,-
NIFTY,19-Feb-2018,22-Feb-2018,CE,11500,0.35,1,0.35,0.8,0.55,0.8,10333,89128.39,6.26,2897550,-371100,-
NIFTY,19-Feb-2018,22-Feb-2018,CE,11550,0.05,0.35,0.05,0.35,0.35,0.35,144,1247.43,.03,79200,-5925,-
NIFTY,19-Feb-2018,22-Feb-2018,CE,11600,0.6,0.95,0.6,0.9,0.85,0.9,1968,17122.79,1.19,817725,-47025,-
NIFTY,19-Feb-2018,22-Feb-2018,CE,11650,0.1,0.35,0.05,0.2,0.3,0.2,122,1065.99,.01,55575,-150,-
NIFTY,20-Feb-2018,22-Feb-2018,CE,9800,563.55,619.55,532.55,540.1,540.05,540.1,244,1900.85,107.45,28050,-11850,-
NIFTY,20-Feb-2018,22-Feb-2018,CE,9850,0,0,0,565.2,0,513.85,0,0,0,0,0,-
NIFTY,20-Feb-2018,22-Feb-2018,CE,9900,471.75,523.45,430.55,439.9,439.9,439.9,417,3247.9,151.68,46500,-18450,-
NIFTY,20-Feb-2018,22-Feb-2018,CE,9950,437.7,437.7,437.7,437.7,437.7,437.7,2,15.58,.66,225,-75,-
NIFTY,20-Feb-2018,22-Feb-2018,CE,10000,376.65,425,334.2,343.65,340.2,343.65,5938,46301.77,1766.77,591375,-219900,-
NIFTY,20-Feb-2018,22-Feb-2018,CE,10050,301,301,301,301,301,301,1,7.76,.23,150,75,-
NIFTY,20-Feb-2018,22-Feb-2018,CE,10100,277.95,326.1,237.2,247.05,242.25,247.05,1693,13187.76,363.28,126150,-28875,-
NIFTY,20-Feb-2018,22-Feb-2018,CE,10150,264.65,264.65,264.65,264.65,264.65,264.65,2,15.62,.4,1425,0,-
NIFTY,20-Feb-2018,22-Feb-2018,CE,10200,191.45,229.45,144.5,152.2,150.75,152.2,21529,167725.7,3028.85,473775,-52575,-
NIFTY,20-Feb-2018,22-Feb-2018,CE,10250,138.75,184,105,110.3,109.45,110.3,1218,9488.5,125.13,32625,-9675,-
NIFTY,20-Feb-2018,22-Feb-2018,CE,10300,110,141.75,68,74.5,71.05,74.5,175641,1370811.2,13984.47,1436925,83475,-
NIFTY,20-Feb-2018,22-Feb-2018,CE,10350,70.35,101.75,40.05,44.6,41.35,44.6,73641,575372.87,3734.6,1466325,419475,-
NIFTY,20-Feb-2018,22-Feb-2018,CE,10400,50,69,22.95,26.15,23.3,26.15,670530,5253453.61,23319.61,4587000,423525,-
NIFTY,20-Feb-2018,22-Feb-2018,CE,10450,33,43.5,12,14.35,12.4,14.35,152984,1202256.35,3244.25,1104450,174900,-
NIFTY,20-Feb-2018,22-Feb-2018,CE,10500,21.9,26.75,6.6,8.1,6.8,8.1,575527,4539534.17,7259.05,4465425,-208950,-
NIFTY,20-Feb-2018,22-Feb-2018,CE,10550,10.05,15.05,3.3,4.3,3.35,4.3,122321,968662.78,797.87,900450,82425,-
NIFTY,20-Feb-2018,22-Feb-2018,CE,10600,5.75,8.25,2.2,2.65,2.45,2.65,308443,2453276.66,1154.81,3997200,-718500,-
NIFTY,20-Feb-2018,22-Feb-2018,CE,10650,3.35,4.4,1.4,1.8,1.4,1.8,32520,259824.31,70.81,639000,-72600,-
NIFTY,20-Feb-2018,22-Feb-2018,CE,10700,2,2.55,1.05,1.25,1.15,1.25,156404,1255348.34,206.24,3292050,-570525,-
NIFTY,20-Feb-2018,22-Feb-2018,CE,10750,1.3,1.7,0.9,1.05,0.9,1.05,5058,40784.93,4.8,292125,-109950,-
NIFTY,20-Feb-2018,22-Feb-2018,CE,10800,1.4,1.45,0.75,0.9,0.75,0.9,69199,560566.48,54.58,1875525,-394575,-
NIFTY,20-Feb-2018,22-Feb-2018,CE,10850,1.25,1.4,0.5,0.95,1,0.95,1018,8284.73,.76,179625,-38250,-
NIFTY,20-Feb-2018,22-Feb-2018,CE,10900,1.05,1.4,0.7,0.85,0.95,0.85,28209,230627.34,18.76,1454775,-85875,-
NIFTY,20-Feb-2018,22-Feb-2018,CE,10950,1.05,1.25,0.65,0.8,0.9,0.8,1202,9872.24,.82,124875,-48375,-
NIFTY,20-Feb-2018,22-Feb-2018,CE,11000,0.75,1.05,0.75,0.8,0.75,0.8,33293,274688.54,21.29,3908850,-200700,-
NIFTY,20-Feb-2018,22-Feb-2018,CE,11050,0.3,1.05,0.3,0.95,0.7,0.95,309,2561.04,.2,224550,-9450,-
NIFTY,20-Feb-2018,22-Feb-2018,CE,11100,0.95,1,0.75,0.8,0.75,0.8,19553,162790.64,11.92,4847400,-68175,-
NIFTY,20-Feb-2018,22-Feb-2018,CE,11150,0.45,0.5,0.15,0.25,0.25,0.25,2624,21943.73,.53,280500,-38100,-
NIFTY,20-Feb-2018,22-Feb-2018,CE,11200,0.45,1.15,0.45,0.65,0.55,0.65,4317,36264.88,2.08,2031075,-161250,-
NIFTY,20-Feb-2018,22-Feb-2018,CE,11250,0.2,0.4,0.15,0.2,0.2,0.2,197,1662.22,.03,215250,-1200,-
NIFTY,20-Feb-2018,22-Feb-2018,CE,11300,0.6,0.85,0.6,0.7,0.7,0.7,5700,48310.44,2.94,2254125,-158700,-
NIFTY,20-Feb-2018,22-Feb-2018,CE,11350,0.2,0.5,0.15,0.15,0.15,0.15,214,1821.72,.04,135375,-75,-
NIFTY,20-Feb-2018,22-Feb-2018,CE,11400,0.4,0.7,0.3,0.4,0.35,0.4,1989,17006.64,.69,1561725,-49950,-
NIFTY,20-Feb-2018,22-Feb-2018,CE,11450,0.2,0.5,0.05,0.1,0.1,0.1,208,1786.23,.03,91425,-4275,-
NIFTY,20-Feb-2018,22-Feb-2018,CE,11500,0.4,0.7,0.25,0.35,0.25,0.35,15608,134624.32,5.32,2582700,-314850,-
NIFTY,20-Feb-2018,22-Feb-2018,CE,11550,0.1,1,0.1,0.35,0.35,0.35,142,1230.11,.04,79050,-150,-
NIFTY,20-Feb-2018,22-Feb-2018,CE,11600,0.6,0.75,0.45,0.5,0.45,0.5,2422,21072.37,.97,737775,-79950,-
NIFTY,20-Feb-2018,22-Feb-2018,CE,11650,0.05,0.25,0.05,0.15,0.15,0.15,82,716.48,.01,54825,-750,-
NIFTY,21-Feb-2018,22-Feb-2018,CE,9800,579.25,591.55,541.45,579.25,585,579.25,271,2107.47,115.62,14025,-14025,10397.45
NIFTY,21-Feb-2018,22-Feb-2018,CE,9850,0,0,0,565.2,0,549.2,0,0,0,0,0,10397.45
NIFTY,21-Feb-2018,22-Feb-2018,CE,9900,450.45,495.8,447.55,485.8,486.25,485.8,294,2286.36,103.41,30225,-16275,10397.45
NIFTY,21-Feb-2018,22-Feb-2018,CE,9950,0,0,0,437.7,437.7,449.2,0,0,0,225,0,10397.45
NIFTY,21-Feb-2018,22-Feb-2018,CE,10000,384.85,402,338.5,386.75,383.55,386.75,7241,56311.98,2004.48,324300,-267075,10397.45
NIFTY,21-Feb-2018,22-Feb-2018,CE,10050,0,0,0,301,301,349.25,0,0,0,150,0,10397.45
NIFTY,21-Feb-2018,22-Feb-2018,CE,10100,294.95,303,241.7,289.4,281.95,289.4,2702,21026.06,558.41,53250,-72900,10397.45
NIFTY,21-Feb-2018,22-Feb-2018,CE,10150,212.35,246.15,209.75,246.15,246.15,246.15,5,38.9,.84,1275,-150,10397.45
NIFTY,21-Feb-2018,22-Feb-2018,CE,10200,195.8,205.65,146.85,193.2,188.5,193.2,20884,162505.51,2742.91,330600,-143175,10397.45
NIFTY,21-Feb-2018,22-Feb-2018,CE,10250,143.55,154.85,103.55,139.45,135.5,139.45,2113,16444.58,200.89,30075,-2550,10397.45
NIFTY,21-Feb-2018,22-Feb-2018,CE,10300,108.95,117.5,65.95,99,93.9,99,211860,1650781.2,14162.7,1142325,-294600,10397.45
NIFTY,21-Feb-2018,22-Feb-2018,CE,10350,65.4,71.55,36.1,59.85,57.3,59.85,137864,1075723.62,5554.32,1279275,-187050,10397.45
NIFTY,21-Feb-2018,22-Feb-2018,CE,10400,39.6,45,18.1,31.2,29.7,31.2,737573,5769526.07,16456.67,3114450,-1472550,10397.45
NIFTY,21-Feb-2018,22-Feb-2018,CE,10450,20,25.9,7.4,12.55,12.85,12.55,221002,1734328.22,2225.05,1427700,323250,10397.45
NIFTY,21-Feb-2018,22-Feb-2018,CE,10500,12.1,15,3.2,4.6,4.05,4.6,492943,3884270.62,2344.5,4768125,302700,10397.45
NIFTY,21-Feb-2018,22-Feb-2018,CE,10550,5.25,6.1,0.85,1.4,1.05,1.4,97000,767702.69,190.19,834675,-65775,10397.45
NIFTY,21-Feb-2018,22-Feb-2018,CE,10600,4,6.45,0.4,0.65,0.4,0.65,215608,1714308.56,224.96,3392550,-604650,10397.45
NIFTY,21-Feb-2018,22-Feb-2018,CE,10650,3.1,3.1,0.35,0.55,0.4,0.55,15929,127243.89,11,535950,-103050,10397.45
NIFTY,21-Feb-2018,22-Feb-2018,CE,10700,1.45,1.45,0.3,0.5,0.35,0.5,108024,866949.86,57.26,2886375,-405675,10397.45
NIFTY,21-Feb-2018,22-Feb-2018,CE,10750,1.35,2.45,0.3,0.45,0.4,0.45,1953,15747.02,.96,238800,-53325,10397.45
NIFTY,21-Feb-2018,22-Feb-2018,CE,10800,0.75,0.85,0.3,0.4,0.4,0.4,34088,276126.16,13.36,1664025,-211500,10397.45
NIFTY,21-Feb-2018,22-Feb-2018,CE,10850,0.25,1.1,0.2,0.4,0.45,0.4,520,4231.72,.22,159075,-20550,10397.45
NIFTY,21-Feb-2018,22-Feb-2018,CE,10900,0.65,0.85,0.25,0.4,0.4,0.4,13750,112411.49,5.24,1270200,-184575,10397.45
NIFTY,21-Feb-2018,22-Feb-2018,CE,10950,0.5,0.7,0.35,0.45,0.45,0.45,231,1897.18,.09,118950,-5925,10397.45
NIFTY,21-Feb-2018,22-Feb-2018,CE,11000,0.75,0.75,0.3,0.4,0.3,0.4,21832,180121.9,7.9,3385200,-523650,10397.45
NIFTY,21-Feb-2018,22-Feb-2018,CE,11050,0.7,0.7,0.35,0.35,0.35,0.35,473,3920.13,.15,201975,-22575,10397.45
NIFTY,21-Feb-2018,22-Feb-2018,CE,11100,0.3,1.9,0.25,0.4,0.25,0.4,22356,186121.69,7.99,4755750,-91650,10397.45
NIFTY,21-Feb-2018,22-Feb-2018,CE,11150,0.6,0.6,0.15,0.25,0.15,0.25,765,6397.45,.14,247575,-32925,10397.45
NIFTY,21-Feb-2018,22-Feb-2018,CE,11200,0.4,0.55,0.3,0.35,0.3,0.35,3256,27351.4,1,1871100,-159975,10397.45
NIFTY,21-Feb-2018,22-Feb-2018,CE,11250,0.1,0.3,0.05,0.1,0.1,0.1,383,3231.61,.05,195150,-20100,10397.45
NIFTY,21-Feb-2018,22-Feb-2018,CE,11300,0.85,0.85,0.25,0.4,0.35,0.4,10425,88354.93,3.05,1817025,-437100,10397.45
NIFTY,21-Feb-2018,22-Feb-2018,CE,11350,0.1,0.3,0.1,0.1,0.1,0.1,272,2315.44,.04,127800,-7575,10397.45
NIFTY,21-Feb-2018,22-Feb-2018,CE,11400,0.25,0.45,0.1,0.15,0.1,0.15,2171,18562.42,.37,1496850,-64875,10397.45
NIFTY,21-Feb-2018,22-Feb-2018,CE,11450,0.1,0.35,0.05,0.05,0.05,0.05,208,1786.21,.01,88800,-2625,10397.45
NIFTY,21-Feb-2018,22-Feb-2018,CE,11500,0.25,0.4,0.1,0.15,0.15,0.15,7528,64930.54,1.54,2329950,-252750,10397.45
NIFTY,21-Feb-2018,22-Feb-2018,CE,11550,0.1,1,0.05,0.1,0.1,0.1,145,1256.07,.01,73575,-5475,10397.45
NIFTY,21-Feb-2018,22-Feb-2018,CE,11600,0.2,0.4,0.15,0.15,0.2,0.15,927,8065.08,.18,708600,-29175,10397.45
NIFTY,21-Feb-2018,22-Feb-2018,CE,11650,0.15,0.15,0.05,0.05,0.05,0.05,23,200.96,0,54825,0,10397.45
NIFTY,22-Feb-2018,22-Feb-2018,CE,9800,547,584.7,530,577.05,577.5,0,249,1934.09,103.94,975,-13050,-
NIFTY,22-Feb-2018,22-Feb-2018,CE,9850,0,0,0,565.2,0,0,0,0,0,0,0,-
NIFTY,22-Feb-2018,22-Feb-2018,CE,9900,444.5,480,435,470,469.75,0,643,4991.99,217.71,1575,-28650,-
NIFTY,22-Feb-2018,22-Feb-2018,CE,9950,401,401,401,401,401,0,2,15.53,.6,75,-150,-
NIFTY,22-Feb-2018,22-Feb-2018,CE,10000,348.9,385.2,328.55,372.95,374,0,6923,53755.37,1832.87,39150,-285150,-
NIFTY,22-Feb-2018,22-Feb-2018,CE,10050,0,0,0,301,301,0,0,0,0,150,0,-
NIFTY,22-Feb-2018,22-Feb-2018,CE,10100,245.15,286.65,225.45,271.35,280.55,0,2728,21179.57,514.97,5550,-47700,-
NIFTY,22-Feb-2018,22-Feb-2018,CE,10150,176.2,238.9,176.2,224.45,232.55,0,25,194.29,3.98,300,-975,-
NIFTY,22-Feb-2018,22-Feb-2018,CE,10200,148.5,189.15,126.65,176.2,180.4,0,22662,176023.17,2658.87,18150,-312450,-
NIFTY,22-Feb-2018,22-Feb-2018,CE,10250,95.35,137.55,75.25,119.7,128,0,5148,39964.63,389.38,3600,-26475,-
NIFTY,22-Feb-2018,22-Feb-2018,CE,10300,59.8,95,34.5,69.55,75.9,0,320043,2486577.62,14245.44,293100,-849225,-
NIFTY,22-Feb-2018,22-Feb-2018,CE,10350,32.6,49.5,9,24.75,30.8,0,503704,3919093.04,9090.74,250725,-1028550,-
NIFTY,22-Feb-2018,22-Feb-2018,CE,10400,15.05,17.6,0.05,1.45,0.05,0,1151834,8989470.58,5165.38,4752225,1637775,-
NIFTY,22-Feb-2018,22-Feb-2018,CE,10450,2.15,4.65,0.05,0.1,0.05,0,420056,3292465.73,276.83,2431575,1003875,-
NIFTY,22-Feb-2018,22-Feb-2018,CE,10500,2.8,2.8,0.05,0.05,0.05,0,360476,2838813.22,64.72,4949100,180975,-
NIFTY,22-Feb-2018,22-Feb-2018,CE,10550,0.1,0.4,0.05,0.05,0.05,0,31317,247797.67,1.91,742125,-92550,-
NIFTY,22-Feb-2018,22-Feb-2018,CE,10600,0.25,0.3,0.05,0.05,0.05,0,28242,224525.14,1.24,3195900,-196650,-
NIFTY,22-Feb-2018,22-Feb-2018,CE,10650,0.1,0.1,0.05,0.05,0.05,0,8995,71847.99,.43,490350,-45600,-
NIFTY,22-Feb-2018,22-Feb-2018,CE,10700,0.05,0.3,0.05,0.05,0.05,0,18436,147949.78,.88,2671050,-215325,-
NIFTY,22-Feb-2018,22-Feb-2018,CE,10750,0.05,0.1,0.05,0.05,0.05,0,2248,18124.59,.09,245400,6600,-
NIFTY,22-Feb-2018,22-Feb-2018,CE,10800,0.3,0.3,0.05,0.05,0.05,0,7753,62799.62,.32,1484550,-179475,-
NIFTY,22-Feb-2018,22-Feb-2018,CE,10850,0.1,0.1,0.05,0.05,0.05,0,864,7030.83,.03,172050,12975,-
NIFTY,22-Feb-2018,22-Feb-2018,CE,10900,0.05,0.15,0.05,0.05,0.05,0,4410,36051.93,.18,1273650,3450,-
NIFTY,22-Feb-2018,22-Feb-2018,CE,10950,0.1,0.1,0.05,0.05,0.05,0,635,5214.96,.02,111300,-7650,-
NIFTY,22-Feb-2018,22-Feb-2018,CE,11000,0.05,0.1,0.05,0.05,0.05,0,17856,147312.75,.75,3184575,-200625,-
NIFTY,22-Feb-2018,22-Feb-2018,CE,11050,0.1,0.15,0.05,0.1,0.1,0,990,8204.67,.05,189900,-12075,-
NIFTY,22-Feb-2018,22-Feb-2018,CE,11100,0.1,0.1,0.05,0.05,0.05,0,30894,257193.79,1.24,4723200,-32550,-
NIFTY,22-Feb-2018,22-Feb-2018,CE,11150,0.05,0.05,0.05,0.05,0.05,0,68,568.65,0,246450,-1125,-
NIFTY,22-Feb-2018,22-Feb-2018,CE,11200,0.05,0.1,0.05,0.05,0.05,0,2719,22839.7,.1,1848075,-23025,-
NIFTY,22-Feb-2018,22-Feb-2018,CE,11250,0.05,0.05,0.05,0.05,0.05,0,5,42.19,0,195075,-75,-
NIFTY,22-Feb-2018,22-Feb-2018,CE,11300,0.2,0.2,0.05,0.05,0.05,0,7056,59799.86,.26,1780950,-36075,-
NIFTY,22-Feb-2018,22-Feb-2018,CE,11350,0.05,0.05,0.05,0.05,0.05,0,12,102.15,0,127350,-450,-
NIFTY,22-Feb-2018,22-Feb-2018,CE,11400,0.05,0.05,0.05,0.05,0.05,0,958,8190.94,.04,1480575,-16275,-
NIFTY,22-Feb-2018,22-Feb-2018,CE,11450,0.05,0.05,0.05,0.05,0.05,0,122,1047.68,0,88650,-150,-
NIFTY,22-Feb-2018,22-Feb-2018,CE,11500,0.05,0.1,0.05,0.05,0.05,0,3184,27462.12,.12,2334975,5025,-
NIFTY,22-Feb-2018,22-Feb-2018,CE,11550,0.05,0.05,0.05,0.05,0.05,0,9,77.96,0,72975,-600,-
NIFTY,22-Feb-2018,22-Feb-2018,CE,11600,0.1,0.1,0.05,0.05,0.05,0,1686,14668.26,.06,699450,-9150,-
NIFTY,22-Feb-2018,22-Feb-2018,CE,11650,0.05,0.05,0.05,0.05,0.05,0,182,1590.23,.01,56175,1350,-
