NIFTY,25-Jan-2018,22-Feb-2018,PE,10050,0,0,0,88.7,0,0.05,0,0,0,0,0,11069.65
NIFTY,25-Jan-2018,22-Feb-2018,PE,10100,20,20.7,14.85,16.4,17.4,16.4,6446,48909.6,81.15,661200,-76725,11069.65
NIFTY,25-Jan-2018,22-Feb-2018,PE,10950,146.1,165,142.3,157.5,158.5,157.5,1943,16180.88,223.99,34650,6750,11069.65
NIFTY,25-Jan-2018,22-Feb-2018,PE,11000,159.9,185.95,152,177.25,178,177.25,48119,403197.01,6215.26,2301900,496425,11069.65
NIFTY,25-Jan-2018,22-Feb-2018,PE,11050,180.6,206.6,176.95,197.2,200.65,197.2,1276,10758.15,183.3,64125,9075,11069.65
NIFTY,25-Jan-2018,22-Feb-2018,PE,11100,203.95,232.55,190.45,221,221.2,221,17437,147958.35,2795.33,525525,175050,11069.65
NIFTY,25-Jan-2018,22-Feb-2018,PE,11150,150,243.1,150,208.15,208.15,208.15,26,221.6,4.18,1650,1650,11069.65
NIFTY,25-Jan-2018,22-Feb-2018,PE,11200,256.85,287.1,235.65,272.35,268.65,272.35,8252,70953.49,1636.69,510675,190800,11069.65
NIFTY,25-Jan-2018,22-Feb-2018,PE,11250,0,0,0,221.05,221.05,201.4,0,0,0,75,0,11069.65
NIFTY,25-Jan-2018,22-Feb-2018,PE,11300,314.65,350.95,304,334.9,339.1,334.9,3335,29088.76,824.63,129750,66525,11069.65
NIFTY,25-Jan-2018,22-Feb-2018,PE,11350,0,0,0,968.55,0,272.1,0,0,0,0,0,11069.65
NIFTY,25-Jan-2018,22-Feb-2018,PE,11400,383.75,423.9,369.5,405,407.2,405,1222,10810.06,361.96,111075,19425,11069.65
NIFTY,25-Jan-2018,22-Feb-2018,PE,11450,0,0,0,1063.55,0,352.1,0,0,0,0,0,11069.65
NIFTY,25-Jan-2018,22-Feb-2018,PE,11500,456.35,504.4,443,479.8,480,479.8,5279,47396.92,1865.55,802125,134100,11069.65
NIFTY,25-Jan-2018,22-Feb-2018,PE,11550,0,0,0,1159.7,0,439.25,0,0,0,0,0,11069.65
NIFTY,25-Jan-2018,22-Feb-2018,PE,11600,531,590,510.1,564.8,557.55,564.8,222,2025.09,93.69,31950,9300,11069.65
NIFTY,25-Jan-2018,22-Feb-2018,PE,11650,0,0,0,1256.6,0,531.45,0,0,0,0,0,11069.65
NIFTY,25-Jan-2018,22-Feb-2018,PE,10150,0,0,0,119.6,0,0.1,0,0,0,0,0,11069.65
NIFTY,25-Jan-2018,22-Feb-2018,PE,10200,20.75,25.2,18.7,20.9,22,20.9,6660,51056.11,107.11,725100,-14400,11069.65
NIFTY,25-Jan-2018,22-Feb-2018,PE,10250,0,0,0,157.25,0,0.25,0,0,0,0,0,11069.65
NIFTY,25-Jan-2018,22-Feb-2018,PE,10300,27,31.1,24.65,27.05,28.5,27.05,9405,72851.84,198.21,907950,11625,11069.65
NIFTY,25-Jan-2018,22-Feb-2018,PE,10350,0,0,0,202,0,0.7,0,0,0,0,0,11069.65
NIFTY,25-Jan-2018,22-Feb-2018,PE,10400,38,40.1,32.4,35.35,36.65,35.35,27173,212683.8,734.4,1817025,-118425,11069.65
NIFTY,25-Jan-2018,22-Feb-2018,PE,10450,0,0,0,200,200,1.8,0,0,0,75,0,11069.65
NIFTY,25-Jan-2018,22-Feb-2018,PE,10500,50.3,53.4,43.8,47.15,49.8,47.15,64785,512515.86,2333.98,4828350,831675,11069.65
NIFTY,25-Jan-2018,22-Feb-2018,PE,10550,58.5,59.7,52,55.55,54.25,55.55,339,2696.44,14.1,22275,4650,11069.65
NIFTY,25-Jan-2018,22-Feb-2018,PE,10600,63.4,70.55,58.75,64.25,65,64.25,36904,295154.56,1767.76,2413800,776175,11069.65
NIFTY,25-Jan-2018,22-Feb-2018,PE,10650,73.3,79,68.85,74.05,74.2,74.05,698,5613.74,38.47,36600,450,11069.65
NIFTY,25-Jan-2018,22-Feb-2018,PE,10700,81.5,90.25,78.5,84.15,86.15,84.15,43399,350979.75,2702.77,2486100,607725,11069.65
NIFTY,25-Jan-2018,22-Feb-2018,PE,10750,94.25,101.6,89.05,95.5,98,95.5,735,5978.11,52.18,60600,1350,11069.65
NIFTY,25-Jan-2018,22-Feb-2018,PE,10800,102.05,116.75,100,109.95,111,109.95,47689,390130.32,3849.42,2585475,979125,11069.65
NIFTY,25-Jan-2018,22-Feb-2018,PE,10850,97.55,130,97.55,123.45,124,123.45,791,6508.24,71.47,63825,-1575,11069.65
NIFTY,25-Jan-2018,22-Feb-2018,PE,10900,132,147.7,126,140.15,141.55,140.15,37079,306918.08,3797.26,1699875,649200,11069.65
NIFTY,25-Jan-2018,22-Feb-2018,PE,9800,11.9,12.55,6.8,7.75,7.25,7.75,3992,29366.04,24.84,312075,74475,11069.65
NIFTY,25-Jan-2018,22-Feb-2018,PE,9850,0,0,0,45.1,0,0,0,0,0,0,0,11069.65
NIFTY,25-Jan-2018,22-Feb-2018,PE,9900,15.95,15.95,9.2,10.9,11.5,10.9,4361,32415.59,35.17,338025,82575,11069.65
NIFTY,25-Jan-2018,22-Feb-2018,PE,9950,0,0,0,3.05,3.05,0,0,0,0,375,0,11069.65
NIFTY,25-Jan-2018,22-Feb-2018,PE,10000,18,18,12.25,14.2,14.75,14.2,17606,132233.03,188.03,2729700,287775,11069.65
NIFTY,29-Jan-2018,22-Feb-2018,PE,10950,158.5,158.5,113.1,127.25,128.25,127.25,2332,19371.08,219.53,79275,44625,11130.4
NIFTY,29-Jan-2018,22-Feb-2018,PE,11000,158,163.95,125.3,143.65,143.4,143.65,109159,912148.54,11586.79,3400050,1098150,11130.4
NIFTY,29-Jan-2018,22-Feb-2018,PE,11050,200.05,200.05,143.4,161.35,161.5,161.35,2840,23877.8,341.3,92025,27900,11130.4
NIFTY,29-Jan-2018,22-Feb-2018,PE,11100,200,210.05,159.15,180.7,180.15,180.7,58570,495418.75,7823.5,1015125,489600,11130.4
NIFTY,29-Jan-2018,22-Feb-2018,PE,11150,219.9,220.25,181.1,202.55,202.6,202.55,3228,27472.84,478.69,45225,43575,11130.4
NIFTY,29-Jan-2018,22-Feb-2018,PE,11200,223.85,272,201,225.5,224,225.5,19975,171114.41,3324.41,600075,89400,11130.4
NIFTY,29-Jan-2018,22-Feb-2018,PE,11250,252,254.65,228.6,253.1,252.35,253.1,36,310.28,6.53,1800,1725,11130.4
NIFTY,29-Jan-2018,22-Feb-2018,PE,11300,308.65,308.65,251.2,280.2,280,280.2,8101,70319.8,1663.83,356625,226875,11130.4
NIFTY,29-Jan-2018,22-Feb-2018,PE,11350,0,0,0,968.55,0,225.55,0,0,0,0,0,11130.4
NIFTY,29-Jan-2018,22-Feb-2018,PE,11400,380,400,312.8,343.7,343,343.7,2074,18261.4,528.7,139800,28725,11130.4
NIFTY,29-Jan-2018,22-Feb-2018,PE,11450,0,0,0,1063.55,0,302.5,0,0,0,0,0,11130.4
NIFTY,29-Jan-2018,22-Feb-2018,PE,11500,440.15,444.95,377.3,412.95,413,412.95,4540,40536.31,1378.81,945675,143550,11130.4
NIFTY,29-Jan-2018,22-Feb-2018,PE,11550,0,0,0,1159.7,0,387.85,0,0,0,0,0,11130.4
NIFTY,29-Jan-2018,22-Feb-2018,PE,11600,500.25,513.35,456.5,492.55,490,492.55,589,5339.37,215.07,49650,17700,11130.4
NIFTY,29-Jan-2018,22-Feb-2018,PE,11650,0,0,0,1256.6,0,479.2,0,0,0,0,0,11130.4
NIFTY,29-Jan-2018,22-Feb-2018,PE,10150,0,0,0,119.6,0,0.05,0,0,0,0,0,11130.4
NIFTY,29-Jan-2018,22-Feb-2018,PE,10200,20,21.35,15.7,18.15,18.5,18.15,12005,91998.94,160.69,726825,1725,11130.4
NIFTY,29-Jan-2018,22-Feb-2018,PE,10250,0,0,0,157.25,0,0.05,0,0,0,0,0,11130.4
NIFTY,29-Jan-2018,22-Feb-2018,PE,10300,25,27.25,19.75,23,23.2,23,13378,103572.56,227.51,989250,81300,11130.4
NIFTY,29-Jan-2018,22-Feb-2018,PE,10350,0,0,0,202,0,0.2,0,0,0,0,0,11130.4
NIFTY,29-Jan-2018,22-Feb-2018,PE,10400,33.75,35,25.75,30,29.7,30,18796,147024.76,415.96,1839525,22500,11130.4
NIFTY,29-Jan-2018,22-Feb-2018,PE,10450,0,0,0,200,200,0.6,0,0,0,75,0,11130.4
NIFTY,29-Jan-2018,22-Feb-2018,PE,10500,46.7,46.9,34,39.85,40,39.85,50365,398109.88,1485.5,5145975,317625,11130.4
NIFTY,29-Jan-2018,22-Feb-2018,PE,10550,54.9,54.9,39.05,45.55,46.2,45.55,454,3607.54,15.27,25875,3600,11130.4
NIFTY,29-Jan-2018,22-Feb-2018,PE,10600,60,61.05,44.45,51.9,52.2,51.9,31642,252771.53,1217.63,2459325,45525,11130.4
NIFTY,29-Jan-2018,22-Feb-2018,PE,10650,69,69,49.8,59.65,59.6,59.65,657,5277.14,29.35,38925,2325,11130.4
NIFTY,29-Jan-2018,22-Feb-2018,PE,10700,70,80.45,59,67.5,67.95,67.5,54193,437620.65,2721.82,2737200,251100,11130.4
NIFTY,29-Jan-2018,22-Feb-2018,PE,10750,93.4,93.4,68.7,76.85,77,76.85,1659,13470,94.31,77625,17025,11130.4
NIFTY,29-Jan-2018,22-Feb-2018,PE,10800,90.1,105.6,77.3,87.95,88.1,87.95,81657,666757.11,5335.41,3367500,782025,11130.4
NIFTY,29-Jan-2018,22-Feb-2018,PE,10850,111.05,114.15,88,99.45,99.05,99.45,2355,19339.02,175.21,117975,54150,11130.4
NIFTY,29-Jan-2018,22-Feb-2018,PE,10900,125,130,100,113.05,113.75,113.05,62650,517451.82,5288.07,2282175,582300,11130.4
NIFTY,29-Jan-2018,22-Feb-2018,PE,9800,7,8.35,6.8,7.9,7.9,7.9,6304,46370.56,36.16,345525,33450,11130.4
NIFTY,29-Jan-2018,22-Feb-2018,PE,9850,0,0,0,45.1,0,0,0,0,0,0,0,11130.4
NIFTY,29-Jan-2018,22-Feb-2018,PE,9900,10.25,11.05,8.1,9.9,9.5,9.9,4744,35258.63,34.43,392850,54825,11130.4
NIFTY,29-Jan-2018,22-Feb-2018,PE,9950,0,0,0,3.05,3.05,0,0,0,0,375,0,11130.4
NIFTY,29-Jan-2018,22-Feb-2018,PE,10000,14.1,14.7,11.25,12.7,12.7,12.7,19471,146212.44,179.94,3154950,425250,11130.4
NIFTY,29-Jan-2018,22-Feb-2018,PE,10050,0,0,0,88.7,0,0,0,0,0,0,0,11130.4
NIFTY,29-Jan-2018,22-Feb-2018,PE,10100,16.95,16.95,13.3,15.05,15,15.05,7949,60301.54,87.87,684975,23775,11130.4
NIFTY,30-Jan-2018,22-Feb-2018,PE,10000,12.9,13.95,8.75,9.3,9.5,9.3,14900,111875.38,125.38,3185100,30150,11049.65
NIFTY,30-Jan-2018,22-Feb-2018,PE,10050,0,0,0,88.7,0,0.05,0,0,0,0,0,11049.65
NIFTY,30-Jan-2018,22-Feb-2018,PE,10100,18,18.5,10.4,11.25,11.5,11.25,8851,67139.74,93.41,654900,-30075,11049.65
NIFTY,30-Jan-2018,22-Feb-2018,PE,10950,150,150,120,125.3,125.35,125.3,2289,19032.8,234.39,79500,225,11049.65
NIFTY,30-Jan-2018,22-Feb-2018,PE,11000,152.95,168.4,136.5,143.95,142.55,143.95,117818,985530.68,13532.18,3760500,360450,11049.65
NIFTY,30-Jan-2018,22-Feb-2018,PE,11050,169.05,189.65,158,163.75,164,163.75,4840,40740.16,628.66,201975,109950,11049.65
NIFTY,30-Jan-2018,22-Feb-2018,PE,11100,184.9,213.35,179.1,186.6,186.65,186.6,58287,493789.14,8549.86,1197975,182850,11049.65
NIFTY,30-Jan-2018,22-Feb-2018,PE,11150,216,237.7,203.15,211.05,212.9,211.05,1100,9381.56,182.81,47550,2325,11049.65
NIFTY,30-Jan-2018,22-Feb-2018,PE,11200,231.4,265,228.5,238.8,238.15,238.8,14675,125977.4,2707.4,630825,30750,11049.65
NIFTY,30-Jan-2018,22-Feb-2018,PE,11250,281.6,289,247.75,268.6,270,268.6,50,432.15,10.28,3150,1350,11049.65
NIFTY,30-Jan-2018,22-Feb-2018,PE,11300,288,328,286.35,299.4,298.4,299.4,5049,43946.66,1156.39,420075,63450,11049.65
NIFTY,30-Jan-2018,22-Feb-2018,PE,11350,0,0,0,968.55,0,288.15,0,0,0,0,0,11049.65
NIFTY,30-Jan-2018,22-Feb-2018,PE,11400,357.95,399.45,357.25,375,371,375,1293,11419.56,364.41,160875,21075,11049.65
NIFTY,30-Jan-2018,22-Feb-2018,PE,11450,0,0,0,1063.55,0,372.45,0,0,0,0,0,11049.65
NIFTY,30-Jan-2018,22-Feb-2018,PE,11500,431.7,475.3,431.7,449.05,451.25,449.05,2399,21500.5,809.12,941175,-4500,11049.65
NIFTY,30-Jan-2018,22-Feb-2018,PE,11550,0,0,0,1159.7,0,463.1,0,0,0,0,0,11049.65
NIFTY,30-Jan-2018,22-Feb-2018,PE,11600,520,560.2,520,539.55,537,539.55,442,4023.43,178.03,31200,-18450,11049.65
NIFTY,30-Jan-2018,22-Feb-2018,PE,11650,0,0,0,1256.6,0,557.9,0,0,0,0,0,11049.65
NIFTY,30-Jan-2018,22-Feb-2018,PE,10150,0,0,0,119.6,0,0.05,0,0,0,0,0,11049.65
NIFTY,30-Jan-2018,22-Feb-2018,PE,10200,19.35,20.8,12.7,13.8,13.75,13.8,11672,89443.36,152.56,713850,-12975,11049.65
NIFTY,30-Jan-2018,22-Feb-2018,PE,10250,0,0,0,157.25,0,0.15,0,0,0,0,0,11049.65
NIFTY,30-Jan-2018,22-Feb-2018,PE,10300,23,27,16.3,17.75,18.3,17.75,14232,110171.55,229.35,1011675,22425,11049.65
NIFTY,30-Jan-2018,22-Feb-2018,PE,10350,0,0,0,202,0,0.45,0,0,0,0,0,11049.65
NIFTY,30-Jan-2018,22-Feb-2018,PE,10400,30,35.1,22.25,23.55,24.1,23.55,27319,213681.95,593.75,1682925,-156600,11049.65
NIFTY,30-Jan-2018,22-Feb-2018,PE,10450,0,0,0,200,200,1.35,0,0,0,75,0,11049.65
NIFTY,30-Jan-2018,22-Feb-2018,PE,10500,39.65,46.5,31,33,32.9,33,60995,482122.12,1786.49,5401125,255150,11049.65
NIFTY,30-Jan-2018,22-Feb-2018,PE,10550,46.2,52.9,36.1,38.1,38.05,38.1,976,7755.91,33.31,23625,-2250,11049.65
NIFTY,30-Jan-2018,22-Feb-2018,PE,10600,54.55,60.85,42.1,44.4,44.05,44.4,29338,234373.68,1136.58,2495850,36525,11049.65
NIFTY,30-Jan-2018,22-Feb-2018,PE,10650,64.85,69.25,49.35,52.2,51.65,52.2,1142,9171.91,50.18,63750,24825,11049.65
NIFTY,30-Jan-2018,22-Feb-2018,PE,10700,75,79,56.9,59.9,60,59.9,75351,608413.28,3721.51,3446400,709200,11049.65
NIFTY,30-Jan-2018,22-Feb-2018,PE,10750,83,90,66.85,70.95,70,70.95,1281,10402.01,73.95,100350,22725,11049.65
NIFTY,30-Jan-2018,22-Feb-2018,PE,10800,92,102.95,77.3,82.3,81.55,82.3,116385,950500.85,7782.35,3158850,-208650,11049.65
NIFTY,30-Jan-2018,22-Feb-2018,PE,10850,106.2,116.3,90.05,95.45,94,95.45,1777,14598.65,138.32,132975,15000,11049.65
NIFTY,30-Jan-2018,22-Feb-2018,PE,10900,120.45,132.7,104,109.1,108.6,109.1,94708,782623.93,8386.03,2369025,86850,11049.65
NIFTY,30-Jan-2018,22-Feb-2018,PE,9800,9,9,5,5.85,5.8,5.85,3150,23167.87,15.37,362325,16800,11049.65
NIFTY,30-Jan-2018,22-Feb-2018,PE,9850,0,0,0,45.1,0,0,0,0,0,0,0,11049.65
NIFTY,30-Jan-2018,22-Feb-2018,PE,9900,10.25,10.7,6.85,7.3,7.5,7.3,4724,35108.47,32.77,386325,-6525,11049.65
NIFTY,30-Jan-2018,22-Feb-2018,PE,9950,0,0,0,3.05,3.05,0,0,0,0,375,0,11049.65
NIFTY,31-Jan-2018,22-Feb-2018,PE,10000,9.9,10.35,7.35,7.95,8.2,7.95,27124,203607.59,177.59,3251775,66675,11027.7
NIFTY,31-Jan-2018,22-Feb-2018,PE,10050,0,0,0,88.7,0,0.05,0,0,0,0,0,11027.7
NIFTY,31-Jan-2018,22-Feb-2018,PE,10100,11.55,13.15,10.05,10.5,10.85,10.5,10412,78959.97,89.07,657300,2400,11027.7
NIFTY,31-Jan-2018,22-Feb-2018,PE,10950,132.3,139.2,116.1,119.3,118.5,119.3,2893,24032.14,273.38,83475,3975,11027.7
NIFTY,31-Jan-2018,22-Feb-2018,PE,11000,150,161,135,139.3,136.6,139.3,123448,1031945.06,13499.06,4013175,252675,11027.7
NIFTY,31-Jan-2018,22-Feb-2018,PE,11050,175,184.95,156.65,160.85,158.65,160.85,5451,45859.46,684.3,190650,-11325,11027.7
NIFTY,31-Jan-2018,22-Feb-2018,PE,11100,199.45,210,178.25,184.25,182,184.25,51905,439559.06,7449.93,1204500,6525,11027.7
NIFTY,31-Jan-2018,22-Feb-2018,PE,11150,219.8,235.15,202.15,210.8,209.25,210.8,634,5405.78,103.95,40050,-7500,11027.7
NIFTY,31-Jan-2018,22-Feb-2018,PE,11200,244.3,268.95,229.45,238.8,234.25,238.8,9952,85433.02,1836.22,573375,-57450,11027.7
NIFTY,31-Jan-2018,22-Feb-2018,PE,11250,266.8,293.05,261.95,269.2,267.8,269.2,35,302.49,7.18,2400,-750,11027.7
NIFTY,31-Jan-2018,22-Feb-2018,PE,11300,312.35,336,289,303.65,302.3,303.65,5566,48467.91,1296.06,302025,-118050,11027.7
NIFTY,31-Jan-2018,22-Feb-2018,PE,11350,0,0,0,968.55,0,304,0,0,0,0,0,11027.7
NIFTY,31-Jan-2018,22-Feb-2018,PE,11400,375.15,414,363.4,379.2,374.7,379.2,964,8520.98,278.78,157800,-3075,11027.7
NIFTY,31-Jan-2018,22-Feb-2018,PE,11450,0,0,0,1063.55,0,391.2,0,0,0,0,0,11027.7
NIFTY,31-Jan-2018,22-Feb-2018,PE,11500,458.05,499,443,460.15,455.6,460.15,3995,35872.69,1415.81,1097850,156675,11027.7
NIFTY,31-Jan-2018,22-Feb-2018,PE,11550,0,0,0,1159.7,0,484.05,0,0,0,0,0,11027.7
NIFTY,31-Jan-2018,22-Feb-2018,PE,11600,552,586.7,539.35,554.9,554.9,554.9,44,401.35,18.55,31725,525,11027.7
NIFTY,31-Jan-2018,22-Feb-2018,PE,11650,0,0,0,1256.6,0,580.25,0,0,0,0,0,11027.7
NIFTY,31-Jan-2018,22-Feb-2018,PE,10150,0,0,0,119.6,0,0.05,0,0,0,0,0,11027.7
NIFTY,31-Jan-2018,22-Feb-2018,PE,10200,14.25,16.2,11.8,13.2,13.5,13.2,13185,101006.91,141.66,721050,7200,11027.7
NIFTY,31-Jan-2018,22-Feb-2018,PE,10250,0,0,0,157.25,0,0.1,0,0,0,0,0,11027.7
NIFTY,31-Jan-2018,22-Feb-2018,PE,10300,20.5,21.4,16,17.25,17.75,17.25,26825,207603.74,380.61,1384050,372375,11027.7
NIFTY,31-Jan-2018,22-Feb-2018,PE,10350,0,0,0,202,0,0.4,0,0,0,0,0,11027.7
NIFTY,31-Jan-2018,22-Feb-2018,PE,10400,26,27.6,21.2,22.3,22.55,22.3,34168,267126.68,616.28,2017050,334125,11027.7
NIFTY,31-Jan-2018,22-Feb-2018,PE,10450,0,0,0,200,200,1.2,0,0,0,75,0,11027.7
NIFTY,31-Jan-2018,22-Feb-2018,PE,10500,37.6,38.8,29.2,30.7,31,30.7,74923,591881.35,1862.73,5828475,427350,11027.7
NIFTY,31-Jan-2018,22-Feb-2018,PE,10550,38.55,42.6,33.25,34.65,34.25,34.65,10864,86263.94,302.54,462525,438900,11027.7
NIFTY,31-Jan-2018,22-Feb-2018,PE,10600,47,50.25,39,40.5,40.8,40.5,59536,475269.52,1958.32,2858775,362925,11027.7
NIFTY,31-Jan-2018,22-Feb-2018,PE,10650,52.75,56.9,43.85,46.2,46.35,46.2,8598,68995.98,319.45,389175,325425,11027.7
NIFTY,31-Jan-2018,22-Feb-2018,PE,10700,64.25,66.45,52.25,54.55,54.4,54.55,84432,681294.62,3727.82,3849675,403275,11027.7
NIFTY,31-Jan-2018,22-Feb-2018,PE,10750,71.75,77.15,62,64.55,63.55,64.55,1332,10807.74,68.49,115800,15450,11027.7
NIFTY,31-Jan-2018,22-Feb-2018,PE,10800,88.25,90.35,72.75,75.7,74.5,75.7,90498,738513.73,5479.93,3057450,-101400,11027.7
NIFTY,31-Jan-2018,22-Feb-2018,PE,10850,93.85,104.05,85.05,88.25,87.85,88.25,2038,16727.38,143.16,159975,27000,11027.7
NIFTY,31-Jan-2018,22-Feb-2018,PE,10900,119,121.4,99.35,103.1,101.35,103.1,88810,733304.91,7283.16,2575875,206850,11027.7
NIFTY,31-Jan-2018,22-Feb-2018,PE,9800,5.8,6.35,4.8,5,5.3,5,4726,34755.04,18.94,344250,-18075,11027.7
NIFTY,31-Jan-2018,22-Feb-2018,PE,9850,0,0,0,45.1,0,0,0,0,0,0,0,11027.7
NIFTY,31-Jan-2018,22-Feb-2018,PE,9900,7.6,8.45,5.95,6.15,6.15,6.15,5761,42805.71,30.28,434475,48150,11027.7
NIFTY,31-Jan-2018,22-Feb-2018,PE,9950,0,0,0,3.05,3.05,0,0,0,0,375,0,11027.7
NIFTY,01-Feb-2018,22-Feb-2018,PE,11250,259.45,350,204,258.5,257.65,258.5,30,258.67,5.55,2325,-75,11016.9
NIFTY,01-Feb-2018,22-Feb-2018,PE,11300,287.45,434.45,222.15,300.15,299.05,300.15,9957,86484.94,2099.37,419175,117150,11016.9
NIFTY,01-Feb-2018,22-Feb-2018,PE,11350,0,0,0,968.55,0,311.25,0,0,0,0,0,11016.9
NIFTY,01-Feb-2018,22-Feb-2018,PE,11400,358,517.5,295.5,381.05,380.75,381.05,1163,10274.51,330.86,155775,-2025,11016.9
NIFTY,01-Feb-2018,22-Feb-2018,PE,11450,0,0,0,1063.55,0,400.55,0,0,0,0,0,11016.9
NIFTY,01-Feb-2018,22-Feb-2018,PE,11500,434.35,614,380.3,470.65,472,470.65,4169,37388.27,1430.64,1062600,-35250,11016.9
NIFTY,01-Feb-2018,22-Feb-2018,PE,11550,0,0,0,1159.7,0,494.9,0,0,0,0,0,11016.9
NIFTY,01-Feb-2018,22-Feb-2018,PE,11600,520,711.9,476.05,568.2,568.35,568.2,124,1130.76,51.96,31425,-300,11016.9
NIFTY,01-Feb-2018,22-Feb-2018,PE,11650,0,0,0,1256.6,0,592.1,0,0,0,0,0,11016.9
NIFTY,01-Feb-2018,22-Feb-2018,PE,10700,50.1,89.6,28.5,40,39.5,40,235095,1895666,9028.63,4020825,171150,11016.9
NIFTY,01-Feb-2018,22-Feb-2018,PE,10750,65,104.9,34.45,48.1,48,48.1,4760,38590.09,212.59,119475,3675,11016.9
NIFTY,01-Feb-2018,22-Feb-2018,PE,10800,69.6,121.2,41.5,58.5,58,58.5,316793,2583106.6,17083.3,3728475,671025,11016.9
NIFTY,01-Feb-2018,22-Feb-2018,PE,10850,77.2,140,49,70.2,68.9,70.2,16328,133793.85,924.75,183000,23025,11016.9
NIFTY,01-Feb-2018,22-Feb-2018,PE,10900,99.25,162.5,58,84.25,83,84.25,284957,2350587.75,21064.28,3212175,636300,11016.9
NIFTY,01-Feb-2018,22-Feb-2018,PE,10950,105.8,189,71.45,101,99.5,101,10876,90276.63,957.48,121800,38325,11016.9
NIFTY,01-Feb-2018,22-Feb-2018,PE,11000,135.15,214,85,119.75,119,119.75,334265,2790471.73,32785.48,4408575,395400,11016.9
NIFTY,01-Feb-2018,22-Feb-2018,PE,11050,117,259,101.35,142,140,142,17031,143160.76,2016.35,215025,24375,11016.9
NIFTY,01-Feb-2018,22-Feb-2018,PE,11100,180.2,277.95,118.4,166.45,165.65,166.45,111764,945009.67,14574.37,1222050,17550,11016.9
NIFTY,01-Feb-2018,22-Feb-2018,PE,11150,190.1,335.6,143.55,196,196.4,196,2273,19330.59,322.63,43350,3300,11016.9
NIFTY,01-Feb-2018,22-Feb-2018,PE,11200,229.25,350,163.5,226.3,225.4,226.3,23896,204728.92,4002.52,562875,-10500,11016.9
NIFTY,01-Feb-2018,22-Feb-2018,PE,10150,0,0,0,119.6,0,0.05,0,0,0,0,0,11016.9
NIFTY,01-Feb-2018,22-Feb-2018,PE,10200,14,20.1,4.2,8.35,8.4,8.35,36709,281133.53,309.68,772350,51300,11016.9
NIFTY,01-Feb-2018,22-Feb-2018,PE,10250,0,0,0,157.25,0,0.1,0,0,0,0,0,11016.9
NIFTY,01-Feb-2018,22-Feb-2018,PE,10300,16.3,26,7.4,10.6,10.5,10.6,46972,363380.93,522.23,1396650,12600,11016.9
NIFTY,01-Feb-2018,22-Feb-2018,PE,10350,3.4,3.4,3.4,3.4,3.4,3.4,1,7.77,0,75,75,11016.9
NIFTY,01-Feb-2018,22-Feb-2018,PE,10400,19.9,34.45,9.35,14.25,14,14.25,61316,479140.96,876.16,1835775,-181275,11016.9
NIFTY,01-Feb-2018,22-Feb-2018,PE,10450,4.8,5.75,4.8,5.75,5.75,5.75,3,23.52,.01,225,150,11016.9
NIFTY,01-Feb-2018,22-Feb-2018,PE,10500,28.1,48.75,14.4,20.2,19.85,20.2,183771,1450914.45,3717.82,5924175,95700,11016.9
NIFTY,01-Feb-2018,22-Feb-2018,PE,10550,30.15,62.3,16,22.65,22,22.65,14655,116316.8,359.12,537600,75075,11016.9
NIFTY,01-Feb-2018,22-Feb-2018,PE,10600,31.1,66.05,20,27.9,27.6,27.9,189466,1511215.29,4960.59,2973900,115125,11016.9
NIFTY,01-Feb-2018,22-Feb-2018,PE,10650,37.85,77.45,23.05,32.6,32.45,32.6,7589,60862.42,245.29,218850,-170325,11016.9
NIFTY,01-Feb-2018,22-Feb-2018,PE,9800,4.55,7,2.75,4.1,4.4,4.1,6758,49691.33,20.03,401100,56850,11016.9
NIFTY,01-Feb-2018,22-Feb-2018,PE,9850,0,0,0,45.1,0,0,0,0,0,0,0,11016.9
NIFTY,01-Feb-2018,22-Feb-2018,PE,9900,5.5,8.9,3.35,4.7,5.25,4.7,10871,80761.65,44.48,347775,-86700,11016.9
NIFTY,01-Feb-2018,22-Feb-2018,PE,9950,0,0,0,3.05,3.05,0,0,0,0,375,0,11016.9
NIFTY,01-Feb-2018,22-Feb-2018,PE,10000,6.95,11.2,3.65,6.1,6.15,6.1,63154,473972.1,317.1,3506175,254400,11016.9
NIFTY,01-Feb-2018,22-Feb-2018,PE,10050,0,0,0,88.7,0,0,0,0,0,0,0,11016.9
NIFTY,01-Feb-2018,22-Feb-2018,PE,10100,9.5,14.45,4.9,6.95,6.9,6.95,23873,180997.8,159.82,654075,-3225,11016.9
NIFTY,02-Feb-2018,22-Feb-2018,PE,11250,335.55,420.85,335.55,395,395,395,15,130.93,4.37,1950,-375,10760.6
NIFTY,02-Feb-2018,22-Feb-2018,PE,11300,373.15,562.15,360.1,541,561.35,541,3029,26669.1,998.32,406800,-12375,10760.6
NIFTY,02-Feb-2018,22-Feb-2018,PE,11350,0,0,0,968.55,0,562.65,0,0,0,0,0,10760.6
NIFTY,02-Feb-2018,22-Feb-2018,PE,11400,461.8,660.85,456,637.95,654.45,637.95,679,6071.87,266.42,143250,-12525,10760.6
NIFTY,02-Feb-2018,22-Feb-2018,PE,11450,0,0,0,1063.55,0,656.6,0,0,0,0,0,10760.6
NIFTY,02-Feb-2018,22-Feb-2018,PE,11500,590,758.7,531.25,734.05,751.7,734.05,3468,31621.95,1710.45,1019700,-42900,10760.6
NIFTY,02-Feb-2018,22-Feb-2018,PE,11550,0,0,0,1159.7,0,752.95,0,0,0,0,0,10760.6
NIFTY,02-Feb-2018,22-Feb-2018,PE,11600,655,844.9,655,842.5,844.75,842.5,133,1229.92,72.82,33300,1875,10760.6
NIFTY,02-Feb-2018,22-Feb-2018,PE,11650,0,0,0,1256.6,0,850.75,0,0,0,0,0,10760.6
NIFTY,02-Feb-2018,22-Feb-2018,PE,10700,59.45,125,55.25,115.25,122.75,115.25,236682,1914038.84,14665.79,4117200,96375,10760.6
NIFTY,02-Feb-2018,22-Feb-2018,PE,10750,74.25,145,66.15,136.7,144,136.7,7541,61401.65,602.34,88875,-30600,10760.6
NIFTY,02-Feb-2018,22-Feb-2018,PE,10800,90,169.55,78.75,156.3,168,156.3,293171,2399885.45,25200.35,4226850,498375,10760.6
NIFTY,02-Feb-2018,22-Feb-2018,PE,10850,95,196.85,93.75,183.55,195,183.55,10413,85784.6,1048.82,150750,-32250,10760.6
NIFTY,02-Feb-2018,22-Feb-2018,PE,10900,108.8,227.6,108.8,212.45,224,212.45,179938,1491337.66,20344.51,2760375,-451800,10760.6
NIFTY,02-Feb-2018,22-Feb-2018,PE,10950,149.5,260.55,131.15,245.7,260,245.7,6502,54238.47,840.79,79950,-41850,10760.6
NIFTY,02-Feb-2018,22-Feb-2018,PE,11000,161.2,299.4,154.1,281.45,296,281.45,127495,1071289.88,19456.13,3034200,-1374375,10760.6
NIFTY,02-Feb-2018,22-Feb-2018,PE,11050,179.55,336.65,179.55,324.2,334,324.2,2743,23199.16,466.55,132675,-82350,10760.6
NIFTY,02-Feb-2018,22-Feb-2018,PE,11100,226.4,380.75,202.15,362.8,376.85,362.8,33633,286799.4,6804.67,863925,-358125,10760.6
NIFTY,02-Feb-2018,22-Feb-2018,PE,11150,250,424.6,240.8,414.15,421.7,414.15,499,4293.82,120.93,18075,-25275,10760.6
NIFTY,02-Feb-2018,22-Feb-2018,PE,11200,299,471.15,283.8,451.2,470,451.2,11292,97830.16,2977.36,452625,-110250,10760.6
NIFTY,02-Feb-2018,22-Feb-2018,PE,10150,0,0,0,119.6,0,5.3,0,0,0,0,0,10760.6
NIFTY,02-Feb-2018,22-Feb-2018,PE,10200,11.35,28,9.25,24.55,27,24.55,38364,293980.21,495.61,1002000,229650,10760.6
NIFTY,02-Feb-2018,22-Feb-2018,PE,10250,0,0,0,157.25,0,10.5,0,0,0,0,0,10760.6
NIFTY,02-Feb-2018,22-Feb-2018,PE,10300,13.05,38,13.05,33.2,37.25,33.2,53146,411482.68,929.83,1815750,419100,10760.6
NIFTY,02-Feb-2018,22-Feb-2018,PE,10350,18.9,44,18.9,41.2,44,41.2,181,1410.45,5.44,10050,9975,10760.6
NIFTY,02-Feb-2018,22-Feb-2018,PE,10400,17.25,50.35,17.25,45.1,49.25,45.1,81678,638956.45,1868.05,2175675,339900,10760.6
NIFTY,02-Feb-2018,22-Feb-2018,PE,10450,33.3,57.7,31,51.85,57,51.85,324,2550.77,11.42,10875,10650,10760.6
NIFTY,02-Feb-2018,22-Feb-2018,PE,10500,24.95,68,24.95,61.8,67.4,61.8,200589,1586390.67,6752.29,5984475,60300,10760.6
NIFTY,02-Feb-2018,22-Feb-2018,PE,10550,30,78.05,30,72.1,77.85,72.1,7199,57277.21,315.13,407175,-130425,10760.6
NIFTY,02-Feb-2018,22-Feb-2018,PE,10600,39.6,91.85,39.1,83.85,90.1,83.85,198489,1587309.34,9321.79,2617425,-356475,10760.6
NIFTY,02-Feb-2018,22-Feb-2018,PE,10650,50.05,106.7,46,100.45,106,100.45,8684,69822.68,459.23,132450,-86400,10760.6
NIFTY,02-Feb-2018,22-Feb-2018,PE,9800,4.5,7.95,4,7,7.95,7,5006,36815.12,21.02,429975,28875,10760.6
NIFTY,02-Feb-2018,22-Feb-2018,PE,9850,0,0,0,45.1,0,0.45,0,0,0,0,0,10760.6
NIFTY,02-Feb-2018,22-Feb-2018,PE,9900,6.5,10.9,5,9.55,10.9,9.55,7955,59109.97,44.09,425325,77550,10760.6
NIFTY,02-Feb-2018,22-Feb-2018,PE,9950,0,0,0,3.05,3.05,1.1,0,0,0,375,0,10760.6
NIFTY,02-Feb-2018,22-Feb-2018,PE,10000,7.6,14.9,6.9,13.05,14.6,13.05,52383,393251.92,379.42,3282225,-223950,10760.6
NIFTY,02-Feb-2018,22-Feb-2018,PE,10050,0,0,0,88.7,0,2.5,0,0,0,0,0,10760.6
NIFTY,02-Feb-2018,22-Feb-2018,PE,10100,9,21.9,8.5,18.55,20.45,18.55,31681,240301.48,317.91,1221675,567600,10760.6
NIFTY,05-Feb-2018,22-Feb-2018,PE,11200,580,595.4,482.45,518.85,498.35,518.85,2054,18077.29,823.69,374625,-78000,10666.55
NIFTY,05-Feb-2018,22-Feb-2018,PE,11250,600,600,545.15,545.15,545.15,545.15,9,79.74,3.81,1950,0,10666.55
NIFTY,05-Feb-2018,22-Feb-2018,PE,11300,684,709.5,577.6,615.75,592,615.75,1595,14277.43,759.8,345975,-60825,10666.55
NIFTY,05-Feb-2018,22-Feb-2018,PE,11350,0,0,0,968.55,0,654.4,0,0,0,0,0,10666.55
NIFTY,05-Feb-2018,22-Feb-2018,PE,11400,746.55,766.35,674.4,694.55,692.5,694.55,257,2336.8,139.45,146025,2775,10666.55
NIFTY,05-Feb-2018,22-Feb-2018,PE,11450,0,0,0,1063.55,0,751.75,0,0,0,0,0,10666.55
NIFTY,05-Feb-2018,22-Feb-2018,PE,11500,884.6,884.6,774.35,813.85,785.5,813.85,3058,28281.49,1906.24,1029750,10050,10666.55
NIFTY,05-Feb-2018,22-Feb-2018,PE,11550,0,0,0,1159.7,0,850.25,0,0,0,0,0,10666.55
NIFTY,05-Feb-2018,22-Feb-2018,PE,11600,1012.95,1012.95,873.55,919.85,912,919.85,219,2059.26,153.96,40350,7050,10666.55
NIFTY,05-Feb-2018,22-Feb-2018,PE,11650,0,0,0,1256.6,0,949.4,0,0,0,0,0,10666.55
NIFTY,05-Feb-2018,22-Feb-2018,PE,10700,175.45,188.7,120.25,141.45,130,141.45,158951,1293300.19,17718.42,3865125,-252075,10666.55
NIFTY,05-Feb-2018,22-Feb-2018,PE,10750,208.25,225.8,142.75,166.55,153.2,166.55,3766,30861.41,498.03,73275,-15600,10666.55
NIFTY,05-Feb-2018,22-Feb-2018,PE,10800,221,248,166.75,197.05,180.05,197.05,71897,593367.04,11001.34,3516525,-710325,10666.55
NIFTY,05-Feb-2018,22-Feb-2018,PE,10850,276.8,276.8,199,223.2,206.85,223.2,1211,10073.69,219.18,116550,-34200,10666.55
NIFTY,05-Feb-2018,22-Feb-2018,PE,10900,299.2,327.5,228.75,261.65,242.3,261.65,26259,220001.83,5334.5,2249775,-510600,10666.55
NIFTY,05-Feb-2018,22-Feb-2018,PE,10950,460,460,273,299.65,274.2,299.65,681,5755.67,162.95,61950,-18000,10666.55
NIFTY,05-Feb-2018,22-Feb-2018,PE,11000,370.1,418,305,335.25,318.4,335.25,33333,283766.97,8769.72,2235000,-799200,10666.55
NIFTY,05-Feb-2018,22-Feb-2018,PE,11050,454.8,537.8,289,378.25,355.75,378.25,403,3460.74,120.88,122100,-10575,10666.55
NIFTY,05-Feb-2018,22-Feb-2018,PE,11100,499.7,499.7,388.2,423.75,404.05,423.75,7735,66960.37,2566.49,735600,-128325,10666.55
NIFTY,05-Feb-2018,22-Feb-2018,PE,11150,548.85,548.85,431.9,476,475,476,52,453.67,18.82,15600,-2475,10666.55
NIFTY,05-Feb-2018,22-Feb-2018,PE,10150,17.4,26.5,17.4,24.95,23.1,24.95,53,404.33,.87,3150,3150,10666.55
NIFTY,05-Feb-2018,22-Feb-2018,PE,10200,40,46,23.6,28.75,25.5,28.75,78460,602058.92,1839.92,1763250,761250,10666.55
NIFTY,05-Feb-2018,22-Feb-2018,PE,10250,30.4,38.65,29.45,35.25,31.15,35.25,146,1126.13,3.75,7200,7200,10666.55
NIFTY,05-Feb-2018,22-Feb-2018,PE,10300,59.8,75,33.1,39.65,36.05,39.65,100473,779463.51,3309.58,2253525,437775,10666.55
NIFTY,05-Feb-2018,22-Feb-2018,PE,10350,67.7,67.7,36.95,46.1,46.75,46.1,2587,20177.91,96.32,42075,32025,10666.55
NIFTY,05-Feb-2018,22-Feb-2018,PE,10400,49.25,82.95,45.45,54.2,49.1,54.2,140831,1104806.14,6324.34,3019575,843900,10666.55
NIFTY,05-Feb-2018,22-Feb-2018,PE,10450,116.95,117,53.45,61.4,58.5,61.4,4603,36319.62,243.61,102150,91275,10666.55
NIFTY,05-Feb-2018,22-Feb-2018,PE,10500,101.15,115,63.1,75.2,68,75.2,251778,1998220.94,15469.19,6070875,86400,10666.55
NIFTY,05-Feb-2018,22-Feb-2018,PE,10550,110.4,128.35,73.4,86.3,79.55,86.3,14874,118805.32,1114.79,170250,-236925,10666.55
NIFTY,05-Feb-2018,22-Feb-2018,PE,10600,122.35,179.9,86,103.35,93.5,103.35,228042,1831662.23,18728.33,3751500,1134075,10666.55
NIFTY,05-Feb-2018,22-Feb-2018,PE,10650,159.7,160.65,102.85,120.5,109.8,120.5,9392,75924.9,906.3,153675,21225,10666.55
NIFTY,05-Feb-2018,22-Feb-2018,PE,9800,10,13.65,6.3,8.35,8.5,8.35,13329,98058.22,90.07,462750,32775,10666.55
NIFTY,05-Feb-2018,22-Feb-2018,PE,9850,0,0,0,45.1,0,0.55,0,0,0,0,0,10666.55
NIFTY,05-Feb-2018,22-Feb-2018,PE,9900,12.55,18.25,8.9,11.1,10.25,11.1,16593,123352.64,149.61,512250,86925,10666.55
NIFTY,05-Feb-2018,22-Feb-2018,PE,9950,4.1,17,4.1,15.5,14,15.5,47,351.21,.47,1275,900,10666.55
NIFTY,05-Feb-2018,22-Feb-2018,PE,10000,16.95,24.95,13.05,15.55,14,15.55,74969,563228.11,960.61,3878025,595800,10666.55
NIFTY,05-Feb-2018,22-Feb-2018,PE,10050,0,0,0,88.7,0,3.3,0,0,0,0,0,10666.55
NIFTY,05-Feb-2018,22-Feb-2018,PE,10100,27.05,33.25,17.55,21.5,19.1,21.5,56720,430643.99,989.99,1186500,-35175,10666.55
NIFTY,06-Feb-2018,22-Feb-2018,PE,11200,847.55,931,601.95,695.7,659.2,695.7,1093,9819.87,638.67,339225,-35400,10498.25
NIFTY,06-Feb-2018,22-Feb-2018,PE,11250,850,850,721,738.25,738.25,738.25,8,71.98,4.48,1500,-450,10498.25
NIFTY,06-Feb-2018,22-Feb-2018,PE,11300,946.35,987.3,690.05,786.75,763.5,786.75,483,4410.55,317.13,341700,-4275,10498.25
NIFTY,06-Feb-2018,22-Feb-2018,PE,11350,0,0,0,968.55,0,821.9,0,0,0,0,0,10498.25
NIFTY,06-Feb-2018,22-Feb-2018,PE,11400,1045.55,1062.9,810.4,867.85,850.5,867.85,328,3050.6,246.2,139125,-6900,10498.25
NIFTY,06-Feb-2018,22-Feb-2018,PE,11450,0,0,0,1063.55,0,920.65,0,0,0,0,0,10498.25
NIFTY,06-Feb-2018,22-Feb-2018,PE,11500,1150,1180,890,985.1,953,985.1,3462,32567.24,2707.49,972900,-56850,10498.25
NIFTY,06-Feb-2018,22-Feb-2018,PE,11550,1021,1021,1021,1021,1021,1021,1,9.43,.77,75,75,10498.25
NIFTY,06-Feb-2018,22-Feb-2018,PE,11600,1230.05,1258.85,1005.45,1076.35,1063.95,1076.35,263,2520.3,232.2,44175,3825,10498.25
NIFTY,06-Feb-2018,22-Feb-2018,PE,11650,1121,1121,1121,1121,1121,1121,1,9.58,.84,75,75,10498.25
NIFTY,06-Feb-2018,22-Feb-2018,PE,10650,302.5,395,181.6,232.9,226.45,232.9,4300,35287.14,940.89,61875,-91800,10498.25
NIFTY,06-Feb-2018,22-Feb-2018,PE,10700,347.5,436,206.7,264.65,250,264.65,62085,514089.53,15857.4,2869050,-996075,10498.25
NIFTY,06-Feb-2018,22-Feb-2018,PE,10750,396.6,475,236,292.2,295.75,292.2,1083,9046.3,314.61,55350,-17925,10498.25
NIFTY,06-Feb-2018,22-Feb-2018,PE,10800,450.5,523.95,269.2,336.4,320,336.4,40498,340954.81,12921.01,2638950,-877575,10498.25
NIFTY,06-Feb-2018,22-Feb-2018,PE,10850,499.05,568.15,330,380.3,348.85,380.3,518,4403.16,187.93,104100,-12450,10498.25
NIFTY,06-Feb-2018,22-Feb-2018,PE,10900,555,608,337,411.1,397,411.1,14267,121958.01,5325.28,1781400,-468375,10498.25
NIFTY,06-Feb-2018,22-Feb-2018,PE,10950,600,653.65,380,441.2,436.95,441.2,328,2822.65,128.95,52875,-9075,10498.25
NIFTY,06-Feb-2018,22-Feb-2018,PE,11000,668,699.95,416,497.95,474.45,497.95,18595,161833.79,8425.04,1865325,-369675,10498.25
NIFTY,06-Feb-2018,22-Feb-2018,PE,11050,692.1,740,458.95,514.1,523.25,514.1,232,2033.56,110.86,117975,-4125,10498.25
NIFTY,06-Feb-2018,22-Feb-2018,PE,11100,730,790.8,497.7,587,564.15,587,4274,37850.94,2269.89,612450,-123150,10498.25
NIFTY,06-Feb-2018,22-Feb-2018,PE,11150,746.1,860.9,470,582.1,582.1,582.1,52,462.97,28.12,13800,-1800,10498.25
NIFTY,06-Feb-2018,22-Feb-2018,PE,10150,45.35,126.05,45.35,71.7,70.65,71.7,3670,28175.87,237.99,67200,64050,10498.25
NIFTY,06-Feb-2018,22-Feb-2018,PE,10200,56.5,170.1,56.5,81.7,81,81.7,252467,1951857.22,20484.67,2244450,481200,10498.25
NIFTY,06-Feb-2018,22-Feb-2018,PE,10250,72.2,186.75,65.9,91.5,89.15,91.5,6246,48564.07,547.94,66150,58950,10498.25
NIFTY,06-Feb-2018,22-Feb-2018,PE,10300,87.75,206.8,74.45,102.9,99,102.9,325016,2543435.25,32686.65,3423000,1169475,10498.25
NIFTY,06-Feb-2018,22-Feb-2018,PE,10350,107.55,226.55,84.8,114.2,111,114.2,11145,87769.83,1256.77,95475,53400,10498.25
NIFTY,06-Feb-2018,22-Feb-2018,PE,10400,131.15,249.55,95.5,129.35,124,129.35,272158,2156385.06,33552.66,2930925,-88650,10498.25
NIFTY,06-Feb-2018,22-Feb-2018,PE,10450,156,270,107.8,146,141,146,7222,57540.74,938.31,117600,15450,10498.25
NIFTY,06-Feb-2018,22-Feb-2018,PE,10500,189.5,300.05,122.45,163.25,157,163.25,240544,1930581.47,36297.47,4828125,-1242750,10498.25
NIFTY,06-Feb-2018,22-Feb-2018,PE,10550,221.95,329.25,140,183.9,174.55,183.9,5228,42209.62,843.07,130500,-39750,10498.25
NIFTY,06-Feb-2018,22-Feb-2018,PE,10600,261.75,364.5,158.05,208.35,197.1,208.35,118357,964556.11,23617.96,2038125,-1713375,10498.25
NIFTY,06-Feb-2018,22-Feb-2018,PE,9800,11.35,74.15,11.35,32.45,34.75,32.45,100462,741555.37,3159.67,1099275,636525,10498.25
NIFTY,06-Feb-2018,22-Feb-2018,PE,9850,60,62.35,23.45,35.65,42.4,35.65,994,7377.2,34.03,22200,22200,10498.25
NIFTY,06-Feb-2018,22-Feb-2018,PE,9900,14.25,91.6,14.25,40.15,41.9,40.15,129459,966517.49,5284.41,1446225,933975,10498.25
NIFTY,06-Feb-2018,22-Feb-2018,PE,9950,20.3,79.2,20.3,45.85,46.6,45.85,1265,9488.78,48.72,18150,16875,10498.25
NIFTY,06-Feb-2018,22-Feb-2018,PE,10000,22.65,113.35,22.65,50.9,51.5,50.9,335548,2533706.36,17096.36,4958250,1080225,10498.25
NIFTY,06-Feb-2018,22-Feb-2018,PE,10050,90,100,39.2,56.6,58,56.6,2479,18813.69,128.23,40125,40125,10498.25
NIFTY,06-Feb-2018,22-Feb-2018,PE,10100,36.25,139.35,36.25,64.35,64.2,64.35,195891,1496565.98,12691.66,1956525,770025,10498.25
NIFTY,07-Feb-2018,22-Feb-2018,PE,11200,640,748.3,620,739.3,742.8,739.3,470,4194.89,246.89,335100,-4125,10476.7
NIFTY,07-Feb-2018,22-Feb-2018,PE,11250,0,0,0,738.25,738.25,745.9,0,0,0,1500,0,10476.7
NIFTY,07-Feb-2018,22-Feb-2018,PE,11300,725,847,715.2,829.95,841.8,829.95,314,2841.42,180.27,328875,-12825,10476.7
NIFTY,07-Feb-2018,22-Feb-2018,PE,11350,0,0,0,968.55,0,844.55,0,0,0,0,0,10476.7
NIFTY,07-Feb-2018,22-Feb-2018,PE,11400,809.35,944.3,809.35,922.7,937.9,922.7,1008,9291.91,673.51,139275,150,10476.7
NIFTY,07-Feb-2018,22-Feb-2018,PE,11450,0,0,0,1063.55,0,943.75,0,0,0,0,0,10476.7
NIFTY,07-Feb-2018,22-Feb-2018,PE,11500,884.8,1048.5,884.8,1030.75,1037,1030.75,983,9203.49,725.12,935025,-37875,10476.7
NIFTY,07-Feb-2018,22-Feb-2018,PE,11550,0,0,0,1021,1021,1043.25,0,0,0,75,0,10476.7
NIFTY,07-Feb-2018,22-Feb-2018,PE,11600,1049.35,1137.8,1038.95,1127.6,1130.1,1127.6,39,371.07,31.77,44025,-150,10476.7
NIFTY,07-Feb-2018,22-Feb-2018,PE,11650,0,0,0,1121,1121,1142.9,0,0,0,75,0,10476.7
NIFTY,07-Feb-2018,22-Feb-2018,PE,10700,227.35,307.5,213.25,293.65,305,293.65,22064,181392.41,4328.81,2748525,-120525,10476.7
NIFTY,07-Feb-2018,22-Feb-2018,PE,10750,243.45,340.05,243.45,331.35,340,331.35,242,2002.63,51.5,53700,-1650,10476.7
NIFTY,07-Feb-2018,22-Feb-2018,PE,10800,280,389.95,275.45,370.65,385.35,370.65,9477,79101.67,2337.97,2538675,-100275,10476.7
NIFTY,07-Feb-2018,22-Feb-2018,PE,10850,326.4,422,320,415.65,422,415.65,158,1329.19,43.46,99300,-4800,10476.7
NIFTY,07-Feb-2018,22-Feb-2018,PE,10900,356.25,472.35,350,452,468,452,3321,28173.06,1023.89,1723950,-57450,10476.7
NIFTY,07-Feb-2018,22-Feb-2018,PE,10950,387.15,511.9,387.15,483.1,510,483.1,176,1507.34,61.94,52575,-300,10476.7
NIFTY,07-Feb-2018,22-Feb-2018,PE,11000,445,563.95,431.45,545.15,557.9,545.15,5920,51074.83,2234.83,1752375,-112950,10476.7
NIFTY,07-Feb-2018,22-Feb-2018,PE,11050,478.15,597.3,478.15,559.35,597.3,559.35,51,443.17,20.5,117300,-675,10476.7
NIFTY,07-Feb-2018,22-Feb-2018,PE,11100,528.7,657.15,522.05,642.65,651.65,642.65,1026,9001.12,459.67,599100,-13350,10476.7
NIFTY,07-Feb-2018,22-Feb-2018,PE,11150,620.9,653.6,618.35,648.4,648.4,648.4,6,53.03,2.86,13725,-75,10476.7
NIFTY,07-Feb-2018,22-Feb-2018,PE,10150,50,75.5,30.3,69.05,73.2,69.05,1816,13906.17,81.87,61500,-5700,10476.7
NIFTY,07-Feb-2018,22-Feb-2018,PE,10200,60,86.9,54.6,75.45,82.55,75.45,143660,1106447.03,7448.03,2262975,18525,10476.7
NIFTY,07-Feb-2018,22-Feb-2018,PE,10250,63.5,98.45,62.1,87.2,94.95,87.2,4003,31000.23,227.17,142125,75975,10476.7
NIFTY,07-Feb-2018,22-Feb-2018,PE,10300,70,113.55,70,98.4,109,98.4,166481,1297393.6,11327.88,3389625,-33375,10476.7
NIFTY,07-Feb-2018,22-Feb-2018,PE,10350,91.95,128.6,83.45,115.75,124.5,115.75,4633,36320.63,356.96,89625,-5850,10476.7
NIFTY,07-Feb-2018,22-Feb-2018,PE,10400,104.65,146.35,95.3,132.5,143,132.5,154009,1215098.48,13828.28,3042675,111750,10476.7
NIFTY,07-Feb-2018,22-Feb-2018,PE,10450,112.05,165.95,109.1,152.4,163.2,152.4,8432,66947.18,861.38,57675,-59925,10476.7
NIFTY,07-Feb-2018,22-Feb-2018,PE,10500,127.65,187.85,124.9,172.3,185,172.3,157045,1254953.68,18224.31,4932150,104025,10476.7
NIFTY,07-Feb-2018,22-Feb-2018,PE,10550,180,212.1,141.85,196.6,210.5,196.6,5880,47276.36,750.86,105075,-25425,10476.7
NIFTY,07-Feb-2018,22-Feb-2018,PE,10600,167.6,241.95,157.65,227.7,241,227.7,68271,553020.17,10265.72,1889550,-148575,10476.7
NIFTY,07-Feb-2018,22-Feb-2018,PE,10650,189.35,274.55,188.6,260.35,270.9,260.35,870,7093.76,144.64,46800,-15075,10476.7
NIFTY,07-Feb-2018,22-Feb-2018,PE,9800,24.9,30.2,18.1,25.35,27.35,25.35,40806,300628.29,704.19,1026975,-72300,10476.7
NIFTY,07-Feb-2018,22-Feb-2018,PE,9850,26.15,33.45,21.05,29.4,31.95,29.4,780,5777.78,15.53,8250,-13950,10476.7
NIFTY,07-Feb-2018,22-Feb-2018,PE,9900,24.95,38.75,23.65,32.3,35.5,32.3,36384,270957.48,806.28,1433925,-12300,10476.7
NIFTY,07-Feb-2018,22-Feb-2018,PE,9950,29.4,42,27.35,38.3,41.15,38.3,1079,8079.97,27.93,20700,2550,10476.7
NIFTY,07-Feb-2018,22-Feb-2018,PE,10000,35,50.25,23.1,43.25,47.5,43.25,128374,966544.81,3739.81,5675550,717300,10476.7
NIFTY,07-Feb-2018,22-Feb-2018,PE,10050,36.65,57.5,35.9,51.65,54.85,51.65,1699,12863.18,56.97,43875,3750,10476.7
NIFTY,07-Feb-2018,22-Feb-2018,PE,10100,45.05,66.35,39.35,57.65,63,57.65,84174,640897.4,3279.35,1928625,-27900,10476.7
NIFTY,08-Feb-2018,22-Feb-2018,PE,11200,725.9,729.4,566.4,627.55,620.35,627.55,344,3053.09,163.49,335100,0,10576.85
NIFTY,08-Feb-2018,22-Feb-2018,PE,11250,0,0,0,738.25,738.25,649.5,0,0,0,1500,0,10576.85
NIFTY,08-Feb-2018,22-Feb-2018,PE,11300,827.5,827.5,658,722.25,724.95,722.25,289,2603.99,154.71,315750,-13125,10576.85
NIFTY,08-Feb-2018,22-Feb-2018,PE,11350,0,0,0,968.55,0,747.25,0,0,0,0,0,10576.85
NIFTY,08-Feb-2018,22-Feb-2018,PE,11400,914,914,758.55,843.8,843.8,843.8,126,1154.96,77.66,137175,-2100,10576.85
NIFTY,08-Feb-2018,22-Feb-2018,PE,11450,0,0,0,1063.55,0,846,0,0,0,0,0,10576.85
NIFTY,08-Feb-2018,22-Feb-2018,PE,11500,1010,1010,856.35,918.6,915.9,918.6,963,8963.13,657.26,902850,-32175,10576.85
NIFTY,08-Feb-2018,22-Feb-2018,PE,11550,0,0,0,1021,1021,945.3,0,0,0,75,0,10576.85
NIFTY,08-Feb-2018,22-Feb-2018,PE,11600,1083.5,1083.5,966,1022.4,1022.5,1022.4,226,2137.56,171.36,47925,3900,10576.85
NIFTY,08-Feb-2018,22-Feb-2018,PE,11650,0,0,0,1121,1121,1044.85,0,0,0,75,0,10576.85
NIFTY,08-Feb-2018,22-Feb-2018,PE,10650,252.85,253,141,171.75,171.15,171.75,1877,15229.03,236.5,53325,6525,10576.85
NIFTY,08-Feb-2018,22-Feb-2018,PE,10700,282.85,286,163.9,201.45,199,201.45,26590,217423.83,4039.08,2848800,100275,10576.85
NIFTY,08-Feb-2018,22-Feb-2018,PE,10750,315,326.05,195.75,229.5,222.25,229.5,383,3154.64,66.7,63375,9675,10576.85
NIFTY,08-Feb-2018,22-Feb-2018,PE,10800,361,365.35,227.15,271.65,273,271.65,9556,79363.95,1960.35,2502675,-36000,10576.85
NIFTY,08-Feb-2018,22-Feb-2018,PE,10850,380.35,390,264.3,304.85,304.1,304.85,63,527.36,14.7,98100,-1200,10576.85
NIFTY,08-Feb-2018,22-Feb-2018,PE,10900,443.7,448.55,296.2,350.45,345.15,350.45,5060,42699.08,1333.58,1653900,-70050,10576.85
NIFTY,08-Feb-2018,22-Feb-2018,PE,10950,479.85,479.85,350,391.15,392.3,391.15,63,535.98,18.59,52350,-225,10576.85
NIFTY,08-Feb-2018,22-Feb-2018,PE,11000,525.5,537.75,377,437.2,434.5,437.2,6470,55462.99,2085.49,1655250,-97125,10576.85
NIFTY,08-Feb-2018,22-Feb-2018,PE,11050,551.5,551.5,430.8,480.3,484,480.3,233,2013.01,82.03,116625,-675,10576.85
NIFTY,08-Feb-2018,22-Feb-2018,PE,11100,628.65,628.65,466,529.75,526.55,529.75,1245,10855.75,491.12,574875,-24225,10576.85
NIFTY,08-Feb-2018,22-Feb-2018,PE,11150,592,592,523.35,575.55,570,575.55,22,193.13,9.15,12600,-1125,10576.85
NIFTY,08-Feb-2018,22-Feb-2018,PE,10150,63.5,63.6,30,37.45,36.5,37.45,2432,18584.51,70.91,49125,-12375,10576.85
NIFTY,08-Feb-2018,22-Feb-2018,PE,10200,65.4,74.25,34.55,43.55,42.85,43.55,117900,906046,4111,2556450,293475,10576.85
NIFTY,08-Feb-2018,22-Feb-2018,PE,10250,81.75,83.9,40,50.55,49.65,50.55,4973,38431.05,201.11,74250,-67875,10576.85
NIFTY,08-Feb-2018,22-Feb-2018,PE,10300,90,102.85,45.9,58.35,57,58.35,191456,1487870.44,8872.84,3984450,594825,10576.85
NIFTY,08-Feb-2018,22-Feb-2018,PE,10350,108.2,111.25,54,68.4,66.6,68.4,5101,39870,273.49,138525,48900,10576.85
NIFTY,08-Feb-2018,22-Feb-2018,PE,10400,125.2,128.3,62.6,80.1,78.35,80.1,192543,1513805.79,11970.39,3663750,621075,10576.85
NIFTY,08-Feb-2018,22-Feb-2018,PE,10450,163.45,163.45,74,93.1,91,93.1,7916,62618.53,576.88,94950,37275,10576.85
NIFTY,08-Feb-2018,22-Feb-2018,PE,10500,167.3,169.5,86,109.35,107,109.35,218656,1740467.08,18551.08,5885550,953400,10576.85
NIFTY,08-Feb-2018,22-Feb-2018,PE,10550,187.8,194.05,101.25,126.7,123.8,126.7,8687,69583.03,847.15,196275,91200,10576.85
NIFTY,08-Feb-2018,22-Feb-2018,PE,10600,207.5,222.1,118.2,149.05,145.6,149.05,105588,851305.58,11880.98,2261775,372225,10576.85
NIFTY,08-Feb-2018,22-Feb-2018,PE,9800,20,23.95,11.65,13.95,14,13.95,32266,237505.68,350.58,1015050,-11925,10576.85
NIFTY,08-Feb-2018,22-Feb-2018,PE,9850,24.55,24.55,13,15.7,16.2,15.7,699,5172.51,8.65,14100,5850,10576.85
NIFTY,08-Feb-2018,22-Feb-2018,PE,9900,30.8,30.8,15,18.3,18.4,18.3,34035,253197,487.13,1302300,-131625,10576.85
NIFTY,08-Feb-2018,22-Feb-2018,PE,9950,35.5,35.55,17.4,21.3,20.65,21.3,1476,11038.54,23.89,28425,7725,10576.85
NIFTY,08-Feb-2018,22-Feb-2018,PE,10000,39.8,40.5,19.95,24.1,23.25,24.1,126994,954852.19,2397.19,5616000,-59550,10576.85
NIFTY,08-Feb-2018,22-Feb-2018,PE,10050,45,45.5,22.85,28.05,27.1,28.05,1662,12564.24,36.92,45900,2025,10576.85
NIFTY,08-Feb-2018,22-Feb-2018,PE,10100,50.15,55.25,26.1,32.4,31.85,32.4,70843,538452.14,1816.42,1877325,-51300,10576.85
NIFTY,09-Feb-2018,22-Feb-2018,PE,9800,16.95,32,16.95,22.15,22.15,22.15,60342,444646.09,1132.39,1403550,388500,10454.95
NIFTY,09-Feb-2018,22-Feb-2018,PE,9850,19.6,36.2,19.6,25.5,25,25.5,945,7002,20.81,16275,2175,10454.95
NIFTY,09-Feb-2018,22-Feb-2018,PE,9900,24.2,41.25,24.2,28.55,28.3,28.55,54921,409174.46,1386.04,1364325,62025,10454.95
NIFTY,09-Feb-2018,22-Feb-2018,PE,9950,30.2,46.95,30,33.1,32.5,33.1,1961,14690.22,56.25,27075,-1350,10454.95
NIFTY,09-Feb-2018,22-Feb-2018,PE,10000,37,62.55,33.8,37.9,37.25,37.9,156929,1182160.12,5192.62,5760450,144450,10454.95
NIFTY,09-Feb-2018,22-Feb-2018,PE,10050,46.4,62.1,40,43.05,43,43.05,1660,12575.09,62.84,44625,-1275,10454.95
NIFTY,09-Feb-2018,22-Feb-2018,PE,10100,57.95,71.95,45.55,50.5,50.4,50.5,106147,808692.76,4629.23,2571525,694200,10454.95
NIFTY,09-Feb-2018,22-Feb-2018,PE,10150,72.1,81.35,53.25,58.25,56.8,58.25,2932,22468.46,148.61,45225,-3900,10454.95
NIFTY,09-Feb-2018,22-Feb-2018,PE,10200,89.6,93.95,61.25,68.1,65.85,68.1,173243,1335412.21,10103.26,3119175,562725,10454.95
NIFTY,09-Feb-2018,22-Feb-2018,PE,10250,102.65,107.05,71.05,77.3,75.95,77.3,5815,45099.52,396.71,94875,20625,10454.95
NIFTY,09-Feb-2018,22-Feb-2018,PE,10300,134.45,134.45,82.55,91.4,86.6,91.4,224440,1751117.54,17318.54,3752700,-231750,10454.95
NIFTY,09-Feb-2018,22-Feb-2018,PE,10350,135.6,144,95.5,104.55,99.85,104.55,7561,59364.15,671.89,144150,5625,10454.95
NIFTY,09-Feb-2018,22-Feb-2018,PE,10400,150,166,110.35,122.2,116.2,122.2,225058,1778417.41,22965.01,4027350,363600,10454.95
NIFTY,09-Feb-2018,22-Feb-2018,PE,10450,173.65,199.4,127.95,138.9,132,138.9,6033,47977.71,694.07,79725,-15225,10454.95
NIFTY,09-Feb-2018,22-Feb-2018,PE,10500,180.1,209.85,147.65,160.8,153,160.8,130069,1041634.66,17341.28,5147925,-737625,10454.95
NIFTY,09-Feb-2018,22-Feb-2018,PE,10550,190,234,169.4,183.3,174.1,183.3,2950,23793.06,451.19,189450,-6825,10454.95
NIFTY,09-Feb-2018,22-Feb-2018,PE,10600,210.15,294.35,197.1,212.1,203,212.1,53008,430722.31,9308.71,1755900,-505875,10454.95
NIFTY,09-Feb-2018,22-Feb-2018,PE,10650,285.85,304.5,231.4,241.55,232,241.55,627,5139.89,131.72,41850,-11475,10454.95
NIFTY,09-Feb-2018,22-Feb-2018,PE,10700,334.25,341.8,256.55,273.95,260,273.95,20712,170862.5,4648.7,2733750,-115050,10454.95
NIFTY,09-Feb-2018,22-Feb-2018,PE,10750,347.2,372,300.1,315.2,300.1,315.2,316,2632.12,84.37,49200,-14175,10454.95
NIFTY,09-Feb-2018,22-Feb-2018,PE,10800,419.95,443.35,331.95,352.6,340,352.6,11168,93615.71,3154.91,2135175,-367500,10454.95
NIFTY,09-Feb-2018,22-Feb-2018,PE,10850,462,462,383.15,395.65,387.55,395.65,77,651.13,24.54,96450,-1650,10454.95
NIFTY,09-Feb-2018,22-Feb-2018,PE,10900,506,518,416.05,439.95,423.1,439.95,4045,34449.74,1381.86,1501200,-152700,10454.95
NIFTY,09-Feb-2018,22-Feb-2018,PE,10950,530,555.85,469.5,483.2,478.75,483.2,73,626.61,27.1,52125,-225,10454.95
NIFTY,09-Feb-2018,22-Feb-2018,PE,11000,605.7,610,509.05,532.1,518.55,532.1,3532,30620.3,1481.3,1544325,-110925,10454.95
NIFTY,09-Feb-2018,22-Feb-2018,PE,11050,635,650.1,558,581.55,570,581.55,184,1607.51,82.61,110625,-6000,10454.95
NIFTY,09-Feb-2018,22-Feb-2018,PE,11100,699.75,702.15,604.75,626.65,610.3,626.65,1218,10735.13,595.28,560925,-13950,10454.95
NIFTY,09-Feb-2018,22-Feb-2018,PE,11150,719.1,733,649.65,649.65,649.65,649.65,6,53.29,3.12,12825,225,10454.95
NIFTY,09-Feb-2018,22-Feb-2018,PE,11200,816.75,816.75,708.3,729.15,711.05,729.15,614,5501.67,344.07,327450,-7650,10454.95
NIFTY,09-Feb-2018,22-Feb-2018,PE,11250,776.1,776.45,776.1,776.45,776.45,776.45,2,18.04,1.16,1350,-150,10454.95
NIFTY,09-Feb-2018,22-Feb-2018,PE,11300,872.8,897.75,800.05,825.05,802,825.05,173,1576.75,110.57,316425,675,10454.95
NIFTY,09-Feb-2018,22-Feb-2018,PE,11350,0,0,0,968.55,0,869.85,0,0,0,0,0,10454.95
NIFTY,09-Feb-2018,22-Feb-2018,PE,11400,955.1,999.15,900,944.1,917.5,944.1,44,407.48,31.28,137100,-75,10454.95
NIFTY,09-Feb-2018,22-Feb-2018,PE,11450,0,0,0,1063.55,0,969.3,0,0,0,0,0,10454.95
NIFTY,09-Feb-2018,22-Feb-2018,PE,11500,1075,1092,1000,1021.95,1000,1021.95,1314,12364.45,1031.2,835650,-67200,10454.95
NIFTY,09-Feb-2018,22-Feb-2018,PE,11550,0,0,0,1021,1021,1068.95,0,0,0,75,0,10454.95
NIFTY,09-Feb-2018,22-Feb-2018,PE,11600,1181.4,1181.4,1103.95,1131.45,1114.85,1131.45,180,1719.05,153.05,48525,600,10454.95
NIFTY,09-Feb-2018,22-Feb-2018,PE,11650,0,0,0,1121,1121,1168.65,0,0,0,75,0,10454.95
NIFTY,12-Feb-2018,22-Feb-2018,PE,9800,18,18,9.25,9.85,9.9,9.85,23128,170201.76,210.96,1449450,45900,-
NIFTY,12-Feb-2018,22-Feb-2018,PE,9850,18.9,18.9,10.8,11.25,11.5,11.25,495,3661.89,5.08,11925,-4350,-
NIFTY,12-Feb-2018,22-Feb-2018,PE,9900,19.75,24,12.4,13.35,12.4,13.35,34732,258326.2,441.1,1521450,157125,-
NIFTY,12-Feb-2018,22-Feb-2018,PE,9950,20,26.15,15,15.7,15.5,15.7,779,5824.94,11.65,30150,3075,-
NIFTY,12-Feb-2018,22-Feb-2018,PE,10000,28.8,31,17.55,18.7,18.85,18.7,83802,629964.04,1449.04,5476875,-283575,-
NIFTY,12-Feb-2018,22-Feb-2018,PE,10050,26,36.15,20.65,21.55,21.1,21.55,2822,21329.22,58.4,68625,24000,-
NIFTY,12-Feb-2018,22-Feb-2018,PE,10100,40.5,43,24.45,26.15,25.2,26.15,73943,561905.22,1787,2433675,-137850,-
NIFTY,12-Feb-2018,22-Feb-2018,PE,10150,39.35,50,26,31,30.25,31,3314,25314.82,87,118725,73500,-
NIFTY,12-Feb-2018,22-Feb-2018,PE,10200,62.5,62.5,34.65,37.4,36.55,37.4,102436,787084.7,3449.3,2959650,-159525,-
NIFTY,12-Feb-2018,22-Feb-2018,PE,10250,58.45,68.45,40.7,44,43.2,44,4228,32659.69,156.94,132600,37725,-
NIFTY,12-Feb-2018,22-Feb-2018,PE,10300,70,81,48.4,52.45,52,52.45,124656,968777.31,5809.71,3932025,179325,-
NIFTY,12-Feb-2018,22-Feb-2018,PE,10350,82.7,93.6,57.5,62.4,63,62.4,4641,36277.16,251.4,157425,13275,-
NIFTY,12-Feb-2018,22-Feb-2018,PE,10400,105,109.8,67.75,74.2,75.05,74.2,149881,1178812.09,9740.29,4266525,239175,-
NIFTY,12-Feb-2018,22-Feb-2018,PE,10450,115.75,126.6,81.25,87.75,90.6,87.75,6988,55298.88,530.43,129375,49650,-
NIFTY,12-Feb-2018,22-Feb-2018,PE,10500,122.3,148.8,96.45,104.7,107.6,104.7,147584,1175357.86,13133.86,5394150,246225,-
NIFTY,12-Feb-2018,22-Feb-2018,PE,10550,152.4,169,114.35,121.55,126.75,121.55,5934,47546.63,593.86,292800,103350,-
NIFTY,12-Feb-2018,22-Feb-2018,PE,10600,179.85,198.9,137.5,147.9,154,147.9,33218,268187.31,4104.21,1731825,-24075,-
NIFTY,12-Feb-2018,22-Feb-2018,PE,10650,208,222.75,163.7,173.35,181.25,173.35,196,1592.31,26.76,42375,525,-
NIFTY,12-Feb-2018,22-Feb-2018,PE,10700,240.1,259.5,192.35,204.95,209,204.95,14273,116920.82,2379.99,2636700,-97050,-
NIFTY,12-Feb-2018,22-Feb-2018,PE,10750,275,295.35,235,238.85,243.3,238.85,64,528.35,12.35,47325,-1875,-
NIFTY,12-Feb-2018,22-Feb-2018,PE,10800,318.05,336.2,265.6,279.25,284.95,279.25,5881,48963.87,1327.77,2035650,-99525,-
NIFTY,12-Feb-2018,22-Feb-2018,PE,10850,348.5,358,312.85,324.05,326.9,324.05,32,268.57,8.17,95925,-525,-
NIFTY,12-Feb-2018,22-Feb-2018,PE,10900,391.3,423.9,351,365.15,371.45,365.15,1830,15490.56,530.31,1470900,-30300,-
NIFTY,12-Feb-2018,22-Feb-2018,PE,10950,429.65,443.45,395.5,402,395.5,402,40,341.41,12.91,51825,-300,-
NIFTY,12-Feb-2018,22-Feb-2018,PE,11000,505,515,441.05,458.35,465,458.35,2945,25349.43,1053.18,1435425,-108900,-
NIFTY,12-Feb-2018,22-Feb-2018,PE,11050,525.9,540.9,492.7,498.3,510.35,498.3,50,433.49,19.12,108450,-2175,-
NIFTY,12-Feb-2018,22-Feb-2018,PE,11100,590,609.4,540,555.8,559.6,555.8,785,6871.35,336.22,540900,-20025,-
NIFTY,12-Feb-2018,22-Feb-2018,PE,11150,585,605,585,587,605,587,10,88.03,4.4,12825,0,-
NIFTY,12-Feb-2018,22-Feb-2018,PE,11200,680.9,708,633.1,647.25,659.5,647.25,229,2038.5,114.9,317850,-9600,-
NIFTY,12-Feb-2018,22-Feb-2018,PE,11250,0,0,0,776.45,776.45,691.55,0,0,0,1350,0,-
NIFTY,12-Feb-2018,22-Feb-2018,PE,11300,757,799.95,740.05,753.85,752.95,753.85,78,706.26,45.21,313275,-3150,-
NIFTY,12-Feb-2018,22-Feb-2018,PE,11350,0,0,0,968.55,0,790.8,0,0,0,0,0,-
NIFTY,12-Feb-2018,22-Feb-2018,PE,11400,885,886.8,837.4,841.15,848.55,841.15,23,211.68,15.03,136275,-825,-
NIFTY,12-Feb-2018,22-Feb-2018,PE,11450,0,0,0,1063.55,0,890.4,0,0,0,0,0,-
NIFTY,12-Feb-2018,22-Feb-2018,PE,11500,974.8,1003.4,937.05,949.95,959.7,949.95,754,7054.11,550.86,812325,-23325,-
NIFTY,12-Feb-2018,22-Feb-2018,PE,11550,0,0,0,1021,1021,990.15,0,0,0,75,0,-
NIFTY,12-Feb-2018,22-Feb-2018,PE,11600,1061.6,1097.2,1052,1052,1052,1052,64,608.18,51.38,46500,-2025,-
NIFTY,12-Feb-2018,22-Feb-2018,PE,11650,0,0,0,1121,1121,1089.95,0,0,0,75,0,-
NIFTY,14-Feb-2018,22-Feb-2018,PE,9800,8,11,4.95,8.2,11,8.2,22119,162681.79,107.14,1361475,-87975,10500.9
NIFTY,14-Feb-2018,22-Feb-2018,PE,9850,8.25,12.25,5.9,10.5,12.25,10.5,317,2343.77,1.94,14475,2550,10500.9
NIFTY,14-Feb-2018,22-Feb-2018,PE,9900,10.35,14.35,6.7,10.7,14.35,10.7,34093,253367.31,226.79,1619475,98025,10500.9
NIFTY,14-Feb-2018,22-Feb-2018,PE,9950,11.35,16.8,8.35,13.4,16.65,13.4,1621,12110.05,13.34,41250,11100,10500.9
NIFTY,14-Feb-2018,22-Feb-2018,PE,10000,14,20.95,10.1,16.7,20.35,16.7,84388,633738.24,828.24,4843800,-633075,10500.9
NIFTY,14-Feb-2018,22-Feb-2018,PE,10050,14.55,24.65,11.85,19.3,24.35,19.3,2409,18185.62,27.78,101400,32775,10500.9
NIFTY,14-Feb-2018,22-Feb-2018,PE,10100,18.15,30.75,14.75,24.15,29.2,24.15,71594,543361.01,1036.46,2337150,-96525,10500.9
NIFTY,14-Feb-2018,22-Feb-2018,PE,10150,22.6,36.8,17.45,29.65,36.25,29.65,2495,19038.66,45.47,95400,-23325,10500.9
NIFTY,14-Feb-2018,22-Feb-2018,PE,10200,26,44,21,35.55,43.5,35.55,103020,790292.44,2189.44,2773650,-186000,10500.9
NIFTY,14-Feb-2018,22-Feb-2018,PE,10250,33.35,54.15,25,46.55,48.6,46.55,4365,33677.71,121.77,119250,-13350,10500.9
NIFTY,14-Feb-2018,22-Feb-2018,PE,10300,40,65,30.75,51.65,64,51.65,157263,1219836.68,4980,3556200,-375825,10500.9
NIFTY,14-Feb-2018,22-Feb-2018,PE,10350,48.75,78.55,38.05,65.5,76.5,65.5,7038,54919.84,287.37,182250,24825,10500.9
NIFTY,14-Feb-2018,22-Feb-2018,PE,10400,61,95.4,47.3,77.9,93,77.9,155161,1217708.4,7452.6,3988125,-278400,10500.9
NIFTY,14-Feb-2018,22-Feb-2018,PE,10450,73.15,114,58.45,93.85,111.4,93.85,10239,80860.21,612.05,193575,64200,10500.9
NIFTY,14-Feb-2018,22-Feb-2018,PE,10500,89.45,136,71.85,110.65,133.95,110.65,248485,1974272.7,17453.32,5836425,442275,10500.9
NIFTY,14-Feb-2018,22-Feb-2018,PE,10550,104.75,160.2,87.5,130.95,155.2,130.95,15511,124006.63,1275.84,234825,-57975,10500.9
NIFTY,14-Feb-2018,22-Feb-2018,PE,10600,131.95,191.85,106.9,159.45,187.35,159.45,80759,650272.65,8238.6,1795875,64050,10500.9
NIFTY,14-Feb-2018,22-Feb-2018,PE,10650,148.85,232.1,130,198.2,222,198.2,983,7973.89,122.17,42750,375,10500.9
NIFTY,14-Feb-2018,22-Feb-2018,PE,10700,179.9,261.6,160.15,226,258.1,226,24597,200985.53,3594.6,2492475,-144225,10500.9
NIFTY,14-Feb-2018,22-Feb-2018,PE,10750,217.4,304.55,198.15,259.3,304.55,259.3,97,798.56,16.5,47625,300,10500.9
NIFTY,14-Feb-2018,22-Feb-2018,PE,10800,257.65,350.95,235,311.75,345.5,311.75,7118,59103.7,1447.9,1974300,-61350,10500.9
NIFTY,14-Feb-2018,22-Feb-2018,PE,10850,298.15,389.45,278.5,364.3,388.85,364.3,54,452.33,12.91,95100,-825,10500.9
NIFTY,14-Feb-2018,22-Feb-2018,PE,10900,339.15,445,323.95,405,445,405,1816,15331.41,485.61,1438725,-32175,10500.9
NIFTY,14-Feb-2018,22-Feb-2018,PE,10950,388.8,432,367.35,427.5,429,427.5,47,400.15,14.17,51675,-150,10500.9
NIFTY,14-Feb-2018,22-Feb-2018,PE,11000,425,538.35,414.65,487.75,535.65,487.75,2953,25360.37,998.12,1338150,-97275,10500.9
NIFTY,14-Feb-2018,22-Feb-2018,PE,11050,461.45,517.35,461.45,517.35,517.35,517.35,34,294.21,12.43,107850,-600,10500.9
NIFTY,14-Feb-2018,22-Feb-2018,PE,11100,532.2,634.8,507.95,584.7,634,584.7,595,5195.95,242.58,521700,-19200,10500.9
NIFTY,14-Feb-2018,22-Feb-2018,PE,11150,570.05,586.5,570.05,586.5,586.5,586.5,7,61.55,3.01,12300,-525,10500.9
NIFTY,14-Feb-2018,22-Feb-2018,PE,11200,622,731.55,611.85,710.8,731,710.8,234,2079.86,114.26,309525,-8325,10500.9
NIFTY,14-Feb-2018,22-Feb-2018,PE,11250,0,0,0,776.45,776.45,733.55,0,0,0,1350,0,10500.9
NIFTY,14-Feb-2018,22-Feb-2018,PE,11300,759.6,832.85,709.4,790.75,832.85,790.75,68,614.68,38.38,311175,-2100,10500.9
NIFTY,14-Feb-2018,22-Feb-2018,PE,11350,0,0,0,968.55,0,833.3,0,0,0,0,0,10500.9
NIFTY,14-Feb-2018,22-Feb-2018,PE,11400,841.65,929.35,808.85,882.45,929.35,882.45,23,211.52,14.87,136275,0,10500.9
NIFTY,14-Feb-2018,22-Feb-2018,PE,11450,0,0,0,1063.55,0,933.15,0,0,0,0,0,10500.9
NIFTY,14-Feb-2018,22-Feb-2018,PE,11500,931,1024.15,910.9,984.2,1024.15,984.2,308,2874.74,218.24,796575,-15750,10500.9
NIFTY,14-Feb-2018,22-Feb-2018,PE,11550,0,0,0,1021,1021,1033,0,0,0,75,0,10500.9
NIFTY,14-Feb-2018,22-Feb-2018,PE,11600,1040,1074.15,1040,1062.15,1074.15,1062.15,7,66.45,5.55,46500,0,10500.9
NIFTY,14-Feb-2018,22-Feb-2018,PE,11650,0,0,0,1121,1121,1132.85,0,0,0,75,0,10500.9
NIFTY,15-Feb-2018,22-Feb-2018,PE,9800,5.55,6.8,3.7,4.75,4.1,4.75,29668,218172.46,112.66,1297425,-64050,-
NIFTY,15-Feb-2018,22-Feb-2018,PE,9850,7.7,13.5,3.65,5.5,4.8,5.5,233,1722.21,.93,8100,-6375,-
NIFTY,15-Feb-2018,22-Feb-2018,PE,9900,8,9.4,5,6.9,5.4,6.9,30648,227718.88,157.48,1640100,20625,-
NIFTY,15-Feb-2018,22-Feb-2018,PE,9950,10,11.1,5.9,7.25,6.7,7.25,1794,13398.34,10.62,42975,1725,-
NIFTY,15-Feb-2018,22-Feb-2018,PE,10000,13,14.95,7,9.65,8.45,9.65,85571,642419.09,636.59,4848075,4275,-
NIFTY,15-Feb-2018,22-Feb-2018,PE,10050,12.7,16,7.75,10.65,9.15,10.65,2803,21152.04,24.43,100650,-750,-
NIFTY,15-Feb-2018,22-Feb-2018,PE,10100,19.75,19.95,9.2,13.6,11.35,13.6,77494,587822.19,805.14,2215275,-121875,-
NIFTY,15-Feb-2018,22-Feb-2018,PE,10150,25.2,25.2,10.35,15.75,13,15.75,3890,29659.57,46.95,164550,69150,-
NIFTY,15-Feb-2018,22-Feb-2018,PE,10200,27.8,29.7,12.8,19.35,16.7,19.35,135690,1040000.41,1971.91,3144825,371175,-
NIFTY,15-Feb-2018,22-Feb-2018,PE,10250,53.4,53.4,15.05,22.8,20,22.8,5197,40042.2,90.26,119325,75,-
NIFTY,15-Feb-2018,22-Feb-2018,PE,10300,40.45,44.85,18.65,28.45,24.8,28.45,180712,1399867.93,3867.73,3278250,-277950,-
NIFTY,15-Feb-2018,22-Feb-2018,PE,10350,44.9,53.15,22.85,35.4,32.15,35.4,13422,104551.18,362.9,196200,13950,-
NIFTY,15-Feb-2018,22-Feb-2018,PE,10400,69.25,69.25,28,44.5,40,44.5,244519,1915350.03,8101.83,4024200,36075,-
NIFTY,15-Feb-2018,22-Feb-2018,PE,10450,72.3,77,35.55,56.15,50.4,56.15,12523,98678.51,529.5,189450,-4125,-
NIFTY,15-Feb-2018,22-Feb-2018,PE,10500,101.15,101.15,44.35,71.7,66,71.7,353208,2799740.95,18227.95,6418200,581775,-
NIFTY,15-Feb-2018,22-Feb-2018,PE,10550,106.05,132.9,56.3,87.3,82.15,87.3,31486,251120.61,1987.64,514050,279225,-
NIFTY,15-Feb-2018,22-Feb-2018,PE,10600,140,144.95,72,113.95,105.65,113.95,155043,1244893.55,12301.7,2115450,319575,-
NIFTY,15-Feb-2018,22-Feb-2018,PE,10650,169.7,172.6,92.65,140.35,130.4,140.35,2409,19472.66,230.78,58050,15300,-
NIFTY,15-Feb-2018,22-Feb-2018,PE,10700,194,212.35,117.65,174.35,166.5,174.35,38569,314230.15,4713.92,2396775,-95700,-
NIFTY,15-Feb-2018,22-Feb-2018,PE,10750,221.05,236.25,152,208,202.6,208,174,1429.55,26.68,45375,-2250,-
NIFTY,15-Feb-2018,22-Feb-2018,PE,10800,282,302,190.05,257.75,251,257.75,12455,103176.53,2291.03,1860075,-114225,-
NIFTY,15-Feb-2018,22-Feb-2018,PE,10850,310.9,324.9,231.7,290,290,290,147,1225.4,29.19,87900,-7200,-
NIFTY,15-Feb-2018,22-Feb-2018,PE,10900,373.05,395,276.6,364.85,348.45,364.85,7684,64800.73,1984.03,1228200,-210525,-
NIFTY,15-Feb-2018,22-Feb-2018,PE,10950,400,406,320,387.25,387.25,387.25,89,755.02,24.11,51375,-300,-
NIFTY,15-Feb-2018,22-Feb-2018,PE,11000,470,490,371.05,449.5,439.3,449.5,3691,31614.76,1164.01,1210725,-127425,-
NIFTY,15-Feb-2018,22-Feb-2018,PE,11050,491.9,517.35,415,489.95,490,489.95,28,241.88,9.83,107175,-675,-
NIFTY,15-Feb-2018,22-Feb-2018,PE,11100,578.95,578.95,465.65,544.25,534.9,544.25,974,8489.22,380.67,498075,-23625,-
NIFTY,15-Feb-2018,22-Feb-2018,PE,11150,581.85,584,522.8,575,575,575,11,96.6,4.62,12000,-300,-
NIFTY,15-Feb-2018,22-Feb-2018,PE,11200,643.55,680.9,564.25,636.5,632.95,636.5,251,2224.22,115.82,297525,-12000,-
NIFTY,15-Feb-2018,22-Feb-2018,PE,11250,0,0,0,776.45,776.45,690.85,0,0,0,1350,0,-
NIFTY,15-Feb-2018,22-Feb-2018,PE,11300,759.95,786,665,758.1,759.6,758.1,513,4624.65,276.98,280350,-30825,-
NIFTY,15-Feb-2018,22-Feb-2018,PE,11350,0,0,0,968.55,0,790.6,0,0,0,0,0,-
NIFTY,15-Feb-2018,22-Feb-2018,PE,11400,847.55,863,765.85,857.35,855,857.35,50,458.58,31.08,134625,-1650,-
NIFTY,15-Feb-2018,22-Feb-2018,PE,11450,0,0,0,1063.55,0,890.5,0,0,0,0,0,-
NIFTY,15-Feb-2018,22-Feb-2018,PE,11500,957.45,974,863.55,948.75,935,948.75,396,3687.93,272.43,773325,-23250,-
NIFTY,15-Feb-2018,22-Feb-2018,PE,11550,0,0,0,1021,1021,990.35,0,0,0,75,0,-
NIFTY,15-Feb-2018,22-Feb-2018,PE,11600,1042,1065,972.65,1054.35,1051,1054.35,107,1013.67,82.77,42600,-3900,-
NIFTY,15-Feb-2018,22-Feb-2018,PE,11650,0,0,0,1121,1121,1090.25,0,0,0,75,0,-
NIFTY,16-Feb-2018,22-Feb-2018,PE,9800,4,5.2,2.4,3.9,3.5,3.9,29685,218265.6,80.85,1423500,126075,-
NIFTY,16-Feb-2018,22-Feb-2018,PE,9850,3.2,6.2,3,5.65,4.35,5.65,171,1263.83,.56,7125,-975,-
NIFTY,16-Feb-2018,22-Feb-2018,PE,9900,5.75,7.7,3.35,5.4,5.25,5.4,29834,221629.41,111.96,1668000,27900,-
NIFTY,16-Feb-2018,22-Feb-2018,PE,9950,5,9.5,3.9,6.9,6.5,6.9,1405,10492.27,7.46,55275,12300,-
NIFTY,16-Feb-2018,22-Feb-2018,PE,10000,7,12.15,4.75,8.75,8.5,8.75,101637,762901.11,623.61,4631025,-217050,-
NIFTY,16-Feb-2018,22-Feb-2018,PE,10050,6.7,15,5.3,10.7,10.4,10.7,3665,27652.43,27.49,103125,2475,-
NIFTY,16-Feb-2018,22-Feb-2018,PE,10100,8.2,19.3,6.3,14,13.95,14,78016,591687.27,716.07,2191050,-24225,-
NIFTY,16-Feb-2018,22-Feb-2018,PE,10150,10,23.6,7.15,16.95,17.2,16.95,4779,36435.61,55.47,168600,4050,-
NIFTY,16-Feb-2018,22-Feb-2018,PE,10200,12,30.6,9,22.55,22.95,22.55,152626,1169869.72,2280.82,3168000,23175,-
NIFTY,16-Feb-2018,22-Feb-2018,PE,10250,13.95,38.35,10.7,28.9,28.1,28.9,9111,70206.84,166.02,125550,6225,-
NIFTY,16-Feb-2018,22-Feb-2018,PE,10300,21.95,49.25,14.05,37.1,37.6,37.1,242447,1878565.39,5662.32,3453000,174750,-
NIFTY,16-Feb-2018,22-Feb-2018,PE,10350,21.45,62.05,17.75,48.65,50,48.65,18578,144779.02,567.29,193350,-2850,-
NIFTY,16-Feb-2018,22-Feb-2018,PE,10400,33.95,79.9,23.15,62.8,64.9,62.8,337356,2644877.32,13500.52,4080525,56325,-
NIFTY,16-Feb-2018,22-Feb-2018,PE,10450,53.9,99.65,30,80.75,84.3,80.75,41708,329012.45,2126,340200,150750,-
NIFTY,16-Feb-2018,22-Feb-2018,PE,10500,52.9,126.45,39.7,106.9,113,106.9,444075,3523695.49,26604.87,5567100,-851100,-
NIFTY,16-Feb-2018,22-Feb-2018,PE,10550,66.4,154,51,133.65,138.6,133.65,35061,279883.42,2463.25,479925,-34125,-
NIFTY,16-Feb-2018,22-Feb-2018,PE,10600,90.05,193.75,69.25,169.3,180,169.3,210401,1691798.8,19110.85,1628475,-486975,-
NIFTY,16-Feb-2018,22-Feb-2018,PE,10650,106.1,230,87.8,208.35,220,208.35,5331,43111.07,529.71,54525,-3525,-
NIFTY,16-Feb-2018,22-Feb-2018,PE,10700,142.35,273.55,118.2,249.05,260.45,249.05,40635,331792.89,5697.01,2250525,-146250,-
NIFTY,16-Feb-2018,22-Feb-2018,PE,10750,160,311.1,153.1,294.2,300,294.2,198,1630.46,34.08,46425,1050,-
NIFTY,16-Feb-2018,22-Feb-2018,PE,10800,226.3,370,194,346.3,355.85,346.3,12313,102278.49,2543.19,1751550,-108525,-
NIFTY,16-Feb-2018,22-Feb-2018,PE,10850,258.15,423.95,245.25,397.1,423.95,397.1,115,964.55,28.74,83625,-4275,-
NIFTY,16-Feb-2018,22-Feb-2018,PE,10900,315.85,462.6,287,444.2,453,444.2,5717,48343.49,1607.02,1042125,-186075,-
NIFTY,16-Feb-2018,22-Feb-2018,PE,10950,353.1,502.9,346.4,487.25,494.7,487.25,141,1207.09,49.12,51150,-225,-
NIFTY,16-Feb-2018,22-Feb-2018,PE,11000,415.55,561,385,538.2,550.7,538.2,3661,31523.01,1319.76,1128975,-81750,-
NIFTY,16-Feb-2018,22-Feb-2018,PE,11050,467.85,600,457.25,584.15,588,584.15,77,667.81,29.67,105075,-2100,-
NIFTY,16-Feb-2018,22-Feb-2018,PE,11100,495.25,662.6,478.05,638.75,649.1,638.75,1776,15561.75,776.55,436650,-61425,-
NIFTY,16-Feb-2018,22-Feb-2018,PE,11150,562,695,562,695,695,695,20,176.38,9.13,11625,-375,-
NIFTY,16-Feb-2018,22-Feb-2018,PE,11200,600,751,580,740.7,749,740.7,867,7731.4,448.6,246900,-50625,-
NIFTY,16-Feb-2018,22-Feb-2018,PE,11250,0,0,0,776.45,776.45,785.9,0,0,0,1350,0,-
NIFTY,16-Feb-2018,22-Feb-2018,PE,11300,701.1,861,680.05,842.65,850,842.65,842,7633.22,497.27,232275,-48075,-
NIFTY,16-Feb-2018,22-Feb-2018,PE,11350,0,0,0,968.55,0,885.8,0,0,0,0,0,-
NIFTY,16-Feb-2018,22-Feb-2018,PE,11400,794.55,948.95,789.05,943.35,948.95,943.35,353,3249.96,231.81,112050,-22575,-
NIFTY,16-Feb-2018,22-Feb-2018,PE,11450,0,0,0,1063.55,0,985.7,0,0,0,0,0,-
NIFTY,16-Feb-2018,22-Feb-2018,PE,11500,903.75,1058.55,880,1039.3,1040,1039.3,773,7232.14,565.02,746475,-26850,-
NIFTY,16-Feb-2018,22-Feb-2018,PE,11550,0,0,0,1021,1021,1085.6,0,0,0,75,0,-
NIFTY,16-Feb-2018,22-Feb-2018,PE,11600,976.75,1150.15,976.5,1142.7,1150.15,1142.7,295,2804.82,238.32,28350,-14250,-
NIFTY,16-Feb-2018,22-Feb-2018,PE,11650,0,0,0,1121,1121,1185.5,0,0,0,75,0,-
NIFTY,19-Feb-2018,22-Feb-2018,PE,9800,2.9,4.45,2,2.55,2.15,2.55,41037,301718.18,96.23,1333650,-89850,-
NIFTY,19-Feb-2018,22-Feb-2018,PE,9850,5.5,5.5,2.45,2.9,2.6,2.9,305,2253.99,.81,10200,3075,-
NIFTY,19-Feb-2018,22-Feb-2018,PE,9900,4.1,7.05,2.8,3.5,3.35,3.5,61844,459411.27,219.57,1552875,-115125,-
NIFTY,19-Feb-2018,22-Feb-2018,PE,9950,5.1,8.5,3.1,4,4.1,4,5898,44037.72,23.9,131325,76050,-
NIFTY,19-Feb-2018,22-Feb-2018,PE,10000,6,11.7,4.55,5.6,5.55,5.6,177436,1331805.16,1035.16,4773075,142050,-
NIFTY,19-Feb-2018,22-Feb-2018,PE,10050,10,15.9,5.7,7.2,7,7.2,9969,75218.21,76.87,88575,-14550,-
NIFTY,19-Feb-2018,22-Feb-2018,PE,10100,11,21.35,7.85,9.9,9.65,9.9,221996,1683915.06,2295.36,3024225,833175,-
NIFTY,19-Feb-2018,22-Feb-2018,PE,10150,12,28.6,10.15,12.85,12.75,12.85,19245,146777.45,274.89,225225,56625,-
NIFTY,19-Feb-2018,22-Feb-2018,PE,10200,19.95,39.65,14.25,18.3,18.3,18.3,321565,2466227.45,6255.2,3178050,10050,-
NIFTY,19-Feb-2018,22-Feb-2018,PE,10250,21.65,53.45,18,24.45,25.65,24.45,45792,353264.48,1238.48,255900,130350,-
NIFTY,19-Feb-2018,22-Feb-2018,PE,10300,30,73.35,25.1,35.7,36.85,35.7,490687,3808828.49,18271.42,4577250,1124250,-
NIFTY,19-Feb-2018,22-Feb-2018,PE,10350,45,99.8,33,49.8,52,49.8,58129,454161.42,2935.06,582300,388950,-
NIFTY,19-Feb-2018,22-Feb-2018,PE,10400,47.65,135.6,40.2,73.4,77.95,73.4,421394,3314989.49,28116.29,2957775,-1122750,-
NIFTY,19-Feb-2018,22-Feb-2018,PE,10450,68.65,173.05,60.4,101.1,105.25,101.1,24506,194068.54,2002.76,223500,-116700,-
NIFTY,19-Feb-2018,22-Feb-2018,PE,10500,93,217.4,83.85,141.25,144.45,141.25,199194,1591543.67,22890.92,4245525,-1321575,-
NIFTY,19-Feb-2018,22-Feb-2018,PE,10550,112.95,260,110.1,179.5,182.45,179.5,9166,73833.8,1307.83,178875,-301050,-
NIFTY,19-Feb-2018,22-Feb-2018,PE,10600,154,309,140.55,225.25,225.75,225.25,40837,331762.09,7107.94,1144875,-483600,-
NIFTY,19-Feb-2018,22-Feb-2018,PE,10650,199.95,352.65,199.95,265.35,280.9,265.35,2780,22752.86,547.61,48300,-6225,-
NIFTY,19-Feb-2018,22-Feb-2018,PE,10700,236.05,404,227.35,314.3,320,314.3,19903,164676.55,4954.97,1582800,-667725,-
NIFTY,19-Feb-2018,22-Feb-2018,PE,10750,313.5,449.2,303.65,353.7,360.9,353.7,114,951.23,32.11,44775,-1650,-
NIFTY,19-Feb-2018,22-Feb-2018,PE,10800,327.75,505.35,325.75,423.45,419.2,423.45,9544,80365.48,3059.08,1388700,-362850,-
NIFTY,19-Feb-2018,22-Feb-2018,PE,10850,388,548.25,388,462.25,455.25,462.25,58,492.23,20.25,82050,-1575,-
NIFTY,19-Feb-2018,22-Feb-2018,PE,10900,425,607.45,425,515.15,519.4,515.15,4543,38910.29,1771.26,868800,-173325,-
NIFTY,19-Feb-2018,22-Feb-2018,PE,10950,497.85,655,487.75,561.75,558.1,561.75,249,2153.29,108.38,42300,-8850,-
NIFTY,19-Feb-2018,22-Feb-2018,PE,11000,517.65,700.5,517.65,618.8,615.2,618.8,5047,43992.15,2354.4,956100,-172875,-
NIFTY,19-Feb-2018,22-Feb-2018,PE,11050,620,740,618.15,686.8,662.45,686.8,186,1640.26,98.79,93075,-12000,-
NIFTY,19-Feb-2018,22-Feb-2018,PE,11100,665,798.55,644.55,716.5,708.8,716.5,894,7926.99,484.44,405900,-30750,-
NIFTY,19-Feb-2018,22-Feb-2018,PE,11150,685,814,685,772,772,772,9,80.44,5.18,11325,-300,-
NIFTY,19-Feb-2018,22-Feb-2018,PE,11200,740,894.95,736.75,805.35,805.9,805.35,1809,16286.58,1090.98,236025,-10875,-
NIFTY,19-Feb-2018,22-Feb-2018,PE,11250,0,0,0,776.45,776.45,865.7,0,0,0,1350,0,-
NIFTY,19-Feb-2018,22-Feb-2018,PE,11300,870.6,985.2,840.05,917.3,900,917.3,232,2130.33,164.13,217425,-14850,-
NIFTY,19-Feb-2018,22-Feb-2018,PE,11350,0,0,0,968.55,0,965.65,0,0,0,0,0,-
NIFTY,19-Feb-2018,22-Feb-2018,PE,11400,970,1092,936.35,1015.85,1013.25,1015.85,138,1286.37,106.47,104775,-7275,-
NIFTY,19-Feb-2018,22-Feb-2018,PE,11450,0,0,0,1063.55,0,1065.6,0,0,0,0,0,-
NIFTY,19-Feb-2018,22-Feb-2018,PE,11500,1050,1194,1047.25,1120.55,1101.2,1120.55,2208,20918.33,1874.33,698325,-48150,-
NIFTY,19-Feb-2018,22-Feb-2018,PE,11550,0,0,0,1021,1021,1165.55,0,0,0,75,0,-
NIFTY,19-Feb-2018,22-Feb-2018,PE,11600,1166,1275,1166,1218,1207.25,1218,174,1672.31,158.51,18375,-9975,-
NIFTY,19-Feb-2018,22-Feb-2018,PE,11650,0,0,0,1121,1121,1265.5,0,0,0,75,0,-
NIFTY,20-Feb-2018,22-Feb-2018,PE,9800,2,2.2,1.3,1.85,1.75,1.85,25273,185787.88,31.33,1204650,-129000,-
NIFTY,20-Feb-2018,22-Feb-2018,PE,9850,2.3,2.5,1.35,2.15,2,2.15,637,4706.71,.87,21975,11775,-
NIFTY,20-Feb-2018,22-Feb-2018,PE,9900,6.4,6.4,1.7,2.7,2.65,2.7,30548,226871.86,52.96,1497600,-55275,-
NIFTY,20-Feb-2018,22-Feb-2018,PE,9950,2.9,3.85,2.05,3.25,3.2,3.25,4998,37308.06,10.49,61575,-69750,-
NIFTY,20-Feb-2018,22-Feb-2018,PE,10000,5,5.65,2.6,4.3,4.4,4.3,127573,957152.02,354.52,4512975,-260100,-
NIFTY,20-Feb-2018,22-Feb-2018,PE,10050,6,7.15,2.75,5.15,5.45,5.15,7746,58412.15,26.68,198300,109725,-
NIFTY,20-Feb-2018,22-Feb-2018,PE,10100,8.7,10,3.85,7.45,7.9,7.45,213913,1621414.72,1023.74,3220725,196500,-
NIFTY,20-Feb-2018,22-Feb-2018,PE,10150,10.25,13.7,5,10.5,11.1,10.5,27442,209085.99,183.77,230625,5400,-
NIFTY,20-Feb-2018,22-Feb-2018,PE,10200,11.65,19.9,7.5,15.85,16.45,15.85,293388,2247203.24,2785.04,3353625,175575,-
NIFTY,20-Feb-2018,22-Feb-2018,PE,10250,24.45,28.8,11.5,24.25,25,24.25,58405,449834.36,845.93,357150,101250,-
NIFTY,20-Feb-2018,22-Feb-2018,PE,10300,25.1,41.95,18,37.35,37.8,37.35,622313,4820663.88,13295.95,5489925,912675,-
NIFTY,20-Feb-2018,22-Feb-2018,PE,10350,50,62,27.4,55.5,56.5,55.5,113953,888147.55,3587.38,634500,52200,-
NIFTY,20-Feb-2018,22-Feb-2018,PE,10400,73.4,92.75,42.2,84.6,84.65,84.6,511593,4014316.47,23891.07,3068925,111150,-
NIFTY,20-Feb-2018,22-Feb-2018,PE,10450,105.6,130.15,66.25,119.65,122,119.65,17759,140403.65,1217.49,182100,-41400,-
NIFTY,20-Feb-2018,22-Feb-2018,PE,10500,134.75,174,99,163.9,167.95,163.9,123250,982567.07,11973.32,3847800,-397725,-
NIFTY,20-Feb-2018,22-Feb-2018,PE,10550,190,217.9,134.8,208.05,210,208.05,2277,18331.89,315.13,125250,-53625,-
NIFTY,20-Feb-2018,22-Feb-2018,PE,10600,222,267.15,178.05,255.85,259.25,255.85,22449,182058.3,3588.75,989475,-155400,-
NIFTY,20-Feb-2018,22-Feb-2018,PE,10650,286.6,310,225,297.3,303.65,297.3,269,2203.82,55.18,36450,-11850,-
NIFTY,20-Feb-2018,22-Feb-2018,PE,10700,318.8,362.25,270.4,352.05,356,352.05,13759,113569.26,3153.28,936450,-646350,-
NIFTY,20-Feb-2018,22-Feb-2018,PE,10750,365.05,402,325.7,397.5,401.5,397.5,233,1940.11,61.55,32850,-11925,-
NIFTY,20-Feb-2018,22-Feb-2018,PE,10800,419.85,460,367.65,449.45,451.95,449.45,12449,104588.75,3751.85,887550,-501150,-
NIFTY,20-Feb-2018,22-Feb-2018,PE,10850,468.65,500,427.15,500,500,500,545,4618.68,183.75,43875,-38175,-
NIFTY,20-Feb-2018,22-Feb-2018,PE,10900,532.25,563,470,558.2,558.75,558.2,5542,47425.1,2119.25,544575,-324225,-
NIFTY,20-Feb-2018,22-Feb-2018,PE,10950,560.7,605.75,521.85,605.75,605.75,605.75,300,2585.52,121.77,23775,-18525,-
NIFTY,20-Feb-2018,22-Feb-2018,PE,11000,618.85,664.9,570,655.4,659,655.4,7113,61907.95,3225.7,660675,-295425,-
NIFTY,20-Feb-2018,22-Feb-2018,PE,11050,658,714.75,624.6,710.5,706.7,710.5,137,1202.13,66.74,84225,-8850,-
NIFTY,20-Feb-2018,22-Feb-2018,PE,11100,724.9,760,668.45,753.5,753.9,753.5,1402,12414.33,742.68,327825,-78075,-
NIFTY,20-Feb-2018,22-Feb-2018,PE,11150,725,761,725,729.05,729.05,729.05,32,285.24,17.64,10275,-1050,-
NIFTY,20-Feb-2018,22-Feb-2018,PE,11200,813.15,858,766.6,851.95,850,851.95,550,4951.04,331.04,203700,-32325,-
NIFTY,20-Feb-2018,22-Feb-2018,PE,11250,833.4,833.4,830.8,831.4,831.4,831.4,11,99.67,6.86,525,-825,-
NIFTY,20-Feb-2018,22-Feb-2018,PE,11300,893,954.95,870,946.8,953,946.8,110,1006.62,74.37,212175,-5250,-
NIFTY,20-Feb-2018,22-Feb-2018,PE,11350,0,0,0,968.55,0,985.65,0,0,0,0,0,-
NIFTY,20-Feb-2018,22-Feb-2018,PE,11400,980,1030,980,1030,1030,1030,36,334.54,26.74,102750,-2025,-
NIFTY,20-Feb-2018,22-Feb-2018,PE,11450,0,0,0,1063.55,0,1085.6,0,0,0,0,0,-
NIFTY,20-Feb-2018,22-Feb-2018,PE,11500,1133.35,1155,1067.15,1150.3,1147.95,1150.3,1343,12697,1113.63,630225,-68100,-
NIFTY,20-Feb-2018,22-Feb-2018,PE,11550,0,0,0,1021,1021,1185.6,0,0,0,75,0,-
NIFTY,20-Feb-2018,22-Feb-2018,PE,11600,1227.75,1252.75,1177.7,1249.8,1252.15,1249.8,233,2239.56,212.46,5700,-12675,-
NIFTY,20-Feb-2018,22-Feb-2018,PE,11650,0,0,0,1121,1121,1285.55,0,0,0,75,0,-
NIFTY,21-Feb-2018,22-Feb-2018,PE,9800,0.1,1.45,0.1,0.55,0.6,0.55,16242,119388.46,9.76,1241325,36675,10397.45
NIFTY,21-Feb-2018,22-Feb-2018,PE,9850,1,1.2,0.2,0.65,0.65,0.65,247,1824.85,.14,24300,2325,10397.45
NIFTY,21-Feb-2018,22-Feb-2018,PE,9900,1.45,2.2,0.35,0.55,0.4,0.55,26103,193837.24,22.46,1509375,11775,10397.45
NIFTY,21-Feb-2018,22-Feb-2018,PE,9950,1.5,4,0.1,0.5,0.2,0.5,2922,21808.3,2.88,71175,9600,10397.45
NIFTY,21-Feb-2018,22-Feb-2018,PE,10000,2.9,3.6,0.45,0.7,0.5,0.7,128688,965320.81,160.81,4341900,-171075,10397.45
NIFTY,21-Feb-2018,22-Feb-2018,PE,10050,3.1,4.45,0.4,0.65,0.5,0.65,11902,89729.23,17.9,103200,-95100,10397.45
NIFTY,21-Feb-2018,22-Feb-2018,PE,10100,3.25,6.85,0.65,0.9,0.65,0.9,208215,1577683.74,455.11,2885025,-335700,10397.45
NIFTY,21-Feb-2018,22-Feb-2018,PE,10150,7.1,10.15,0.55,1.3,0.85,1.3,47380,360816.98,136.73,345450,114825,10397.45
NIFTY,21-Feb-2018,22-Feb-2018,PE,10200,8.9,15.9,1.3,2.5,1.5,2.5,374296,2865455.73,2091.33,3378075,24450,10397.45
NIFTY,21-Feb-2018,22-Feb-2018,PE,10250,18,24.1,3.15,5.25,3.5,5.25,105118,808996.06,901.43,878700,521550,10397.45
NIFTY,21-Feb-2018,22-Feb-2018,PE,10300,28.45,36.65,8.1,11.5,9,11.5,708449,5484241.71,11473.18,6552450,1062525,10397.45
NIFTY,21-Feb-2018,22-Feb-2018,PE,10350,28,54,15,21.15,19.85,21.15,179492,1397829.76,4523.11,1460100,825600,10397.45
NIFTY,21-Feb-2018,22-Feb-2018,PE,10400,39,80.25,29.6,38.7,37.6,38.7,448925,3520485.51,18870.51,3561900,492975,10397.45
NIFTY,21-Feb-2018,22-Feb-2018,PE,10450,80,115,56.2,66.45,70,66.45,17606,139104.21,1117.19,194325,12225,10397.45
NIFTY,21-Feb-2018,22-Feb-2018,PE,10500,110.8,161,96.1,108.55,112.95,108.55,90549,721915.9,8842.52,3530025,-317775,10397.45
NIFTY,21-Feb-2018,22-Feb-2018,PE,10550,160,205,140.3,152.65,159.95,152.65,962,7738,126.17,92775,-32475,10397.45
NIFTY,21-Feb-2018,22-Feb-2018,PE,10600,200,255,190.7,204.35,206.6,204.35,10551,85647.72,1767.27,848775,-140700,10397.45
NIFTY,21-Feb-2018,22-Feb-2018,PE,10650,250,301,238.15,252.3,264.1,252.3,725,5944,153.06,14100,-22350,10397.45
NIFTY,21-Feb-2018,22-Feb-2018,PE,10700,290.05,352,286,297.8,302.65,297.8,5476,45267.75,1322.85,739950,-196500,10397.45
NIFTY,21-Feb-2018,22-Feb-2018,PE,10750,350,387.55,350,355.5,352,355.5,371,3094.72,103.54,12900,-19950,10397.45
NIFTY,21-Feb-2018,22-Feb-2018,PE,10800,403.75,449.2,385,400.55,402.05,400.55,5032,42357.4,1598.2,633375,-254175,10397.45
NIFTY,21-Feb-2018,22-Feb-2018,PE,10850,456.65,490.7,438.35,455.9,455.45,455.9,395,3354.02,139.71,21000,-22875,10397.45
NIFTY,21-Feb-2018,22-Feb-2018,PE,10900,515,552,492.3,506.7,509.95,506.7,3967,33976.7,1546.48,378150,-166425,10397.45
NIFTY,21-Feb-2018,22-Feb-2018,PE,10950,570.05,572,546.2,553.35,560.5,553.35,73,630.59,31.08,18375,-5400,10397.45
NIFTY,21-Feb-2018,22-Feb-2018,PE,11000,603.65,651.55,590.95,603.65,606.75,603.65,5910,51524.69,2767.19,343875,-316800,10397.45
NIFTY,21-Feb-2018,22-Feb-2018,PE,11050,682.65,700,662,662,662,662,48,422.19,24.39,82725,-1500,10397.45
NIFTY,21-Feb-2018,22-Feb-2018,PE,11100,700,744.1,687.2,698.6,700.45,698.6,727,6443.34,391.06,299475,-28350,10397.45
NIFTY,21-Feb-2018,22-Feb-2018,PE,11150,755,780,750,750,750,750,19,169.66,10.78,9000,-1275,10397.45
NIFTY,21-Feb-2018,22-Feb-2018,PE,11200,814,845.4,790.2,809.85,805,809.85,1865,16815.28,1149.28,76875,-126825,10397.45
NIFTY,21-Feb-2018,22-Feb-2018,PE,11250,0,0,0,831.4,831.4,850.6,0,0,0,525,0,10397.45
NIFTY,21-Feb-2018,22-Feb-2018,PE,11300,900.05,939.95,890,903.4,905.4,903.4,1364,12503.51,943.61,136275,-75900,10397.45
NIFTY,21-Feb-2018,22-Feb-2018,PE,11350,0,0,0,968.55,0,950.6,0,0,0,0,0,10397.45
NIFTY,21-Feb-2018,22-Feb-2018,PE,11400,1016.45,1045.65,995,1000.75,996,1000.75,1249,11639.56,960.61,40875,-61875,10397.45
NIFTY,21-Feb-2018,22-Feb-2018,PE,11450,0,0,0,1063.55,0,1050.55,0,0,0,0,0,10397.45
NIFTY,21-Feb-2018,22-Feb-2018,PE,11500,1108,1147.55,1083.3,1096.9,1099.05,1096.9,3845,36396.95,3233.82,373425,-256800,10397.45
NIFTY,21-Feb-2018,22-Feb-2018,PE,11550,0,0,0,1021,1021,1150.55,0,0,0,75,0,10397.45
NIFTY,21-Feb-2018,22-Feb-2018,PE,11600,1229.9,1238.3,1191.1,1199.25,1207.35,1199.25,15,144.28,13.78,4725,-975,10397.45
NIFTY,21-Feb-2018,22-Feb-2018,PE,11650,0,0,0,1121,1121,1250.55,0,0,0,75,0,10397.45
NIFTY,22-Feb-2018,22-Feb-2018,PE,9800,0.4,0.4,0.05,0.05,0.05,0,6179,45415.95,.3,1236750,-4575,-
NIFTY,22-Feb-2018,22-Feb-2018,PE,9850,0.5,0.5,0.05,0.05,0.05,0,141,1041.65,.02,24075,-225,-
NIFTY,22-Feb-2018,22-Feb-2018,PE,9900,0.25,0.25,0.05,0.05,0.05,0,22681,168407.44,1.02,2117475,608100,-
NIFTY,22-Feb-2018,22-Feb-2018,PE,9950,0.25,0.25,0.05,0.05,0.05,0,1435,10708.79,.1,120750,49575,-
NIFTY,22-Feb-2018,22-Feb-2018,PE,10000,0.05,0.5,0.05,0.05,0.05,0,72379,542848.51,6.01,4277925,-63975,-
NIFTY,22-Feb-2018,22-Feb-2018,PE,10050,0.45,0.45,0.05,0.05,0.05,0,6120,46130.18,.68,158325,55125,-
NIFTY,22-Feb-2018,22-Feb-2018,PE,10100,0.15,0.65,0.05,0.05,0.05,0,56529,428213.69,6.52,2499900,-385125,-
NIFTY,22-Feb-2018,22-Feb-2018,PE,10150,0.5,1.3,0.05,0.1,0.05,0,25297,192578.22,4.81,262875,-82575,-
NIFTY,22-Feb-2018,22-Feb-2018,PE,10200,0.6,3.95,0.05,0.05,0.05,0,303386,2321048.65,145.75,3426450,48375,-
NIFTY,22-Feb-2018,22-Feb-2018,PE,10250,6.85,13,0.05,0.05,0.05,0,377573,2903032.7,440.26,2509350,1630650,-
NIFTY,22-Feb-2018,22-Feb-2018,PE,10300,12,18,0.05,0.2,0.05,0,986846,7628449.8,5064.45,6610725,58275,-
NIFTY,22-Feb-2018,22-Feb-2018,PE,10350,27.05,36.35,0.05,1.2,0.05,0,547227,4254681.79,6832.2,1813575,353475,-
NIFTY,22-Feb-2018,22-Feb-2018,PE,10400,62,69.35,10.85,15.8,13,0,560174,4386432.74,17075.54,436425,-3125475,-
NIFTY,22-Feb-2018,22-Feb-2018,PE,10450,98,112.4,51.1,64.75,61.45,0,19021,150303.38,1226.29,22800,-171525,-
NIFTY,22-Feb-2018,22-Feb-2018,PE,10500,151.1,166.7,103.5,119,117,0,76519,610413.55,7826.43,2101950,-1428075,-
NIFTY,22-Feb-2018,22-Feb-2018,PE,10550,200,211.8,151.2,158.1,157.4,0,1777,14305.99,245.48,7350,-85425,-
NIFTY,22-Feb-2018,22-Feb-2018,PE,10600,251.15,263.75,202.35,219.15,217.45,0,17735,144108.16,3114.91,392700,-456075,-
NIFTY,22-Feb-2018,22-Feb-2018,PE,10650,284.05,307.1,250.05,262.35,253.65,0,241,1975.45,50.47,2850,-11250,-
NIFTY,22-Feb-2018,22-Feb-2018,PE,10700,351.15,358.6,299.9,309.95,303.6,0,12167,100657.96,3017.78,197625,-542325,-
NIFTY,22-Feb-2018,22-Feb-2018,PE,10750,400,400.4,345.25,357.45,353.6,0,177,1477.42,50.36,4050,-8850,-
NIFTY,22-Feb-2018,22-Feb-2018,PE,10800,450,462,399.6,410.9,403.6,0,9359,78818.37,3010.47,156825,-476550,-
NIFTY,22-Feb-2018,22-Feb-2018,PE,10850,498.8,500.4,450,463.6,456,0,218,1852.85,78.87,8100,-12900,-
NIFTY,22-Feb-2018,22-Feb-2018,PE,10900,549,566.55,505,516.5,513.8,0,4196,35982,1679.7,223500,-154650,-
NIFTY,22-Feb-2018,22-Feb-2018,PE,10950,598,614,549.8,568.4,567.85,0,278,2406.62,123.54,7500,-10875,-
NIFTY,22-Feb-2018,22-Feb-2018,PE,11000,642,659,597,607.5,604.9,0,5914,51604.55,2814.05,89175,-254700,-
NIFTY,22-Feb-2018,22-Feb-2018,PE,11050,700.1,705.8,651.35,662.85,652.65,0,1273,11210.21,660.23,4050,-78675,-
NIFTY,22-Feb-2018,22-Feb-2018,PE,11100,741,756,696,704.2,705.9,0,2979,26429.3,1629.12,180375,-119100,-
NIFTY,22-Feb-2018,22-Feb-2018,PE,11150,795.65,795.65,760,767.6,766,0,97,867.1,55.93,3450,-5550,-
NIFTY,22-Feb-2018,22-Feb-2018,PE,11200,843.3,854.7,800,819.7,809.8,0,868,7835.93,544.73,15825,-61050,-
NIFTY,22-Feb-2018,22-Feb-2018,PE,11250,895.1,895.1,895.1,895.1,895.1,0,6,54.65,4.03,525,0,-
NIFTY,22-Feb-2018,22-Feb-2018,PE,11300,938.85,960.05,901.4,914.75,912,0,2061,18919.45,1452.47,5475,-130800,-
NIFTY,22-Feb-2018,22-Feb-2018,PE,11350,0,0,0,968.55,0,0,0,0,0,0,0,-
NIFTY,22-Feb-2018,22-Feb-2018,PE,11400,1054.65,1065,1006,1013.55,1009.25,0,706,6582.93,546.63,4200,-36675,-
NIFTY,22-Feb-2018,22-Feb-2018,PE,11450,0,0,0,1063.55,0,0,0,0,0,0,0,-
NIFTY,22-Feb-2018,22-Feb-2018,PE,11500,1142.95,1154.05,1100,1112.2,1106.3,0,5388,51022.05,4550.55,72150,-301275,-
NIFTY,22-Feb-2018,22-Feb-2018,PE,11550,0,0,0,1021,1021,0,0,0,0,75,0,-
NIFTY,22-Feb-2018,22-Feb-2018,PE,11600,1250.35,1250.35,1201.9,1221.1,1218.5,0,73,702.59,67.49,1500,-3225,-
NIFTY,22-Feb-2018,22-Feb-2018,PE,11650,0,0,0,1121,1121,0,0,0,0,75,0,-
