NIFTY,27-Jul-2017,31-Aug-2017,PE,10150,142.55,174.3,119.95,165.2,162.5,165.2,927,7149.73,92.95,39900,39900,10020.55
NIFTY,27-Jul-2017,31-Aug-2017,PE,10200,187.25,205.3,143.9,195.55,194.1,195.55,27618,214701.4,3423.7,788775,407100,10020.55
NIFTY,27-Jul-2017,31-Aug-2017,PE,10250,0,0,0,620.6,0,217.5,0,0,0,0,0,10020.55
NIFTY,27-Jul-2017,31-Aug-2017,PE,10300,245.3,277.95,202.5,265.7,260,265.7,5329,42086.2,919.68,181275,114375,10020.55
NIFTY,27-Jul-2017,31-Aug-2017,PE,10350,0,0,0,703.9,0,294.6,0,0,0,0,0,10020.55
NIFTY,27-Jul-2017,31-Aug-2017,PE,10400,318,360,275,348.75,347.25,348.75,3855,30967.86,898.86,204750,160650,10020.55
NIFTY,27-Jul-2017,31-Aug-2017,PE,10450,0,0,0,790.5,0,380.3,0,0,0,0,0,10020.55
NIFTY,27-Jul-2017,31-Aug-2017,PE,10500,409.8,450.1,358,434.6,432.4,434.6,8523,69656,2537.37,1174200,416625,10020.55
NIFTY,27-Jul-2017,31-Aug-2017,PE,10550,0,0,0,879.8,0,472,0,0,0,0,0,10020.55
NIFTY,27-Jul-2017,31-Aug-2017,PE,10600,485.1,540.15,450.5,529.5,530.8,529.5,312,2595.67,115.27,39000,16575,10020.55
NIFTY,27-Jul-2017,31-Aug-2017,PE,10650,0,0,0,971.3,0,567.4,0,0,0,0,0,10020.55
NIFTY,27-Jul-2017,31-Aug-2017,PE,9200,6.5,8.4,5.85,7.95,7.7,7.95,7833,54089.22,41.52,1237950,81750,10020.55
NIFTY,27-Jul-2017,31-Aug-2017,PE,9250,0,0,0,79.35,0,0.1,0,0,0,0,0,10020.55
NIFTY,27-Jul-2017,31-Aug-2017,PE,9300,10.25,10.4,6.9,9.9,9.1,9.9,17109,119446.77,111.5,1430250,71100,10020.55
NIFTY,27-Jul-2017,31-Aug-2017,PE,9350,0,0,0,105.95,0,0.4,0,0,0,0,0,10020.55
NIFTY,27-Jul-2017,31-Aug-2017,PE,9400,13,13.95,9.3,12.6,12.7,12.6,22254,157085.26,194.56,1458975,52425,10020.55
NIFTY,27-Jul-2017,31-Aug-2017,PE,9450,0,0,0,138.5,0,1.2,0,0,0,0,0,10020.55
NIFTY,27-Jul-2017,31-Aug-2017,PE,9500,17.25,19.15,12.95,17.9,17.9,17.9,33662,240244.04,402.29,2340750,-9525,10020.55
NIFTY,27-Jul-2017,31-Aug-2017,PE,9550,12.5,12.5,12.5,12.5,12.5,12.5,1,7.17,.01,75,75,10020.55
NIFTY,27-Jul-2017,31-Aug-2017,PE,9600,26.55,26.55,17.9,24.6,24.9,24.6,33397,241014.11,555.71,2285325,138825,10020.55
NIFTY,27-Jul-2017,31-Aug-2017,PE,9650,30,31.65,17.75,30.05,27.2,30.05,362,2626.55,6.57,15300,10800,10020.55
NIFTY,27-Jul-2017,31-Aug-2017,PE,9700,36.95,36.95,25,34.45,34.85,34.45,66888,488190.23,1580.03,2844750,599925,10020.55
NIFTY,27-Jul-2017,31-Aug-2017,PE,9750,35.6,44.8,29.55,42.2,40.25,42.2,2920,21432.48,79.98,97575,-3525,10020.55
NIFTY,27-Jul-2017,31-Aug-2017,PE,9800,50.55,53,35,49.75,49.95,49.75,80709,595882.8,2671.65,3836550,820800,10020.55
NIFTY,27-Jul-2017,31-Aug-2017,PE,9850,56.45,63.3,40.95,60.05,58.9,60.05,2904,21565.3,112,92325,13425,10020.55
NIFTY,27-Jul-2017,31-Aug-2017,PE,9900,66.2,74.5,49.35,70.85,68.65,70.85,76807,573876.79,3584.82,2659050,529125,10020.55
NIFTY,27-Jul-2017,31-Aug-2017,PE,9950,75.05,89.3,59.85,84.4,84.3,84.4,4391,33008.74,240.9,156150,1650,10020.55
NIFTY,27-Jul-2017,31-Aug-2017,PE,10000,93.05,105.4,71.2,101.05,98,101.05,108097,817895.04,7167.54,3682950,1013475,10020.55
NIFTY,27-Jul-2017,31-Aug-2017,PE,10050,112.35,125,85,120.8,116.5,120.8,5582,42510.23,435.9,143700,102675,10020.55
NIFTY,27-Jul-2017,31-Aug-2017,PE,10100,135.05,148,101.95,141.3,138,141.3,60572,464410.2,5577.3,1107375,822600,10020.55
NIFTY,28-Jul-2017,31-Aug-2017,PE,10100,177,182.6,142.65,149.2,152.4,149.2,30207,232538.13,3720.11,904875,-202500,10014.5
NIFTY,28-Jul-2017,31-Aug-2017,PE,10150,205.4,210,169.7,172.7,181.1,172.7,227,1759.94,31.9,39975,75,10014.5
NIFTY,28-Jul-2017,31-Aug-2017,PE,10200,241.3,246.95,200.6,208.25,212.7,208.25,11197,87528.29,1871.24,810600,21825,10014.5
NIFTY,28-Jul-2017,31-Aug-2017,PE,10250,277.7,277.7,231.1,244.55,256.35,244.55,16,125.99,2.99,225,225,10014.5
NIFTY,28-Jul-2017,31-Aug-2017,PE,10300,319,325.95,273.1,282.65,289.25,282.65,1594,12677.91,364.26,157950,-23325,10014.5
NIFTY,28-Jul-2017,31-Aug-2017,PE,10350,0,0,0,703.9,0,297.9,0,0,0,0,0,10014.5
NIFTY,28-Jul-2017,31-Aug-2017,PE,10400,395.9,409,355.5,363.25,367.35,363.25,2068,16728.45,598.05,195975,-8775,10014.5
NIFTY,28-Jul-2017,31-Aug-2017,PE,10450,0,0,0,790.5,0,385.2,0,0,0,0,0,10014.5
NIFTY,28-Jul-2017,31-Aug-2017,PE,10500,502.65,504.6,444.75,454.85,460,454.85,5900,48569.69,2107.19,1316400,142200,10014.5
NIFTY,28-Jul-2017,31-Aug-2017,PE,10550,0,0,0,879.8,0,478.1,0,0,0,0,0,10014.5
NIFTY,28-Jul-2017,31-Aug-2017,PE,10600,598.7,598.7,542.75,551.85,544.85,551.85,126,1055.79,54.09,40350,1350,10014.5
NIFTY,28-Jul-2017,31-Aug-2017,PE,10650,0,0,0,971.3,0,574.35,0,0,0,0,0,10014.5
NIFTY,28-Jul-2017,31-Aug-2017,PE,9200,7.05,8.5,6.95,7.45,7.1,7.45,8292,57263.37,48.57,1272450,34500,10014.5
NIFTY,28-Jul-2017,31-Aug-2017,PE,9250,0,0,0,79.35,0,0.1,0,0,0,0,0,10014.5
NIFTY,28-Jul-2017,31-Aug-2017,PE,9300,12,12,8.6,9.45,9.25,9.45,8446,58974.84,63.99,1561500,131250,10014.5
NIFTY,28-Jul-2017,31-Aug-2017,PE,9350,0,0,0,105.95,0,0.3,0,0,0,0,0,10014.5
NIFTY,28-Jul-2017,31-Aug-2017,PE,9400,13.4,16.4,11.95,13.25,13.35,13.25,33301,235121.18,349.13,2170650,711675,10014.5
NIFTY,28-Jul-2017,31-Aug-2017,PE,9450,0,0,0,138.5,0,0.9,0,0,0,0,0,10014.5
NIFTY,28-Jul-2017,31-Aug-2017,PE,9500,22.3,23.7,17.6,18.45,18.25,18.45,39246,280214.27,586.52,2974800,634050,10014.5
NIFTY,28-Jul-2017,31-Aug-2017,PE,9550,0,0,0,12.5,12.5,2.65,0,0,0,75,0,10014.5
NIFTY,28-Jul-2017,31-Aug-2017,PE,9600,28.15,33.65,24.2,25.55,25.7,25.55,48182,347934.13,1023.73,2418300,132975,10014.5
NIFTY,28-Jul-2017,31-Aug-2017,PE,9650,34.5,37.6,28.6,30.05,30.25,30.05,1347,9783.07,34.16,42225,26925,10014.5
NIFTY,28-Jul-2017,31-Aug-2017,PE,9700,41.2,46.9,34,35.9,35.95,35.9,60743,443747.43,1842.1,3401700,556950,10014.5
NIFTY,28-Jul-2017,31-Aug-2017,PE,9750,54.95,55,41,43.2,44.65,43.2,1670,12272.37,60.5,105075,7500,10014.5
NIFTY,28-Jul-2017,31-Aug-2017,PE,9800,58.75,66.95,49.3,51.95,52,51.95,83268,615659.89,3640.09,4207500,370950,10014.5
NIFTY,28-Jul-2017,31-Aug-2017,PE,9850,73.25,84.75,58.6,62.35,62.75,62.35,3933,29261.4,206.36,110850,18525,10014.5
NIFTY,28-Jul-2017,31-Aug-2017,PE,9900,82.15,93,70.05,73.9,74.4,73.9,124557,932569,7733.28,3146475,487425,10014.5
NIFTY,28-Jul-2017,31-Aug-2017,PE,9950,109.85,119.6,84.25,89.3,90.95,89.3,11369,85685.26,844.09,202425,46275,10014.5
NIFTY,28-Jul-2017,31-Aug-2017,PE,10000,132.85,137.9,100.65,106.2,107.1,106.2,123342,935966.6,10901.6,3653025,-29925,10014.5
NIFTY,28-Jul-2017,31-Aug-2017,PE,10050,135.5,153.5,119.4,124.4,127.45,124.4,3512,26832.34,360.64,154275,10575,10014.5
NIFTY,31-Jul-2017,31-Aug-2017,PE,10150,171.95,172.55,139.45,144.3,143.55,144.3,586,4527.32,66.39,52425,12450,10077.1
NIFTY,31-Jul-2017,31-Aug-2017,PE,10200,201,205.9,164.25,170.9,177.95,170.9,10357,80672.98,1441.93,777600,-33000,10077.1
NIFTY,31-Jul-2017,31-Aug-2017,PE,10250,188.45,188.45,188.45,188.45,188.45,188.45,1,7.83,.14,225,0,10077.1
NIFTY,31-Jul-2017,31-Aug-2017,PE,10300,274.6,275.35,229.05,236.25,237,236.25,3541,27997.02,642.79,312825,154875,10077.1
NIFTY,31-Jul-2017,31-Aug-2017,PE,10350,0,0,0,703.9,0,249.9,0,0,0,0,0,10077.1
NIFTY,31-Jul-2017,31-Aug-2017,PE,10400,357.5,357.5,304.4,316.7,311,316.7,2372,19092.8,591.2,201375,5400,10077.1
NIFTY,31-Jul-2017,31-Aug-2017,PE,10450,0,0,0,790.5,0,333.15,0,0,0,0,0,10077.1
NIFTY,31-Jul-2017,31-Aug-2017,PE,10500,446.65,446.65,389.9,396.55,395.15,396.55,3947,32338.28,1255.66,1392900,76500,10077.1
NIFTY,31-Jul-2017,31-Aug-2017,PE,10550,0,0,0,879.8,0,423.6,0,0,0,0,0,10077.1
NIFTY,31-Jul-2017,31-Aug-2017,PE,10600,525,534.35,488.05,491.85,493.1,491.85,44,366.86,17.06,39000,-1350,10077.1
NIFTY,31-Jul-2017,31-Aug-2017,PE,10650,0,0,0,971.3,0,518.5,0,0,0,0,0,10077.1
NIFTY,31-Jul-2017,31-Aug-2017,PE,9200,6.95,7.35,6.35,6.5,6.45,6.5,6648,45904.93,33.73,1296975,24525,10077.1
NIFTY,31-Jul-2017,31-Aug-2017,PE,9250,0,0,0,79.35,0,0.05,0,0,0,0,0,10077.1
NIFTY,31-Jul-2017,31-Aug-2017,PE,9300,9.5,9.5,7.75,8.05,8.15,8.05,8343,58244.16,51.74,1587825,26325,10077.1
NIFTY,31-Jul-2017,31-Aug-2017,PE,9350,0,0,0,105.95,0,0.1,0,0,0,0,0,10077.1
NIFTY,31-Jul-2017,31-Aug-2017,PE,9400,13,13,9.8,11.2,11.35,11.2,9111,64311.47,78.92,2140050,-30600,10077.1
NIFTY,31-Jul-2017,31-Aug-2017,PE,9450,0,0,0,138.5,0,0.4,0,0,0,0,0,10077.1
NIFTY,31-Jul-2017,31-Aug-2017,PE,9500,18.9,19.8,15.1,15.65,15.85,15.65,26244,187306.82,318.32,3008700,33900,10077.1
NIFTY,31-Jul-2017,31-Aug-2017,PE,9550,0,0,0,12.5,12.5,1.3,0,0,0,75,0,10077.1
NIFTY,31-Jul-2017,31-Aug-2017,PE,9600,27,27,20.95,21.6,21.85,21.6,29296,211421.19,489.99,2607750,189450,10077.1
NIFTY,31-Jul-2017,31-Aug-2017,PE,9650,25,28.15,23.8,25.5,26.05,25.5,1544,11205.05,30.35,66000,23775,10077.1
NIFTY,31-Jul-2017,31-Aug-2017,PE,9700,37,37,29.2,30.5,30.7,30.5,33576,245060.12,794.72,3458925,57225,10077.1
NIFTY,31-Jul-2017,31-Aug-2017,PE,9750,41.25,41.65,34.65,36,37,36,2078,15254.06,58.68,113625,8550,10077.1
NIFTY,31-Jul-2017,31-Aug-2017,PE,9800,51.8,51.8,41,43.55,43.85,43.55,57063,421373.35,1960.3,4202100,-5400,10077.1
NIFTY,31-Jul-2017,31-Aug-2017,PE,9850,59.95,60.3,50,51.95,51.5,51.95,2288,16996.38,93.78,118725,7875,10077.1
NIFTY,31-Jul-2017,31-Aug-2017,PE,9900,79.35,79.35,45,61.8,62,61.8,69385,518596.53,3412.91,3943875,797400,10077.1
NIFTY,31-Jul-2017,31-Aug-2017,PE,9950,84.8,86.95,71,73.15,73.5,73.15,5651,42503.51,332.92,241275,38850,10077.1
NIFTY,31-Jul-2017,31-Aug-2017,PE,10000,102.4,105.2,84,87.7,87.3,87.7,96456,730170.08,6750.08,4357500,704475,10077.1
NIFTY,31-Jul-2017,31-Aug-2017,PE,10050,127,127.05,99.85,103.7,103.95,103.7,5068,38622.93,422.88,202125,47850,10077.1
NIFTY,31-Jul-2017,31-Aug-2017,PE,10100,148,148.2,117.7,122.35,122.9,122.35,30487,233940.07,3001.04,1301325,396450,10077.1
NIFTY,01-Aug-2017,31-Aug-2017,PE,10500,380.4,398.5,354.55,364.65,354.55,364.65,1428,11651.78,406.28,1402950,10050,10114.65
NIFTY,01-Aug-2017,31-Aug-2017,PE,10550,0,0,0,879.8,0,389.65,0,0,0,0,0,10114.65
NIFTY,01-Aug-2017,31-Aug-2017,PE,10600,484.75,487.6,449.2,460.25,449.2,460.25,28,232.52,9.92,38775,-225,10114.65
NIFTY,01-Aug-2017,31-Aug-2017,PE,10650,0,0,0,971.3,0,483.7,0,0,0,0,0,10114.65
NIFTY,01-Aug-2017,31-Aug-2017,PE,10250,194.3,195.95,172.2,178,172.2,178,60,469.48,8.23,975,750,10114.65
NIFTY,01-Aug-2017,31-Aug-2017,PE,10300,226.45,238.9,201.45,210.2,202,210.2,4083,32217.12,675.95,349275,36450,10114.65
NIFTY,01-Aug-2017,31-Aug-2017,PE,10350,0,0,0,703.9,0,220.3,0,0,0,0,0,10114.65
NIFTY,01-Aug-2017,31-Aug-2017,PE,10400,299.95,311.5,272.5,282.2,272.5,282.2,1335,10707.47,294.47,226650,25275,10114.65
NIFTY,01-Aug-2017,31-Aug-2017,PE,10450,0,0,0,790.5,0,300.85,0,0,0,0,0,10114.65
NIFTY,01-Aug-2017,31-Aug-2017,PE,10000,82.6,90.7,71.45,75.4,72,75.4,126941,959832.65,7775.15,4962450,604950,10114.65
NIFTY,01-Aug-2017,31-Aug-2017,PE,10050,94.25,106.55,85.1,88.3,85.2,88.3,5926,45093.06,425.84,273300,71175,10114.65
NIFTY,01-Aug-2017,31-Aug-2017,PE,10100,115.05,125.65,100.65,106.1,105.3,106.1,69153,529751.24,5917.27,2063325,762000,10114.65
NIFTY,01-Aug-2017,31-Aug-2017,PE,10150,137.85,147,120,124.45,120,124.45,1245,9601.78,124.22,64875,12450,10114.65
NIFTY,01-Aug-2017,31-Aug-2017,PE,10200,166.25,173.75,141.6,148.75,142.4,148.75,14399,111876.7,1724.35,875550,97950,10114.65
NIFTY,01-Aug-2017,31-Aug-2017,PE,9750,34.5,37.85,29.4,30.95,29.5,30.95,1830,13427.8,45.92,135600,21975,10114.65
NIFTY,01-Aug-2017,31-Aug-2017,PE,9800,42.55,45.5,35.25,37.25,35.8,37.25,61995,457546.97,1883.72,4145625,-56475,10114.65
NIFTY,01-Aug-2017,31-Aug-2017,PE,9850,48.8,54,42.1,44.6,42.65,44.6,1974,14653.72,70.79,122250,3525,10114.65
NIFTY,01-Aug-2017,31-Aug-2017,PE,9900,58.9,64.4,50.1,53.1,51,53.1,90403,675147.74,3905.47,4162050,218175,10114.65
NIFTY,01-Aug-2017,31-Aug-2017,PE,9950,65.25,77.8,60.65,63.7,61.3,63.7,4902,36832.31,251.14,248700,7425,10114.65
NIFTY,01-Aug-2017,31-Aug-2017,PE,9500,15,16.4,13.4,13.95,13.65,13.95,31092,221878.3,347.8,3432300,423600,10114.65
NIFTY,01-Aug-2017,31-Aug-2017,PE,9550,0,0,0,12.5,12.5,0.7,0,0,0,75,0,10114.65
NIFTY,01-Aug-2017,31-Aug-2017,PE,9600,19.75,22.6,17.8,18.65,18.6,18.65,30479,219909.93,461.13,2595075,-12675,10114.65
NIFTY,01-Aug-2017,31-Aug-2017,PE,9650,23.7,31,20.25,21.65,31,21.65,1387,10062.64,24.23,78975,12975,10114.65
NIFTY,01-Aug-2017,31-Aug-2017,PE,9700,28.35,32,23.2,26,25.35,26,47083,343522.49,993.66,3532125,73200,10114.65
NIFTY,01-Aug-2017,31-Aug-2017,PE,9250,0,0,0,79.35,0,0.05,0,0,0,0,0,10114.65
NIFTY,01-Aug-2017,31-Aug-2017,PE,9300,8,8.5,7,7.3,7.35,7.3,8865,61884.79,51.41,1545975,-41850,10114.65
NIFTY,01-Aug-2017,31-Aug-2017,PE,9350,0,0,0,105.95,0,0.05,0,0,0,0,0,10114.65
NIFTY,01-Aug-2017,31-Aug-2017,PE,9400,12.6,12.6,9.85,10.2,10.2,10.2,17641,124514.76,145.71,1860825,-279225,10114.65
NIFTY,01-Aug-2017,31-Aug-2017,PE,9450,0,0,0,138.5,0,0.2,0,0,0,0,0,10114.65
NIFTY,01-Aug-2017,31-Aug-2017,PE,9200,6.05,6.7,5.75,5.9,5.8,5.9,7468,51563.66,34.46,1340625,43650,10114.65
NIFTY,02-Aug-2017,31-Aug-2017,PE,10500,362.15,418.15,359.65,399.65,418.05,399.65,1536,12538.8,442.8,1369875,-33075,10081.5
NIFTY,02-Aug-2017,31-Aug-2017,PE,10550,0,0,0,879.8,0,421.1,0,0,0,0,0,10081.5
NIFTY,02-Aug-2017,31-Aug-2017,PE,10600,462.7,509.4,462.7,496.7,509.4,496.7,11,91.48,4.03,39000,225,10081.5
NIFTY,02-Aug-2017,31-Aug-2017,PE,10650,0,0,0,971.3,0,516.95,0,0,0,0,0,10081.5
NIFTY,02-Aug-2017,31-Aug-2017,PE,10250,177.45,220.9,177.45,199.55,220.9,199.55,46,360.08,6.45,525,-450,10081.5
NIFTY,02-Aug-2017,31-Aug-2017,PE,10300,207.45,250.05,203.2,234.2,248.2,234.2,8392,66226,1397.8,248850,-100425,10081.5
NIFTY,02-Aug-2017,31-Aug-2017,PE,10350,0,0,0,703.9,0,244.75,0,0,0,0,0,10081.5
NIFTY,02-Aug-2017,31-Aug-2017,PE,10400,278.55,330,277.55,311.95,330,311.95,816,6548.19,183.39,223875,-2775,10081.5
NIFTY,02-Aug-2017,31-Aug-2017,PE,10450,0,0,0,790.5,0,329.4,0,0,0,0,0,10081.5
NIFTY,02-Aug-2017,31-Aug-2017,PE,10000,73.3,90,70,82.45,90,82.45,130194,984167.19,7712.19,4839150,-123300,10081.5
NIFTY,02-Aug-2017,31-Aug-2017,PE,10050,85.45,108,74.3,99,106.75,99,7355,55959.46,521.15,284550,11250,10081.5
NIFTY,02-Aug-2017,31-Aug-2017,PE,10100,103.95,128.65,100.1,117.95,128.45,117.95,83081,636353.23,7014.66,2043225,-20100,10081.5
NIFTY,02-Aug-2017,31-Aug-2017,PE,10150,122.45,152.5,120.95,139.35,152,139.35,3212,24769.49,318.14,65850,975,10081.5
NIFTY,02-Aug-2017,31-Aug-2017,PE,10200,146.55,182.2,143.8,167.2,179.75,167.2,20120,156322.44,2404.44,937125,61575,10081.5
NIFTY,02-Aug-2017,31-Aug-2017,PE,9750,35,37,27.35,32.65,37,32.65,3018,22140.15,71.03,186525,50925,10081.5
NIFTY,02-Aug-2017,31-Aug-2017,PE,9800,34.95,43.1,33.15,39,43.1,39,59530,439238.76,1693.26,4300425,154800,10081.5
NIFTY,02-Aug-2017,31-Aug-2017,PE,9850,42.6,51.65,40,46.65,50.85,46.65,3028,22472.52,103.17,140550,18300,10081.5
NIFTY,02-Aug-2017,31-Aug-2017,PE,9900,50.25,62.5,47.25,56.45,61.9,56.45,86342,644633.84,3544.49,3912525,-249525,10081.5
NIFTY,02-Aug-2017,31-Aug-2017,PE,9950,61.8,74.95,50,69.05,74.9,69.05,4524,33984.97,224.62,223575,-25125,10081.5
NIFTY,02-Aug-2017,31-Aug-2017,PE,9500,14,16.25,12.45,14.75,16.25,14.75,22335,159374.55,237.68,3393600,-38700,10081.5
NIFTY,02-Aug-2017,31-Aug-2017,PE,9550,0,0,0,12.5,12.5,0.8,0,0,0,75,0,10081.5
NIFTY,02-Aug-2017,31-Aug-2017,PE,9600,18.6,21.2,16.35,19.15,21.05,19.15,32538,234729.47,455.87,2729325,134250,10081.5
NIFTY,02-Aug-2017,31-Aug-2017,PE,9650,21.3,26.85,19.5,22.85,26.85,22.85,1270,9212.6,20.98,78525,-450,10081.5
NIFTY,02-Aug-2017,31-Aug-2017,PE,9700,25.5,30,23.05,27,30,27,41071,299602.86,811.33,3452400,-79725,10081.5
NIFTY,02-Aug-2017,31-Aug-2017,PE,9250,0,0,0,79.35,0,0.05,0,0,0,0,0,10081.5
NIFTY,02-Aug-2017,31-Aug-2017,PE,9300,7.1,8.35,6.55,7.65,8.2,7.65,7113,49652.54,39.37,1482300,-63675,10081.5
NIFTY,02-Aug-2017,31-Aug-2017,PE,9350,0,0,0,105.95,0,0.05,0,0,0,0,0,10081.5
NIFTY,02-Aug-2017,31-Aug-2017,PE,9400,10,11.85,9.1,10.65,11.6,10.65,10821,76371.7,83.65,1943475,82650,10081.5
NIFTY,02-Aug-2017,31-Aug-2017,PE,9450,0,0,0,138.5,0,0.25,0,0,0,0,0,10081.5
NIFTY,02-Aug-2017,31-Aug-2017,PE,9200,5.7,6.7,5.45,6.2,6.45,6.2,5851,40398.01,26.11,1348950,8325,10081.5
NIFTY,03-Aug-2017,31-Aug-2017,PE,10450,0,0,0,790.5,0,394.3,0,0,0,0,0,10013.65
NIFTY,03-Aug-2017,31-Aug-2017,PE,10500,429.05,469.4,413,451.8,457.55,451.8,2492,20448.63,824.13,1396650,26775,10013.65
NIFTY,03-Aug-2017,31-Aug-2017,PE,10550,0,0,0,879.8,0,489.1,0,0,0,0,0,10013.65
NIFTY,03-Aug-2017,31-Aug-2017,PE,10600,527.75,563.85,526.15,544.85,541.6,544.85,11,91.91,4.46,39075,75,10013.65
NIFTY,03-Aug-2017,31-Aug-2017,PE,10650,0,0,0,971.3,0,586.55,0,0,0,0,0,10013.65
NIFTY,03-Aug-2017,31-Aug-2017,PE,10200,179,211.8,174.65,199.7,203.65,199.7,12423,96804.37,1768.42,896250,-40875,10013.65
NIFTY,03-Aug-2017,31-Aug-2017,PE,10250,216.05,238.5,215,235.95,237.4,235.95,18,141.42,3.05,900,375,10013.65
NIFTY,03-Aug-2017,31-Aug-2017,PE,10300,252.7,290,244.65,275,279.05,275,2412,19109.54,476.84,249450,600,10013.65
NIFTY,03-Aug-2017,31-Aug-2017,PE,10350,0,0,0,703.9,0,304.4,0,0,0,0,0,10013.65
NIFTY,03-Aug-2017,31-Aug-2017,PE,10400,329.5,378.5,322.95,361.45,364.75,361.45,865,6974.23,227.23,222300,-1575,10013.65
NIFTY,03-Aug-2017,31-Aug-2017,PE,10000,89.9,102.4,81.65,93.85,96.05,93.85,142979,1082147.72,9805.22,4626750,-212400,10013.65
NIFTY,03-Aug-2017,31-Aug-2017,PE,10050,106.8,123.1,99.75,113.2,116,113.2,7891,60131.2,652.78,273150,-11400,10013.65
NIFTY,03-Aug-2017,31-Aug-2017,PE,10100,123,149,120.15,137.6,141.7,137.6,58292,447379.26,5817.36,1887075,-156150,10013.65
NIFTY,03-Aug-2017,31-Aug-2017,PE,10150,156.15,177.7,145,163.85,168.25,163.85,1133,8757.88,132.91,60825,-5025,10013.65
NIFTY,03-Aug-2017,31-Aug-2017,PE,9750,34.9,38,30,34.05,34.7,34.05,1959,14375.3,50.11,198450,11925,10013.65
NIFTY,03-Aug-2017,31-Aug-2017,PE,9800,42.2,46.3,36.55,42.2,43.7,42.2,63005,465074.1,1987.35,4202400,-98025,10013.65
NIFTY,03-Aug-2017,31-Aug-2017,PE,9850,51.9,56.5,45,51.2,52.55,51.2,2246,16678.61,86.29,140850,300,10013.65
NIFTY,03-Aug-2017,31-Aug-2017,PE,9900,61.85,69.5,54.6,63,65,63,91225,681601.68,4256.05,3914625,2100,10013.65
NIFTY,03-Aug-2017,31-Aug-2017,PE,9950,75.1,84.4,67.5,77.2,79.05,77.2,5688,42772.67,325.97,189675,-33900,10013.65
NIFTY,03-Aug-2017,31-Aug-2017,PE,9500,13.55,17.75,12.95,14.5,14.95,14.5,24805,177010.97,275.34,3370275,-23325,10013.65
NIFTY,03-Aug-2017,31-Aug-2017,PE,9550,0,0,0,12.5,12.5,1.9,0,0,0,75,0,10013.65
NIFTY,03-Aug-2017,31-Aug-2017,PE,9600,19,22,17.05,19.25,20.15,19.25,33661,242860.15,500.95,2643525,-85800,10013.65
NIFTY,03-Aug-2017,31-Aug-2017,PE,9650,24.25,25.95,20.75,23,23,23,559,4055.59,9.83,84900,6375,10013.65
NIFTY,03-Aug-2017,31-Aug-2017,PE,9700,27.8,31.75,24.65,27.95,28.95,27.95,44785,326774.68,963.8,3501525,49125,10013.65
NIFTY,03-Aug-2017,31-Aug-2017,PE,9250,0,0,0,79.35,0,0.05,0,0,0,0,0,10013.65
NIFTY,03-Aug-2017,31-Aug-2017,PE,9300,8.3,8.35,6.7,7.6,7.7,7.6,7781,54316.16,43.68,1501200,18900,10013.65
NIFTY,03-Aug-2017,31-Aug-2017,PE,9350,0,0,0,105.95,0,0.15,0,0,0,0,0,10013.65
NIFTY,03-Aug-2017,31-Aug-2017,PE,9400,11,11.85,9.45,10.4,10.45,10.4,12482,88098.36,100.26,1855950,-87525,10013.65
NIFTY,03-Aug-2017,31-Aug-2017,PE,9450,0,0,0,138.5,0,0.6,0,0,0,0,0,10013.65
NIFTY,03-Aug-2017,31-Aug-2017,PE,9200,6.5,6.75,5.55,6.35,6.35,6.35,9712,67057.51,44.71,1541850,192900,10013.65
NIFTY,04-Aug-2017,31-Aug-2017,PE,10500,464.65,473.8,377,388.95,387.95,388.95,1626,13324.6,519.85,1435950,39300,10066.4
NIFTY,04-Aug-2017,31-Aug-2017,PE,10550,0,0,0,879.8,0,440.05,0,0,0,0,0,10066.4
NIFTY,04-Aug-2017,31-Aug-2017,PE,10600,541.75,564.6,480,502,502,502,49,408.98,19.43,39975,900,10066.4
NIFTY,04-Aug-2017,31-Aug-2017,PE,10650,0,0,0,971.3,0,536.5,0,0,0,0,0,10066.4
NIFTY,04-Aug-2017,31-Aug-2017,PE,10200,209,215.2,140.25,152.4,151.25,152.4,16679,129813.07,2218.72,860775,-35475,10066.4
NIFTY,04-Aug-2017,31-Aug-2017,PE,10250,231.8,245,164.2,164.75,166.35,164.75,7,54.83,1.02,900,0,10066.4
NIFTY,04-Aug-2017,31-Aug-2017,PE,10300,280,295.05,209.5,221.4,218,221.4,2877,22752.26,527.43,250350,900,10066.4
NIFTY,04-Aug-2017,31-Aug-2017,PE,10350,0,0,0,703.9,0,260.9,0,0,0,0,0,10066.4
NIFTY,04-Aug-2017,31-Aug-2017,PE,10400,368.6,382,286.95,301.75,298.2,301.75,958,7709.78,237.38,222000,-300,10066.4
NIFTY,04-Aug-2017,31-Aug-2017,PE,10450,0,0,0,790.5,0,347.25,0,0,0,0,0,10066.4
NIFTY,04-Aug-2017,31-Aug-2017,PE,9950,82.55,88.7,48.45,55.05,54.2,55.05,9735,73139.82,492.38,240525,50850,10066.4
NIFTY,04-Aug-2017,31-Aug-2017,PE,10000,95.8,103,59.4,67.95,65.95,67.95,196901,1488602.92,11845.42,5206125,579375,10066.4
NIFTY,04-Aug-2017,31-Aug-2017,PE,10050,117.7,124.4,74.75,82.8,77,82.8,9990,76021.03,721.4,336900,63750,10066.4
NIFTY,04-Aug-2017,31-Aug-2017,PE,10100,141,150.55,91,101.6,100.5,101.6,70192,537861.23,6156.83,2306325,419250,10066.4
NIFTY,04-Aug-2017,31-Aug-2017,PE,10150,165.95,179.4,113.5,124,123,124,1747,13477.28,178.25,100725,39900,10066.4
NIFTY,04-Aug-2017,31-Aug-2017,PE,9750,34.3,37.7,20.05,23.6,22.9,23.6,2636,19333.16,57.41,203400,4950,10066.4
NIFTY,04-Aug-2017,31-Aug-2017,PE,9800,43.3,46.35,25.55,29.6,28.25,29.6,87661,646635.1,2326.75,4068975,-133425,10066.4
NIFTY,04-Aug-2017,31-Aug-2017,PE,9850,53.15,56.65,30.5,36.55,35.9,36.55,5960,44216.63,187.13,131475,-9375,10066.4
NIFTY,04-Aug-2017,31-Aug-2017,PE,9900,66.9,69.25,31.9,44.75,42.95,44.75,127822,954156.96,5078.61,4023375,108750,10066.4
NIFTY,04-Aug-2017,31-Aug-2017,PE,9500,14.95,15.7,9.4,10.65,10.5,10.65,42730,304847.8,396.55,3601650,231375,10066.4
NIFTY,04-Aug-2017,31-Aug-2017,PE,9550,0,0,0,12.5,12.5,1,0,0,0,75,0,10066.4
NIFTY,04-Aug-2017,31-Aug-2017,PE,9600,21.5,21.5,11.85,13.6,13.35,13.6,36834,265650.82,446.02,2362800,-280725,10066.4
NIFTY,04-Aug-2017,31-Aug-2017,PE,9650,22.9,24.3,12.8,16,12.8,16,1293,9376.63,18.54,88575,3675,10066.4
NIFTY,04-Aug-2017,31-Aug-2017,PE,9700,29.6,30.8,16.85,19.75,19,19.75,57838,421772.73,1001.28,3485550,-15975,10066.4
NIFTY,04-Aug-2017,31-Aug-2017,PE,9250,0,0,0,79.35,0,0.05,0,0,0,0,0,10066.4
NIFTY,04-Aug-2017,31-Aug-2017,PE,9300,7.55,8,5.4,5.9,5.65,5.9,15125,105568.3,71.43,1562475,61275,10066.4
NIFTY,04-Aug-2017,31-Aug-2017,PE,9350,0,0,0,105.95,0,0.1,0,0,0,0,0,10066.4
NIFTY,04-Aug-2017,31-Aug-2017,PE,9400,10.45,11.15,7.15,7.95,7.9,7.95,14772,104240.83,98.23,1890825,34875,10066.4
NIFTY,04-Aug-2017,31-Aug-2017,PE,9450,0,0,0,138.5,0,0.3,0,0,0,0,0,10066.4
NIFTY,04-Aug-2017,31-Aug-2017,PE,9200,6.1,6.55,4.75,5,4.85,5,12901,89069.3,52.4,1544025,2175,10066.4
NIFTY,07-Aug-2017,31-Aug-2017,PE,10450,0,0,0,790.5,0,357.05,0,0,0,0,0,10057.4
NIFTY,07-Aug-2017,31-Aug-2017,PE,10500,395.55,416.75,380.55,408.45,414.1,408.45,1381,11282.84,407.46,1424625,-11325,10057.4
NIFTY,07-Aug-2017,31-Aug-2017,PE,10550,0,0,0,879.8,0,452.1,0,0,0,0,0,10057.4
NIFTY,07-Aug-2017,31-Aug-2017,PE,10600,486.85,501,479.7,488.9,488.9,488.9,8,66.54,2.94,40050,75,10057.4
NIFTY,07-Aug-2017,31-Aug-2017,PE,10650,0,0,0,971.3,0,549.9,0,0,0,0,0,10057.4
NIFTY,07-Aug-2017,31-Aug-2017,PE,10250,176.7,197.35,176.7,192.15,197.35,192.15,12,93.9,1.65,1350,450,10057.4
NIFTY,07-Aug-2017,31-Aug-2017,PE,10300,223.75,240.4,210.75,228.8,235.1,228.8,5084,40118,844.1,267600,17250,10057.4
NIFTY,07-Aug-2017,31-Aug-2017,PE,10350,0,0,0,703.9,0,267.55,0,0,0,0,0,10057.4
NIFTY,07-Aug-2017,31-Aug-2017,PE,10400,307.15,324.4,292.6,311.75,319.2,311.75,676,5427.29,154.49,212850,-9150,10057.4
NIFTY,07-Aug-2017,31-Aug-2017,PE,10000,64.7,88.45,58,68.35,70,68.35,97568,736596.38,4836.38,5321925,115800,10057.4
NIFTY,07-Aug-2017,31-Aug-2017,PE,10050,110.7,110.7,74.55,85.3,86.55,85.3,7797,59250.4,480.51,384300,47400,10057.4
NIFTY,07-Aug-2017,31-Aug-2017,PE,10100,112,128.9,93.1,105.25,107.35,105.25,61700,472063.82,4686.32,2562525,256200,10057.4
NIFTY,07-Aug-2017,31-Aug-2017,PE,10150,117.65,136.05,115,129.55,132.6,129.55,1191,9177.35,110.86,100050,-675,10057.4
NIFTY,07-Aug-2017,31-Aug-2017,PE,10200,155,167.1,142.15,158.4,163.1,158.4,13459,104503.12,1541.77,837975,-22800,10057.4
NIFTY,07-Aug-2017,31-Aug-2017,PE,9750,18.6,24.75,16.1,22.85,23.45,22.85,2356,17267.57,39.32,190350,-13050,10057.4
NIFTY,07-Aug-2017,31-Aug-2017,PE,9800,32.4,40.9,25.05,28.45,28.8,28.45,43343,319469.46,898.41,4204425,135450,10057.4
NIFTY,07-Aug-2017,31-Aug-2017,PE,9850,35.6,38.1,30.35,35.1,35.5,35.1,3874,28717.56,98.38,172200,40725,10057.4
NIFTY,07-Aug-2017,31-Aug-2017,PE,9900,58,60.3,32.1,43.65,45.05,43.65,66379,494977.92,2113.84,4177125,153750,10057.4
NIFTY,07-Aug-2017,31-Aug-2017,PE,9950,54,58.75,48.6,54.8,55.65,54.8,3515,26372.25,141.56,239625,-900,10057.4
NIFTY,07-Aug-2017,31-Aug-2017,PE,9500,10.15,10.6,8.65,9.8,10.1,9.8,17769,126731.7,127.58,3356625,-245025,10057.4
NIFTY,07-Aug-2017,31-Aug-2017,PE,9550,0,0,0,12.5,12.5,0.6,0,0,0,75,0,10057.4
NIFTY,07-Aug-2017,31-Aug-2017,PE,9600,14,15,11.4,12.85,13,12.85,25724,185455.13,242.33,2083575,-279225,10057.4
NIFTY,07-Aug-2017,31-Aug-2017,PE,9650,14.8,16.4,13.65,15.35,15.95,15.35,526,3812.82,5.89,84300,-4275,10057.4
NIFTY,07-Aug-2017,31-Aug-2017,PE,9700,22.95,27.7,16.15,18.2,18.75,18.2,39819,290215.42,532.2,3824625,339075,10057.4
NIFTY,07-Aug-2017,31-Aug-2017,PE,9250,0,0,0,79.35,0,0,0,0,0,0,0,10057.4
NIFTY,07-Aug-2017,31-Aug-2017,PE,9300,5.4,5.95,4.9,5.35,5.45,5.35,6813,47548.12,27.44,1552050,-10425,10057.4
NIFTY,07-Aug-2017,31-Aug-2017,PE,9350,0,0,0,105.95,0,0.05,0,0,0,0,0,10057.4
NIFTY,07-Aug-2017,31-Aug-2017,PE,9400,7.5,8,6.55,7.2,7.4,7.2,5652,39877.02,30.42,1882800,-8025,10057.4
NIFTY,07-Aug-2017,31-Aug-2017,PE,9450,0,0,0,138.5,0,0.15,0,0,0,0,0,10057.4
NIFTY,07-Aug-2017,31-Aug-2017,PE,9200,4.55,5.05,4.3,4.7,4.55,4.7,5752,39709.17,20.37,1550625,6600,10057.4
NIFTY,08-Aug-2017,31-Aug-2017,PE,10450,0,0,0,790.5,0,434.1,0,0,0,0,0,9978.55
NIFTY,08-Aug-2017,31-Aug-2017,PE,10500,404.25,531.6,396.25,497.75,492.3,497.75,1909,15711.36,677.99,1405575,-19050,9978.55
NIFTY,08-Aug-2017,31-Aug-2017,PE,10550,0,0,0,879.8,0,531.3,0,0,0,0,0,9978.55
NIFTY,08-Aug-2017,31-Aug-2017,PE,10600,489.75,610.75,489.75,583.55,583.55,583.55,33,276.3,13.95,40725,675,9978.55
NIFTY,08-Aug-2017,31-Aug-2017,PE,10650,0,0,0,971.3,0,630,0,0,0,0,0,9978.55
NIFTY,08-Aug-2017,31-Aug-2017,PE,10250,250,284.4,242.7,250.85,250.85,250.85,9,70.93,1.74,825,-525,9978.55
NIFTY,08-Aug-2017,31-Aug-2017,PE,10300,232.1,347,220.1,314.25,309,314.25,4263,33864.85,933.17,313500,45900,9978.55
NIFTY,08-Aug-2017,31-Aug-2017,PE,10350,0,0,0,703.9,0,340.25,0,0,0,0,0,9978.55
NIFTY,08-Aug-2017,31-Aug-2017,PE,10400,304.25,438.05,303.7,403.8,401.2,403.8,1298,10501.78,377.38,214050,1200,9978.55
NIFTY,08-Aug-2017,31-Aug-2017,PE,10000,70,130,63.7,107.75,104.5,107.75,268121,2031057.13,20149.63,4677750,-644175,9978.55
NIFTY,08-Aug-2017,31-Aug-2017,PE,10050,87.05,155,79.1,129.4,127.6,129.4,12501,95332.51,1106.23,333000,-51300,9978.55
NIFTY,08-Aug-2017,31-Aug-2017,PE,10100,101.9,188.85,98.55,158.95,155,158.95,97776,751306.52,10653.32,1884375,-678150,9978.55
NIFTY,08-Aug-2017,31-Aug-2017,PE,10150,125.1,219.7,122.45,190.95,207.15,190.95,1009,7809.68,128.66,90900,-9150,9978.55
NIFTY,08-Aug-2017,31-Aug-2017,PE,10200,158.45,262.5,150.5,228.1,225.05,228.1,14546,113586.05,2309.15,786075,-51900,9978.55
NIFTY,08-Aug-2017,31-Aug-2017,PE,9750,22.4,46.5,21.3,38.15,36.05,38.15,4716,34608.49,122.74,187650,-2700,9978.55
NIFTY,08-Aug-2017,31-Aug-2017,PE,9800,27.65,59.15,25.7,47,45.2,47,174093,1285290.8,5707.25,4583250,378825,9978.55
NIFTY,08-Aug-2017,31-Aug-2017,PE,9850,34.2,70.75,32.9,57.05,55.55,57.05,6297,46773.7,254.61,217875,45675,9978.55
NIFTY,08-Aug-2017,31-Aug-2017,PE,9900,49.5,88,40.15,71.05,69.35,71.05,195255,1459547.32,9778.94,3922725,-254400,9978.55
NIFTY,08-Aug-2017,31-Aug-2017,PE,9950,53.2,107.4,51,88.05,84,88.05,16892,127108.83,1052.28,209475,-30150,9978.55
NIFTY,08-Aug-2017,31-Aug-2017,PE,9500,9.25,18.5,9.2,14.9,14.5,14.9,47472,338742.53,504.53,3303750,-52875,9978.55
NIFTY,08-Aug-2017,31-Aug-2017,PE,9550,0,0,0,12.5,12.5,1.95,0,0,0,75,0,9978.55
NIFTY,08-Aug-2017,31-Aug-2017,PE,9600,11.95,26.1,11.35,20.6,19.8,20.6,72066,519925.92,1050.72,2142225,58650,9978.55
NIFTY,08-Aug-2017,31-Aug-2017,PE,9650,14.1,30,13.65,25.5,23.7,25.5,3317,24066.98,60.19,89025,4725,9978.55
NIFTY,08-Aug-2017,31-Aug-2017,PE,9700,16.65,39,16.65,30.7,29.7,30.7,112180,818531.97,2422.47,3775200,-49425,9978.55
NIFTY,08-Aug-2017,31-Aug-2017,PE,9250,0,0,0,79.35,0,0.05,0,0,0,0,0,9978.55
NIFTY,08-Aug-2017,31-Aug-2017,PE,9300,5.25,9,4.95,7.3,6.85,7.3,14583,101795.8,79.38,1430700,-121350,9978.55
NIFTY,08-Aug-2017,31-Aug-2017,PE,9350,0,0,0,105.95,0,0.15,0,0,0,0,0,9978.55
NIFTY,08-Aug-2017,31-Aug-2017,PE,9400,7.2,13.15,6.9,10.65,10.35,10.65,21676,152983.69,167.89,1979175,96375,9978.55
NIFTY,08-Aug-2017,31-Aug-2017,PE,9450,0,0,0,138.5,0,0.55,0,0,0,0,0,9978.55
NIFTY,08-Aug-2017,31-Aug-2017,PE,9200,4.5,7.3,4.35,5.55,5.35,5.55,14036,96909.84,61.44,1353975,-196650,9978.55
NIFTY,09-Aug-2017,31-Aug-2017,PE,10450,0,0,0,790.5,0,504.4,0,0,0,0,0,9908.05
NIFTY,09-Aug-2017,31-Aug-2017,PE,10500,528.25,578.65,506,568.9,578.65,568.9,1721,14248.43,695.56,1347900,-57675,9908.05
NIFTY,09-Aug-2017,31-Aug-2017,PE,10550,0,0,0,879.8,0,602.85,0,0,0,0,0,9908.05
NIFTY,09-Aug-2017,31-Aug-2017,PE,10600,625.45,674.65,618.85,656.05,674.65,656.05,120,1011.88,57.88,39525,-1200,9908.05
NIFTY,09-Aug-2017,31-Aug-2017,PE,10650,0,0,0,971.3,0,702.1,0,0,0,0,0,9908.05
NIFTY,09-Aug-2017,31-Aug-2017,PE,10200,252.95,302.6,238.05,288.4,300,288.4,11042,86659.75,2188.45,523725,-262350,9908.05
NIFTY,09-Aug-2017,31-Aug-2017,PE,10250,309.95,356.15,298,340.6,356.15,340.6,7,55.49,1.67,675,-150,9908.05
NIFTY,09-Aug-2017,31-Aug-2017,PE,10300,330,389.95,319.5,374.35,388.2,374.35,2657,21204.61,679.29,270825,-42675,9908.05
NIFTY,09-Aug-2017,31-Aug-2017,PE,10350,0,0,0,703.9,0,407.9,0,0,0,0,0,9908.05
NIFTY,09-Aug-2017,31-Aug-2017,PE,10400,432.15,480.65,410,468.25,480.65,468.25,785,6382.97,259.97,215550,1500,9908.05
NIFTY,09-Aug-2017,31-Aug-2017,PE,9950,90,130,90,118.95,130,118.95,16034,120944.86,1291.14,218550,9075,9908.05
NIFTY,09-Aug-2017,31-Aug-2017,PE,10000,112.35,156,112.35,144.6,154.5,144.6,137857,1047345.31,13417.81,4072125,-605625,9908.05
NIFTY,09-Aug-2017,31-Aug-2017,PE,10050,147.15,185.8,136.85,175.8,185.8,175.8,2990,22885.28,348.15,317100,-15900,9908.05
NIFTY,09-Aug-2017,31-Aug-2017,PE,10100,170.55,220,165,208.45,218.35,208.45,30945,238795.99,4387.62,1703175,-181200,9908.05
NIFTY,09-Aug-2017,31-Aug-2017,PE,10150,213.85,261.3,201.2,252.8,261.3,252.8,291,2263.19,47.95,84450,-6450,9908.05
NIFTY,09-Aug-2017,31-Aug-2017,PE,9700,33.45,48.85,32.25,44.65,48.6,44.65,98988,723038.53,2900.83,3702750,-72450,9908.05
NIFTY,09-Aug-2017,31-Aug-2017,PE,9750,43.15,60,40,55.15,59.9,55.15,5841,42925.23,212.91,194925,7275,9908.05
NIFTY,09-Aug-2017,31-Aug-2017,PE,9800,50.05,73.35,49.6,67.4,73,67.4,141127,1043540.5,6257.05,4838175,254925,9908.05
NIFTY,09-Aug-2017,31-Aug-2017,PE,9850,68,88.5,61,81.9,88.5,81.9,10344,76988.56,572.26,282000,64125,9908.05
NIFTY,09-Aug-2017,31-Aug-2017,PE,9900,75.6,108.95,75.25,99.8,108.5,99.8,192061,1438792.3,12739.37,3868575,-54150,9908.05
NIFTY,09-Aug-2017,31-Aug-2017,PE,9500,15.1,24.15,15.1,21.75,23.5,21.75,48840,348675.79,690.79,3321675,17925,9908.05
NIFTY,09-Aug-2017,31-Aug-2017,PE,9550,0,0,0,12.5,12.5,4.35,0,0,0,75,0,9908.05
NIFTY,09-Aug-2017,31-Aug-2017,PE,9600,27,33.35,20.4,30.3,33,30.3,55772,402668.81,1110.41,2220375,78150,9908.05
NIFTY,09-Aug-2017,31-Aug-2017,PE,9650,26,41,26,36.6,41,36.6,2886,20956.53,69.11,98775,9750,9908.05
NIFTY,09-Aug-2017,31-Aug-2017,PE,9250,0,0,0,79.35,0,0.1,0,0,0,0,0,9908.05
NIFTY,09-Aug-2017,31-Aug-2017,PE,9300,4.5,11.8,4.5,10.4,11.65,10.4,18197,127046.62,122.55,1395150,-35550,9908.05
NIFTY,09-Aug-2017,31-Aug-2017,PE,9350,0,0,0,105.95,0,0.4,0,0,0,0,0,9908.05
NIFTY,09-Aug-2017,31-Aug-2017,PE,9400,13,16.95,10.4,15.4,16.5,15.4,20382,143897.78,204.68,2107425,128250,9908.05
NIFTY,09-Aug-2017,31-Aug-2017,PE,9450,0,0,0,138.5,0,1.4,0,0,0,0,0,9908.05
NIFTY,09-Aug-2017,31-Aug-2017,PE,9200,6.45,8.9,5.85,7.9,6.3,7.9,10085,69639.48,52.98,1349175,-4800,9908.05
NIFTY,10-Aug-2017,31-Aug-2017,PE,10450,0,0,0,790.5,0,593.1,0,0,0,0,0,9820.25
NIFTY,10-Aug-2017,31-Aug-2017,PE,10500,602.15,684,577.9,642.7,614.05,642.7,1559,13015.51,738.38,1316850,-31050,9820.25
NIFTY,10-Aug-2017,31-Aug-2017,PE,10550,0,0,0,879.8,0,692.2,0,0,0,0,0,9820.25
NIFTY,10-Aug-2017,31-Aug-2017,PE,10600,702,763.6,677.8,763.6,763.6,763.6,24,203.6,12.8,39300,-225,9820.25
NIFTY,10-Aug-2017,31-Aug-2017,PE,10650,0,0,0,971.3,0,791.65,0,0,0,0,0,9820.25
NIFTY,10-Aug-2017,31-Aug-2017,PE,10200,323.95,397.75,291.5,347.8,326.45,347.8,3681,29072.45,912.8,481575,-42150,9820.25
NIFTY,10-Aug-2017,31-Aug-2017,PE,10250,356.85,382.6,356.85,382.6,382.6,382.6,3,23.88,.82,750,75,9820.25
NIFTY,10-Aug-2017,31-Aug-2017,PE,10300,409.35,486,383.5,442.25,420,442.25,1154,9281.85,367.2,272925,2100,9820.25
NIFTY,10-Aug-2017,31-Aug-2017,PE,10350,0,0,0,703.9,0,494.95,0,0,0,0,0,9820.25
NIFTY,10-Aug-2017,31-Aug-2017,PE,10400,510.7,576.95,474.5,542.3,515,542.3,205,1678.9,79.9,218775,3225,9820.25
NIFTY,10-Aug-2017,31-Aug-2017,PE,9950,144,191.1,116.45,153.15,150,153.15,7360,55705.11,781.11,125175,-93375,9820.25
NIFTY,10-Aug-2017,31-Aug-2017,PE,10000,161.25,225,141.85,185.55,171.45,185.55,86002,656165.32,11150.32,3310275,-761850,9820.25
NIFTY,10-Aug-2017,31-Aug-2017,PE,10050,196.05,260,173,229.25,245,229.25,1774,13648.57,277.05,269625,-47475,9820.25
NIFTY,10-Aug-2017,31-Aug-2017,PE,10100,247.2,305.4,206.95,262.9,244.6,262.9,17267,133931.24,3133.72,1504725,-198450,9820.25
NIFTY,10-Aug-2017,31-Aug-2017,PE,10150,288.6,340,254.95,304.4,281.15,304.4,168,1315.5,36.6,79650,-4800,9820.25
NIFTY,10-Aug-2017,31-Aug-2017,PE,9700,51,79,41.55,59.8,54.85,59.8,159588,1167711.64,6708.94,3438375,-264375,9820.25
NIFTY,10-Aug-2017,31-Aug-2017,PE,9750,67.8,95.6,51,73.15,66,73.15,9694,71385.45,498.07,250875,55950,9820.25
NIFTY,10-Aug-2017,31-Aug-2017,PE,9800,79.9,114.35,62.9,88.85,80.05,88.85,217553,1612502.66,13488.11,4620525,-217650,9820.25
NIFTY,10-Aug-2017,31-Aug-2017,PE,9850,98.55,135.95,77.4,105.4,98,105.4,18377,137130.48,1370.39,263475,-18525,9820.25
NIFTY,10-Aug-2017,31-Aug-2017,PE,9900,124.6,162.1,94.65,128.65,119.85,128.65,178633,1342406.39,16056.36,3724200,-144375,9820.25
NIFTY,10-Aug-2017,31-Aug-2017,PE,9450,0,0,0,138.5,0,4.45,0,0,0,0,0,9820.25
NIFTY,10-Aug-2017,31-Aug-2017,PE,9500,25,39,20.15,29.4,28,29.4,80425,574688.18,1660.06,3692475,370800,9820.25
NIFTY,10-Aug-2017,31-Aug-2017,PE,9550,15.5,15.5,15.5,15.5,15.5,15.5,1,7.17,.01,150,75,9820.25
NIFTY,10-Aug-2017,31-Aug-2017,PE,9600,37.75,55.15,28.2,41.6,37.9,41.6,101437,733278.48,2932.08,2522700,302325,9820.25
NIFTY,10-Aug-2017,31-Aug-2017,PE,9650,60.95,66,34.5,50.75,44.2,50.75,5433,39509.95,188.61,123525,24750,9820.25
NIFTY,10-Aug-2017,31-Aug-2017,PE,9200,9,14.15,7.8,11.75,10.4,11.75,19240,132905.56,149.56,1341825,-7350,9820.25
NIFTY,10-Aug-2017,31-Aug-2017,PE,9250,0,0,0,79.35,0,0.4,0,0,0,0,0,9820.25
NIFTY,10-Aug-2017,31-Aug-2017,PE,9300,10.3,18.7,10,15.2,13.3,15.2,33462,233738.72,341.27,1525275,130125,9820.25
NIFTY,10-Aug-2017,31-Aug-2017,PE,9350,0,0,0,105.95,0,1.45,0,0,0,0,0,9820.25
NIFTY,10-Aug-2017,31-Aug-2017,PE,9400,16.5,26.5,14,20.65,19.4,20.65,57070,403150.09,806.59,2834700,727275,9820.25
NIFTY,11-Aug-2017,31-Aug-2017,PE,10450,0,0,0,790.5,0,703.95,0,0,0,0,0,9710.8
NIFTY,11-Aug-2017,31-Aug-2017,PE,10500,722.25,774,690,744.9,752,744.9,1933,16283.91,1061.54,1314975,-1875,9710.8
NIFTY,11-Aug-2017,31-Aug-2017,PE,10550,0,0,0,879.8,0,803.35,0,0,0,0,0,9710.8
NIFTY,11-Aug-2017,31-Aug-2017,PE,10600,843.5,856.7,799.95,839,839,839,30,256.97,18.47,39075,-225,9710.8
NIFTY,11-Aug-2017,31-Aug-2017,PE,10650,0,0,0,971.3,0,902.95,0,0,0,0,0,9710.8
NIFTY,11-Aug-2017,31-Aug-2017,PE,10200,412.95,489.75,400,455.65,462,455.65,2104,16789.77,694.17,441525,-40050,9710.8
NIFTY,11-Aug-2017,31-Aug-2017,PE,10250,480,532.35,401.6,532.35,532.35,532.35,5,40.25,1.81,675,-75,9710.8
NIFTY,11-Aug-2017,31-Aug-2017,PE,10300,528.25,581.55,494,552.3,557.25,552.3,1891,15359.17,751.2,273075,150,9710.8
NIFTY,11-Aug-2017,31-Aug-2017,PE,10350,0,0,0,703.9,0,605,0,0,0,0,0,9710.8
NIFTY,11-Aug-2017,31-Aug-2017,PE,10400,625.9,675,588.45,658.95,653.55,658.95,2101,17373.5,985.7,232350,13575,9710.8
NIFTY,11-Aug-2017,31-Aug-2017,PE,9950,212.4,266.3,192.25,240.75,243,240.75,1850,14115.97,310.34,94800,-30375,9710.8
NIFTY,11-Aug-2017,31-Aug-2017,PE,10000,258.15,304.5,225.35,277.8,278.6,277.8,42699,328642.16,8399.66,2833950,-476325,9710.8
NIFTY,11-Aug-2017,31-Aug-2017,PE,10050,300.1,348,271,320.75,320.95,320.75,873,6776.48,196.24,235950,-33675,9710.8
NIFTY,11-Aug-2017,31-Aug-2017,PE,10100,341.2,391.3,307.5,366.4,363.5,366.4,12372,96952.14,3234.24,1401750,-102975,9710.8
NIFTY,11-Aug-2017,31-Aug-2017,PE,10150,396.95,435,354.65,416.5,412.1,416.5,131,1036.06,38.82,75075,-4575,9710.8
NIFTY,11-Aug-2017,31-Aug-2017,PE,9700,94,117.2,76.6,102.2,105.8,102.2,275178,2021836.03,19916.08,3406200,-32175,9710.8
NIFTY,11-Aug-2017,31-Aug-2017,PE,9750,125,138.95,93.35,120,125.05,120,15920,117782.75,1367.75,242775,-8100,9710.8
NIFTY,11-Aug-2017,31-Aug-2017,PE,9800,120.1,164.95,112.1,145.5,149.85,145.5,199729,1488535.91,20527.76,4140750,-479775,9710.8
NIFTY,11-Aug-2017,31-Aug-2017,PE,9850,140,193,134.9,172.4,175.05,172.4,4340,32584.66,522.91,207825,-55650,9710.8
NIFTY,11-Aug-2017,31-Aug-2017,PE,9900,186.9,226.25,160.2,204,205.5,204,84796,641745.15,12134.85,2447625,-1276575,9710.8
NIFTY,11-Aug-2017,31-Aug-2017,PE,9450,40,46,38.5,40.75,46,40.75,27,192.19,.82,1725,1725,9710.8
NIFTY,11-Aug-2017,31-Aug-2017,PE,9500,42.6,58.55,36.45,50.25,52.85,50.25,183213,1311982.87,6590.24,4483500,791025,9710.8
NIFTY,11-Aug-2017,31-Aug-2017,PE,9550,49.5,69,44.4,59.65,61.25,59.65,3990,28748,169.62,68700,68550,9710.8
NIFTY,11-Aug-2017,31-Aug-2017,PE,9600,64,82.65,52.7,71.95,74.5,71.95,205479,1489968.61,10519.81,3386700,864000,9710.8
NIFTY,11-Aug-2017,31-Aug-2017,PE,9650,80,98.4,60,86.95,88.45,86.95,14452,105482.86,886.51,212100,88575,9710.8
NIFTY,11-Aug-2017,31-Aug-2017,PE,9200,14.75,19.85,12.4,17.25,18.35,17.25,67427,466069.36,823.06,2568150,1226325,9710.8
NIFTY,11-Aug-2017,31-Aug-2017,PE,9250,0,0,0,79.35,0,2.4,0,0,0,0,0,9710.8
NIFTY,11-Aug-2017,31-Aug-2017,PE,9300,18.2,28.75,17.35,24.55,26.35,24.55,57014,398672.47,999.82,1773900,248625,9710.8
NIFTY,11-Aug-2017,31-Aug-2017,PE,9350,30,32,30,32,32,32,2,14.07,.05,0,0,9710.8
NIFTY,11-Aug-2017,31-Aug-2017,PE,9400,27.95,40.8,24.9,35.1,36.8,35.1,110357,780780.29,2763.44,3002925,168225,9710.8
NIFTY,14-Aug-2017,31-Aug-2017,PE,10450,0,0,0,790.5,0,626.15,0,0,0,0,0,9794.15
NIFTY,14-Aug-2017,31-Aug-2017,PE,10500,708.05,710,657.5,675.65,683.2,675.65,1545,12953.5,786.62,1235775,-79200,9794.15
NIFTY,14-Aug-2017,31-Aug-2017,PE,10550,0,0,0,879.8,0,725.45,0,0,0,0,0,9794.15
NIFTY,14-Aug-2017,31-Aug-2017,PE,10600,807.55,807.55,771.55,771.55,771.55,771.55,10,85.39,5.89,39300,225,9794.15
NIFTY,14-Aug-2017,31-Aug-2017,PE,10650,0,0,0,971.3,0,825,0,0,0,0,0,9794.15
NIFTY,14-Aug-2017,31-Aug-2017,PE,10200,418,420,367,381.75,388.75,381.75,1630,12950.82,481.32,451425,9900,9794.15
NIFTY,14-Aug-2017,31-Aug-2017,PE,10250,421.85,421.85,421.85,421.85,421.85,421.85,1,8,.32,600,-75,9794.15
NIFTY,14-Aug-2017,31-Aug-2017,PE,10300,512.9,515.3,459.25,479.1,484.8,479.1,593,4797.6,216.68,279525,6450,9794.15
NIFTY,14-Aug-2017,31-Aug-2017,PE,10350,0,0,0,703.9,0,527.6,0,0,0,0,0,9794.15
NIFTY,14-Aug-2017,31-Aug-2017,PE,10400,604.55,605.55,556.5,580,585.2,580,392,3230.03,172.43,214500,-17850,9794.15
NIFTY,14-Aug-2017,31-Aug-2017,PE,9950,206.85,206.85,162,177.9,179.2,177.9,858,6519.01,116.19,78375,-16425,9794.15
NIFTY,14-Aug-2017,31-Aug-2017,PE,10000,234.4,243.85,193.65,210.8,214.3,210.8,13237,101441.8,2164.3,2623725,-210225,9794.15
NIFTY,14-Aug-2017,31-Aug-2017,PE,10050,282,285,235,252.05,256,252.05,277,2143.19,55.3,224475,-11475,9794.15
NIFTY,14-Aug-2017,31-Aug-2017,PE,10100,321.2,326,272.2,293.35,297.55,293.35,5049,39380.69,1134.51,1316250,-85500,9794.15
NIFTY,14-Aug-2017,31-Aug-2017,PE,10150,374.05,374.3,331.2,345.25,343.85,345.25,28,220.52,7.37,74025,-1050,9794.15
NIFTY,14-Aug-2017,31-Aug-2017,PE,9700,90.1,91.55,59,67.5,70.05,67.5,141171,1034237.35,7218.33,4259325,853125,9794.15
NIFTY,14-Aug-2017,31-Aug-2017,PE,9750,100.2,101,72.8,82,85.95,82,11885,87650.14,741.08,293250,50475,9794.15
NIFTY,14-Aug-2017,31-Aug-2017,PE,9800,123.7,123.8,89.2,100.4,103.45,100.4,129327,960461.55,9908.1,4621125,480375,9794.15
NIFTY,14-Aug-2017,31-Aug-2017,PE,9850,141.65,142.9,108.8,120.5,124.45,120.5,2629,19662.8,241.06,201750,-6075,9794.15
NIFTY,14-Aug-2017,31-Aug-2017,PE,9900,164.55,174.15,132.05,146.95,150.65,146.95,35392,266791.28,4005.68,2609700,162075,9794.15
NIFTY,14-Aug-2017,31-Aug-2017,PE,9450,32,32,23,26.45,27.9,26.45,1403,9971.85,28.09,20625,18900,9794.15
NIFTY,14-Aug-2017,31-Aug-2017,PE,9500,39.9,39.9,27.75,31.85,33.55,31.85,96457,689557.12,2300.99,5577225,1093725,9794.15
NIFTY,14-Aug-2017,31-Aug-2017,PE,9550,42.45,47,33.15,38.05,39.65,38.05,2358,16957.93,68.75,77700,9000,9794.15
NIFTY,14-Aug-2017,31-Aug-2017,PE,9600,61,65,39.75,45.9,47.7,45.9,88924,643329.33,3076.53,3680775,294075,9794.15
NIFTY,14-Aug-2017,31-Aug-2017,PE,9650,85,85,48.05,55.5,57.7,55.5,6090,44331.08,254.7,184200,-27900,9794.15
NIFTY,14-Aug-2017,31-Aug-2017,PE,9200,14.25,15.55,9.75,11.4,11.25,11.4,56401,389634.16,467.26,2180850,-387300,9794.15
NIFTY,14-Aug-2017,31-Aug-2017,PE,9250,0,0,0,79.35,0,0.7,0,0,0,0,0,9794.15
NIFTY,14-Aug-2017,31-Aug-2017,PE,9300,20,20,13.4,15.55,16.6,15.55,38814,271173.02,445.37,1708350,-65550,9794.15
NIFTY,14-Aug-2017,31-Aug-2017,PE,9350,17.5,17.5,17.5,17.5,17.5,17.5,6,42.15,.08,450,450,9794.15
NIFTY,14-Aug-2017,31-Aug-2017,PE,9400,27.9,28.6,18.3,20.95,22.15,20.95,69078,488104.55,1104.65,2908350,-94575,9794.15
NIFTY,16-Aug-2017,31-Aug-2017,PE,10450,0,0,0,790.5,0,527.7,0,0,0,0,0,9897.3
NIFTY,16-Aug-2017,31-Aug-2017,PE,10500,668.65,710.05,588.15,593.35,588.35,593.35,3298,27569.25,1597.5,1044750,-191025,9897.3
NIFTY,16-Aug-2017,31-Aug-2017,PE,10550,0,0,0,879.8,0,626.25,0,0,0,0,0,9897.3
NIFTY,16-Aug-2017,31-Aug-2017,PE,10600,761,761,719,722.95,722.95,722.95,33,280.62,18.27,36975,-2325,9897.3
NIFTY,16-Aug-2017,31-Aug-2017,PE,10650,0,0,0,971.3,0,725.6,0,0,0,0,0,9897.3
NIFTY,16-Aug-2017,31-Aug-2017,PE,10200,374.3,420.95,298,301.45,299,301.45,1240,9810.86,324.86,420900,-30525,9897.3
NIFTY,16-Aug-2017,31-Aug-2017,PE,10250,0,0,0,421.85,421.85,338,0,0,0,600,0,9897.3
NIFTY,16-Aug-2017,31-Aug-2017,PE,10300,472,507.9,391.05,393.85,393.65,393.85,517,4159.04,165.21,267300,-12225,9897.3
NIFTY,16-Aug-2017,31-Aug-2017,PE,10350,0,0,0,703.9,0,431,0,0,0,0,0,9897.3
NIFTY,16-Aug-2017,31-Aug-2017,PE,10400,569.2,608,487.85,488.55,487.85,488.55,227,1864.29,93.69,207075,-7425,9897.3
NIFTY,16-Aug-2017,31-Aug-2017,PE,9950,167.9,201.2,114.4,116.2,115,116.2,1347,10199.96,147.98,82125,3750,9897.3
NIFTY,16-Aug-2017,31-Aug-2017,PE,10000,202.2,239.7,140.55,144.1,143.8,144.1,24412,186277.37,3187.37,2773350,149625,9897.3
NIFTY,16-Aug-2017,31-Aug-2017,PE,10050,236.3,282.7,174.55,179.6,174.55,179.6,316,2431.02,49.17,215325,-9150,9897.3
NIFTY,16-Aug-2017,31-Aug-2017,PE,10100,283.8,325,210.5,214.65,213,214.65,4429,34402.02,852.35,1259250,-57000,9897.3
NIFTY,16-Aug-2017,31-Aug-2017,PE,10150,361.05,361.05,250.55,250.55,250.55,250.55,23,180.62,5.54,73275,-750,9897.3
NIFTY,16-Aug-2017,31-Aug-2017,PE,9700,56.45,80,38.1,39.4,39.05,39.4,185051,1353838.07,7592.05,4462800,203475,9897.3
NIFTY,16-Aug-2017,31-Aug-2017,PE,9750,76.75,96.7,48.1,49.2,48.45,49.2,13227,97420.92,698.48,292575,-675,9897.3
NIFTY,16-Aug-2017,31-Aug-2017,PE,9800,93.65,117.6,59.7,61.15,60.15,61.15,222226,1646924.62,13563.52,5266650,645525,9897.3
NIFTY,16-Aug-2017,31-Aug-2017,PE,9850,113.25,140.6,73.05,75.35,74.4,75.35,9502,70851.98,655.96,338325,136575,9897.3
NIFTY,16-Aug-2017,31-Aug-2017,PE,9900,138.55,169.95,92,94.4,93.05,94.4,79292,595690.53,6947.43,3051225,441525,9897.3
NIFTY,16-Aug-2017,31-Aug-2017,PE,9450,22.55,29.45,14.35,15.55,14.85,15.55,4676,33216.04,74.89,51150,30525,9897.3
NIFTY,16-Aug-2017,31-Aug-2017,PE,9500,25,36.75,18.2,19,19,19,100129,715196.03,1776.9,5566350,-10875,9897.3
NIFTY,16-Aug-2017,31-Aug-2017,PE,9550,33.75,43.95,21.05,22.05,22.4,22.05,5198,37339.38,108.71,53175,-24525,9897.3
NIFTY,16-Aug-2017,31-Aug-2017,PE,9600,41,53.85,25.15,26.3,26.3,26.3,127571,921798.48,3287.28,4151550,470775,9897.3
NIFTY,16-Aug-2017,31-Aug-2017,PE,9650,49.7,65,30.75,32.15,32.5,32.15,8303,60361.36,268.39,162075,-22125,9897.3
NIFTY,16-Aug-2017,31-Aug-2017,PE,9200,8.55,12,6.6,7.4,7.3,7.4,23854,164746.41,153.81,2048925,-131925,9897.3
NIFTY,16-Aug-2017,31-Aug-2017,PE,9250,0,0,0,79.35,0,0.2,0,0,0,0,0,9897.3
NIFTY,16-Aug-2017,31-Aug-2017,PE,9300,13,16.85,8.4,9.4,9.7,9.4,34006,237503.06,311.21,1665525,-42825,9897.3
NIFTY,16-Aug-2017,31-Aug-2017,PE,9350,17,20.35,10.1,11.45,11.95,11.45,240,1685.38,2.38,6150,5700,9897.3
NIFTY,16-Aug-2017,31-Aug-2017,PE,9400,15.7,23.95,11.75,12.95,13,12.95,48518,342623.74,571.84,2199900,-708450,9897.3
NIFTY,17-Aug-2017,31-Aug-2017,PE,10450,0,0,0,790.5,0,522.05,0,0,0,0,0,9904.15
NIFTY,17-Aug-2017,31-Aug-2017,PE,10500,587.85,612.7,557.05,581.25,580.7,581.25,868,7214.59,379.09,1022775,-21975,9904.15
NIFTY,17-Aug-2017,31-Aug-2017,PE,10550,0,0,0,879.8,0,620.95,0,0,0,0,0,9904.15
NIFTY,17-Aug-2017,31-Aug-2017,PE,10600,669.6,678.4,669.6,678.4,678.4,678.4,6,50.73,3.03,36825,-150,9904.15
NIFTY,17-Aug-2017,31-Aug-2017,PE,10650,0,0,0,971.3,0,720.45,0,0,0,0,0,9904.15
NIFTY,17-Aug-2017,31-Aug-2017,PE,10200,300.7,321.95,270.65,295.7,294.05,295.7,1338,10526.32,290.62,417600,-3300,9904.15
NIFTY,17-Aug-2017,31-Aug-2017,PE,10250,0,0,0,421.85,421.85,330.75,0,0,0,600,0,9904.15
NIFTY,17-Aug-2017,31-Aug-2017,PE,10300,392.55,409.7,361,392.4,383.15,392.4,561,4493.34,159.62,266925,-375,9904.15
NIFTY,17-Aug-2017,31-Aug-2017,PE,10350,0,0,0,703.9,0,424.7,0,0,0,0,0,9904.15
NIFTY,17-Aug-2017,31-Aug-2017,PE,10400,490,511,461.1,491.65,489,491.65,188,1534.71,68.31,201225,-5850,9904.15
NIFTY,17-Aug-2017,31-Aug-2017,PE,9950,115,123.8,93.75,107.65,103.75,107.65,7433,56046.7,577.94,153750,71625,9904.15
NIFTY,17-Aug-2017,31-Aug-2017,PE,10000,135,154.85,117.85,134.65,132,134.65,59874,454984.95,5929.95,2708850,-64500,9904.15
NIFTY,17-Aug-2017,31-Aug-2017,PE,10050,170.55,191,150.95,166.8,157.7,166.8,719,5512.09,92.62,206625,-8700,9904.15
NIFTY,17-Aug-2017,31-Aug-2017,PE,10100,204.2,230,184.05,207.7,201.5,207.7,9504,73423.49,1430.69,1212975,-46275,9904.15
NIFTY,17-Aug-2017,31-Aug-2017,PE,10150,250,269,232,249.65,258.8,249.65,203,1583.3,37.96,72600,-675,9904.15
NIFTY,17-Aug-2017,31-Aug-2017,PE,9700,34.2,42.3,29.5,34.2,33.35,34.2,143042,1044333.23,3702.68,4622550,159750,9904.15
NIFTY,17-Aug-2017,31-Aug-2017,PE,9750,43.15,52.75,37.5,43.95,42,43.95,8535,62692.65,280.46,255000,-37575,9904.15
NIFTY,17-Aug-2017,31-Aug-2017,PE,9800,55,65.4,46.1,54.25,53.15,54.25,207105,1530643.26,8421.51,6415200,1148550,9904.15
NIFTY,17-Aug-2017,31-Aug-2017,PE,9850,68.75,80.45,58.45,68.5,66,68.5,12006,89307.96,613.64,393675,55350,9904.15
NIFTY,17-Aug-2017,31-Aug-2017,PE,9900,81.4,100,73.45,85.75,83.3,85.75,184060,1378302.09,11656.59,4057950,1006725,9904.15
NIFTY,17-Aug-2017,31-Aug-2017,PE,9450,13.9,16.8,12.15,13.75,12.8,13.75,2022,14352.05,21.12,60675,9525,9904.15
NIFTY,17-Aug-2017,31-Aug-2017,PE,9500,16.2,20.35,14.6,16.6,15.8,16.6,86987,620878.9,1096.53,5662800,96450,9904.15
NIFTY,17-Aug-2017,31-Aug-2017,PE,9550,19.3,23.9,16.8,19.1,18.1,19.1,2483,17821.14,36.65,39150,-14025,9904.15
NIFTY,17-Aug-2017,31-Aug-2017,PE,9600,22.9,28.3,19.6,22.35,21.9,22.35,89601,646666.38,1539.18,4026150,-125400,9904.15
NIFTY,17-Aug-2017,31-Aug-2017,PE,9650,27.1,34.35,24.15,27.2,26.75,27.2,5958,43246.11,125.08,172650,10575,9904.15
NIFTY,17-Aug-2017,31-Aug-2017,PE,9250,0,0,0,79.35,0,0.1,0,0,0,0,0,9904.15
NIFTY,17-Aug-2017,31-Aug-2017,PE,9300,8.8,9.85,7.2,8.2,8,8.2,26654,186073.83,162.18,1690575,25050,9904.15
NIFTY,17-Aug-2017,31-Aug-2017,PE,9350,11.4,11.65,9.15,10.5,10.45,10.5,53,372.07,.41,6375,225,9904.15
NIFTY,17-Aug-2017,31-Aug-2017,PE,9400,10.3,13.85,10.1,11.3,10.75,11.3,41253,291186.11,352.46,1845825,-354075,9904.15
NIFTY,17-Aug-2017,31-Aug-2017,PE,9200,6.85,7.4,5.75,6.4,6.25,6.4,17120,118210.26,82.26,2098200,49275,9904.15
NIFTY,18-Aug-2017,31-Aug-2017,PE,10450,0,0,0,790.5,0,589.75,0,0,0,0,0,9837.4
NIFTY,18-Aug-2017,31-Aug-2017,PE,10500,637.15,692.05,630,635.95,644.3,635.95,885,7403.68,434.3,994725,-28050,9837.4
NIFTY,18-Aug-2017,31-Aug-2017,PE,10550,0,0,0,879.8,0,689.25,0,0,0,0,0,9837.4
NIFTY,18-Aug-2017,31-Aug-2017,PE,10600,738,764,738,764,764,764,23,195.84,12.99,35250,-1575,9837.4
NIFTY,18-Aug-2017,31-Aug-2017,PE,10650,0,0,0,971.3,0,788.95,0,0,0,0,0,9837.4
NIFTY,18-Aug-2017,31-Aug-2017,PE,10200,347.55,400.05,335.35,345.75,350,345.75,960,7604.27,260.27,408300,-9300,9837.4
NIFTY,18-Aug-2017,31-Aug-2017,PE,10250,400,400,400,400,400,400,1,7.99,.3,600,0,9837.4
NIFTY,18-Aug-2017,31-Aug-2017,PE,10300,435,495.65,428.05,440.45,443.8,440.45,465,3751.98,159.86,263625,-3300,9837.4
NIFTY,18-Aug-2017,31-Aug-2017,PE,10350,0,0,0,703.9,0,490.95,0,0,0,0,0,9837.4
NIFTY,18-Aug-2017,31-Aug-2017,PE,10400,535.6,587.75,531.05,543.9,545,543.9,81,665.47,33.67,200400,-825,9837.4
NIFTY,18-Aug-2017,31-Aug-2017,PE,9950,134.95,177,127,133.95,137.5,133.95,3258,24668.31,355.49,116625,-37125,9837.4
NIFTY,18-Aug-2017,31-Aug-2017,PE,10000,165,216.8,145.1,167.6,171,167.6,39683,303053.41,5430.91,2568150,-140700,9837.4
NIFTY,18-Aug-2017,31-Aug-2017,PE,10050,205.5,251.45,198.35,205.9,210.75,205.9,175,1347.48,28.42,204900,-1725,9837.4
NIFTY,18-Aug-2017,31-Aug-2017,PE,10100,247.05,304.95,240.05,255.75,254.35,255.75,6711,52177.76,1341.93,1164225,-48750,9837.4
NIFTY,18-Aug-2017,31-Aug-2017,PE,10150,301.3,349.45,296,303.75,296,303.75,262,2056.83,62.36,62175,-10425,9837.4
NIFTY,18-Aug-2017,31-Aug-2017,PE,9700,43,60.2,38.35,42.1,41.55,42.1,214993,1571926.62,7852.55,4538400,-84150,9837.4
NIFTY,18-Aug-2017,31-Aug-2017,PE,9750,54.55,76,49.2,53.7,53.7,53.7,17450,128411.89,808.77,269100,14100,9837.4
NIFTY,18-Aug-2017,31-Aug-2017,PE,9800,63.95,96,62.65,68.6,67.85,68.6,300906,2229068.85,17409.75,5892825,-522375,9837.4
NIFTY,18-Aug-2017,31-Aug-2017,PE,9850,88.9,118.85,79.1,85.15,85.2,85.15,21625,161295.8,1541.12,376500,-17175,9837.4
NIFTY,18-Aug-2017,31-Aug-2017,PE,9900,109.95,146.95,100.5,108.6,109,108.6,166238,1249396.33,15079.18,2969025,-1088925,9837.4
NIFTY,18-Aug-2017,31-Aug-2017,PE,9450,17.65,20.5,13,14.25,13.5,14.25,1770,12567.02,22.14,74775,14100,9837.4
NIFTY,18-Aug-2017,31-Aug-2017,PE,9500,20.15,25.7,16.25,17.6,17.25,17.6,110700,790487.02,1749.52,5175675,-487125,9837.4
NIFTY,18-Aug-2017,31-Aug-2017,PE,9550,23.8,30.7,19.35,21.15,20.5,21.15,4882,35058.84,91.52,88425,49275,9837.4
NIFTY,18-Aug-2017,31-Aug-2017,PE,9600,28,38.4,24,26.45,25.75,26.45,138881,1003167.57,3224.37,3773700,-252450,9837.4
NIFTY,18-Aug-2017,31-Aug-2017,PE,9650,34.85,47.55,29.8,32.85,31.85,32.85,9558,69451.59,275.57,212250,39600,9837.4
NIFTY,18-Aug-2017,31-Aug-2017,PE,9200,7.15,8.9,5.45,5.85,5.45,5.85,26386,182205.54,142.14,1765350,-332850,9837.4
NIFTY,18-Aug-2017,31-Aug-2017,PE,9250,0,0,0,79.35,0,0.2,0,0,0,0,0,9837.4
NIFTY,18-Aug-2017,31-Aug-2017,PE,9300,9,11.75,7.1,7.75,7.15,7.75,29735,207612.96,211.34,1652850,-37725,9837.4
NIFTY,18-Aug-2017,31-Aug-2017,PE,9350,12.65,13.65,7.5,9.35,7.5,9.35,317,2225.67,2.71,11925,5550,9837.4
NIFTY,18-Aug-2017,31-Aug-2017,PE,9400,12.35,16.7,10.5,11.35,10.9,11.35,48037,339162.18,501.33,1644600,-201225,9837.4
NIFTY,21-Aug-2017,31-Aug-2017,PE,9200,4.95,5.75,4,5.35,5.65,5.35,18240,125924.27,68.27,1745700,-19650,9754.35
NIFTY,21-Aug-2017,31-Aug-2017,PE,9250,0,0,0,79.35,0,0.25,0,0,0,0,0,9754.35
NIFTY,21-Aug-2017,31-Aug-2017,PE,9300,6.3,8.45,5.6,7.7,7.9,7.7,26640,185952.75,138.75,1646850,-6000,9754.35
NIFTY,21-Aug-2017,31-Aug-2017,PE,9350,6.8,10.95,6.5,9.85,10.95,9.85,264,1852.98,1.68,13350,1425,9754.35
NIFTY,21-Aug-2017,31-Aug-2017,PE,9400,8.95,13.85,7.9,12.9,13.35,12.9,49811,351570.6,403.05,1587675,-56925,9754.35
NIFTY,21-Aug-2017,31-Aug-2017,PE,9450,11.05,17.7,9.95,16.65,17.1,16.65,2826,20058.47,29.19,62475,-12300,9754.35
NIFTY,21-Aug-2017,31-Aug-2017,PE,9500,14.8,23.6,12.3,21.55,22.05,21.55,107200,765196.13,1396.13,4606425,-569250,9754.35
NIFTY,21-Aug-2017,31-Aug-2017,PE,9550,17.25,29.2,14.55,27,27.6,27,7954,57096.77,126.24,166725,78300,9754.35
NIFTY,21-Aug-2017,31-Aug-2017,PE,9600,24.95,38.45,18.35,34.9,36,34.9,148290,1070742.42,3054.42,3572475,-201225,9754.35
NIFTY,21-Aug-2017,31-Aug-2017,PE,9650,28.1,49.5,22.85,45.45,46.55,45.45,17209,125017.73,467.6,356325,144075,9754.35
NIFTY,21-Aug-2017,31-Aug-2017,PE,9700,38,64.65,29.75,59.85,60.5,59.85,232731,1701209.78,8091.75,4655250,116850,9754.35
NIFTY,21-Aug-2017,31-Aug-2017,PE,9750,45.5,82.55,38.5,76.65,76.9,76.65,26189,192645.52,1138.46,506775,237675,9754.35
NIFTY,21-Aug-2017,31-Aug-2017,PE,9800,62.55,107,51.05,99.05,100.5,99.05,307136,2274844.65,17395.05,5327100,-565725,9754.35
NIFTY,21-Aug-2017,31-Aug-2017,PE,9850,76.25,133.2,66.7,124.3,125.75,124.3,22495,167751.7,1569.89,391125,14625,9754.35
NIFTY,21-Aug-2017,31-Aug-2017,PE,9900,90.1,168.2,86.5,158,159,158,143179,1076099.65,12995.57,2505825,-463200,9754.35
NIFTY,21-Aug-2017,31-Aug-2017,PE,9950,125.1,205.65,111,191.45,192.9,191.45,3188,24149.1,358.65,131775,15150,9754.35
NIFTY,21-Aug-2017,31-Aug-2017,PE,10000,157.3,249.5,142.5,237.3,240,237.3,28214,215718.13,4113.13,2155875,-412275,9754.35
NIFTY,21-Aug-2017,31-Aug-2017,PE,10050,205.25,291.85,181.3,287.15,282.9,287.15,319,2461.52,57.06,195000,-9900,9754.35
NIFTY,21-Aug-2017,31-Aug-2017,PE,10100,238.35,341,223.3,327.15,331.1,327.15,6511,50668.81,1347.98,1075725,-88500,9754.35
NIFTY,21-Aug-2017,31-Aug-2017,PE,10150,280,355.95,273.1,355.95,355.95,355.95,30,235.34,6.97,61125,-1050,9754.35
NIFTY,21-Aug-2017,31-Aug-2017,PE,10200,337.2,438.95,317.55,428.8,431.4,428.8,703,5575.54,197.59,401925,-6375,9754.35
NIFTY,21-Aug-2017,31-Aug-2017,PE,10250,400,400,400,400,400,400,1,7.99,.3,600,0,9754.35
NIFTY,21-Aug-2017,31-Aug-2017,PE,10300,432.65,534.3,412,520.5,530,520.5,458,3696.3,158.25,266100,2475,9754.35
NIFTY,21-Aug-2017,31-Aug-2017,PE,10350,0,0,0,703.9,0,578.1,0,0,0,0,0,9754.35
NIFTY,21-Aug-2017,31-Aug-2017,PE,10400,537.95,631.5,514.65,621.25,631.5,621.25,143,1175.75,60.35,195750,-4650,9754.35
NIFTY,21-Aug-2017,31-Aug-2017,PE,10450,0,0,0,790.5,0,677.8,0,0,0,0,0,9754.35
NIFTY,21-Aug-2017,31-Aug-2017,PE,10500,637.75,734.85,612.95,727.75,725.15,727.75,960,8060.71,500.71,961275,-33450,9754.35
NIFTY,21-Aug-2017,31-Aug-2017,PE,10550,0,0,0,879.8,0,777.6,0,0,0,0,0,9754.35
NIFTY,21-Aug-2017,31-Aug-2017,PE,10600,811.55,818.5,811.55,815.05,818.5,815.05,2,17.12,1.22,35250,0,9754.35
NIFTY,21-Aug-2017,31-Aug-2017,PE,10650,0,0,0,971.3,0,877.4,0,0,0,0,0,9754.35
NIFTY,22-Aug-2017,31-Aug-2017,PE,9200,2.4,4.55,2.4,2.9,2.6,2.9,21143,145941.01,54.31,1764900,19200,9765.55
NIFTY,22-Aug-2017,31-Aug-2017,PE,9250,0,0,0,79.35,0,0.1,0,0,0,0,0,9765.55
NIFTY,22-Aug-2017,31-Aug-2017,PE,9300,5.55,6.7,3.6,4.3,3.9,4.3,29544,206178.67,109.27,1681125,34275,9765.55
NIFTY,22-Aug-2017,31-Aug-2017,PE,9350,10.15,10.15,4.7,5.3,5.4,5.3,101,708.73,.47,11775,-1575,9765.55
NIFTY,22-Aug-2017,31-Aug-2017,PE,9400,9.45,10.9,5.6,7.15,6.35,7.15,76639,540745.04,440.09,2697975,1110300,9765.55
NIFTY,22-Aug-2017,31-Aug-2017,PE,9450,11.7,13.85,8.05,10.05,9.05,10.05,6677,47375.21,51.98,75675,13200,9765.55
NIFTY,22-Aug-2017,31-Aug-2017,PE,9500,17.5,19.1,11.25,14.5,12.6,14.5,97036,692438.5,1057,4633650,27225,9765.55
NIFTY,22-Aug-2017,31-Aug-2017,PE,9550,19.2,24.1,14.9,19.1,16.7,19.1,11284,80980.52,158.87,187425,20700,9765.55
NIFTY,22-Aug-2017,31-Aug-2017,PE,9600,24.9,32,19.9,26.35,23.1,26.35,184877,1334623.68,3509.28,3949275,376800,9765.55
NIFTY,22-Aug-2017,31-Aug-2017,PE,9650,33,41.5,25.75,34,30.25,34,17948,130340.22,441.57,510750,154425,9765.55
NIFTY,22-Aug-2017,31-Aug-2017,PE,9700,45.05,55.45,34.7,47.25,42.15,47.25,284696,2080710.28,9546.88,4671375,16125,9765.55
NIFTY,22-Aug-2017,31-Aug-2017,PE,9750,56.6,72,46.35,62.25,56.8,62.25,31059,228499.6,1380.66,483525,-23250,9765.55
NIFTY,22-Aug-2017,31-Aug-2017,PE,9800,77.85,94.4,62.05,83.15,76,83.15,280049,2074821.2,16461.05,5116650,-210450,9765.55
NIFTY,22-Aug-2017,31-Aug-2017,PE,9850,97,119,80.35,106.4,97.55,106.4,13928,103930.75,1037.65,349275,-41850,9765.55
NIFTY,22-Aug-2017,31-Aug-2017,PE,9900,127.3,152.5,106.5,139.95,130.25,139.95,90384,679968.54,8867.34,2542125,36300,9765.55
NIFTY,22-Aug-2017,31-Aug-2017,PE,9950,158.45,188.15,137.7,174.55,162.6,174.55,968,7337.78,114.08,108000,-23775,9765.55
NIFTY,22-Aug-2017,31-Aug-2017,PE,10000,183.75,231.5,175.8,218.65,209.9,218.65,17978,137642.9,2807.9,2128575,-27300,9765.55
NIFTY,22-Aug-2017,31-Aug-2017,PE,10050,239.55,274,230,254,254,254,64,494.45,12.05,194325,-675,9765.55
NIFTY,22-Aug-2017,31-Aug-2017,PE,10100,288.15,323.8,262.3,311.35,301.7,311.35,5332,41566.74,1176.84,1054650,-21075,9765.55
NIFTY,22-Aug-2017,31-Aug-2017,PE,10150,355.05,366,332,355.55,355.55,355.55,115,906.86,31.43,56175,-4950,9765.55
NIFTY,22-Aug-2017,31-Aug-2017,PE,10200,390.35,423,362.05,414.5,403.7,414.5,708,5630.87,214.67,386625,-15300,9765.55
NIFTY,22-Aug-2017,31-Aug-2017,PE,10250,0,0,0,400,400,469.05,0,0,0,600,0,9765.55
NIFTY,22-Aug-2017,31-Aug-2017,PE,10300,482.5,518.15,457.4,503.85,498.8,503.85,732,5925.18,270.48,276600,10500,9765.55
NIFTY,22-Aug-2017,31-Aug-2017,PE,10350,0,0,0,703.9,0,568.55,0,0,0,0,0,9765.55
NIFTY,22-Aug-2017,31-Aug-2017,PE,10400,578.3,619.6,561,600,600,600,57,469.98,25.38,194400,-1350,9765.55
NIFTY,22-Aug-2017,31-Aug-2017,PE,10450,0,0,0,790.5,0,668.35,0,0,0,0,0,9765.55
NIFTY,22-Aug-2017,31-Aug-2017,PE,10500,680,719.6,660,707.9,698.85,707.9,2302,19335.6,1207.35,831075,-130200,9765.55
NIFTY,22-Aug-2017,31-Aug-2017,PE,10550,0,0,0,879.8,0,768.2,0,0,0,0,0,9765.55
NIFTY,22-Aug-2017,31-Aug-2017,PE,10600,810,820.05,768.25,811.35,811.35,811.35,252,2156.29,152.89,27375,-7875,9765.55
NIFTY,22-Aug-2017,31-Aug-2017,PE,10650,0,0,0,971.3,0,868.05,0,0,0,0,0,9765.55
NIFTY,23-Aug-2017,31-Aug-2017,PE,9200,2.3,2.3,1.1,1.25,1.25,1.25,18805,129775.83,21.33,1269600,-495300,9852.5
NIFTY,23-Aug-2017,31-Aug-2017,PE,9250,0,0,0,79.35,0,0.05,0,0,0,0,0,9852.5
NIFTY,23-Aug-2017,31-Aug-2017,PE,9300,3,3.35,1.35,1.7,1.7,1.7,22992,160405.97,36.77,1741800,60675,9852.5
NIFTY,23-Aug-2017,31-Aug-2017,PE,9350,4,4,2,2,2,2,175,1227.54,.35,9150,-2625,9852.5
NIFTY,23-Aug-2017,31-Aug-2017,PE,9400,5.2,5.45,1.9,2.3,2.15,2.3,32688,230535.41,85.01,2764950,66975,9852.5
NIFTY,23-Aug-2017,31-Aug-2017,PE,9450,7.75,8,3,3.55,3.4,3.55,4428,31400.54,17.09,101175,25500,9852.5
NIFTY,23-Aug-2017,31-Aug-2017,PE,9500,11.25,11.25,4.25,5.15,5.05,5.15,86520,616941.3,486.3,4681350,47700,9852.5
NIFTY,23-Aug-2017,31-Aug-2017,PE,9550,13.95,14.9,5.65,6.8,7.05,6.8,11957,85728.22,86.21,177450,-9975,9852.5
NIFTY,23-Aug-2017,31-Aug-2017,PE,9600,20.05,21.2,8.05,9.65,9.7,9.65,148624,1071646.68,1553.88,3454800,-494475,9852.5
NIFTY,23-Aug-2017,31-Aug-2017,PE,9650,26.1,27.75,10.7,12.7,12.85,12.7,33951,246148.45,428.08,832050,321300,9852.5
NIFTY,23-Aug-2017,31-Aug-2017,PE,9700,40.65,40.65,15.9,19.1,19.65,19.1,235223,1715985.83,4738.5,4205325,-466050,9852.5
NIFTY,23-Aug-2017,31-Aug-2017,PE,9750,47.65,52.15,22.95,27.05,28.1,27.05,32900,241497.18,915.93,570900,87375,9852.5
NIFTY,23-Aug-2017,31-Aug-2017,PE,9800,74.55,74.55,33.85,38.65,40.15,38.65,274146,2025696.93,10723.83,5709750,593100,9852.5
NIFTY,23-Aug-2017,31-Aug-2017,PE,9850,88,92.85,46.7,52.1,54,52.1,23996,178492.8,1222.35,619050,269775,9852.5
NIFTY,23-Aug-2017,31-Aug-2017,PE,9900,120.05,123.9,67.95,75.55,77.65,75.55,104367,782369.75,7444.78,3230400,688275,9852.5
NIFTY,23-Aug-2017,31-Aug-2017,PE,9950,146.85,157.3,97,106.1,108,106.1,1427,10782.98,133.99,119100,11100,9852.5
NIFTY,23-Aug-2017,31-Aug-2017,PE,10000,194.5,202.3,134.3,145.15,147.9,145.15,22782,173834.51,2969.51,2077050,-51525,9852.5
NIFTY,23-Aug-2017,31-Aug-2017,PE,10050,235,246,180,193.3,194,193.3,750,5764.56,111.44,169125,-25200,9852.5
NIFTY,23-Aug-2017,31-Aug-2017,PE,10100,280.35,296.5,222,233.55,235.35,233.55,2181,16954.05,432.98,1026375,-28275,9852.5
NIFTY,23-Aug-2017,31-Aug-2017,PE,10150,335.9,343.95,291,291,291,291,10,78.58,2.45,55875,-300,9852.5
NIFTY,23-Aug-2017,31-Aug-2017,PE,10200,378.6,396.45,322.05,333.1,336.1,333.1,848,6712.88,225.68,367575,-19050,9852.5
NIFTY,23-Aug-2017,31-Aug-2017,PE,10250,435,435,435,435,435,435,1,8.01,.33,600,0,9852.5
NIFTY,23-Aug-2017,31-Aug-2017,PE,10300,475.3,490,420.55,429.75,432.5,429.75,729,5882.96,251.43,284175,7575,9852.5
NIFTY,23-Aug-2017,31-Aug-2017,PE,10350,0,0,0,703.9,0,483.6,0,0,0,0,0,9852.5
NIFTY,23-Aug-2017,31-Aug-2017,PE,10400,574.6,593.3,526,528.25,530,528.25,193,1588.76,83.36,184275,-10125,9852.5
NIFTY,23-Aug-2017,31-Aug-2017,PE,10450,0,0,0,790.5,0,583.25,0,0,0,0,0,9852.5
NIFTY,23-Aug-2017,31-Aug-2017,PE,10500,676.3,691,620,629.3,631,629.3,403,3372.66,199.04,812625,-18450,9852.5
NIFTY,23-Aug-2017,31-Aug-2017,PE,10550,0,0,0,879.8,0,683.1,0,0,0,0,0,9852.5
NIFTY,23-Aug-2017,31-Aug-2017,PE,10600,770.2,790.3,720,720,720,720,188,1603.6,109,19800,-7575,9852.5
NIFTY,23-Aug-2017,31-Aug-2017,PE,10650,0,0,0,971.3,0,782.95,0,0,0,0,0,9852.5
NIFTY,24-Aug-2017,31-Aug-2017,PE,9200,0.95,1.2,0.85,1,1,1,5669,39120.32,4.22,1247250,-22350,9857.05
NIFTY,24-Aug-2017,31-Aug-2017,PE,9250,0,0,0,79.35,0,0,0,0,0,0,0,9857.05
NIFTY,24-Aug-2017,31-Aug-2017,PE,9300,1.2,1.4,1,1.2,1.2,1.2,9920,69200.69,8.69,1602600,-139200,9857.05
NIFTY,24-Aug-2017,31-Aug-2017,PE,9350,4.2,4.25,1.05,1.4,1.3,1.4,544,3815.35,.55,15750,6600,9857.05
NIFTY,24-Aug-2017,31-Aug-2017,PE,9400,2.15,2.15,1,1.45,1.2,1.45,31639,223088.84,33.89,2559750,-205200,9857.05
NIFTY,24-Aug-2017,31-Aug-2017,PE,9450,2.95,3,1.7,2,1.7,2,3798,26924.65,6.33,164700,63525,9857.05
NIFTY,24-Aug-2017,31-Aug-2017,PE,9500,4.7,4.7,2.6,3.25,2.9,3.25,57021,406419.18,144.56,5035200,353850,9857.05
NIFTY,24-Aug-2017,31-Aug-2017,PE,9550,5.6,5.85,3.2,3.7,3.4,3.7,7562,54187.05,24.23,212700,35250,9857.05
NIFTY,24-Aug-2017,31-Aug-2017,PE,9600,7.15,8.7,5.35,6.1,5.5,6.1,88301,636210.33,443.13,3515475,60675,9857.05
NIFTY,24-Aug-2017,31-Aug-2017,PE,9650,11.15,11.8,6.95,8.2,7.4,8.2,44849,324899.44,304.8,1068000,235950,9857.05
NIFTY,24-Aug-2017,31-Aug-2017,PE,9700,17,18.1,11.75,13.45,11.85,13.45,155992,1136589.27,1747.47,4481850,276525,9857.05
NIFTY,24-Aug-2017,31-Aug-2017,PE,9750,26,26,14.3,19.35,17.65,19.35,38323,280836.26,599.32,1019850,448950,9857.05
NIFTY,24-Aug-2017,31-Aug-2017,PE,9800,35.65,38.45,25.8,29.6,26.75,29.6,238944,1761980.28,5741.88,6131400,421650,9857.05
NIFTY,24-Aug-2017,31-Aug-2017,PE,9850,44.85,54,37.45,42.6,38,42.6,45959,341073.31,1551.2,1041600,422550,9857.05
NIFTY,24-Aug-2017,31-Aug-2017,PE,9900,68,79,56.25,62.55,57.5,62.55,132856,993138.19,6682.39,3441300,210900,9857.05
NIFTY,24-Aug-2017,31-Aug-2017,PE,9950,120.5,120.5,83.65,90,84.8,90,3747,28226.76,264.77,143325,24225,9857.05
NIFTY,24-Aug-2017,31-Aug-2017,PE,10000,138.85,152.6,120.2,131.3,122.6,131.3,26498,201424.73,2689.73,1948650,-128400,9857.05
NIFTY,24-Aug-2017,31-Aug-2017,PE,10050,186,193.25,162.5,168.95,162.5,168.95,337,2585.02,44.89,163575,-5550,9857.05
NIFTY,24-Aug-2017,31-Aug-2017,PE,10100,222,240.4,206.95,222.05,212.8,222.05,4411,34160.02,746.7,982575,-43800,9857.05
NIFTY,24-Aug-2017,31-Aug-2017,PE,10150,280.3,280.35,265,265,265,265,8,62.55,1.65,55650,-225,9857.05
NIFTY,24-Aug-2017,31-Aug-2017,PE,10200,328,341.95,309.75,321.2,315,321.2,606,4783.34,147.44,352575,-15000,9857.05
NIFTY,24-Aug-2017,31-Aug-2017,PE,10250,0,0,0,435,435,381.35,0,0,0,600,0,9857.05
NIFTY,24-Aug-2017,31-Aug-2017,PE,10300,425,439,405,415.8,413.25,415.8,1251,10066.08,402.1,227925,-56250,9857.05
NIFTY,24-Aug-2017,31-Aug-2017,PE,10350,0,0,0,703.9,0,480.7,0,0,0,0,0,9857.05
NIFTY,24-Aug-2017,31-Aug-2017,PE,10400,527.75,538.35,507.15,514.95,509.65,514.95,243,1991.58,96.18,174300,-9975,9857.05
NIFTY,24-Aug-2017,31-Aug-2017,PE,10450,0,0,0,790.5,0,580.5,0,0,0,0,0,9857.05
NIFTY,24-Aug-2017,31-Aug-2017,PE,10500,626.5,635.75,604.75,616.5,610,616.5,3125,26053.65,1444.27,653325,-159300,9857.05
NIFTY,24-Aug-2017,31-Aug-2017,PE,10550,0,0,0,879.8,0,680.35,0,0,0,0,0,9857.05
NIFTY,24-Aug-2017,31-Aug-2017,PE,10600,722.8,734.45,716.9,719.15,720.8,719.15,40,339.76,21.76,16800,-3000,9857.05
NIFTY,24-Aug-2017,31-Aug-2017,PE,10650,0,0,0,971.3,0,780.25,0,0,0,0,0,9857.05
NIFTY,28-Aug-2017,31-Aug-2017,PE,9200,0.7,0.7,0.45,0.6,0.55,0.6,5818,40146.7,2.5,1223700,-23550,9912.8
NIFTY,28-Aug-2017,31-Aug-2017,PE,9250,0,0,0,79.35,0,0,0,0,0,0,0,9912.8
NIFTY,28-Aug-2017,31-Aug-2017,PE,9300,0.75,0.75,0.55,0.65,0.65,0.65,11420,79659.98,5.48,1552275,-50325,9912.8
NIFTY,28-Aug-2017,31-Aug-2017,PE,9350,0.8,0.85,0.5,0.7,0.7,0.7,323,2265.21,.17,17775,2025,9912.8
NIFTY,28-Aug-2017,31-Aug-2017,PE,9400,0.9,0.95,0.65,0.8,0.8,0.8,25018,176390.73,13.83,2420850,-138900,9912.8
NIFTY,28-Aug-2017,31-Aug-2017,PE,9450,0.95,1.2,0.7,0.95,0.95,0.95,3164,22427.07,2.22,141225,-23475,9912.8
NIFTY,28-Aug-2017,31-Aug-2017,PE,9500,2.05,2.25,1,1.2,1.2,1.2,77637,553240.26,76.63,5173725,138525,9912.8
NIFTY,28-Aug-2017,31-Aug-2017,PE,9550,2.5,2.6,1.3,1.55,1.55,1.55,6684,47882.51,8.36,96675,-116025,9912.8
NIFTY,28-Aug-2017,31-Aug-2017,PE,9600,3.75,3.8,1.7,2.25,2.3,2.25,98255,707618.91,182.91,3467325,-48150,9912.8
NIFTY,28-Aug-2017,31-Aug-2017,PE,9650,3.55,5.3,2.4,3.05,3.15,3.05,34786,251855.16,91.49,395325,-672675,9912.8
NIFTY,28-Aug-2017,31-Aug-2017,PE,9700,7.4,8.7,3.7,5.25,5,5.25,184616,1343845.65,764.25,3786750,-695100,9912.8
NIFTY,28-Aug-2017,31-Aug-2017,PE,9750,12,16.75,5.55,7.9,7.6,7.9,70641,517006.24,443.92,896850,-123000,9912.8
NIFTY,28-Aug-2017,31-Aug-2017,PE,9800,21.75,21.75,9.35,12.9,12.15,12.9,296799,2184572.44,3099.79,6538125,406725,9912.8
NIFTY,28-Aug-2017,31-Aug-2017,PE,9850,38,38,14.6,20.25,19.6,20.25,103189,763984.7,1675.96,1535925,494325,9912.8
NIFTY,28-Aug-2017,31-Aug-2017,PE,9900,59,59,25.6,34.35,33.15,34.35,319051,2377647.14,8693.46,4715250,1273950,9912.8
NIFTY,28-Aug-2017,31-Aug-2017,PE,9950,70.9,78.9,45,57.35,55.3,57.35,25890,194333.36,1129.24,437400,294075,9912.8
NIFTY,28-Aug-2017,31-Aug-2017,PE,10000,117.85,118,75.8,92.55,90.75,92.55,70104,530766.67,4986.67,1816275,-132375,9912.8
NIFTY,28-Aug-2017,31-Aug-2017,PE,10050,135.25,158.3,116,133.95,132.25,133.95,528,4033.21,53.41,152175,-11400,9912.8
NIFTY,28-Aug-2017,31-Aug-2017,PE,10100,196,208.4,157.75,179.75,180.15,179.75,8289,63909.75,1120.58,789300,-193275,9912.8
NIFTY,28-Aug-2017,31-Aug-2017,PE,10150,252.25,255,227.5,235.1,237.65,235.1,28,218.13,4.98,54450,-1200,9912.8
NIFTY,28-Aug-2017,31-Aug-2017,PE,10200,295.7,310,256.35,279.35,280.15,279.35,1710,13442.37,360.87,323475,-29100,9912.8
NIFTY,28-Aug-2017,31-Aug-2017,PE,10250,0,0,0,435,435,332,0,0,0,600,0,9912.8
NIFTY,28-Aug-2017,31-Aug-2017,PE,10300,399.45,402,358,378.55,373.95,378.55,759,6080.84,217.57,196950,-30975,9912.8
NIFTY,28-Aug-2017,31-Aug-2017,PE,10350,0,0,0,703.9,0,431.95,0,0,0,0,0,9912.8
NIFTY,28-Aug-2017,31-Aug-2017,PE,10400,480,492.5,458,482.1,478.8,482.1,260,2122.06,94.06,165900,-8400,9912.8
NIFTY,28-Aug-2017,31-Aug-2017,PE,10450,0,0,0,790.5,0,531.9,0,0,0,0,0,9912.8
NIFTY,28-Aug-2017,31-Aug-2017,PE,10500,597.5,603.65,556.6,580.25,577.35,580.25,3523,29279.22,1535.6,515550,-137775,9912.8
NIFTY,28-Aug-2017,31-Aug-2017,PE,10550,0,0,0,879.8,0,631.85,0,0,0,0,0,9912.8
NIFTY,28-Aug-2017,31-Aug-2017,PE,10600,699.3,702.8,681.25,681.85,682.1,681.85,19,160.83,9.78,16200,-600,9912.8
NIFTY,28-Aug-2017,31-Aug-2017,PE,10650,0,0,0,971.3,0,731.8,0,0,0,0,0,9912.8
NIFTY,29-Aug-2017,31-Aug-2017,PE,9200,0.85,0.9,0.45,0.75,0.9,0.75,5037,34757.79,2.49,1214325,-9375,9796.05
NIFTY,29-Aug-2017,31-Aug-2017,PE,9250,0,0,0,79.35,0,0,0,0,0,0,0,9796.05
NIFTY,29-Aug-2017,31-Aug-2017,PE,9300,0.9,1.15,0.6,0.95,1.1,0.95,13782,96138.51,9.06,1575675,23400,9796.05
NIFTY,29-Aug-2017,31-Aug-2017,PE,9350,0.85,1.3,0.6,1,1,1,148,1037.96,.11,22500,4725,9796.05
NIFTY,29-Aug-2017,31-Aug-2017,PE,9400,1.05,1.65,0.85,1.35,1.6,1.35,27404,193223.12,24.92,2395800,-25050,9796.05
NIFTY,29-Aug-2017,31-Aug-2017,PE,9450,1.15,2.2,1,1.7,2,1.7,4075,28886.55,4.98,154050,12825,9796.05
NIFTY,29-Aug-2017,31-Aug-2017,PE,9500,1,3.5,0.9,2.75,3.5,2.75,84958,605481.96,156.21,4893900,-279825,9796.05
NIFTY,29-Aug-2017,31-Aug-2017,PE,9550,2.5,5.15,2.1,4.3,5,4.3,11276,80795.09,30.74,152925,56250,9796.05
NIFTY,29-Aug-2017,31-Aug-2017,PE,9600,2.7,7.95,1.8,6.8,7.6,6.8,158583,1142467.06,669.46,2974275,-493050,9796.05
NIFTY,29-Aug-2017,31-Aug-2017,PE,9650,4,12.4,2.5,10.45,11.5,10.45,47779,346120.59,320.08,650325,255000,9796.05
NIFTY,29-Aug-2017,31-Aug-2017,PE,9700,7.5,20.5,5.6,17.25,18.45,17.25,377392,2749574.23,4047.43,3885675,98925,9796.05
NIFTY,29-Aug-2017,31-Aug-2017,PE,9750,11,33.05,10,27.65,29.4,27.65,150470,1102841.64,2529.77,1225425,328575,9796.05
NIFTY,29-Aug-2017,31-Aug-2017,PE,9800,19,53,16.05,44.35,47.55,44.35,649105,4787886.75,16965,5535600,-1002525,9796.05
NIFTY,29-Aug-2017,31-Aug-2017,PE,9850,21.15,82.05,21.15,70,73.1,70,146938,1091006.92,5502.44,887625,-648300,9796.05
NIFTY,29-Aug-2017,31-Aug-2017,PE,9900,44.7,120,44.65,105.4,111,105.4,329358,2464789.73,19306.58,2355975,-2359275,9796.05
NIFTY,29-Aug-2017,31-Aug-2017,PE,9950,77.75,161.15,77.05,151.25,156.5,151.25,15464,116690.08,1289.98,111525,-325875,9796.05
NIFTY,29-Aug-2017,31-Aug-2017,PE,10000,121.3,213.05,118.15,197.15,203,197.15,49088,373989.02,5829.02,1041225,-775050,9796.05
NIFTY,29-Aug-2017,31-Aug-2017,PE,10050,173.75,257.65,167.7,242.65,243.35,242.65,487,3745.27,74.51,151500,-675,9796.05
NIFTY,29-Aug-2017,31-Aug-2017,PE,10100,217.95,308.85,212.8,294.85,299.6,294.85,5967,46369.97,1169.95,629775,-159525,9796.05
NIFTY,29-Aug-2017,31-Aug-2017,PE,10150,290,355.8,285,350.75,352.55,350.75,141,1105.63,32.27,47025,-7425,9796.05
NIFTY,29-Aug-2017,31-Aug-2017,PE,10200,313.95,412,313.75,398.5,398.7,398.5,1375,10888.2,369.45,283725,-39750,9796.05
NIFTY,29-Aug-2017,31-Aug-2017,PE,10250,400,459,400,459,459,459,6,48.07,1.95,525,-75,9796.05
NIFTY,29-Aug-2017,31-Aug-2017,PE,10300,420.45,507,420.4,486.2,497.95,486.2,1606,12981.11,574.76,124950,-72000,9796.05
NIFTY,29-Aug-2017,31-Aug-2017,PE,10350,0,0,0,703.9,0,550.45,0,0,0,0,0,9796.05
NIFTY,29-Aug-2017,31-Aug-2017,PE,10400,518.55,608.55,518.55,591.1,598.4,591.1,1042,8576.62,449.02,93750,-72150,9796.05
NIFTY,29-Aug-2017,31-Aug-2017,PE,10450,0,0,0,790.5,0,650.4,0,0,0,0,0,9796.05
NIFTY,29-Aug-2017,31-Aug-2017,PE,10500,623,705,620,696,698.05,696,3047,25498.93,1503.8,374250,-141300,9796.05
NIFTY,29-Aug-2017,31-Aug-2017,PE,10550,0,0,0,879.8,0,750.4,0,0,0,0,0,9796.05
NIFTY,29-Aug-2017,31-Aug-2017,PE,10600,728.75,784,728.7,784,784,784,11,93.71,6.26,15525,-675,9796.05
NIFTY,29-Aug-2017,31-Aug-2017,PE,10650,0,0,0,971.3,0,850.35,0,0,0,0,0,9796.05
NIFTY,30-Aug-2017,31-Aug-2017,PE,9200,0.45,0.45,0.2,0.3,0.3,0.3,3331,22984.63,.73,1174650,-39675,9884.4
NIFTY,30-Aug-2017,31-Aug-2017,PE,9250,0,0,0,79.35,0,0,0,0,0,0,0,9884.4
NIFTY,30-Aug-2017,31-Aug-2017,PE,9300,0.55,0.55,0.25,0.35,0.4,0.35,9867,68824.83,2.51,1464675,-111000,9884.4
NIFTY,30-Aug-2017,31-Aug-2017,PE,9350,0.65,0.65,0.1,0.25,0.45,0.25,216,1514.75,.05,23025,525,9884.4
NIFTY,30-Aug-2017,31-Aug-2017,PE,9400,0.95,0.95,0.2,0.35,0.4,0.35,21127,148951.5,6.15,2083275,-312525,9884.4
NIFTY,30-Aug-2017,31-Aug-2017,PE,9450,0.75,1.2,0.3,0.65,0.55,0.65,6064,42980.82,2.22,177525,23475,9884.4
NIFTY,30-Aug-2017,31-Aug-2017,PE,9500,1.4,1.4,0.4,0.65,0.6,0.65,63487,452375.27,30.39,4748025,-145875,9884.4
NIFTY,30-Aug-2017,31-Aug-2017,PE,9550,2.05,2.4,0.45,0.8,0.8,0.8,8576,61430.65,5.05,171825,18900,9884.4
NIFTY,30-Aug-2017,31-Aug-2017,PE,9600,3,3.4,0.7,1.05,1,1.05,78266,563577.89,62.69,2660325,-313950,9884.4
NIFTY,30-Aug-2017,31-Aug-2017,PE,9650,3.9,4,0.95,1.45,1.4,1.45,30935,223927.35,35.28,361275,-289050,9884.4
NIFTY,30-Aug-2017,31-Aug-2017,PE,9700,13.7,13.7,1.8,2.4,2.3,2.4,203115,1478042.55,380.93,3496875,-388800,9884.4
NIFTY,30-Aug-2017,31-Aug-2017,PE,9750,7.55,13.5,3,4,3.6,4,135579,991860.09,438.65,993000,-232425,9884.4
NIFTY,30-Aug-2017,31-Aug-2017,PE,9800,29.95,29.95,5.25,8,7.15,8,544560,4005794.72,3278.72,5830125,294525,9884.4
NIFTY,30-Aug-2017,31-Aug-2017,PE,9850,45,45,10,16.5,15.55,16.5,308573,2283237.12,3654.08,2213400,1325775,9884.4
NIFTY,30-Aug-2017,31-Aug-2017,PE,9900,70,70,21.25,35.2,35.5,35.2,479416,3571698.81,12035.01,3975825,1619850,9884.4
NIFTY,30-Aug-2017,31-Aug-2017,PE,9950,103.1,103.1,45.2,69.8,70,69.8,26554,199421.37,1262.14,180750,69225,9884.4
NIFTY,30-Aug-2017,31-Aug-2017,PE,10000,151.85,153,83.75,116.15,111.75,116.15,50154,380257.07,4102.07,792675,-248550,9884.4
NIFTY,30-Aug-2017,31-Aug-2017,PE,10050,189.9,192.05,128.45,160.35,163,160.35,3142,24047.78,364.95,56475,-95025,9884.4
NIFTY,30-Aug-2017,31-Aug-2017,PE,10100,244.85,244.85,177.15,213,214.7,213,9581,74038.32,1462.24,348900,-280875,9884.4
NIFTY,30-Aug-2017,31-Aug-2017,PE,10150,278.95,279.5,229.9,262.7,262.7,262.7,132,1030.47,25.62,39975,-7050,9884.4
NIFTY,30-Aug-2017,31-Aug-2017,PE,10200,350.05,350.05,280.45,316.85,317.4,316.85,2942,23186.85,680.55,229725,-54000,9884.4
NIFTY,30-Aug-2017,31-Aug-2017,PE,10250,327.35,327.35,327.35,327.35,327.35,327.35,1,7.93,.25,450,-75,9884.4
NIFTY,30-Aug-2017,31-Aug-2017,PE,10300,436.25,436.25,378.7,410.75,408.6,410.75,783,6284.03,235.36,89175,-35775,9884.4
NIFTY,30-Aug-2017,31-Aug-2017,PE,10350,0,0,0,703.9,0,463.85,0,0,0,0,0,9884.4
NIFTY,30-Aug-2017,31-Aug-2017,PE,10400,540,540,480.45,511.85,510,511.85,444,3629.93,166.73,69375,-24375,9884.4
NIFTY,30-Aug-2017,31-Aug-2017,PE,10450,0,0,0,790.5,0,563.85,0,0,0,0,0,9884.4
NIFTY,30-Aug-2017,31-Aug-2017,PE,10500,638.75,638.75,576.3,612.6,613.8,612.6,3070,25559.62,1383.37,209925,-164325,9884.4
NIFTY,30-Aug-2017,31-Aug-2017,PE,10550,0,0,0,879.8,0,663.85,0,0,0,0,0,9884.4
NIFTY,30-Aug-2017,31-Aug-2017,PE,10600,709.4,717,675.6,706.95,707,706.95,36,305.22,19.02,13650,-1875,9884.4
NIFTY,30-Aug-2017,31-Aug-2017,PE,10650,0,0,0,971.3,0,763.8,0,0,0,0,0,9884.4
NIFTY,31-Aug-2017,31-Aug-2017,PE,9200,0.05,0.1,0.05,0.05,0.05,0,8059,55607.45,.35,1175025,375,9917.9
NIFTY,31-Aug-2017,31-Aug-2017,PE,9250,0,0,0,79.35,0,0,0,0,0,0,0,9917.9
NIFTY,31-Aug-2017,31-Aug-2017,PE,9300,0.05,0.1,0.05,0.05,0.05,0,10098,70433.95,.4,1494000,29325,9917.9
NIFTY,31-Aug-2017,31-Aug-2017,PE,9350,0.05,0.05,0.05,0.05,0.05,0,181,1269.27,.01,25200,2175,9917.9
NIFTY,31-Aug-2017,31-Aug-2017,PE,9400,0.05,0.1,0.05,0.05,0.05,0,2246,15834.39,.09,2028525,-54750,9917.9
NIFTY,31-Aug-2017,31-Aug-2017,PE,9450,0.15,0.2,0.05,0.05,0.05,0,1290,9142.96,.08,167400,-10125,9917.9
NIFTY,31-Aug-2017,31-Aug-2017,PE,9500,0.1,0.1,0.05,0.05,0.05,0,45581,324766.56,1.94,4634175,-113850,9917.9
NIFTY,31-Aug-2017,31-Aug-2017,PE,9550,0.1,0.15,0.05,0.05,0.05,0,2292,16416.57,.12,102675,-69150,9917.9
NIFTY,31-Aug-2017,31-Aug-2017,PE,9600,0.4,0.4,0.05,0.05,0.05,0,28122,202480.01,1.61,2563500,-96825,9917.9
NIFTY,31-Aug-2017,31-Aug-2017,PE,9650,0.3,0.45,0.05,0.05,0.05,0,33911,245433.44,2.58,461325,100050,9917.9
NIFTY,31-Aug-2017,31-Aug-2017,PE,9700,0.65,0.95,0.05,0.1,0.05,0,178604,1299379.86,35.76,3890100,393225,9917.9
NIFTY,31-Aug-2017,31-Aug-2017,PE,9750,1.7,2.25,0.05,0.05,0.05,0,227020,1660190.1,106.35,2109825,1116825,9917.9
NIFTY,31-Aug-2017,31-Aug-2017,PE,9800,4.9,6.8,0.05,0.1,0.05,0,757235,5566952.99,1275.74,5826900,-3225,9917.9
NIFTY,31-Aug-2017,31-Aug-2017,PE,9850,7.25,18.6,0.05,0.2,0.05,0,618009,4569041.4,3499.91,3235500,1022100,9917.9
NIFTY,31-Aug-2017,31-Aug-2017,PE,9900,32.6,46.65,0.05,1.5,0.05,0,683318,5084369.29,10733.14,3131025,-844800,9917.9
NIFTY,31-Aug-2017,31-Aug-2017,PE,9950,66.75,91,19.55,30.65,24,0,39132,293547.33,1524.78,32250,-148500,9917.9
NIFTY,31-Aug-2017,31-Aug-2017,PE,10000,114.65,140,66.7,78.95,69.1,0,44785,339455.07,3567.57,184200,-608475,9917.9
NIFTY,31-Aug-2017,31-Aug-2017,PE,10050,169.9,188.2,113.05,121,120.15,0,1273,9732.52,137.28,11700,-44775,9917.9
NIFTY,31-Aug-2017,31-Aug-2017,PE,10100,214.55,241.3,177.8,181.55,178.8,0,8919,68971.78,1410.36,94350,-254550,9917.9
NIFTY,31-Aug-2017,31-Aug-2017,PE,10150,265.9,283.9,221.6,227.3,225.8,0,514,4017.59,104.77,2925,-37050,9917.9
NIFTY,31-Aug-2017,31-Aug-2017,PE,10200,321.65,343.45,276.95,280.25,279,0,6209,48915.41,1416.56,57225,-172500,9917.9
NIFTY,31-Aug-2017,31-Aug-2017,PE,10250,335.45,335.45,320,327.75,320,0,2,15.87,.49,375,-75,9917.9
NIFTY,31-Aug-2017,31-Aug-2017,PE,10300,420.65,436.15,374.35,381.95,374.35,0,1330,10687.05,412.8,2175,-87000,9917.9
NIFTY,31-Aug-2017,31-Aug-2017,PE,10350,0,0,0,703.9,0,0,0,0,0,0,0,9917.9
NIFTY,31-Aug-2017,31-Aug-2017,PE,10400,518.1,538.6,476,481.7,476,0,1108,9075.01,432.61,1650,-67725,9917.9
NIFTY,31-Aug-2017,31-Aug-2017,PE,10450,0,0,0,790.5,0,0,0,0,0,0,0,9917.9
NIFTY,31-Aug-2017,31-Aug-2017,PE,10500,618.35,639.8,575,579.05,578,0,3127,26061.45,1436.32,13425,-196500,9917.9
NIFTY,31-Aug-2017,31-Aug-2017,PE,10550,0,0,0,879.8,0,0,0,0,0,0,0,9917.9
NIFTY,31-Aug-2017,31-Aug-2017,PE,10600,720,737,685,685,685,0,183,1553.38,98.53,375,-13275,9917.9
NIFTY,31-Aug-2017,31-Aug-2017,PE,10650,0,0,0,971.3,0,0,0,0,0,0,0,9917.9
