NIFTY,27-Jul-2017,31-Aug-2017,CE,10100,129.75,150,97.55,104.95,106.5,104.95,72222,553969.98,6888.33,2648625,634425,10020.55
NIFTY,27-Jul-2017,31-Aug-2017,CE,10150,100,121.5,75.95,82.2,85.35,82.2,2707,20809.61,202.57,85125,72600,10020.55
NIFTY,27-Jul-2017,31-Aug-2017,CE,10200,75,96,57.85,63.1,64.05,63.1,78145,602526.76,4717.51,2531550,1040175,10020.55
NIFTY,27-Jul-2017,31-Aug-2017,CE,10250,59,75,42.35,46.6,48,46.6,2136,16512.82,92.32,67275,49500,10020.55
NIFTY,27-Jul-2017,31-Aug-2017,CE,10300,37.75,56.85,31.5,34.55,35.75,34.55,82420,639565.3,2870.8,2306550,1234275,10020.55
NIFTY,27-Jul-2017,31-Aug-2017,CE,10350,35.6,44.95,22,24.8,25.6,24.8,332,2585.07,7.92,11100,10725,10020.55
NIFTY,27-Jul-2017,31-Aug-2017,CE,10400,19.1,32,15.8,17.7,18,17.7,67640,528841.37,1249.37,1538775,845925,10020.55
NIFTY,27-Jul-2017,31-Aug-2017,CE,10450,26,27.3,12,15.8,15.1,15.8,100,785.21,1.46,4575,4350,10020.55
NIFTY,27-Jul-2017,31-Aug-2017,CE,10500,10.6,17.1,6.8,8.65,8.65,8.65,65815,518886.25,593.12,1855275,772875,10020.55
NIFTY,27-Jul-2017,31-Aug-2017,CE,10550,6.05,6.05,6.05,6.05,6.05,6.05,1,7.92,0,75,75,10020.55
NIFTY,27-Jul-2017,31-Aug-2017,CE,10600,4.6,9.35,3.6,4.7,4.85,4.7,17456,138856.82,81.62,503025,171675,10020.55
NIFTY,27-Jul-2017,31-Aug-2017,CE,10650,0,0,0,17,0,3.2,0,0,0,0,0,10020.55
NIFTY,27-Jul-2017,31-Aug-2017,CE,9200,901.95,941.6,850,862.05,860,862.05,491,3720.97,333.07,153075,12375,10020.55
NIFTY,27-Jul-2017,31-Aug-2017,CE,9250,0,0,0,500.6,0,827.35,0,0,0,0,0,10020.55
NIFTY,27-Jul-2017,31-Aug-2017,CE,9300,790,843,745.75,755.6,759.9,755.6,1261,9564.93,769.45,169050,38475,10020.55
NIFTY,27-Jul-2017,31-Aug-2017,CE,9350,700,777,699.95,777,777,777,4,30.21,2.16,225,225,10020.55
NIFTY,27-Jul-2017,31-Aug-2017,CE,9400,696,748.4,652,665.4,667.7,665.4,2057,15596.58,1094.73,253650,-12375,10020.55
NIFTY,27-Jul-2017,31-Aug-2017,CE,9450,505.9,613,505.2,541.4,613,541.4,3,22.48,1.22,150,150,10020.55
NIFTY,27-Jul-2017,31-Aug-2017,CE,9500,598,652,556,569.85,574.25,569.85,9229,70046.94,4290.31,899325,342450,10020.55
NIFTY,27-Jul-2017,31-Aug-2017,CE,9550,603.8,603.8,513.9,513.9,513.9,513.9,2,15.16,.84,150,150,10020.55
NIFTY,27-Jul-2017,31-Aug-2017,CE,9600,509.7,558,466.05,480.15,484.85,480.15,3867,29364.81,1522.41,495600,63825,10020.55
NIFTY,27-Jul-2017,31-Aug-2017,CE,9650,491.85,500,430.1,430.55,431,430.55,60,455.64,21.39,3975,1800,10020.55
NIFTY,27-Jul-2017,31-Aug-2017,CE,9700,416.25,468.5,379.35,389.95,395.7,389.95,8540,64947.62,2819.12,1001100,214350,10020.55
NIFTY,27-Jul-2017,31-Aug-2017,CE,9750,367.35,412.5,339.2,341.95,345,341.95,64,484.75,16.75,5325,4200,10020.55
NIFTY,27-Jul-2017,31-Aug-2017,CE,9800,335.4,380,297.25,309.85,311.1,309.85,11710,89145.37,3076.87,1293900,258525,10020.55
NIFTY,27-Jul-2017,31-Aug-2017,CE,9850,291.5,330,252.6,261,259.4,261,457,3480.08,103.99,62025,24750,10020.55
NIFTY,27-Jul-2017,31-Aug-2017,CE,9900,255.25,294.45,219,231,231.9,231,19771,150766.77,3967.09,1419750,125325,10020.55
NIFTY,27-Jul-2017,31-Aug-2017,CE,9950,215.75,252,182.5,190.35,194.05,190.35,1161,8863.65,199.69,82050,44775,10020.55
NIFTY,27-Jul-2017,31-Aug-2017,CE,10000,182.7,218,152.45,162.1,165.1,162.1,57098,436467.39,8232.39,3012675,474450,10020.55
NIFTY,27-Jul-2017,31-Aug-2017,CE,10050,155,181.55,123.7,132.1,133,132.1,3594,27512.03,422.26,100650,29850,10020.55
NIFTY,28-Jul-2017,31-Aug-2017,CE,10150,65,75.35,56.6,72.2,75.35,72.2,6641,50882.07,327.46,128025,42900,10014.5
NIFTY,28-Jul-2017,31-Aug-2017,CE,10200,58.95,58.95,41.4,54.85,56,54.85,128342,986594.92,4778.62,3035250,503700,10014.5
NIFTY,28-Jul-2017,31-Aug-2017,CE,10250,31.1,43,31.1,40.9,41.8,40.9,4433,34200.06,121.37,81450,14175,10014.5
NIFTY,28-Jul-2017,31-Aug-2017,CE,10300,28.55,31,21.75,29.45,30.3,29.45,104567,809848.33,2068.26,2673375,366825,10014.5
NIFTY,28-Jul-2017,31-Aug-2017,CE,10350,20.15,25,13.05,20.55,21.2,20.55,2988,23236.05,41.7,71925,60825,10014.5
NIFTY,28-Jul-2017,31-Aug-2017,CE,10400,18,18,10.1,14.45,15.2,14.45,88729,692948.29,862.09,2603175,1064400,10014.5
NIFTY,28-Jul-2017,31-Aug-2017,CE,10450,10,14,4.3,9.1,8.6,9.1,435,3412.47,3.16,13425,8850,10014.5
NIFTY,28-Jul-2017,31-Aug-2017,CE,10500,7.4,9.95,4.5,6.7,7.3,6.7,82071,646676,366.87,3171525,1316250,10014.5
NIFTY,28-Jul-2017,31-Aug-2017,CE,10550,6.2,6.2,6.05,6.05,6.05,6.05,12,95,.05,975,900,10014.5
NIFTY,28-Jul-2017,31-Aug-2017,CE,10600,5.7,5.7,2.8,3.65,3.9,3.65,26000,206765.13,65.13,857400,354375,10014.5
NIFTY,28-Jul-2017,31-Aug-2017,CE,10650,0,0,0,17,0,2.25,0,0,0,0,0,10014.5
NIFTY,28-Jul-2017,31-Aug-2017,CE,9200,800,846,797.1,839.25,836.55,839.25,82,616.71,50.91,152175,-900,10014.5
NIFTY,28-Jul-2017,31-Aug-2017,CE,9250,0,0,0,500.6,0,819.65,0,0,0,0,0,10014.5
NIFTY,28-Jul-2017,31-Aug-2017,CE,9300,700,746.9,697,743.95,732.7,743.95,85,638.43,45.55,170550,1500,10014.5
NIFTY,28-Jul-2017,31-Aug-2017,CE,9350,0,0,0,777,777,720.45,0,0,0,225,0,10014.5
NIFTY,28-Jul-2017,31-Aug-2017,CE,9400,604.45,652.85,600,649.2,650,649.2,198,1488.4,92.5,249750,-3900,10014.5
NIFTY,28-Jul-2017,31-Aug-2017,CE,9450,0,0,0,541.4,613,621.65,0,0,0,150,0,10014.5
NIFTY,28-Jul-2017,31-Aug-2017,CE,9500,516.6,558.75,506,550.3,545,550.3,1207,9078.55,478.68,914775,15450,10014.5
NIFTY,28-Jul-2017,31-Aug-2017,CE,9550,0,0,0,513.9,513.9,524,0,0,0,150,0,10014.5
NIFTY,28-Jul-2017,31-Aug-2017,CE,9600,423.3,466.35,417.45,456.55,455,456.55,799,6012.55,259.75,500475,4875,10014.5
NIFTY,28-Jul-2017,31-Aug-2017,CE,9650,390,419.35,377,400,400,400,20,150.6,5.85,2775,-1200,10014.5
NIFTY,28-Jul-2017,31-Aug-2017,CE,9700,338.5,379,329.05,372.85,373,372.85,3999,30156.28,1063.55,925125,-75975,10014.5
NIFTY,28-Jul-2017,31-Aug-2017,CE,9750,291.95,334.6,290,331.9,334.5,331.9,63,475.07,14.39,5475,150,10014.5
NIFTY,28-Jul-2017,31-Aug-2017,CE,9800,263.35,296,251.95,289.45,288.95,289.45,6117,46207.37,1247.42,1272450,-21450,10014.5
NIFTY,28-Jul-2017,31-Aug-2017,CE,9850,229.05,252.3,213.95,247.7,243.35,247.7,681,5149.41,118.53,61575,-450,10014.5
NIFTY,28-Jul-2017,31-Aug-2017,CE,9900,184.2,217.95,171.1,211.55,209.85,211.55,27347,207123.75,4072.27,1610550,190800,10014.5
NIFTY,28-Jul-2017,31-Aug-2017,CE,9950,158.2,183,147.05,176.8,178,176.8,2988,22666.03,368.08,101700,19650,10014.5
NIFTY,28-Jul-2017,31-Aug-2017,CE,10000,124.05,151.45,114.65,146.3,146,146.3,115220,875869.88,11719.88,2809875,-202800,10014.5
NIFTY,28-Jul-2017,31-Aug-2017,CE,10050,100,122.75,89.5,118.35,118.4,118.35,9216,70225.21,759.61,156825,56175,10014.5
NIFTY,28-Jul-2017,31-Aug-2017,CE,10100,91.4,97,71.45,92.9,93.45,92.9,134434,1026921.86,8584.31,3040800,392175,10014.5
NIFTY,31-Jul-2017,31-Aug-2017,CE,10150,69,100,58.6,96.3,98,96.3,6886,52869.58,449.91,155850,27825,10077.1
NIFTY,31-Jul-2017,31-Aug-2017,CE,10200,53.05,78,50.2,74.85,75.7,74.85,80683,621228,4003.05,2744475,-290775,10077.1
NIFTY,31-Jul-2017,31-Aug-2017,CE,10250,42.8,58.65,42.6,55.5,56.35,55.5,4114,31778.58,152.21,99300,17850,10077.1
NIFTY,31-Jul-2017,31-Aug-2017,CE,10300,35.4,43.65,28,41.7,41.95,41.7,67161,520630.5,1811.78,2685975,12600,10077.1
NIFTY,31-Jul-2017,31-Aug-2017,CE,10350,21.2,31,20.45,29.55,30.1,29.55,1885,14668.84,36.53,92400,20475,10077.1
NIFTY,31-Jul-2017,31-Aug-2017,CE,10400,15.1,21.9,12.35,20.75,21.45,20.75,45763,357563.19,611.79,2760075,156900,10077.1
NIFTY,31-Jul-2017,31-Aug-2017,CE,10450,14.95,15.85,8.25,14.5,13.65,14.5,634,4974.87,5.9,24750,11325,10077.1
NIFTY,31-Jul-2017,31-Aug-2017,CE,10500,7.85,10.15,6.25,9.6,9.95,9.6,38617,304348.77,239.89,3310500,138975,10077.1
NIFTY,31-Jul-2017,31-Aug-2017,CE,10550,6.9,7.6,6.5,7.4,7.3,7.4,42,332.55,.22,2025,1050,10077.1
NIFTY,31-Jul-2017,31-Aug-2017,CE,10600,3.95,4.85,3.7,4.7,4.8,4.7,11484,91333.96,36.16,915000,57600,10077.1
NIFTY,31-Jul-2017,31-Aug-2017,CE,10650,0,0,0,17,0,3.4,0,0,0,0,0,10077.1
NIFTY,31-Jul-2017,31-Aug-2017,CE,9200,856.1,906.3,855.1,905.9,906,905.9,263,1987.86,173.16,144525,-7650,10077.1
NIFTY,31-Jul-2017,31-Aug-2017,CE,9250,0,0,0,500.6,0,877.35,0,0,0,0,0,10077.1
NIFTY,31-Jul-2017,31-Aug-2017,CE,9300,746.8,803.15,745.25,793.5,800.7,793.5,48,362.67,27.87,169800,-750,10077.1
NIFTY,31-Jul-2017,31-Aug-2017,CE,9350,0,0,0,777,777,778,0,0,0,225,0,10077.1
NIFTY,31-Jul-2017,31-Aug-2017,CE,9400,650,712,650,703.2,712,703.2,121,913.99,60.94,244950,-4800,10077.1
NIFTY,31-Jul-2017,31-Aug-2017,CE,9450,0,0,0,541.4,613,678.8,0,0,0,150,0,10077.1
NIFTY,31-Jul-2017,31-Aug-2017,CE,9500,558.2,615.95,558.2,607.6,612.15,607.6,1688,12762.24,735.24,994350,79575,10077.1
NIFTY,31-Jul-2017,31-Aug-2017,CE,9550,0,0,0,513.9,513.9,580.25,0,0,0,150,0,10077.1
NIFTY,31-Jul-2017,31-Aug-2017,CE,9600,471,522.7,471,515.4,515.25,515.4,463,3504.78,171.18,482325,-18150,10077.1
NIFTY,31-Jul-2017,31-Aug-2017,CE,9650,0,0,0,400,400,483.1,0,0,0,2775,0,10077.1
NIFTY,31-Jul-2017,31-Aug-2017,CE,9700,382.3,434.3,379.55,426.6,425.75,426.6,999,7574.23,306.5,924825,-300,10077.1
NIFTY,31-Jul-2017,31-Aug-2017,CE,9750,354.45,392.45,354.45,386.65,392.45,386.65,7,53.13,1.94,5775,300,10077.1
NIFTY,31-Jul-2017,31-Aug-2017,CE,9800,295.4,349,291.35,341.55,338.6,341.55,3719,28225.46,890.81,1231950,-40500,10077.1
NIFTY,31-Jul-2017,31-Aug-2017,CE,9850,265.5,302.65,259,298.2,294.05,298.2,175,1328.92,36.11,61125,-450,10077.1
NIFTY,31-Jul-2017,31-Aug-2017,CE,9900,216.9,266.45,214.8,258.6,259.05,258.6,11237,85429.95,1995.23,1587750,-22800,10077.1
NIFTY,31-Jul-2017,31-Aug-2017,CE,9950,179.15,226.55,178,221.9,222.35,221.9,1469,11185.02,222.61,88425,-13275,10077.1
NIFTY,31-Jul-2017,31-Aug-2017,CE,10000,156.3,193,148.1,185.2,188.25,185.2,48566,370385.15,6140.15,2761275,-48600,10077.1
NIFTY,31-Jul-2017,31-Aug-2017,CE,10050,129.7,157.4,117,151.5,154.55,151.5,6826,52155.51,704.53,130275,-26550,10077.1
NIFTY,31-Jul-2017,31-Aug-2017,CE,10100,102,127.95,92,122.65,124.2,122.65,85500,654736.23,7073.73,2927175,-113625,10077.1
NIFTY,01-Aug-2017,31-Aug-2017,CE,10450,16,18.5,15.55,17.6,18,17.6,1874,14711.36,23.88,60300,35550,10114.65
NIFTY,01-Aug-2017,31-Aug-2017,CE,10500,11,12.85,10.05,11.85,12.5,11.85,63835,503248.94,548.32,3449775,139275,10114.65
NIFTY,01-Aug-2017,31-Aug-2017,CE,10550,10.5,10.5,7.15,8.4,7.15,8.4,475,3761.39,2.95,26700,24675,10114.65
NIFTY,01-Aug-2017,31-Aug-2017,CE,10600,6,6.9,5,5.6,5.9,5.6,16264,129364.34,65.54,866250,-48750,10114.65
NIFTY,01-Aug-2017,31-Aug-2017,CE,10650,0,0,0,17,0,4.05,0,0,0,0,0,10114.65
NIFTY,01-Aug-2017,31-Aug-2017,CE,10100,125.15,148,125.1,140.45,148,140.45,71151,546199.41,7230.58,2965800,38625,10114.65
NIFTY,01-Aug-2017,31-Aug-2017,CE,10150,134.9,134.9,100,111.75,116.15,111.75,10040,77243.43,813.93,207750,51900,10114.65
NIFTY,01-Aug-2017,31-Aug-2017,CE,10200,80,91.5,76.7,86.95,91,86.95,112976,871360.94,7094.54,2693700,-50775,10114.65
NIFTY,01-Aug-2017,31-Aug-2017,CE,10250,65,70,58.7,67.05,68.95,67.05,6991,54078.88,335.57,121725,22425,10114.65
NIFTY,01-Aug-2017,31-Aug-2017,CE,10300,41.65,52.5,41.65,49.65,51.85,49.65,89341,693358.27,3199.04,2302800,-383175,10114.65
NIFTY,01-Aug-2017,31-Aug-2017,CE,10350,31.15,50.5,31.15,36.95,38.15,36.95,11411,88877.25,299.36,541200,448800,10114.65
NIFTY,01-Aug-2017,31-Aug-2017,CE,10400,21.5,27,21.5,25.35,26.65,25.35,64294,502671.74,1178.54,3028425,268350,10114.65
NIFTY,01-Aug-2017,31-Aug-2017,CE,9750,390,430,387.5,413.45,430,413.45,9,68.49,2.68,5550,-225,10114.65
NIFTY,01-Aug-2017,31-Aug-2017,CE,9800,351.7,379.4,344.8,367.1,379.4,367.1,1600,12190.64,430.64,1216875,-15075,10114.65
NIFTY,01-Aug-2017,31-Aug-2017,CE,9850,310.95,334.8,303.3,332.6,334.8,332.6,21,160.09,4.95,61200,75,10114.65
NIFTY,01-Aug-2017,31-Aug-2017,CE,9900,267.4,294.6,262.75,283.9,293.4,283.9,4401,33584,906.58,1575900,-11850,10114.65
NIFTY,01-Aug-2017,31-Aug-2017,CE,9950,237.35,257.6,225.05,251.35,254.05,251.35,283,2162.94,51.06,85725,-2700,10114.65
NIFTY,01-Aug-2017,31-Aug-2017,CE,10000,195.8,220,191.1,209.5,216.7,209.5,25664,196367.54,3887.54,2690100,-71175,10114.65
NIFTY,01-Aug-2017,31-Aug-2017,CE,10050,162,180.85,157.45,173.5,179.45,173.5,3499,26812.83,439.12,93525,-36750,10114.65
NIFTY,01-Aug-2017,31-Aug-2017,CE,9400,722.1,748.25,711.3,741.9,748.25,741.9,65,493.68,35.43,242775,-2175,10114.65
NIFTY,01-Aug-2017,31-Aug-2017,CE,9450,0,0,0,541.4,613,714.3,0,0,0,150,0,10114.65
NIFTY,01-Aug-2017,31-Aug-2017,CE,9500,623,653.95,611.45,643.8,651.1,643.8,600,4558.12,283.12,985425,-8925,10114.65
NIFTY,01-Aug-2017,31-Aug-2017,CE,9550,0,0,0,513.9,513.9,615.3,0,0,0,150,0,10114.65
NIFTY,01-Aug-2017,31-Aug-2017,CE,9600,533.95,557,520,552.8,557,552.8,255,1938.54,102.54,480600,-1725,10114.65
NIFTY,01-Aug-2017,31-Aug-2017,CE,9650,0,0,0,400,400,517.25,0,0,0,2775,0,10114.65
NIFTY,01-Aug-2017,31-Aug-2017,CE,9700,440.05,466,430,458.15,466,458.15,599,4558.67,200.94,914475,-10350,10114.65
NIFTY,01-Aug-2017,31-Aug-2017,CE,9200,916.45,934.95,902.35,928.35,934.95,928.35,131,993.69,89.79,146250,1725,10114.65
NIFTY,01-Aug-2017,31-Aug-2017,CE,9250,0,0,0,500.6,0,913.05,0,0,0,0,0,10114.65
NIFTY,01-Aug-2017,31-Aug-2017,CE,9300,813.1,841.95,807,839.9,841.95,839.9,118,895.38,72.33,164100,-5700,10114.65
NIFTY,01-Aug-2017,31-Aug-2017,CE,9350,0,0,0,777,777,813.6,0,0,0,225,0,10114.65
NIFTY,02-Aug-2017,31-Aug-2017,CE,10450,40,40,12.7,14.05,14.2,14.05,1953,15328.71,22.07,76050,15750,10081.5
NIFTY,02-Aug-2017,31-Aug-2017,CE,10500,10.5,12.8,8.25,9.5,9.5,9.5,57211,450964.15,427.52,3642000,192225,10081.5
NIFTY,02-Aug-2017,31-Aug-2017,CE,10550,7.95,8.5,5.55,6.7,6.55,6.7,408,3230.47,2.17,35100,8400,10081.5
NIFTY,02-Aug-2017,31-Aug-2017,CE,10600,6.15,6.15,4.05,4.6,4.8,4.6,18659,148404.48,65.43,996675,130425,10081.5
NIFTY,02-Aug-2017,31-Aug-2017,CE,10650,0,0,0,17,0,2.4,0,0,0,0,0,10081.5
NIFTY,02-Aug-2017,31-Aug-2017,CE,10100,143.55,146.6,108.35,119.2,109.3,119.2,80866,620269.01,7709.06,3358650,392850,10081.5
NIFTY,02-Aug-2017,31-Aug-2017,CE,10150,120,120,85.15,93.05,85.85,93.05,12491,96037.7,949.96,459525,251775,10081.5
NIFTY,02-Aug-2017,31-Aug-2017,CE,10200,91.05,96.6,64.55,71.8,65.75,71.8,128326,989101.68,7407.78,3558375,864675,10081.5
NIFTY,02-Aug-2017,31-Aug-2017,CE,10250,67.3,70,48.25,53.25,49.9,53.25,6067,46904.82,264.76,179625,57900,10081.5
NIFTY,02-Aug-2017,31-Aug-2017,CE,10300,54.65,54.65,35.45,39.75,35.65,39.75,96625,749509.21,3081.08,2770350,467550,10081.5
NIFTY,02-Aug-2017,31-Aug-2017,CE,10350,37.7,37.95,25.6,28.85,27.05,28.85,7971,62055.85,180.96,494250,-46950,10081.5
NIFTY,02-Aug-2017,31-Aug-2017,CE,10400,30,30,18.05,20,18.5,20,66005,515900.96,1061.96,3233925,205500,10081.5
NIFTY,02-Aug-2017,31-Aug-2017,CE,9750,414.35,414.35,414.35,414.35,414.35,414.35,1,7.62,.31,5475,-75,10081.5
NIFTY,02-Aug-2017,31-Aug-2017,CE,9800,373.4,375,320,333.8,320,333.8,1690,12867.55,446.05,1192725,-24150,10081.5
NIFTY,02-Aug-2017,31-Aug-2017,CE,9850,323.4,323.4,297.85,301.05,297.85,301.05,64,488.03,15.23,57225,-3975,10081.5
NIFTY,02-Aug-2017,31-Aug-2017,CE,9900,290.3,290.4,236,254.5,239.85,254.5,4461,34020.18,897.25,1515900,-60000,10081.5
NIFTY,02-Aug-2017,31-Aug-2017,CE,9950,254.05,254.05,193.3,217.55,205,217.55,189,1443.03,32.62,83625,-2100,10081.5
NIFTY,02-Aug-2017,31-Aug-2017,CE,10000,218.8,218.8,165.2,180.95,169.85,180.95,21751,166277.54,3145.04,2519550,-170550,10081.5
NIFTY,02-Aug-2017,31-Aug-2017,CE,10050,175.15,177.6,137.3,147,139.05,147,2216,16964.8,261.7,123075,29550,10081.5
NIFTY,02-Aug-2017,31-Aug-2017,CE,9400,736,738.1,688,699.9,688,699.9,57,432.25,30.4,240225,-2550,10081.5
NIFTY,02-Aug-2017,31-Aug-2017,CE,9450,0,0,0,541.4,613,679.6,0,0,0,150,0,10081.5
NIFTY,02-Aug-2017,31-Aug-2017,CE,9500,641.65,650,588.75,601.15,591.1,601.15,1510,11447.93,689.18,900975,-84450,10081.5
NIFTY,02-Aug-2017,31-Aug-2017,CE,9550,0,0,0,513.9,513.9,580.65,0,0,0,150,0,10081.5
NIFTY,02-Aug-2017,31-Aug-2017,CE,9600,554,556.05,494.65,515.95,494.65,515.95,436,3312.55,173.35,462900,-17700,10081.5
NIFTY,02-Aug-2017,31-Aug-2017,CE,9650,0,0,0,400,400,482.85,0,0,0,2775,0,10081.5
NIFTY,02-Aug-2017,31-Aug-2017,CE,9700,481.8,481.8,406,423.05,408,423.05,750,5702.36,246.11,900000,-14475,10081.5
NIFTY,02-Aug-2017,31-Aug-2017,CE,9200,933.15,933.15,891.05,891.05,891.05,891.05,24,182.16,16.56,144750,-1500,10081.5
NIFTY,02-Aug-2017,31-Aug-2017,CE,9250,0,0,0,500.6,0,878.35,0,0,0,0,0,10081.5
NIFTY,02-Aug-2017,31-Aug-2017,CE,9300,832.7,832.7,786,793.65,786,793.65,61,462.88,37.4,163650,-450,10081.5
NIFTY,02-Aug-2017,31-Aug-2017,CE,9350,0,0,0,777,777,778.9,0,0,0,225,0,10081.5
NIFTY,03-Aug-2017,31-Aug-2017,CE,10500,9,9,4.45,5.8,6,5.8,66258,522084.58,302.83,4104150,462150,10013.65
NIFTY,03-Aug-2017,31-Aug-2017,CE,10550,3.55,6.85,3.55,4.5,5,4.5,206,1630.73,.75,37950,2850,10013.65
NIFTY,03-Aug-2017,31-Aug-2017,CE,10600,5.3,5.3,2.45,3.2,3.3,3.2,15087,119978.83,37.18,1102575,105900,10013.65
NIFTY,03-Aug-2017,31-Aug-2017,CE,10650,0,0,0,17,0,1.2,0,0,0,0,0,10013.65
NIFTY,03-Aug-2017,31-Aug-2017,CE,10100,108.3,111.95,74.2,82.7,81,82.7,116767,892532.78,8022.75,4095000,736350,10013.65
NIFTY,03-Aug-2017,31-Aug-2017,CE,10150,90,90,55.3,62.25,62.5,62.25,11052,84720.8,587.45,540750,81225,10013.65
NIFTY,03-Aug-2017,31-Aug-2017,CE,10200,68.55,68.55,40,46.1,46,46.1,120944,929956.47,4734.87,3987975,429600,10013.65
NIFTY,03-Aug-2017,31-Aug-2017,CE,10250,49.8,49.8,28.25,33.35,34.25,33.35,5929,45747.94,168.75,222750,43125,10013.65
NIFTY,03-Aug-2017,31-Aug-2017,CE,10300,35.7,35.7,20.1,23.75,24.5,23.75,96510,747492.07,1952.32,3395400,625050,10013.65
NIFTY,03-Aug-2017,31-Aug-2017,CE,10350,26.4,26.4,14.25,16.7,17.2,16.7,2961,23027.81,43.04,518400,24150,10013.65
NIFTY,03-Aug-2017,31-Aug-2017,CE,10400,19,19,9.45,11.4,11.6,11.4,74021,578078.82,715.02,3215625,-18300,10013.65
NIFTY,03-Aug-2017,31-Aug-2017,CE,10450,11.9,12.3,6.5,8.1,8.4,8.1,1357,10644.65,9.16,81600,5550,10013.65
NIFTY,03-Aug-2017,31-Aug-2017,CE,9800,315.5,326,268.45,282.35,278.1,282.35,3954,29942.77,880.87,1167450,-25275,10013.65
NIFTY,03-Aug-2017,31-Aug-2017,CE,9850,258.8,262.3,230.1,233.3,230.1,233.3,15,113.6,2.79,56775,-450,10013.65
NIFTY,03-Aug-2017,31-Aug-2017,CE,9900,242.3,243.5,190.5,202.55,200,202.55,6193,46981.91,998.89,1478100,-37800,10013.65
NIFTY,03-Aug-2017,31-Aug-2017,CE,9950,206.6,206.6,158.55,169.75,166.95,169.75,406,3084.15,54.37,86175,2550,10013.65
NIFTY,03-Aug-2017,31-Aug-2017,CE,10000,164.4,172.8,126.1,136.8,132,136.8,52258,397702.2,5767.2,2634375,114825,10013.65
NIFTY,03-Aug-2017,31-Aug-2017,CE,10050,128.75,140.45,98.9,108.25,106.85,108.25,7486,57094.65,668.92,197925,74850,10013.65
NIFTY,03-Aug-2017,31-Aug-2017,CE,9400,682,682,637.6,640.65,640.65,640.65,73,551.08,36.43,240675,450,10013.65
NIFTY,03-Aug-2017,31-Aug-2017,CE,9450,0,0,0,541.4,613,609.5,0,0,0,150,0,10013.65
NIFTY,03-Aug-2017,31-Aug-2017,CE,9500,580,597.05,535.35,554.35,547.3,554.35,1764,13308.8,740.3,818925,-82050,10013.65
NIFTY,03-Aug-2017,31-Aug-2017,CE,9550,0,0,0,513.9,513.9,511.3,0,0,0,150,0,10013.65
NIFTY,03-Aug-2017,31-Aug-2017,CE,9600,496,499,444,457.1,452.6,457.1,410,3097.93,145.93,453675,-9225,10013.65
NIFTY,03-Aug-2017,31-Aug-2017,CE,9650,370.05,370.05,370.05,370.05,370.05,370.05,1,7.52,.28,2850,75,10013.65
NIFTY,03-Aug-2017,31-Aug-2017,CE,9700,403.4,406,351.95,365.65,358.85,365.65,939,7098.75,267.53,892575,-7425,10013.65
NIFTY,03-Aug-2017,31-Aug-2017,CE,9750,346.2,346.2,346.2,346.2,346.2,346.2,3,22.72,.78,5475,0,10013.65
NIFTY,03-Aug-2017,31-Aug-2017,CE,9200,870,870,829.5,841.9,841.9,841.9,19,143.36,12.26,143850,-900,10013.65
NIFTY,03-Aug-2017,31-Aug-2017,CE,9250,0,0,0,500.6,0,808,0,0,0,0,0,10013.65
NIFTY,03-Aug-2017,31-Aug-2017,CE,9300,773.4,773.4,730,746.45,737,746.45,43,324.09,24.17,160575,-3075,10013.65
NIFTY,03-Aug-2017,31-Aug-2017,CE,9350,0,0,0,777,777,708.6,0,0,0,225,0,10013.65
NIFTY,04-Aug-2017,31-Aug-2017,CE,10500,6,7.8,4.7,7.45,7.65,7.45,45284,356820.54,209.04,3824400,-279750,10066.4
NIFTY,04-Aug-2017,31-Aug-2017,CE,10550,3.75,6.2,3.75,5.4,6.15,5.4,209,1654.48,.77,41775,3825,10066.4
NIFTY,04-Aug-2017,31-Aug-2017,CE,10600,3.1,4,2.9,3.85,3.75,3.85,12269,97569.55,31,1066950,-35625,10066.4
NIFTY,04-Aug-2017,31-Aug-2017,CE,10650,0,0,0,17,0,1.95,0,0,0,0,0,10066.4
NIFTY,04-Aug-2017,31-Aug-2017,CE,10150,57.6,88.1,52.05,82.6,84.75,82.6,9636,73857.49,503.44,486375,-54375,10066.4
NIFTY,04-Aug-2017,31-Aug-2017,CE,10200,40.15,66.8,37.85,62.1,63.8,62.1,172179,1323788.99,6619.64,3261150,-726825,10066.4
NIFTY,04-Aug-2017,31-Aug-2017,CE,10250,31,48.5,26.95,45.05,46.6,45.05,5749,44355.25,159.82,207750,-15000,10066.4
NIFTY,04-Aug-2017,31-Aug-2017,CE,10300,22.55,34.95,19.05,32.65,33,32.65,111690,865020.01,2214.76,3529800,134400,10066.4
NIFTY,04-Aug-2017,31-Aug-2017,CE,10350,16.85,24.8,13.55,23.5,23.5,23.5,3099,24099.59,43.6,522675,4275,10066.4
NIFTY,04-Aug-2017,31-Aug-2017,CE,10400,11.8,16.65,9.15,15.45,16,15.45,68761,536978.79,642.99,3054750,-160875,10066.4
NIFTY,04-Aug-2017,31-Aug-2017,CE,10450,7.6,11.75,6.5,10.55,11.05,10.55,1660,13021.12,10.87,80700,-900,10066.4
NIFTY,04-Aug-2017,31-Aug-2017,CE,9750,377.45,385.1,377.45,380.85,385.1,380.85,3,22.79,.86,5400,-75,10066.4
NIFTY,04-Aug-2017,31-Aug-2017,CE,9800,273.6,345,261.95,333.7,334.7,333.7,5902,44694.27,1314.57,1149975,-17475,10066.4
NIFTY,04-Aug-2017,31-Aug-2017,CE,9850,230.4,292.95,222.7,291.85,290.65,291.85,54,408.79,9.86,56475,-300,10066.4
NIFTY,04-Aug-2017,31-Aug-2017,CE,9900,191.2,257.95,185.1,248.95,249.3,248.95,9877,74935.42,1598.7,1412100,-66000,10066.4
NIFTY,04-Aug-2017,31-Aug-2017,CE,9950,164.75,217,151.8,207.55,202.65,207.55,581,4412.43,76.72,84525,-1650,10066.4
NIFTY,04-Aug-2017,31-Aug-2017,CE,10000,130.05,179.95,118.45,170.7,174.5,170.7,81208,617909.82,8849.82,2784075,149700,10066.4
NIFTY,04-Aug-2017,31-Aug-2017,CE,10050,100.45,145,93.6,138.05,140.45,138.05,11886,90645.44,1054.71,191175,-6750,10066.4
NIFTY,04-Aug-2017,31-Aug-2017,CE,10100,75,114.4,70.1,107.95,110.45,107.95,180197,1377197.68,12205.41,3574050,-520950,10066.4
NIFTY,04-Aug-2017,31-Aug-2017,CE,9450,0,0,0,541.4,613,660.2,0,0,0,150,0,10066.4
NIFTY,04-Aug-2017,31-Aug-2017,CE,9500,546,620,530,611.85,610.25,611.85,1602,12079.54,665.29,761775,-57150,10066.4
NIFTY,04-Aug-2017,31-Aug-2017,CE,9550,0,0,0,513.9,513.9,561.4,0,0,0,150,0,10066.4
NIFTY,04-Aug-2017,31-Aug-2017,CE,9600,450.5,527,438.45,515.9,517,515.9,446,3370.42,159.22,440250,-13425,10066.4
NIFTY,04-Aug-2017,31-Aug-2017,CE,9650,0,0,0,370.05,370.05,463.95,0,0,0,2850,0,10066.4
NIFTY,04-Aug-2017,31-Aug-2017,CE,9700,359.05,436,347.55,420.8,423.05,420.8,1232,9309.85,347.05,867900,-24675,10066.4
NIFTY,04-Aug-2017,31-Aug-2017,CE,9200,828.35,911.45,825.45,907.35,901.85,907.35,22,166.33,14.53,143250,-600,10066.4
NIFTY,04-Aug-2017,31-Aug-2017,CE,9250,0,0,0,500.6,0,859.05,0,0,0,0,0,10066.4
NIFTY,04-Aug-2017,31-Aug-2017,CE,9300,730.7,815.95,730.7,807.8,812,807.8,89,671.43,50.66,157050,-3525,10066.4
NIFTY,04-Aug-2017,31-Aug-2017,CE,9350,0,0,0,777,777,759.55,0,0,0,225,0,10066.4
NIFTY,04-Aug-2017,31-Aug-2017,CE,9400,630,714.05,630,705.8,713,705.8,203,1530.89,99.74,237075,-3600,10066.4
NIFTY,07-Aug-2017,31-Aug-2017,CE,10500,6.1,7.7,5.1,6.75,6.5,6.75,27120,213709.46,139.46,3885900,61500,10057.4
NIFTY,07-Aug-2017,31-Aug-2017,CE,10550,4.55,6.05,4.05,5.25,4.9,5.25,241,1907.84,.93,45750,3975,10057.4
NIFTY,07-Aug-2017,31-Aug-2017,CE,10600,4,4.2,3.3,3.5,3.4,3.5,7036,55954.93,18.73,1082175,15225,10057.4
NIFTY,07-Aug-2017,31-Aug-2017,CE,10650,0,0,0,17,0,0.9,0,0,0,0,0,10057.4
NIFTY,07-Aug-2017,31-Aug-2017,CE,10150,83,87.8,70.5,75.4,72.55,75.4,6993,53651.37,417.16,578775,92400,10057.4
NIFTY,07-Aug-2017,31-Aug-2017,CE,10200,59.9,66.45,52,56.2,53.3,56.2,98638,758945.44,4364.74,3958575,697425,10057.4
NIFTY,07-Aug-2017,31-Aug-2017,CE,10250,40,49,37.8,40.25,38.4,40.25,3653,28200.17,117.73,231900,24150,10057.4
NIFTY,07-Aug-2017,31-Aug-2017,CE,10300,29.15,34.9,25.45,28.55,27.5,28.55,69632,539490.32,1583.12,3565200,35400,10057.4
NIFTY,07-Aug-2017,31-Aug-2017,CE,10350,29.4,29.45,19,20.55,19.05,20.55,2809,21850.15,45.29,536775,14100,10057.4
NIFTY,07-Aug-2017,31-Aug-2017,CE,10400,14.75,16.75,12.2,13.7,13.4,13.7,30732,240040.75,331.15,3156225,101475,10057.4
NIFTY,07-Aug-2017,31-Aug-2017,CE,10450,11.05,11.4,9,9.65,9,9.65,896,7029.07,6.67,87600,6900,10057.4
NIFTY,07-Aug-2017,31-Aug-2017,CE,9750,377.15,377.15,369.35,369.4,369.35,369.4,3,22.77,.84,5400,0,10057.4
NIFTY,07-Aug-2017,31-Aug-2017,CE,9800,325.05,340.5,308.25,314.85,312.75,314.85,2442,18542.44,593.74,1083675,-66300,10057.4
NIFTY,07-Aug-2017,31-Aug-2017,CE,9850,0,0,0,291.85,290.65,264.15,0,0,0,56475,0,10057.4
NIFTY,07-Aug-2017,31-Aug-2017,CE,9900,242.45,253.25,223.2,233.35,227.65,233.35,3595,27342.89,650.01,1415250,3150,10057.4
NIFTY,07-Aug-2017,31-Aug-2017,CE,9950,203.25,214.8,185.5,194.85,189.7,194.85,244,1857.75,36.9,81375,-3150,10057.4
NIFTY,07-Aug-2017,31-Aug-2017,CE,10000,170.3,177.5,151,159.45,155.2,159.45,27674,211012.4,3457.4,2654325,-129750,10057.4
NIFTY,07-Aug-2017,31-Aug-2017,CE,10050,140,144,121,129.3,125.5,129.3,4811,36744.2,481.29,182625,-8550,10057.4
NIFTY,07-Aug-2017,31-Aug-2017,CE,10100,104.35,113.8,93.1,99.1,95.9,99.1,79894,611454.66,6257.61,3924825,350775,10057.4
NIFTY,07-Aug-2017,31-Aug-2017,CE,9400,700.35,712,685,692.5,685,692.5,87,659.28,45.93,232800,-4275,10057.4
NIFTY,07-Aug-2017,31-Aug-2017,CE,9450,0,0,0,541.4,613,646.25,0,0,0,150,0,10057.4
NIFTY,07-Aug-2017,31-Aug-2017,CE,9500,610,616.6,584.2,597.15,584.2,597.15,300,2273.63,136.13,760500,-1275,10057.4
NIFTY,07-Aug-2017,31-Aug-2017,CE,9550,0,0,0,513.9,513.9,547.1,0,0,0,150,0,10057.4
NIFTY,07-Aug-2017,31-Aug-2017,CE,9600,515,522.3,490.35,499.1,490.35,499.1,358,2715.46,137.86,425475,-14775,10057.4
NIFTY,07-Aug-2017,31-Aug-2017,CE,9650,0,0,0,370.05,370.05,449.05,0,0,0,2850,0,10057.4
NIFTY,07-Aug-2017,31-Aug-2017,CE,9700,416.95,428.5,395.35,403.8,397.6,403.8,1824,13833.07,563.47,824925,-42975,10057.4
NIFTY,07-Aug-2017,31-Aug-2017,CE,9200,895,906,887,890.25,888.3,890.25,11,83.27,7.37,142650,-600,10057.4
NIFTY,07-Aug-2017,31-Aug-2017,CE,9250,0,0,0,500.6,0,845.3,0,0,0,0,0,10057.4
NIFTY,07-Aug-2017,31-Aug-2017,CE,9300,803.2,806,796,803.2,803.2,803.2,11,83.34,6.62,156675,-375,10057.4
NIFTY,07-Aug-2017,31-Aug-2017,CE,9350,0,0,0,777,777,745.75,0,0,0,225,0,10057.4
NIFTY,08-Aug-2017,31-Aug-2017,CE,10500,6.35,6.7,3.4,4.35,4.35,4.35,68189,537208.09,219.72,4457925,572025,9978.55
NIFTY,08-Aug-2017,31-Aug-2017,CE,10550,5.65,5.7,2.7,3.45,3.75,3.45,367,2904.82,.94,50250,4500,9978.55
NIFTY,08-Aug-2017,31-Aug-2017,CE,10600,3.35,3.45,2,2.7,3,2.7,17615,140072.39,33.14,1157175,75000,9978.55
NIFTY,08-Aug-2017,31-Aug-2017,CE,10650,0,0,0,17,0,0.4,0,0,0,0,0,9978.55
NIFTY,08-Aug-2017,31-Aug-2017,CE,10150,72.8,77.25,35.55,45.2,46,45.2,14705,112505.97,564.16,655650,76875,9978.55
NIFTY,08-Aug-2017,31-Aug-2017,CE,10200,60,60,25.55,32.7,32.9,32.7,232934,1788255.17,6310.07,4399200,440625,9978.55
NIFTY,08-Aug-2017,31-Aug-2017,CE,10250,39.6,41.6,16.6,23.3,23.95,23.3,9683,74622.08,184.02,283125,51225,9978.55
NIFTY,08-Aug-2017,31-Aug-2017,CE,10300,27.55,29.85,12.5,16.35,16.4,16.35,160045,1238518.98,2171.36,3830550,265350,9978.55
NIFTY,08-Aug-2017,31-Aug-2017,CE,10350,21.25,21.25,9,12.05,12.4,12.05,5248,40794.07,56.47,622500,85725,9978.55
NIFTY,08-Aug-2017,31-Aug-2017,CE,10400,14.25,14.25,6.5,8.25,8.35,8.25,110129,859727.19,720.99,3324225,168000,9978.55
NIFTY,08-Aug-2017,31-Aug-2017,CE,10450,8.9,9.7,4.9,6.05,6.25,6.05,1163,9120.43,5.41,98475,10875,9978.55
NIFTY,08-Aug-2017,31-Aug-2017,CE,9800,317.2,325.25,216.45,244.1,243.75,244.1,3772,28442.81,718.61,1090125,6450,9978.55
NIFTY,08-Aug-2017,31-Aug-2017,CE,9850,241.55,241.55,182.4,204.45,204.15,204.45,67,505.7,10.74,56250,-225,9978.55
NIFTY,08-Aug-2017,31-Aug-2017,CE,9900,231.1,240.7,145.05,168.55,169.65,168.55,16797,126924.2,2206.47,1571700,156450,9978.55
NIFTY,08-Aug-2017,31-Aug-2017,CE,9950,199.5,200,115.15,136.75,138,136.75,2323,17579.39,244.01,114675,33300,9978.55
NIFTY,08-Aug-2017,31-Aug-2017,CE,10000,158.3,165.4,88.5,107.05,107.9,107.05,134775,1022298.55,11486.05,3324225,669900,9978.55
NIFTY,08-Aug-2017,31-Aug-2017,CE,10050,125.85,132.45,67.45,82.3,83.6,82.3,17843,135696.75,1205.14,413850,231225,9978.55
NIFTY,08-Aug-2017,31-Aug-2017,CE,10100,94,102.25,49.1,61.4,61.8,61.4,265901,2027698.63,13498.55,4905075,980250,9978.55
NIFTY,08-Aug-2017,31-Aug-2017,CE,9400,699.5,699.5,570,604.85,600.4,604.85,196,1473.27,91.47,232125,-675,9978.55
NIFTY,08-Aug-2017,31-Aug-2017,CE,9450,0,0,0,541.4,613,566.25,0,0,0,150,0,9978.55
NIFTY,08-Aug-2017,31-Aug-2017,CE,9500,601.9,607.45,475,505.75,513.7,505.75,1622,12179.59,622.84,723150,-37350,9978.55
NIFTY,08-Aug-2017,31-Aug-2017,CE,9550,0,0,0,513.9,513.9,468,0,0,0,150,0,9978.55
NIFTY,08-Aug-2017,31-Aug-2017,CE,9600,507,507,380.9,420.9,420.25,420.9,500,3760.76,160.76,419025,-6450,9978.55
NIFTY,08-Aug-2017,31-Aug-2017,CE,9650,364,364,364,364,364,364,10,75.11,2.73,2100,-750,9978.55
NIFTY,08-Aug-2017,31-Aug-2017,CE,9700,402.3,416.7,295.85,325.75,328.8,325.75,2951,22242.65,774.12,787125,-37800,9978.55
NIFTY,08-Aug-2017,31-Aug-2017,CE,9750,263.25,302.35,263.25,276,276,276,6,45.14,1.26,5325,-75,9978.55
NIFTY,08-Aug-2017,31-Aug-2017,CE,9200,892.65,892.65,774.05,798.85,806,798.85,79,593.26,48.16,139275,-3375,9978.55
NIFTY,08-Aug-2017,31-Aug-2017,CE,9250,0,0,0,500.6,0,764.95,0,0,0,0,0,9978.55
NIFTY,08-Aug-2017,31-Aug-2017,CE,9300,793.3,798.75,662.25,700.95,700,700.95,77,578.31,41.24,154725,-1950,9978.55
NIFTY,08-Aug-2017,31-Aug-2017,CE,9350,0,0,0,777,777,665.45,0,0,0,225,0,9978.55
NIFTY,09-Aug-2017,31-Aug-2017,CE,10500,4.35,4.35,3.1,3.4,3.3,3.4,41966,330592.59,110.34,4130925,-327000,9908.05
NIFTY,09-Aug-2017,31-Aug-2017,CE,10550,3.1,3.4,2.6,2.8,2.85,2.8,259,2049.89,.55,43575,-6675,9908.05
NIFTY,09-Aug-2017,31-Aug-2017,CE,10600,2.85,2.85,1.95,2.1,2.2,2.1,12177,96826.54,19.39,1111650,-45525,9908.05
NIFTY,09-Aug-2017,31-Aug-2017,CE,10650,0,0,0,17,0,0.15,0,0,0,0,0,9908.05
NIFTY,09-Aug-2017,31-Aug-2017,CE,10150,37.5,42,27.3,29.6,27.95,29.6,9108,69575.59,240.94,676350,20700,9908.05
NIFTY,09-Aug-2017,31-Aug-2017,CE,10200,32.9,32.9,19.35,21.35,19.55,21.35,148919,1142041.68,2811.33,4641300,242100,9908.05
NIFTY,09-Aug-2017,31-Aug-2017,CE,10250,20.7,21.4,14,15.25,14.2,15.25,4177,32166.39,55.7,298200,15075,9908.05
NIFTY,09-Aug-2017,31-Aug-2017,CE,10300,13.4,14.65,9.75,10.65,10,10.65,98753,763776.09,909.17,3567750,-262800,9908.05
NIFTY,09-Aug-2017,31-Aug-2017,CE,10350,9,10.7,7.45,8.1,7.8,8.1,2633,20456.41,17.75,645975,23475,9908.05
NIFTY,09-Aug-2017,31-Aug-2017,CE,10400,7.1,7.5,5.25,5.65,5.4,5.65,53223,415385.74,246.34,3053700,-270525,9908.05
NIFTY,09-Aug-2017,31-Aug-2017,CE,10450,5.25,5.9,3.8,4.4,4.3,4.4,594,4657.54,2.07,97875,-600,9908.05
NIFTY,09-Aug-2017,31-Aug-2017,CE,9800,226,235.05,183.55,196.65,183.55,196.65,8128,61043.55,1302.75,1186950,96825,9908.05
NIFTY,09-Aug-2017,31-Aug-2017,CE,9850,182.45,190,150.05,157.75,150.05,157.75,226,1698.26,28.69,55875,-375,9908.05
NIFTY,09-Aug-2017,31-Aug-2017,CE,9900,150.05,161.8,118.55,126.5,118.55,126.5,48053,361855.61,5062.09,2080125,508425,9908.05
NIFTY,09-Aug-2017,31-Aug-2017,CE,9950,116.6,130.35,92.4,100.3,92.4,100.3,10277,77562.27,870.16,255450,140775,9908.05
NIFTY,09-Aug-2017,31-Aug-2017,CE,10000,95,101.9,69.4,76.45,70,76.45,176232,1333270.5,11530.5,4081500,757275,9908.05
NIFTY,09-Aug-2017,31-Aug-2017,CE,10050,79.4,79.4,51.5,56.45,53.3,56.45,13247,100507.89,658.63,485775,71925,9908.05
NIFTY,09-Aug-2017,31-Aug-2017,CE,10100,52.65,57.55,37.5,41.3,37.95,41.3,181071,1378181.56,6568.73,5024250,119175,9908.05
NIFTY,09-Aug-2017,31-Aug-2017,CE,9450,0,0,0,541.4,613,495,0,0,0,150,0,9908.05
NIFTY,09-Aug-2017,31-Aug-2017,CE,9500,490,498,430.75,450.6,431.8,450.6,1467,10966.63,514.26,676875,-46275,9908.05
NIFTY,09-Aug-2017,31-Aug-2017,CE,9550,0,0,0,513.9,513.9,398.35,0,0,0,150,0,9908.05
NIFTY,09-Aug-2017,31-Aug-2017,CE,9600,386,403,340,354.7,340,354.7,612,4579.88,173.48,408450,-10575,9908.05
NIFTY,09-Aug-2017,31-Aug-2017,CE,9650,302,302,302,302,302,302,3,22.39,.68,1950,-150,9908.05
NIFTY,09-Aug-2017,31-Aug-2017,CE,9700,298.6,316,258.95,271.7,259,271.7,1865,13971.67,403.8,781200,-5925,9908.05
NIFTY,09-Aug-2017,31-Aug-2017,CE,9750,253,260.6,215.3,217.05,215.3,217.05,11,82.5,2.06,5475,150,9908.05
NIFTY,09-Aug-2017,31-Aug-2017,CE,9200,771.95,789.55,718,731.35,718,731.35,117,874.47,67.17,135075,-4200,9908.05
NIFTY,09-Aug-2017,31-Aug-2017,CE,9250,0,0,0,500.6,0,692.95,0,0,0,0,0,9908.05
NIFTY,09-Aug-2017,31-Aug-2017,CE,9300,665.9,672.9,621,626.8,621,626.8,44,328.71,21.81,152625,-2100,9908.05
NIFTY,09-Aug-2017,31-Aug-2017,CE,9350,0,0,0,777,777,593.6,0,0,0,225,0,9908.05
NIFTY,09-Aug-2017,31-Aug-2017,CE,9400,574.45,593.35,525.75,544.35,525.75,544.35,238,1777.83,99.93,224400,-7725,9908.05
NIFTY,10-Aug-2017,31-Aug-2017,CE,10500,3.1,3.1,2.1,2.45,2.4,2.45,31389,247248.27,59.9,3936075,-194850,9820.25
NIFTY,10-Aug-2017,31-Aug-2017,CE,10550,2.35,3,1,2,2,2,182,1440.35,.27,40125,-3450,9820.25
NIFTY,10-Aug-2017,31-Aug-2017,CE,10600,2.55,2.55,1.35,1.5,1.5,1.5,7302,58059.64,8.74,1064100,-47550,9820.25
NIFTY,10-Aug-2017,31-Aug-2017,CE,10650,0,0,0,17,0,0.1,0,0,0,0,0,9820.25
NIFTY,10-Aug-2017,31-Aug-2017,CE,10150,21.8,23.7,11.9,17.3,20.4,17.3,9969,76033.69,144.68,673275,-3075,9820.25
NIFTY,10-Aug-2017,31-Aug-2017,CE,10200,15.35,17.8,8.25,12,14.4,12,161658,1238306.8,1623.1,4880100,238800,9820.25
NIFTY,10-Aug-2017,31-Aug-2017,CE,10250,10.65,12,6.3,8.8,11,8.8,4406,33903.7,32.58,294675,-3525,9820.25
NIFTY,10-Aug-2017,31-Aug-2017,CE,10300,8.2,9.75,4.4,6.2,7.5,6.2,96524,746141.61,493.71,3618750,51000,9820.25
NIFTY,10-Aug-2017,31-Aug-2017,CE,10350,5.9,6.6,3.8,5.1,5.7,5.1,2179,16923.18,8.7,648525,2550,9820.25
NIFTY,10-Aug-2017,31-Aug-2017,CE,10400,5.4,7.45,2.8,3.55,3.85,3.55,39548,308588.04,113.64,2946750,-106950,9820.25
NIFTY,10-Aug-2017,31-Aug-2017,CE,10450,3.7,4.15,1.65,3,3.3,3,1004,7871.07,2.22,90750,-7125,9820.25
NIFTY,10-Aug-2017,31-Aug-2017,CE,9800,164.1,181.9,117.25,140.75,157.55,140.75,45977,343081.81,5150.86,1544850,357900,9820.25
NIFTY,10-Aug-2017,31-Aug-2017,CE,9850,130.1,147,90.55,111.5,123,111.5,12761,95383.25,1111.36,234150,178275,9820.25
NIFTY,10-Aug-2017,31-Aug-2017,CE,9900,101.45,115.7,63.7,86.55,97.5,86.55,191868,1438129.38,13509.48,3251400,1171275,9820.25
NIFTY,10-Aug-2017,31-Aug-2017,CE,9950,92.4,92.4,49.45,66.7,75,66.7,20996,157829.07,1146.42,298800,43350,9820.25
NIFTY,10-Aug-2017,31-Aug-2017,CE,10000,64.6,65.7,35.05,48.65,55.85,48.65,241525,1821107.88,9670.38,5116650,1035150,9820.25
NIFTY,10-Aug-2017,31-Aug-2017,CE,10050,35.05,47.15,24,33.95,39.6,33.95,12706,96132.49,361.02,537975,52200,9820.25
NIFTY,10-Aug-2017,31-Aug-2017,CE,10100,33.3,33.3,16.7,24.05,28.4,24.05,189887,1442216.62,3822.6,5192625,168375,9820.25
NIFTY,10-Aug-2017,31-Aug-2017,CE,9450,0,0,0,541.4,613,408.6,0,0,0,150,0,9820.25
NIFTY,10-Aug-2017,31-Aug-2017,CE,9500,401.65,433,340,384.5,399.45,384.5,3434,25474.12,1006.87,717900,41025,9820.25
NIFTY,10-Aug-2017,31-Aug-2017,CE,9550,0,0,0,513.9,513.9,316.2,0,0,0,150,0,9820.25
NIFTY,10-Aug-2017,31-Aug-2017,CE,9600,316.15,345,257.15,286.25,315.55,286.25,1951,14489.11,441.91,419475,11025,9820.25
NIFTY,10-Aug-2017,31-Aug-2017,CE,9650,286.25,286.25,225,270.1,276.35,270.1,22,163.7,4.48,1725,-225,9820.25
NIFTY,10-Aug-2017,31-Aug-2017,CE,9700,242.05,259,181.7,208.55,231,208.55,6588,49001.56,1073.86,846450,65250,9820.25
NIFTY,10-Aug-2017,31-Aug-2017,CE,9750,199.9,206.85,150,168,192,168,1227,9128.42,155.98,12675,7200,9820.25
NIFTY,10-Aug-2017,31-Aug-2017,CE,9200,691,723.05,625,653.85,661,653.85,104,770.23,52.63,134100,-975,9820.25
NIFTY,10-Aug-2017,31-Aug-2017,CE,9250,0,0,0,500.6,0,603.8,0,0,0,0,0,9820.25
NIFTY,10-Aug-2017,31-Aug-2017,CE,9300,595.25,618.4,525.65,568.35,581.6,568.35,259,1915.59,109.06,150450,-2175,9820.25
NIFTY,10-Aug-2017,31-Aug-2017,CE,9350,0,0,0,777,777,505.25,0,0,0,225,0,9820.25
NIFTY,10-Aug-2017,31-Aug-2017,CE,9400,649.7,649.7,427.05,470.5,496,470.5,383,2840,139.85,218175,-6225,9820.25
NIFTY,11-Aug-2017,31-Aug-2017,CE,10500,2.4,2.95,0.9,2.45,2.45,2.45,31829,250710.68,57.31,3505575,-430500,9710.8
NIFTY,11-Aug-2017,31-Aug-2017,CE,10550,1.9,2.25,1.9,2.05,2.05,2.05,43,340.31,.07,39600,-525,9710.8
NIFTY,11-Aug-2017,31-Aug-2017,CE,10600,1.5,1.75,0.95,1.55,1.55,1.55,5711,45408.98,6.53,999825,-64275,9710.8
NIFTY,11-Aug-2017,31-Aug-2017,CE,10650,0,0,0,17,0,0.05,0,0,0,0,0,9710.8
NIFTY,11-Aug-2017,31-Aug-2017,CE,10150,7.15,14.75,6.3,10.35,10.65,10.35,8373,63810.44,70.98,686250,12975,9710.8
NIFTY,11-Aug-2017,31-Aug-2017,CE,10200,9.7,10.35,6.25,7.2,6.95,7.2,116760,893937.41,723.41,4711200,-168900,9710.8
NIFTY,11-Aug-2017,31-Aug-2017,CE,10250,6.15,7.95,3.6,5.9,5.85,5.9,4199,32300.52,20.71,303750,9075,9710.8
NIFTY,11-Aug-2017,31-Aug-2017,CE,10300,4.15,5.8,3.6,4.6,4.7,4.6,55731,430722.85,200.88,3329925,-288825,9710.8
NIFTY,11-Aug-2017,31-Aug-2017,CE,10350,2.1,4.65,2.1,4.15,4.2,4.15,3891,30215.63,11.74,610125,-38400,9710.8
NIFTY,11-Aug-2017,31-Aug-2017,CE,10400,3.4,3.55,2.35,3.25,3.15,3.25,34523,269358.71,79.31,2687100,-259650,9710.8
NIFTY,11-Aug-2017,31-Aug-2017,CE,10450,2.3,3.45,0.35,2.85,2.85,2.85,420,3292.55,.8,84975,-5775,9710.8
NIFTY,11-Aug-2017,31-Aug-2017,CE,9800,111.95,115,71,86.5,86.7,86.5,228183,1693746.46,16601.41,3344100,1799250,9710.8
NIFTY,11-Aug-2017,31-Aug-2017,CE,9850,80,88.75,56.8,65.55,65.85,65.55,21177,157633.23,1188.14,366300,132150,9710.8
NIFTY,11-Aug-2017,31-Aug-2017,CE,9900,63.05,66.8,41.4,48.7,48.8,48.7,240908,1798834.31,10092.41,3802425,551025,9710.8
NIFTY,11-Aug-2017,31-Aug-2017,CE,9950,50,50,30.7,35.5,37.8,35.5,16039,120187.53,496.49,363450,64650,9710.8
NIFTY,11-Aug-2017,31-Aug-2017,CE,10000,29.9,36,22.15,25.75,25.5,25.75,247049,1858380.4,5512.9,5476425,359775,9710.8
NIFTY,11-Aug-2017,31-Aug-2017,CE,10050,27.9,27.9,8.3,18.4,19.35,18.4,17400,131431.44,278.94,553125,15150,9710.8
NIFTY,11-Aug-2017,31-Aug-2017,CE,10100,10,19.3,10,13.3,13.55,13.3,201252,1526832.8,2348.9,5021475,-171150,9710.8
NIFTY,11-Aug-2017,31-Aug-2017,CE,9450,0,0,0,541.4,613,308.6,0,0,0,150,0,9710.8
NIFTY,11-Aug-2017,31-Aug-2017,CE,9500,334.9,336.7,266.2,288.75,290,288.75,7337,53956.6,1680.48,645750,-72150,9710.8
NIFTY,11-Aug-2017,31-Aug-2017,CE,9550,250.2,250.2,230,238.7,238.7,238.7,70,514.48,13.11,5175,5025,9710.8
NIFTY,11-Aug-2017,31-Aug-2017,CE,9600,224.65,250.95,190.05,206.85,208.2,206.85,12611,92864.65,2065.45,729675,310200,9710.8
NIFTY,11-Aug-2017,31-Aug-2017,CE,9650,199.05,210.4,157.25,172.5,173.25,172.5,978,7204.88,126.6,47025,45300,9710.8
NIFTY,11-Aug-2017,31-Aug-2017,CE,9700,157.35,177.5,126.1,139.25,142.4,139.25,68349,504874.8,7635.82,1750275,903825,9710.8
NIFTY,11-Aug-2017,31-Aug-2017,CE,9750,124.25,144.2,100,111.8,112.75,111.8,15820,117131.22,1447.47,252600,239925,9710.8
NIFTY,11-Aug-2017,31-Aug-2017,CE,9200,573,609.35,528,545.7,552.55,545.7,250,1831.53,106.53,131025,-3075,9710.8
NIFTY,11-Aug-2017,31-Aug-2017,CE,9250,0,0,0,500.6,0,494.7,0,0,0,0,0,9710.8
NIFTY,11-Aug-2017,31-Aug-2017,CE,9300,471.05,560,436.45,459.25,458,459.25,482,3533.95,172,144525,-5925,9710.8
NIFTY,11-Aug-2017,31-Aug-2017,CE,9350,500,500,500,500,500,500,1,7.39,.38,225,0,9710.8
NIFTY,11-Aug-2017,31-Aug-2017,CE,9400,421.2,421.25,350,371.05,370.05,371.05,736,5404.01,215.21,218400,225,9710.8
NIFTY,14-Aug-2017,31-Aug-2017,CE,9200,602,635,602,623.1,615,623.1,35,257.75,16.25,129525,-1500,9794.15
NIFTY,14-Aug-2017,31-Aug-2017,CE,9250,0,0,0,500.6,0,571.7,0,0,0,0,0,9794.15
NIFTY,14-Aug-2017,31-Aug-2017,CE,9300,492.2,534,492.2,523.6,523.3,523.6,113,832.19,44.01,138825,-5700,9794.15
NIFTY,14-Aug-2017,31-Aug-2017,CE,9350,430,430,430,430,430,430,1,7.34,.32,225,0,9794.15
NIFTY,14-Aug-2017,31-Aug-2017,CE,9400,402.15,455,398.9,434.75,426.6,434.75,377,2779.6,121.75,210675,-7725,9794.15
NIFTY,14-Aug-2017,31-Aug-2017,CE,9450,0,0,0,541.4,613,378.2,0,0,0,150,0,9794.15
NIFTY,14-Aug-2017,31-Aug-2017,CE,9500,330.8,359.9,311.55,346.4,342.55,346.4,1627,12008.24,415.87,638550,-7200,9794.15
NIFTY,14-Aug-2017,31-Aug-2017,CE,9550,278.55,285,278.55,285,285,285,2,14.75,.42,5100,-75,9794.15
NIFTY,14-Aug-2017,31-Aug-2017,CE,9600,228.4,272,228.3,254.75,250.8,254.75,4000,29545.59,745.59,720375,-9300,9794.15
NIFTY,14-Aug-2017,31-Aug-2017,CE,9650,193.45,229.3,189.95,218.1,212.75,218.1,409,3025.77,65.63,38550,-8475,9794.15
NIFTY,14-Aug-2017,31-Aug-2017,CE,9700,168.95,191,154.15,179.05,176.7,179.05,33492,248017.96,4363.66,1754550,4275,9794.15
NIFTY,14-Aug-2017,31-Aug-2017,CE,9750,126.05,156,116.15,146.6,143,146.6,6277,46565.99,665.43,183825,-68775,9794.15
NIFTY,14-Aug-2017,31-Aug-2017,CE,9800,104.9,124.4,95.65,114.5,111.75,114.5,133522,992510.85,11124.15,3148800,-195300,9794.15
NIFTY,14-Aug-2017,31-Aug-2017,CE,9850,81.35,95,72.05,87.1,84.7,87.1,14651,109165.53,931.27,303975,-62325,9794.15
NIFTY,14-Aug-2017,31-Aug-2017,CE,9900,65.3,71,52.75,64.15,61.65,64.15,142688,1066169.65,6711.25,3672375,-130050,9794.15
NIFTY,14-Aug-2017,31-Aug-2017,CE,9950,42.25,50.9,38.4,45.25,43.6,45.25,8517,63840.99,282.88,393000,29550,9794.15
NIFTY,14-Aug-2017,31-Aug-2017,CE,10000,33.35,40,27.05,32.2,30.5,32.2,144062,1083856.81,3391.81,5602725,126300,9794.15
NIFTY,14-Aug-2017,31-Aug-2017,CE,10050,21.1,23.65,19.15,21.55,20,21.55,16694,126098.07,267.04,838275,285150,9794.15
NIFTY,14-Aug-2017,31-Aug-2017,CE,10100,16,16.95,13.8,15.45,14.65,15.45,88578,671989.4,1011.05,4816425,-205050,9794.15
NIFTY,14-Aug-2017,31-Aug-2017,CE,10150,12.25,12.25,10.15,11.3,11,11.3,4294,32723.64,35.56,689025,2775,9794.15
NIFTY,14-Aug-2017,31-Aug-2017,CE,10200,10,10,7.25,8,7.55,8,58485,447755.37,345.12,4722675,11475,9794.15
NIFTY,14-Aug-2017,31-Aug-2017,CE,10250,6.55,7.55,5.15,6.2,5.9,6.2,1393,10714.88,6.19,277800,-25950,9794.15
NIFTY,14-Aug-2017,31-Aug-2017,CE,10300,4.1,5.5,4.1,4.75,4.65,4.75,25034,193475.93,88.28,3076800,-253125,9794.15
NIFTY,14-Aug-2017,31-Aug-2017,CE,10350,4.5,4.65,3.65,4.3,4.45,4.3,936,7268.61,2.91,617775,7650,9794.15
NIFTY,14-Aug-2017,31-Aug-2017,CE,10400,3.5,3.6,3.1,3.4,3.3,3.4,10755,83915.59,26.59,2625075,-62025,9794.15
NIFTY,14-Aug-2017,31-Aug-2017,CE,10450,2.85,4.45,1.65,3.2,3.25,3.2,212,1662.03,.48,84675,-300,9794.15
NIFTY,14-Aug-2017,31-Aug-2017,CE,10500,2.6,2.75,2.45,2.65,2.55,2.65,12624,99438.82,24.82,3396375,-109200,9794.15
NIFTY,14-Aug-2017,31-Aug-2017,CE,10550,0.4,2.8,0.4,2.4,2.6,2.4,269,2128.97,.51,33075,-6525,9794.15
NIFTY,14-Aug-2017,31-Aug-2017,CE,10600,1.3,2,1.3,1.7,1.6,1.7,1561,12412.02,2.07,985425,-14400,9794.15
NIFTY,14-Aug-2017,31-Aug-2017,CE,10650,0,0,0,17,0,0.05,0,0,0,0,0,9794.15
NIFTY,16-Aug-2017,31-Aug-2017,CE,9200,630,704.95,596,702.45,704.95,702.45,28,206.88,13.68,129675,150,9897.3
NIFTY,16-Aug-2017,31-Aug-2017,CE,9250,0,0,0,500.6,0,671.25,0,0,0,0,0,9897.3
NIFTY,16-Aug-2017,31-Aug-2017,CE,9300,532.75,612.25,495,609.2,610.25,609.2,52,384.92,22.22,137175,-1650,9897.3
NIFTY,16-Aug-2017,31-Aug-2017,CE,9350,475.5,475.5,475.5,475.5,475.5,475.5,1,7.37,.36,300,75,9897.3
NIFTY,16-Aug-2017,31-Aug-2017,CE,9400,438.5,515.25,403.2,512.1,514,512.1,308,2278.77,107.37,208800,-1875,9897.3
NIFTY,16-Aug-2017,31-Aug-2017,CE,9450,0,0,0,541.4,613,473.9,0,0,0,150,0,9897.3
NIFTY,16-Aug-2017,31-Aug-2017,CE,9500,349.25,423.5,310.35,419,419.45,419,2335,17287.12,650.25,571200,-67350,9897.3
NIFTY,16-Aug-2017,31-Aug-2017,CE,9550,275.4,377.1,275.4,373.5,377.1,373.5,37,274.3,9.29,3750,-1350,9897.3
NIFTY,16-Aug-2017,31-Aug-2017,CE,9600,264.05,329,226.85,324,324.8,324,3564,26386.22,725.42,716625,-3750,9897.3
NIFTY,16-Aug-2017,31-Aug-2017,CE,9650,219.2,286,199,282.2,284.8,282.2,264,1960.41,49.71,26175,-12375,9897.3
NIFTY,16-Aug-2017,31-Aug-2017,CE,9700,182.5,243.35,153.75,239.35,241.35,239.35,27386,203217.99,3984.84,1396050,-358500,9897.3
NIFTY,16-Aug-2017,31-Aug-2017,CE,9750,148.45,203.25,122.35,200.2,202,200.2,5043,37437.5,560.56,131775,-52050,9897.3
NIFTY,16-Aug-2017,31-Aug-2017,CE,9800,105.4,165,92.65,162.4,164.45,162.4,152901,1137800.73,13978.38,3050175,-98625,9897.3
NIFTY,16-Aug-2017,31-Aug-2017,CE,9850,91.85,131,68.55,129,131,129,23493,175216.2,1661.66,226650,-77325,9897.3
NIFTY,16-Aug-2017,31-Aug-2017,CE,9900,61.9,101.4,48.35,98.6,99.85,98.6,231934,1734628.13,12518.18,3286800,-385575,9897.3
NIFTY,16-Aug-2017,31-Aug-2017,CE,9950,47.55,74,33.55,72,73.45,72,19403,145608.57,813.68,445425,52425,9897.3
NIFTY,16-Aug-2017,31-Aug-2017,CE,10000,30,53.5,22.6,52.15,53.3,52.15,207847,1564612.63,5760.13,5562225,-40500,9897.3
NIFTY,16-Aug-2017,31-Aug-2017,CE,10050,21.75,37.45,14.65,36.25,36.95,36.25,23040,174113.4,449.4,511050,-327225,9897.3
NIFTY,16-Aug-2017,31-Aug-2017,CE,10100,15,25.95,10.6,25.15,25.95,25.15,122433,928995.11,1565.14,4721550,-94875,9897.3
NIFTY,16-Aug-2017,31-Aug-2017,CE,10150,10.85,18.45,7.8,17.75,18,17.75,6907,52649.26,69.73,636600,-52425,9897.3
NIFTY,16-Aug-2017,31-Aug-2017,CE,10200,7.55,12.6,5.5,12.1,12.4,12.1,76523,585881.81,480.86,4506300,-216375,9897.3
NIFTY,16-Aug-2017,31-Aug-2017,CE,10250,6.15,9.5,4.55,9,9.5,9,1584,12185.04,8.04,278925,1125,9897.3
NIFTY,16-Aug-2017,31-Aug-2017,CE,10300,5,6.8,3.65,6.5,6.7,6.5,32515,251299.78,121.41,2833725,-243075,9897.3
NIFTY,16-Aug-2017,31-Aug-2017,CE,10350,4.2,5.8,3.35,5.3,5.7,5.3,1223,9497.46,3.93,598650,-19125,9897.3
NIFTY,16-Aug-2017,31-Aug-2017,CE,10400,3.3,4.15,2.75,4,3.95,4,12780,99715.55,31.55,2500275,-124800,9897.3
NIFTY,16-Aug-2017,31-Aug-2017,CE,10450,3.8,3.8,1.2,3.25,3.35,3.25,141,1105.4,.32,83175,-1500,9897.3
NIFTY,16-Aug-2017,31-Aug-2017,CE,10500,2.4,3.1,2.15,3.05,2.95,3.05,25385,199954.21,47.34,3009900,-386475,9897.3
NIFTY,16-Aug-2017,31-Aug-2017,CE,10550,2.2,2.5,1.8,2.5,2.4,2.5,44,348.23,.08,31125,-1950,9897.3
NIFTY,16-Aug-2017,31-Aug-2017,CE,10600,2.2,2.2,1.4,1.95,1.9,1.95,2290,18208.58,3.08,948600,-36825,9897.3
NIFTY,16-Aug-2017,31-Aug-2017,CE,10650,0,0,0,17,0,0.2,0,0,0,0,0,9897.3
NIFTY,17-Aug-2017,31-Aug-2017,CE,9200,709.25,735,688.65,703.8,710,703.8,47,349.57,25.27,128025,-1650,9904.15
NIFTY,17-Aug-2017,31-Aug-2017,CE,9250,0,0,0,500.6,0,676.4,0,0,0,0,0,9904.15
NIFTY,17-Aug-2017,31-Aug-2017,CE,9300,609.85,635.55,593.55,603.8,606,603.8,137,1018.69,63.11,133875,-3300,9904.15
NIFTY,17-Aug-2017,31-Aug-2017,CE,9350,541.4,541.4,541.4,541.4,541.4,541.4,2,14.84,.81,225,-75,9904.15
NIFTY,17-Aug-2017,31-Aug-2017,CE,9400,509.15,542,490,520.65,520,520.65,145,1078.69,56.44,205275,-3525,9904.15
NIFTY,17-Aug-2017,31-Aug-2017,CE,9450,0,0,0,541.4,613,478.25,0,0,0,150,0,9904.15
NIFTY,17-Aug-2017,31-Aug-2017,CE,9500,420,448.3,397.5,418.1,422.1,418.1,1094,8144.5,349.75,550050,-21150,9904.15
NIFTY,17-Aug-2017,31-Aug-2017,CE,9550,0,0,0,373.5,377.1,381.7,0,0,0,3750,0,9904.15
NIFTY,17-Aug-2017,31-Aug-2017,CE,9600,333,352,303.8,325.8,330,325.8,2265,16872.11,564.11,695325,-21300,9904.15
NIFTY,17-Aug-2017,31-Aug-2017,CE,9650,284.85,306.15,260.8,285.2,283.95,285.2,175,1303.75,37.18,18825,-7350,9904.15
NIFTY,17-Aug-2017,31-Aug-2017,CE,9700,247.45,263.9,218.4,241.05,241,241.05,8733,65146.25,1613.68,1184475,-211575,9904.15
NIFTY,17-Aug-2017,31-Aug-2017,CE,9750,201.5,221,179.25,201.25,200.6,201.25,713,5323.7,109.89,106425,-25350,9904.15
NIFTY,17-Aug-2017,31-Aug-2017,CE,9800,170.9,183,141.65,159.6,162.05,159.6,48616,363320.93,5993.33,2589225,-460950,9904.15
NIFTY,17-Aug-2017,31-Aug-2017,CE,9850,131.25,145.5,107.2,121.6,124,121.6,6008,44970.38,586.28,247200,20550,9904.15
NIFTY,17-Aug-2017,31-Aug-2017,CE,9900,103.1,113.35,78.8,91.7,93.7,91.7,187655,1406931.28,13592.9,3363375,76575,9904.15
NIFTY,17-Aug-2017,31-Aug-2017,CE,9950,75.05,84,55.3,66.4,67.45,66.4,30534,229490.76,1630.78,432600,-12825,9904.15
NIFTY,17-Aug-2017,31-Aug-2017,CE,10000,55,60.95,38,45.45,46.1,45.45,229011,1726136.15,8553.65,5368575,-193650,9904.15
NIFTY,17-Aug-2017,31-Aug-2017,CE,10050,38.5,42.65,25.65,30.4,30.8,30.4,17345,131179.85,441.91,527775,16725,9904.15
NIFTY,17-Aug-2017,31-Aug-2017,CE,10100,26.05,29.45,17,21,20.6,21,134824,1023656.4,2364.6,4823925,102375,9904.15
NIFTY,17-Aug-2017,31-Aug-2017,CE,10150,19,20.4,12.45,14.9,14.65,14.9,10062,76719.53,122.56,682425,45825,9904.15
NIFTY,17-Aug-2017,31-Aug-2017,CE,10200,14,14.25,8.25,9.95,9.7,9.95,93198,713734.11,769.41,4915050,408750,9904.15
NIFTY,17-Aug-2017,31-Aug-2017,CE,10250,9.4,9.95,6.25,7.3,7.2,7.3,1717,13209.63,10.2,292950,14025,9904.15
NIFTY,17-Aug-2017,31-Aug-2017,CE,10300,7.1,7.45,4.4,5.25,5.1,5.25,38247,295619.91,161.83,2709525,-124200,9904.15
NIFTY,17-Aug-2017,31-Aug-2017,CE,10350,5.7,5.7,3.85,4.25,4.45,4.25,1397,10848.96,4.74,607125,8475,9904.15
NIFTY,17-Aug-2017,31-Aug-2017,CE,10400,6,6,2.75,3.1,2.85,3.1,17943,139998.85,43.45,2721375,221100,9904.15
NIFTY,17-Aug-2017,31-Aug-2017,CE,10450,3.45,3.75,2.15,2.7,2.15,2.7,79,619.34,.17,82725,-450,9904.15
NIFTY,17-Aug-2017,31-Aug-2017,CE,10500,3.2,3.2,2.2,2.35,2.3,2.35,11684,92033.23,21.73,3050850,40950,9904.15
NIFTY,17-Aug-2017,31-Aug-2017,CE,10550,2.5,2.75,1.55,2.5,2.5,2.5,69,546.08,.12,32100,975,9904.15
NIFTY,17-Aug-2017,31-Aug-2017,CE,10600,1.75,1.8,1.25,1.65,1.45,1.65,1916,15234.38,2.18,910425,-38175,9904.15
NIFTY,17-Aug-2017,31-Aug-2017,CE,10650,0,0,0,17,0,0.1,0,0,0,0,0,9904.15
NIFTY,18-Aug-2017,31-Aug-2017,CE,9200,659.2,664.5,608,662.25,660,662.25,62,457.72,29.92,126000,-2025,9837.4
NIFTY,18-Aug-2017,31-Aug-2017,CE,9250,0,0,0,500.6,0,608.15,0,0,0,0,0,9837.4
NIFTY,18-Aug-2017,31-Aug-2017,CE,9300,560,560.8,502.55,558.8,560.45,558.8,77,568.48,31.41,129300,-4575,9837.4
NIFTY,18-Aug-2017,31-Aug-2017,CE,9350,0,0,0,541.4,541.4,508.95,0,0,0,225,0,9837.4
NIFTY,18-Aug-2017,31-Aug-2017,CE,9400,459.4,470.6,408.25,457.85,454.25,457.85,254,1875.64,84.94,202125,-3150,9837.4
NIFTY,18-Aug-2017,31-Aug-2017,CE,9450,0,0,0,541.4,613,411.1,0,0,0,150,0,9837.4
NIFTY,18-Aug-2017,31-Aug-2017,CE,9500,380.75,387,319.4,366.25,365.45,366.25,1588,11736.92,422.42,537525,-12525,9837.4
NIFTY,18-Aug-2017,31-Aug-2017,CE,9550,290,315.05,290,315.05,315.05,315.05,2,14.78,.45,3825,75,9837.4
NIFTY,18-Aug-2017,31-Aug-2017,CE,9600,283.85,284.5,230,273.4,273,273.4,2580,19078,502,680025,-15300,9837.4
NIFTY,18-Aug-2017,31-Aug-2017,CE,9650,239.75,240.75,196.85,235.7,227.85,235.7,179,1325.74,30.23,14550,-4275,9837.4
NIFTY,18-Aug-2017,31-Aug-2017,CE,9700,195.85,204.1,154,190.55,187.9,190.55,20480,151739.3,2747.3,1156875,-27600,9837.4
NIFTY,18-Aug-2017,31-Aug-2017,CE,9750,159.25,162.65,121.65,155.2,150.85,155.2,1281,9505.83,138.52,105000,-1425,9837.4
NIFTY,18-Aug-2017,31-Aug-2017,CE,9800,143,149.45,90,121.05,117,121.05,146101,1085944.8,12102.45,3150375,561150,9837.4
NIFTY,18-Aug-2017,31-Aug-2017,CE,9850,113.9,113.9,65,89.3,85.95,89.3,25104,186984.99,1529.19,420900,173700,9837.4
NIFTY,18-Aug-2017,31-Aug-2017,CE,9900,81,91.25,45.1,64.45,61.25,64.45,272772,2037179.44,11847.34,4106475,743100,9837.4
NIFTY,18-Aug-2017,31-Aug-2017,CE,9950,62.45,62.45,30,44.55,41,44.55,30038,225033.62,875.04,460125,27525,9837.4
NIFTY,18-Aug-2017,31-Aug-2017,CE,10000,37,42.9,20,29.65,27.1,29.65,240314,1807056.22,4701.22,5903925,535350,9837.4
NIFTY,18-Aug-2017,31-Aug-2017,CE,10050,22.85,22.85,13.35,19.6,17.65,19.6,16192,122258.66,211.46,615825,88050,9837.4
NIFTY,18-Aug-2017,31-Aug-2017,CE,10100,14.95,17.7,9,13.1,11.6,13.1,144077,1092639.45,1256.18,4487700,-336225,9837.4
NIFTY,18-Aug-2017,31-Aug-2017,CE,10150,8.2,10.4,6.5,9.65,8.95,9.65,12146,92539.55,78.13,816150,133725,9837.4
NIFTY,18-Aug-2017,31-Aug-2017,CE,10200,8.65,8.65,4.6,6.3,5.8,6.3,76033,581982.22,329.77,4928325,13275,9837.4
NIFTY,18-Aug-2017,31-Aug-2017,CE,10250,4.65,5.2,3.8,4.8,4.55,4.8,2382,18319.72,8.09,301050,8100,9837.4
NIFTY,18-Aug-2017,31-Aug-2017,CE,10300,4.45,4.55,2.8,3.6,3.3,3.6,38202,295206.73,96.28,2721525,12000,9837.4
NIFTY,18-Aug-2017,31-Aug-2017,CE,10350,3.25,3.25,2.6,3.2,3.2,3.2,987,7663.83,2.24,597225,-9900,9837.4
NIFTY,18-Aug-2017,31-Aug-2017,CE,10400,2.5,2.9,2.05,2.35,2.3,2.35,14634,114170.66,25.46,2465625,-255750,9837.4
NIFTY,18-Aug-2017,31-Aug-2017,CE,10450,2,2.5,1.7,2.1,2.35,2.1,152,1191.55,.25,80475,-2250,9837.4
NIFTY,18-Aug-2017,31-Aug-2017,CE,10500,2,2.2,1.65,2,2.1,2,13686,107796.68,19.43,2898225,-152625,9837.4
NIFTY,18-Aug-2017,31-Aug-2017,CE,10550,1.85,2,1.65,1.65,1.65,1.65,31,245.33,.04,30825,-1275,9837.4
NIFTY,18-Aug-2017,31-Aug-2017,CE,10600,1.15,1.75,1,1.65,1.7,1.65,1409,11203.02,1.47,866100,-44325,9837.4
NIFTY,18-Aug-2017,31-Aug-2017,CE,10650,0,0,0,17,0,0.05,0,0,0,0,0,9837.4
NIFTY,21-Aug-2017,31-Aug-2017,CE,9200,665.7,683.75,564.65,573.75,570.7,573.75,68,500.59,31.39,124500,-1500,9754.35
NIFTY,21-Aug-2017,31-Aug-2017,CE,9250,0,0,0,500.6,0,520.45,0,0,0,0,0,9754.35
NIFTY,21-Aug-2017,31-Aug-2017,CE,9300,561.85,580,459.5,464,470,464,76,559.29,29.19,131100,1800,9754.35
NIFTY,21-Aug-2017,31-Aug-2017,CE,9350,0,0,0,541.4,541.4,421.45,0,0,0,225,0,9754.35
NIFTY,21-Aug-2017,31-Aug-2017,CE,9400,484,486,365,376.15,374.45,376.15,217,1595.85,66,202275,150,9754.35
NIFTY,21-Aug-2017,31-Aug-2017,CE,9450,0,0,0,541.4,613,324.75,0,0,0,150,0,9754.35
NIFTY,21-Aug-2017,31-Aug-2017,CE,9500,365.75,391.65,276.9,285.25,282.05,285.25,878,6473,217.25,518850,-18675,9754.35
NIFTY,21-Aug-2017,31-Aug-2017,CE,9550,318.2,335,318.2,335,335,335,3,22.22,.73,3750,-75,9754.35
NIFTY,21-Aug-2017,31-Aug-2017,CE,9600,283.05,297.5,189.25,198.5,197.2,198.5,3889,28704.74,703.94,628575,-51450,9754.35
NIFTY,21-Aug-2017,31-Aug-2017,CE,9650,232.95,245.95,153.5,157.75,158,157.75,580,4269.37,71.62,27975,13425,9754.35
NIFTY,21-Aug-2017,31-Aug-2017,CE,9700,192.35,211,116,123.2,122.7,123.2,26966,199140.34,2962.69,1509000,352125,9754.35
NIFTY,21-Aug-2017,31-Aug-2017,CE,9750,158.35,170.15,85.65,91.4,90.35,91.4,6135,45341.32,479.13,266625,161625,9754.35
NIFTY,21-Aug-2017,31-Aug-2017,CE,9800,124.55,133.4,61.3,66.75,64.95,66.75,178300,1322261.05,11756.05,4251000,1100625,9754.35
NIFTY,21-Aug-2017,31-Aug-2017,CE,9850,91.1,98.6,41.3,45.4,43,45.4,34819,258902.99,1677.63,593775,172875,9754.35
NIFTY,21-Aug-2017,31-Aug-2017,CE,9900,63.55,71,27.8,30.55,28.8,30.55,310597,2316632.7,10449.98,4612650,506175,9754.35
NIFTY,21-Aug-2017,31-Aug-2017,CE,9950,43.45,48,17.2,19.2,17.55,19.2,36942,276480.73,801.06,721575,261450,9754.35
NIFTY,21-Aug-2017,31-Aug-2017,CE,10000,25.55,31.45,11.45,12.65,11.65,12.65,248690,1868778.17,3603.17,5896800,-7125,9754.35
NIFTY,21-Aug-2017,31-Aug-2017,CE,10050,19.9,20.3,7.4,8.4,7.4,8.4,21154,159639.81,191.54,669450,53625,9754.35
NIFTY,21-Aug-2017,31-Aug-2017,CE,10100,12.9,13.25,5,5.55,5,5.55,133021,1008468.71,834.64,4905300,417600,9754.35
NIFTY,21-Aug-2017,31-Aug-2017,CE,10150,8.85,9.3,3.9,4.25,4.1,4.25,13137,100064.86,59.45,879600,63450,9754.35
NIFTY,21-Aug-2017,31-Aug-2017,CE,10200,6.4,6.4,2.7,3.05,2.85,3.05,65538,501562.5,196.8,4734300,-194025,9754.35
NIFTY,21-Aug-2017,31-Aug-2017,CE,10250,4.15,4.65,2.4,2.75,2.7,2.75,2542,19548,6.37,324675,23625,9754.35
NIFTY,21-Aug-2017,31-Aug-2017,CE,10300,3.6,3.8,1.9,2.2,2.2,2.2,25377,196084.77,47.44,2804250,82725,9754.35
NIFTY,21-Aug-2017,31-Aug-2017,CE,10350,3,3,1.7,2.15,2.05,2.15,2148,16677.69,3.84,591825,-5400,9754.35
NIFTY,21-Aug-2017,31-Aug-2017,CE,10400,2.65,3.05,1.55,1.75,1.65,1.75,9201,71780.56,12.76,2343375,-122250,9754.35
NIFTY,21-Aug-2017,31-Aug-2017,CE,10450,2.7,3,1.55,1.9,1.75,1.9,172,1348.33,.28,82425,1950,9754.35
NIFTY,21-Aug-2017,31-Aug-2017,CE,10500,1.85,1.85,1.35,1.5,1.4,1.5,11882,93584.52,13.77,2711475,-186750,9754.35
NIFTY,21-Aug-2017,31-Aug-2017,CE,10550,1.65,1.65,0.75,1.2,1.2,1.2,235,1859.64,.21,21150,-9675,9754.35
NIFTY,21-Aug-2017,31-Aug-2017,CE,10600,1.1,1.65,1,1.2,1.15,1.2,1069,8499.58,1.03,861825,-4275,9754.35
NIFTY,21-Aug-2017,31-Aug-2017,CE,10650,0,0,0,17,0,0,0,0,0,0,0,9754.35
NIFTY,22-Aug-2017,31-Aug-2017,CE,9200,625,625,576.9,583.25,586.45,583.25,117,859.26,51.96,121350,-3150,9765.55
NIFTY,22-Aug-2017,31-Aug-2017,CE,9250,0,0,0,500.6,0,529.9,0,0,0,0,0,9765.55
NIFTY,22-Aug-2017,31-Aug-2017,CE,9300,510.8,510.8,474.6,482.2,484.75,482.2,61,447.9,22.43,128850,-2250,9765.55
NIFTY,22-Aug-2017,31-Aug-2017,CE,9350,0,0,0,541.4,541.4,430.5,0,0,0,225,0,9765.55
NIFTY,22-Aug-2017,31-Aug-2017,CE,9400,417.75,435.95,377.5,391.65,398.65,391.65,509,3740.85,152.4,199875,-2400,9765.55
NIFTY,22-Aug-2017,31-Aug-2017,CE,9450,0,0,0,541.4,613,332.55,0,0,0,150,0,9765.55
NIFTY,22-Aug-2017,31-Aug-2017,CE,9500,319.9,344,286.5,296.5,304.4,296.5,2509,18454.64,578.02,474300,-44550,9765.55
NIFTY,22-Aug-2017,31-Aug-2017,CE,9550,218.65,218.65,218.65,218.65,218.65,218.65,1,7.33,.16,3750,0,9765.55
NIFTY,22-Aug-2017,31-Aug-2017,CE,9600,230.55,250.9,194.75,204.3,212.65,204.3,4016,29570.84,655.64,616650,-11925,9765.55
NIFTY,22-Aug-2017,31-Aug-2017,CE,9650,191.45,206.5,155,165.6,167.6,165.6,871,6422.65,118.78,38475,10500,9765.55
NIFTY,22-Aug-2017,31-Aug-2017,CE,9700,148.4,167,119.1,127.1,131.3,127.1,61960,457129.55,6370.55,1543350,34350,9765.55
NIFTY,22-Aug-2017,31-Aug-2017,CE,9750,107.6,129.25,86.6,93.55,97.95,93.55,13675,101038.56,1040.12,321900,55275,9765.55
NIFTY,22-Aug-2017,31-Aug-2017,CE,9800,82.7,97,61.1,66.15,70,66.15,327646,2426701.01,18502.91,4037925,-213075,9765.55
NIFTY,22-Aug-2017,31-Aug-2017,CE,9850,58,67.1,39.25,42.75,44.9,42.75,42647,316666.28,1611.57,863550,269775,9765.55
NIFTY,22-Aug-2017,31-Aug-2017,CE,9900,35.15,45.5,25.2,27.6,29.25,27.6,322173,2400114.73,7980.2,4520775,-91875,9765.55
NIFTY,22-Aug-2017,31-Aug-2017,CE,9950,23.05,28.3,14.5,16,16.7,16,41508,310355.95,602.5,1192050,470475,9765.55
NIFTY,22-Aug-2017,31-Aug-2017,CE,10000,13.35,17.6,9.2,10.25,10.5,10.25,257452,1933256.69,2366.69,5888700,-8100,9765.55
NIFTY,22-Aug-2017,31-Aug-2017,CE,10050,8.55,11.05,6.2,6.65,6.45,6.65,16200,122201.95,94.45,684675,15225,9765.55
NIFTY,22-Aug-2017,31-Aug-2017,CE,10100,5.3,7.1,4.05,4.3,4.2,4.3,89213,676136.65,348.17,4804875,-100425,9765.55
NIFTY,22-Aug-2017,31-Aug-2017,CE,10150,4.35,5,3.05,3.3,3.25,3.3,10042,76473.31,28.58,854325,-25275,9765.55
NIFTY,22-Aug-2017,31-Aug-2017,CE,10200,3.4,3.55,2,2.15,2.05,2.15,41528,317769.37,80.17,4578525,-155775,9765.55
NIFTY,22-Aug-2017,31-Aug-2017,CE,10250,3,3,1.9,2,1.9,2,1421,10926.34,2.4,297225,-27450,9765.55
NIFTY,22-Aug-2017,31-Aug-2017,CE,10300,2.25,2.3,1.55,1.7,1.65,1.7,17371,134215.1,24.12,2663100,-141150,9765.55
NIFTY,22-Aug-2017,31-Aug-2017,CE,10350,1.15,2.1,1.15,1.65,1.7,1.65,672,5217.29,.89,589800,-2025,9765.55
NIFTY,22-Aug-2017,31-Aug-2017,CE,10400,1.7,2.25,1.3,1.4,1.35,1.4,5867,45769.29,6.69,2287650,-55725,9765.55
NIFTY,22-Aug-2017,31-Aug-2017,CE,10450,2,2.2,1,1.35,1.35,1.35,100,783.86,.11,81075,-1350,9765.55
NIFTY,22-Aug-2017,31-Aug-2017,CE,10500,1.45,1.45,1.05,1.2,1.05,1.2,11372,89565.03,10.53,2580975,-130500,9765.55
NIFTY,22-Aug-2017,31-Aug-2017,CE,10550,1.65,1.7,1.25,1.25,1.25,1.25,46,364.03,.06,20775,-375,9765.55
NIFTY,22-Aug-2017,31-Aug-2017,CE,10600,0.9,1.2,0.9,1.1,1.1,1.1,1672,13293.76,1.36,818700,-43125,9765.55
NIFTY,22-Aug-2017,31-Aug-2017,CE,10650,0,0,0,17,0,0,0,0,0,0,0,9765.55
NIFTY,23-Aug-2017,31-Aug-2017,CE,9200,607.55,670.85,605,660.75,659.55,660.75,36,265.53,17.13,120900,-450,9852.5
NIFTY,23-Aug-2017,31-Aug-2017,CE,9250,0,0,0,500.6,0,615.2,0,0,0,0,0,9852.5
NIFTY,23-Aug-2017,31-Aug-2017,CE,9300,507.75,569,504,565.65,563,565.65,91,670.68,35.96,125625,-3225,9852.5
NIFTY,23-Aug-2017,31-Aug-2017,CE,9350,0,0,0,541.4,541.4,515.4,0,0,0,225,0,9852.5
NIFTY,23-Aug-2017,31-Aug-2017,CE,9400,418.4,470,400,460.15,453.65,460.15,313,2308.28,101.63,192075,-7800,9852.5
NIFTY,23-Aug-2017,31-Aug-2017,CE,9450,0,0,0,541.4,613,416,0,0,0,150,0,9852.5
NIFTY,23-Aug-2017,31-Aug-2017,CE,9500,321,374.6,306.25,366.15,363.45,366.15,1738,12818.01,434.76,455100,-19200,9852.5
NIFTY,23-Aug-2017,31-Aug-2017,CE,9550,278,278,278,278,278,278,1,7.37,.21,3750,0,9852.5
NIFTY,23-Aug-2017,31-Aug-2017,CE,9600,229.35,278,213.05,269.7,265,269.7,4458,32898.76,801.16,532200,-84450,9852.5
NIFTY,23-Aug-2017,31-Aug-2017,CE,9650,187.35,229.1,171.3,219.8,218,219.8,186,1372.21,26.03,34500,-3975,9852.5
NIFTY,23-Aug-2017,31-Aug-2017,CE,9700,142.8,187,127,177.75,175,177.75,37748,278913.21,4296.51,1397325,-146025,9852.5
NIFTY,23-Aug-2017,31-Aug-2017,CE,9750,105.6,143.2,91.4,134.95,131.55,134.95,6497,48063.92,554.61,250350,-71550,9852.5
NIFTY,23-Aug-2017,31-Aug-2017,CE,9800,76.35,106.05,62.65,99.75,96.25,99.75,227193,1683773.77,13905.22,3025800,-1012125,9852.5
NIFTY,23-Aug-2017,31-Aug-2017,CE,9850,50.7,71.3,38.55,66.35,63.25,66.35,47921,355988.36,1971.98,741300,-122250,9852.5
NIFTY,23-Aug-2017,31-Aug-2017,CE,9900,33.85,45.5,23.2,41.6,39.5,41.6,292971,2182823.85,7514.17,4423200,-97575,9852.5
NIFTY,23-Aug-2017,31-Aug-2017,CE,9950,19.2,26.45,13.1,23.95,22,23.95,46838,350222.71,694.14,723150,-468900,9852.5
NIFTY,23-Aug-2017,31-Aug-2017,CE,10000,14.65,15.25,7.75,14,12.75,14,196919,1478601.11,1708.61,5505000,-383700,9852.5
NIFTY,23-Aug-2017,31-Aug-2017,CE,10050,3.6,8.8,3.6,7.95,7.4,7.95,17871,134795.27,92.61,657300,-27375,9852.5
NIFTY,23-Aug-2017,31-Aug-2017,CE,10100,2.85,5.6,2.85,4.55,4.1,4.55,62153,471000.87,191.89,4376775,-428100,9852.5
NIFTY,23-Aug-2017,31-Aug-2017,CE,10150,3.55,3.55,2.25,2.95,2.7,2.95,11002,83776.02,23.3,803325,-51000,9852.5
NIFTY,23-Aug-2017,31-Aug-2017,CE,10200,2,2.6,1.35,1.85,1.7,1.85,28590,218751.81,38.31,4440000,-138525,9852.5
NIFTY,23-Aug-2017,31-Aug-2017,CE,10250,2,2,1.25,1.45,1.4,1.45,1699,13062.95,1.89,287775,-9450,9852.5
NIFTY,23-Aug-2017,31-Aug-2017,CE,10300,1.55,1.65,1.15,1.35,1.15,1.35,19592,151367.8,19.6,2546850,-116250,9852.5
NIFTY,23-Aug-2017,31-Aug-2017,CE,10350,1.6,1.6,1,1.35,1.2,1.35,120,931.62,.12,584850,-4950,9852.5
NIFTY,23-Aug-2017,31-Aug-2017,CE,10400,1.35,1.4,0.9,1,0.95,1,5743,44800.02,4.62,2137725,-149925,9852.5
NIFTY,23-Aug-2017,31-Aug-2017,CE,10450,1,1.3,0.7,0.75,0.75,0.75,45,352.72,.03,78075,-3000,9852.5
NIFTY,23-Aug-2017,31-Aug-2017,CE,10500,1.1,1.15,0.7,0.8,0.7,0.8,7210,56783.65,4.9,2347425,-233550,9852.5
NIFTY,23-Aug-2017,31-Aug-2017,CE,10550,1.5,1.5,0.9,0.9,0.9,0.9,40,316.53,.03,20550,-225,9852.5
NIFTY,23-Aug-2017,31-Aug-2017,CE,10600,0.7,1,0.6,0.75,0.7,0.75,1221,9707.71,.76,802650,-16050,9852.5
NIFTY,23-Aug-2017,31-Aug-2017,CE,10650,0,0,0,17,0,0,0,0,0,0,0,9852.5
NIFTY,24-Aug-2017,31-Aug-2017,CE,9200,677,678,653.5,671.8,675.2,671.8,30,222.01,15.01,119100,-1800,9857.05
NIFTY,24-Aug-2017,31-Aug-2017,CE,9250,0,0,0,500.6,0,618.1,0,0,0,0,0,9857.05
NIFTY,24-Aug-2017,31-Aug-2017,CE,9300,572.2,581.2,553.2,577.65,562,577.65,102,754.97,43.52,118425,-7200,9857.05
NIFTY,24-Aug-2017,31-Aug-2017,CE,9350,0,0,0,541.4,541.4,518.25,0,0,0,225,0,9857.05
NIFTY,24-Aug-2017,31-Aug-2017,CE,9400,466,484,457.4,473.65,482,473.65,322,2384.08,113.98,172725,-19350,9857.05
NIFTY,24-Aug-2017,31-Aug-2017,CE,9450,0,0,0,541.4,613,418.55,0,0,0,150,0,9857.05
NIFTY,24-Aug-2017,31-Aug-2017,CE,9500,370.85,388.5,356.4,375.15,383.65,375.15,1635,12103.75,454.38,420600,-34500,9857.05
NIFTY,24-Aug-2017,31-Aug-2017,CE,9550,0,0,0,278,278,319.9,0,0,0,3750,0,9857.05
NIFTY,24-Aug-2017,31-Aug-2017,CE,9600,274.9,291.25,258,274.6,283.05,274.6,2473,18313.14,507.54,473100,-59100,9857.05
NIFTY,24-Aug-2017,31-Aug-2017,CE,9650,225.05,235.15,212.8,228.9,226.75,228.9,216,1599.34,36.04,24375,-10125,9857.05
NIFTY,24-Aug-2017,31-Aug-2017,CE,9700,183.5,197.75,165.4,180.75,189.9,180.75,15155,112299.62,2046.99,1196475,-200850,9857.05
NIFTY,24-Aug-2017,31-Aug-2017,CE,9750,139.25,152.3,123.6,139.35,146.3,139.35,2421,17956.05,252.49,177600,-72750,9857.05
NIFTY,24-Aug-2017,31-Aug-2017,CE,9800,102.55,114.15,88.25,100.4,106.4,100.4,111476,827795.65,8447.05,2739975,-285825,9857.05
NIFTY,24-Aug-2017,31-Aug-2017,CE,9850,63.25,78.15,56.6,66.5,71.2,66.5,42602,316862.06,2139.78,1002900,261600,9857.05
NIFTY,24-Aug-2017,31-Aug-2017,CE,9900,43.1,49.8,33.05,40.15,42.15,40.15,239511,1785774.24,7405.06,4308525,-114675,9857.05
NIFTY,24-Aug-2017,31-Aug-2017,CE,9950,20,29.1,17.55,21,22.35,21,47119,352424.84,799.3,687300,-35850,9857.05
NIFTY,24-Aug-2017,31-Aug-2017,CE,10000,14.2,16.5,9.1,11,11.5,11,183812,1380323.22,1733.22,5795700,290700,9857.05
NIFTY,24-Aug-2017,31-Aug-2017,CE,10050,6.3,8.8,4.6,5.55,5.3,5.55,24558,185227.29,121.37,664500,7200,9857.05
NIFTY,24-Aug-2017,31-Aug-2017,CE,10100,4.95,5.5,2.5,2.95,2.6,2.95,58016,439627.27,156.07,4326825,-49950,9857.05
NIFTY,24-Aug-2017,31-Aug-2017,CE,10150,2.6,2.85,1.65,1.9,1.8,1.9,10246,78014.63,16.96,779550,-23775,9857.05
NIFTY,24-Aug-2017,31-Aug-2017,CE,10200,1.7,1.9,0.95,1.1,1,1.1,23160,177195.2,21.2,4272150,-167850,9857.05
NIFTY,24-Aug-2017,31-Aug-2017,CE,10250,1.4,1.4,0.8,0.95,0.8,0.95,1341,10310.01,1.07,295875,8100,9857.05
NIFTY,24-Aug-2017,31-Aug-2017,CE,10300,1,1.25,0.75,0.85,0.8,0.85,11361,87771.34,7.62,2374575,-172275,9857.05
NIFTY,24-Aug-2017,31-Aug-2017,CE,10350,4.25,4.25,0.7,0.9,0.8,0.9,1628,12638.42,1.07,586050,1200,9857.05
NIFTY,24-Aug-2017,31-Aug-2017,CE,10400,0.9,0.9,0.55,0.65,0.55,0.65,4452,34727.81,2.21,2033625,-104100,9857.05
NIFTY,24-Aug-2017,31-Aug-2017,CE,10450,0.1,3.7,0.1,0.7,0.9,0.7,124,971.91,.06,76200,-1875,9857.05
NIFTY,24-Aug-2017,31-Aug-2017,CE,10500,1,1,0.4,0.55,0.45,0.55,9107,71721.81,4.18,2230200,-117225,9857.05
NIFTY,24-Aug-2017,31-Aug-2017,CE,10550,0.5,0.6,0.5,0.6,0.55,0.6,14,110.78,.01,19725,-825,9857.05
NIFTY,24-Aug-2017,31-Aug-2017,CE,10600,0.25,0.7,0.25,0.6,0.65,0.6,1559,12394.74,.69,742425,-60225,9857.05
NIFTY,24-Aug-2017,31-Aug-2017,CE,10650,0,0,0,17,0,0,0,0,0,0,0,9857.05
NIFTY,28-Aug-2017,31-Aug-2017,CE,9200,690.1,732,687.3,711.6,718,711.6,221,1642.29,117.39,105525,-13575,9912.8
NIFTY,28-Aug-2017,31-Aug-2017,CE,9250,0,0,0,500.6,0,667.55,0,0,0,0,0,9912.8
NIFTY,28-Aug-2017,31-Aug-2017,CE,9300,585,633,579.3,609.4,613.5,609.4,243,1805.55,110.62,112575,-5850,9912.8
NIFTY,28-Aug-2017,31-Aug-2017,CE,9350,0,0,0,541.4,541.4,567.6,0,0,0,225,0,9912.8
NIFTY,28-Aug-2017,31-Aug-2017,CE,9400,495.15,533.9,495,516.3,515,516.3,266,1977.47,102.17,161400,-11325,9912.8
NIFTY,28-Aug-2017,31-Aug-2017,CE,9450,0,0,0,541.4,613,467.65,0,0,0,150,0,9912.8
NIFTY,28-Aug-2017,31-Aug-2017,CE,9500,392.2,437.3,386.5,414.6,414.9,414.6,2116,15733.8,657.3,351975,-68625,9912.8
NIFTY,28-Aug-2017,31-Aug-2017,CE,9550,339.35,393,339.35,354.4,354.4,354.4,4,29.73,1.08,3750,0,9912.8
NIFTY,28-Aug-2017,31-Aug-2017,CE,9600,300.95,338.8,284.95,316.25,316,316.25,5274,39213.92,1241.12,309075,-164025,9912.8
NIFTY,28-Aug-2017,31-Aug-2017,CE,9650,246.35,286.4,236.5,262.05,263.5,262.05,78,580.09,15.57,22050,-2325,9912.8
NIFTY,28-Aug-2017,31-Aug-2017,CE,9700,194.35,238.95,188.7,217.75,217,217.75,11014,81889.45,1762.6,934275,-262200,9912.8
NIFTY,28-Aug-2017,31-Aug-2017,CE,9750,156.65,192.25,145.5,171.4,173.15,171.4,3084,22939.98,388.23,85275,-92325,9912.8
NIFTY,28-Aug-2017,31-Aug-2017,CE,9800,111.05,146.5,102.25,128.9,126.3,128.9,92856,691124.72,8633.12,1868400,-871575,9912.8
NIFTY,28-Aug-2017,31-Aug-2017,CE,9850,80.5,101.7,65.35,85.3,84.15,85.3,29143,217079.74,1785.83,775725,-227175,9912.8
NIFTY,28-Aug-2017,31-Aug-2017,CE,9900,48.95,65.3,37,51.8,50.1,51.8,329832,2461421.91,12419.31,4826775,518250,9912.8
NIFTY,28-Aug-2017,31-Aug-2017,CE,9950,27.4,37.8,18.15,28.65,27,28.65,103401,773765.71,2135.75,1740750,1053450,9912.8
NIFTY,28-Aug-2017,31-Aug-2017,CE,10000,13.5,20,8.5,14.3,12.95,14.3,294995,2215545.13,3082.63,5869725,74025,9912.8
NIFTY,28-Aug-2017,31-Aug-2017,CE,10050,11.9,11.9,3.35,6.45,5.7,6.45,50605,381674.5,239.32,881775,217275,9912.8
NIFTY,28-Aug-2017,31-Aug-2017,CE,10100,3.45,4.35,1.95,3.15,2.5,3.15,100774,763586.11,223.06,4667850,341025,9912.8
NIFTY,28-Aug-2017,31-Aug-2017,CE,10150,3,3,1.15,1.6,1.4,1.6,12636,96206.24,14.69,843825,64275,9912.8
NIFTY,28-Aug-2017,31-Aug-2017,CE,10200,1.2,1.2,0.7,1,0.9,1,48147,368356.25,31.7,4117050,-155100,9912.8
NIFTY,28-Aug-2017,31-Aug-2017,CE,10250,0.95,1.5,0.4,0.9,0.85,0.9,2708,20819.5,1.75,319875,24000,9912.8
NIFTY,28-Aug-2017,31-Aug-2017,CE,10300,0.65,0.85,0.55,0.8,0.8,0.8,16476,127285.65,8.55,2281725,-92850,9912.8
NIFTY,28-Aug-2017,31-Aug-2017,CE,10350,0.55,1,0.35,0.8,0.85,0.8,472,3664.17,.27,585975,-75,9912.8
NIFTY,28-Aug-2017,31-Aug-2017,CE,10400,0.7,0.8,0.4,0.65,0.55,0.65,15248,118942.07,7.67,1968525,-65100,9912.8
NIFTY,28-Aug-2017,31-Aug-2017,CE,10450,0.85,0.9,0.2,0.25,0.2,0.25,60,470.28,.03,75825,-375,9912.8
NIFTY,28-Aug-2017,31-Aug-2017,CE,10500,0.55,0.65,0.4,0.5,0.45,0.5,6545,51544.22,2.34,2048175,-182025,9912.8
NIFTY,28-Aug-2017,31-Aug-2017,CE,10550,0.6,0.6,0.6,0.6,0.6,0.6,1,7.91,0,19650,-75,9912.8
NIFTY,28-Aug-2017,31-Aug-2017,CE,10600,0.3,0.55,0.25,0.55,0.5,0.55,1503,11949.41,.56,698550,-43875,9912.8
NIFTY,28-Aug-2017,31-Aug-2017,CE,10650,0,0,0,17,0,0,0,0,0,0,0,9912.8
NIFTY,29-Aug-2017,31-Aug-2017,CE,9200,673.35,673.35,582,600.25,596.45,600.25,984,7250.31,460.71,67500,-38025,9796.05
NIFTY,29-Aug-2017,31-Aug-2017,CE,9250,0,0,0,500.6,0,549.2,0,0,0,0,0,9796.05
NIFTY,29-Aug-2017,31-Aug-2017,CE,9300,569,569,480,491.05,485,491.05,314,2316.4,126.25,98475,-14100,9796.05
NIFTY,29-Aug-2017,31-Aug-2017,CE,9350,0,0,0,541.4,541.4,449.25,0,0,0,225,0,9796.05
NIFTY,29-Aug-2017,31-Aug-2017,CE,9400,470,470,385,396.1,392.85,396.1,1589,11721.64,519.19,105975,-55425,9796.05
NIFTY,29-Aug-2017,31-Aug-2017,CE,9450,0,0,0,541.4,613,349.3,0,0,0,150,0,9796.05
NIFTY,29-Aug-2017,31-Aug-2017,CE,9500,371.2,372.05,281,296.55,289,296.55,3478,25636.41,855.66,213000,-138975,9796.05
NIFTY,29-Aug-2017,31-Aug-2017,CE,9550,336.7,336.7,265,265,265,265,3,22.16,.68,3750,0,9796.05
NIFTY,29-Aug-2017,31-Aug-2017,CE,9600,271.55,277,188,201.5,197,201.5,5404,39849.09,940.29,269475,-39600,9796.05
NIFTY,29-Aug-2017,31-Aug-2017,CE,9650,229.4,229.4,145.2,156.75,145.2,156.75,80,589.74,10.74,20925,-1125,9796.05
NIFTY,29-Aug-2017,31-Aug-2017,CE,9700,181.65,182.2,98.8,111.85,108,111.85,38747,285797.83,3913.41,891300,-42975,9796.05
NIFTY,29-Aug-2017,31-Aug-2017,CE,9750,129,137,61.85,72.2,68.5,72.2,11274,83152.52,711.4,171300,86025,9796.05
NIFTY,29-Aug-2017,31-Aug-2017,CE,9800,100.05,100.95,33.9,41.3,38.3,41.3,335936,2483250.9,14121.3,4047975,2179575,9796.05
NIFTY,29-Aug-2017,31-Aug-2017,CE,9850,45.9,59.15,16,21.05,19,21.05,223636,1657258.79,5147.84,2537475,1761750,9796.05
NIFTY,29-Aug-2017,31-Aug-2017,CE,9900,34.6,34.7,7.5,9.95,9,9.95,652756,4854697.1,7983.8,5964000,1137225,9796.05
NIFTY,29-Aug-2017,31-Aug-2017,CE,9950,16.5,16.5,3.15,4.2,3.7,4.2,213410,1593758.92,1186.8,1919400,178650,9796.05
NIFTY,29-Aug-2017,31-Aug-2017,CE,10000,8,9.9,1.45,2,1.7,2,370363,2778620.46,897.96,5753325,-116400,9796.05
NIFTY,29-Aug-2017,31-Aug-2017,CE,10050,4,4,0.9,1.15,1,1.15,47739,359890.44,57.73,921600,39825,9796.05
NIFTY,29-Aug-2017,31-Aug-2017,CE,10100,1.55,1.85,0.6,0.85,0.7,0.85,172104,1303809.62,121.82,4107450,-560400,9796.05
NIFTY,29-Aug-2017,31-Aug-2017,CE,10150,0.9,1.5,0.6,0.75,0.65,0.75,15711,119608.82,8.83,798825,-45000,9796.05
NIFTY,29-Aug-2017,31-Aug-2017,CE,10200,0.75,0.75,0.5,0.55,0.5,0.55,38337,293293.89,15.84,3576375,-540675,9796.05
NIFTY,29-Aug-2017,31-Aug-2017,CE,10250,0.75,0.75,0.35,0.55,0.35,0.55,2363,18166.6,1.04,326850,6975,9796.05
NIFTY,29-Aug-2017,31-Aug-2017,CE,10300,0.65,0.65,0.4,0.5,0.4,0.5,20831,160927.5,8.02,2309925,28200,9796.05
NIFTY,29-Aug-2017,31-Aug-2017,CE,10350,0.75,0.75,0.25,0.5,0.45,0.5,433,3361.33,.17,569550,-16425,9796.05
NIFTY,29-Aug-2017,31-Aug-2017,CE,10400,0.4,0.7,0.4,0.45,0.4,0.45,10467,81646.34,3.74,1934400,-34125,9796.05
NIFTY,29-Aug-2017,31-Aug-2017,CE,10450,0.3,0.35,0.25,0.3,0.3,0.3,47,368.37,.01,75075,-750,9796.05
NIFTY,29-Aug-2017,31-Aug-2017,CE,10500,0.3,0.8,0.25,0.35,0.4,0.35,11753,92558.58,3.7,1861500,-186675,9796.05
NIFTY,29-Aug-2017,31-Aug-2017,CE,10550,0.5,0.5,0.5,0.5,0.5,0.5,1,7.91,0,19575,-75,9796.05
NIFTY,29-Aug-2017,31-Aug-2017,CE,10600,0.3,0.6,0.3,0.4,0.35,0.4,2574,20464.18,.88,626550,-72000,9796.05
NIFTY,29-Aug-2017,31-Aug-2017,CE,10650,0,0,0,17,0,0,0,0,0,0,0,9796.05
NIFTY,30-Aug-2017,31-Aug-2017,CE,9200,650.95,715.95,650.95,683.3,682.1,683.3,549,4071.02,282.92,57075,-10425,9884.4
NIFTY,30-Aug-2017,31-Aug-2017,CE,9250,0,0,0,500.6,0,636,0,0,0,0,0,9884.4
NIFTY,30-Aug-2017,31-Aug-2017,CE,9300,548.05,612,548.05,580.8,577,580.8,738,5475.05,327.5,51300,-47175,9884.4
NIFTY,30-Aug-2017,31-Aug-2017,CE,9350,548.4,548.4,548.4,548.4,548.4,548.4,2,14.85,.82,225,0,9884.4
NIFTY,30-Aug-2017,31-Aug-2017,CE,9400,463.75,513,462,477.5,478,477.5,826,6124.64,301.34,68250,-37725,9884.4
NIFTY,30-Aug-2017,31-Aug-2017,CE,9450,0,0,0,541.4,613,436.05,0,0,0,150,0,9884.4
NIFTY,30-Aug-2017,31-Aug-2017,CE,9500,350.7,414,346.95,379.85,375.75,379.85,1920,14239.98,559.98,126000,-87000,9884.4
NIFTY,30-Aug-2017,31-Aug-2017,CE,9550,309.65,361.15,309.65,358,358,358,22,163.41,5.84,2700,-1050,9884.4
NIFTY,30-Aug-2017,31-Aug-2017,CE,9600,250,314.15,246.35,280.1,277.05,280.1,3246,24060.15,688.95,160275,-109200,9884.4
NIFTY,30-Aug-2017,31-Aug-2017,CE,9650,200.9,256.75,200.9,226.05,224.3,226.05,46,341.05,8.13,20475,-450,9884.4
NIFTY,30-Aug-2017,31-Aug-2017,CE,9700,148.65,217.95,144.8,182,180.6,182,21537,159626.92,2945.25,463650,-427650,9884.4
NIFTY,30-Aug-2017,31-Aug-2017,CE,9750,103,166.3,101.45,130.95,130.15,130.95,4198,31116.06,418.18,86550,-84750,9884.4
NIFTY,30-Aug-2017,31-Aug-2017,CE,9800,58.1,128.8,58.1,87.55,84.75,87.55,188797,1400254.74,12596.79,1875000,-2172975,9884.4
NIFTY,30-Aug-2017,31-Aug-2017,CE,9850,29.8,79.7,29.75,46.95,44,46.95,178031,1321924.03,6720.01,1598400,-939075,9884.4
NIFTY,30-Aug-2017,31-Aug-2017,CE,9900,15.6,41.6,12.1,20.45,18.15,20.45,672385,5005267.39,12808.76,4044300,-1919700,9884.4
NIFTY,30-Aug-2017,31-Aug-2017,CE,9950,5.5,18.95,4.9,6.7,5.75,6.7,291962,2181063.99,2297.56,2332425,413025,9884.4
NIFTY,30-Aug-2017,31-Aug-2017,CE,10000,2.1,8.1,1.65,2.3,2,2.3,364458,2734582.37,1147.37,5770425,17100,9884.4
NIFTY,30-Aug-2017,31-Aug-2017,CE,10050,1.85,3,0.65,0.8,0.65,0.8,71839,541572.29,85.83,1147050,225450,9884.4
NIFTY,30-Aug-2017,31-Aug-2017,CE,10100,0.55,1.05,0.4,0.5,0.4,0.5,102167,773969.5,54.47,3711975,-395475,9884.4
NIFTY,30-Aug-2017,31-Aug-2017,CE,10150,0.7,0.85,0.35,0.4,0.35,0.4,7932,60385.77,3.42,762225,-36600,9884.4
NIFTY,30-Aug-2017,31-Aug-2017,CE,10200,0.85,0.85,0.2,0.3,0.2,0.3,25585,195732.46,7.21,3453450,-122925,9884.4
NIFTY,30-Aug-2017,31-Aug-2017,CE,10250,0.7,0.7,0.3,0.35,0.3,0.35,969,7449.43,.24,306975,-19875,9884.4
NIFTY,30-Aug-2017,31-Aug-2017,CE,10300,0.45,0.45,0.15,0.35,0.2,0.35,17601,135971.67,3.94,1999725,-310200,9884.4
NIFTY,30-Aug-2017,31-Aug-2017,CE,10350,0.5,0.5,0.3,0.3,0.3,0.3,1223,9493.83,.29,564000,-5550,9884.4
NIFTY,30-Aug-2017,31-Aug-2017,CE,10400,0.5,0.5,0.2,0.3,0.25,0.3,12844,100186.36,3.16,1997325,62925,9884.4
NIFTY,30-Aug-2017,31-Aug-2017,CE,10450,0.15,0.5,0.15,0.2,0.2,0.2,35,274.32,.01,73275,-1800,9884.4
NIFTY,30-Aug-2017,31-Aug-2017,CE,10500,0.2,0.4,0.15,0.25,0.15,0.25,7487,58961.75,1.63,1753425,-108075,9884.4
NIFTY,30-Aug-2017,31-Aug-2017,CE,10550,0.15,0.5,0.15,0.5,0.5,0.5,2,15.83,0,19500,-75,9884.4
NIFTY,30-Aug-2017,31-Aug-2017,CE,10600,0.15,0.4,0.15,0.25,0.15,0.25,685,5445.88,.13,609750,-16800,9884.4
NIFTY,30-Aug-2017,31-Aug-2017,CE,10650,0,0,0,17,0,0,0,0,0,0,0,9884.4
NIFTY,31-Aug-2017,31-Aug-2017,CE,9200,677.9,721.15,657.8,717.3,719.5,0,770,5710.42,397.42,56625,-450,9917.9
NIFTY,31-Aug-2017,31-Aug-2017,CE,9250,0,0,0,500.6,0,0,0,0,0,0,0,9917.9
NIFTY,31-Aug-2017,31-Aug-2017,CE,9300,576.35,614.3,551.45,609.8,607.85,0,1008,7459.46,428.66,975,-50325,9917.9
NIFTY,31-Aug-2017,31-Aug-2017,CE,9350,508,508,508,508,508,0,3,22.18,1.14,150,-75,9917.9
NIFTY,31-Aug-2017,31-Aug-2017,CE,9400,483,515.6,451,510.25,508,0,1206,8932.73,430.43,5925,-62325,9917.9
NIFTY,31-Aug-2017,31-Aug-2017,CE,9450,406.75,452.9,406.75,452.9,452.9,0,3,22.23,.97,150,0,9917.9
NIFTY,31-Aug-2017,31-Aug-2017,CE,9500,365.15,417.05,350.45,409.35,410.5,0,2589,19182.56,735.94,23925,-102075,9917.9
NIFTY,31-Aug-2017,31-Aug-2017,CE,9550,316.6,340,302,329,329,0,34,251.51,7.99,150,-2550,9917.9
NIFTY,31-Aug-2017,31-Aug-2017,CE,9600,275.3,312.5,249.4,309.85,309.5,0,2815,20870.44,602.44,62175,-98100,9917.9
NIFTY,31-Aug-2017,31-Aug-2017,CE,9650,221.25,258.6,203.7,257.45,256.75,0,484,3583.35,80.4,2850,-17625,9917.9
NIFTY,31-Aug-2017,31-Aug-2017,CE,9700,176.25,215.45,151,209.75,209.1,0,15844,117374.94,2109.84,47475,-416175,9917.9
NIFTY,31-Aug-2017,31-Aug-2017,CE,9750,141.95,164.05,100.1,159.15,155.95,0,4081,30241.67,399.36,10500,-76050,9917.9
NIFTY,31-Aug-2017,31-Aug-2017,CE,9800,80.65,119.7,56.15,111.45,117.45,0,190212,1409854.61,11796.41,204000,-1671000,9917.9
NIFTY,31-Aug-2017,31-Aug-2017,CE,9850,39.95,68.5,20.35,62.05,61,0,295889,2194460.89,8580.91,224625,-1373775,9917.9
NIFTY,31-Aug-2017,31-Aug-2017,CE,9900,19,21,4,13.25,5.35,0,1213116,9017058.6,9672.3,855975,-3188325,9917.9
NIFTY,31-Aug-2017,31-Aug-2017,CE,9950,4.9,4.9,0.05,0.15,0.05,0,557762,4162824.07,525.14,4118475,1786050,9917.9
NIFTY,31-Aug-2017,31-Aug-2017,CE,10000,0.9,1.85,0.05,0.05,0.05,0,356611,2674665.14,82.64,7088925,1318500,9917.9
NIFTY,31-Aug-2017,31-Aug-2017,CE,10050,1.4,1.4,0.05,0.05,0.05,0,26332,198479.4,1.95,976500,-170550,9917.9
NIFTY,31-Aug-2017,31-Aug-2017,CE,10100,0.05,0.4,0.05,0.05,0.05,0,25142,190451.8,1.15,3576450,-135525,9917.9
NIFTY,31-Aug-2017,31-Aug-2017,CE,10150,0.05,0.15,0.05,0.05,0.05,0,8614,65574.45,.38,697425,-64800,9917.9
NIFTY,31-Aug-2017,31-Aug-2017,CE,10200,0.05,0.1,0.05,0.05,0.05,0,9322,71313.66,.36,3476850,23400,9917.9
NIFTY,31-Aug-2017,31-Aug-2017,CE,10250,0.05,0.1,0.05,0.05,0.05,0,4414,33932.82,.2,543525,236550,9917.9
NIFTY,31-Aug-2017,31-Aug-2017,CE,10300,0.05,0.1,0.05,0.05,0.05,0,9452,73017.06,.36,1995375,-4350,9917.9
NIFTY,31-Aug-2017,31-Aug-2017,CE,10350,0.05,0.1,0.05,0.05,0.05,0,628,4874.87,.02,559725,-4275,9917.9
NIFTY,31-Aug-2017,31-Aug-2017,CE,10400,0.05,0.1,0.05,0.05,0.05,0,10249,79942.59,.39,1927125,-70200,9917.9
NIFTY,31-Aug-2017,31-Aug-2017,CE,10450,0.05,0.1,0.05,0.05,0.05,0,134,1050.23,.01,69675,-3600,9917.9
NIFTY,31-Aug-2017,31-Aug-2017,CE,10500,0.05,0.05,0.05,0.05,0.05,0,4708,37075.68,.18,1690875,-62550,9917.9
NIFTY,31-Aug-2017,31-Aug-2017,CE,10550,0,0,0,0.5,0.5,0,0,0,0,19500,0,9917.9
NIFTY,31-Aug-2017,31-Aug-2017,CE,10600,0.05,0.05,0.05,0.05,0.05,0,1058,8411.14,.04,593925,-15825,9917.9
NIFTY,31-Aug-2017,31-Aug-2017,CE,10650,0,0,0,17,0,0,0,0,0,0,0,9917.9
