NIFTY,25-May-2017,29-Jun-2017,CE,9900,3.4,5.7,2.6,4.95,4.7,4.95,12075,89691.23,34.35,842625,195825,9509.75
NIFTY,25-May-2017,29-Jun-2017,CE,9950,0,0,0,33.75,0,27.7,0,0,0,0,0,9509.75
NIFTY,25-May-2017,29-Jun-2017,CE,10000,2.25,3,1.6,2.5,2.2,2.5,14117,105898.83,21.33,1173275,182175,9509.75
NIFTY,25-May-2017,29-Jun-2017,CE,10050,0,0,0,23.5,0,16.15,0,0,0,0,0,9509.75
NIFTY,25-May-2017,29-Jun-2017,CE,10100,1.7,1.75,0.95,1.3,1.2,1.3,373,2825.85,.38,24825,9600,9509.75
NIFTY,25-May-2017,29-Jun-2017,CE,10150,0,0,0,16.05,0,8.95,0,0,0,0,0,9509.75
NIFTY,25-May-2017,29-Jun-2017,CE,10200,0,0,0,787.6,0,6.55,0,0,0,0,0,9509.75
NIFTY,25-May-2017,29-Jun-2017,CE,9250,220,220,220,220,220,220,1,7.1,.17,150,75,9509.75
NIFTY,25-May-2017,29-Jun-2017,CE,9300,179.3,247,167,240.75,241.15,240.75,19886,141615.68,2910.83,1427400,270075,9509.75
NIFTY,25-May-2017,29-Jun-2017,CE,9350,145,205,136.4,200.45,196.8,200.45,1492,10640.75,178.1,89100,67875,9509.75
NIFTY,25-May-2017,29-Jun-2017,CE,9400,113.35,172,107.9,165.6,164.75,165.6,68927,492852.15,6916.8,1993200,335325,9509.75
NIFTY,25-May-2017,29-Jun-2017,CE,9450,89,136.2,81.95,131.7,132,131.7,3886,27850.64,308.62,94050,4725,9509.75
NIFTY,25-May-2017,29-Jun-2017,CE,9500,68.45,107,61.2,102.95,103.2,102.95,93318,670598.45,5707.7,3327750,639225,9509.75
NIFTY,25-May-2017,29-Jun-2017,CE,9550,47.95,82.8,41.8,77.95,77.45,77.95,2867,20669.49,134.6,120150,50250,9509.75
NIFTY,25-May-2017,29-Jun-2017,CE,9600,32,59,30.45,56.25,56.55,56.25,82329,595402.72,2633.92,3393900,521850,9509.75
NIFTY,25-May-2017,29-Jun-2017,CE,9650,24.1,42,20.95,39.1,39,39.1,2658,19304.74,67.46,148800,114375,9509.75
NIFTY,25-May-2017,29-Jun-2017,CE,9700,13.35,28.75,13.2,26.7,26.75,26.7,62202,453411.04,891.49,2965275,576000,9509.75
NIFTY,25-May-2017,29-Jun-2017,CE,9750,8.8,19.15,8.75,17.2,17.95,17.2,501,3668.51,4.95,24450,19875,9509.75
NIFTY,25-May-2017,29-Jun-2017,CE,9800,6.4,12.35,5.3,11.35,11.05,11.35,49710,365673.06,304.56,2343825,934650,9509.75
NIFTY,25-May-2017,29-Jun-2017,CE,9850,5,6,3.75,6,6,6,9,66.52,.03,2400,225,9509.75
NIFTY,25-May-2017,29-Jun-2017,CE,8900,505,607,499.5,598.65,589.95,598.65,1343,9506.68,542.16,267075,64050,9509.75
NIFTY,25-May-2017,29-Jun-2017,CE,8950,0,0,0,461.35,461.35,620.85,0,0,0,150,0,9509.75
NIFTY,25-May-2017,29-Jun-2017,CE,9000,418.1,511,406,502.45,500,502.45,7801,55258.96,2602.21,1377450,339300,9509.75
NIFTY,25-May-2017,29-Jun-2017,CE,9050,0,0,0,440,440,526.75,0,0,0,75,0,9509.75
NIFTY,25-May-2017,29-Jun-2017,CE,9100,334.05,417.45,318,408.45,403.95,408.45,3170,22475.64,840.39,399975,128550,9509.75
NIFTY,25-May-2017,29-Jun-2017,CE,9150,275,275,251.05,251.05,251.05,251.05,2,14.12,.39,450,150,9509.75
NIFTY,25-May-2017,29-Jun-2017,CE,9200,250.2,329.4,238.85,323.25,324.55,323.25,5296,37628.39,1085.99,697725,137025,9509.75
NIFTY,26-May-2017,29-Jun-2017,CE,9900,4.4,10.45,4.3,9.7,9.2,9.7,52871,392884.13,316.96,1326375,483750,9595.1
NIFTY,26-May-2017,29-Jun-2017,CE,9950,4,9.4,4,7.55,6.35,7.55,86,642.21,.43,2550,2550,9595.1
NIFTY,26-May-2017,29-Jun-2017,CE,10000,1.85,4.75,1.85,4.4,4.2,4.4,40011,300193.99,111.49,1551200,377925,9595.1
NIFTY,26-May-2017,29-Jun-2017,CE,10050,0,0,0,23.5,0,27.45,0,0,0,0,0,9595.1
NIFTY,26-May-2017,29-Jun-2017,CE,10100,1.85,2.55,1.35,2.45,2.45,2.45,10450,79177.18,18.43,233475,208650,9595.1
NIFTY,26-May-2017,29-Jun-2017,CE,10150,0,0,0,16.05,0,16.15,0,0,0,0,0,9595.1
NIFTY,26-May-2017,29-Jun-2017,CE,10200,1.85,1.85,1.2,1.6,1.35,1.6,120,918.15,.15,8025,8025,9595.1
NIFTY,26-May-2017,29-Jun-2017,CE,9250,0,0,0,220,220,424.55,0,0,0,150,0,9595.1
NIFTY,26-May-2017,29-Jun-2017,CE,9300,233.25,312,232.15,304.8,301,304.8,10242,73556.1,2118.15,1383975,-43425,9595.1
NIFTY,26-May-2017,29-Jun-2017,CE,9350,208.1,266.95,190.85,260.95,256.2,260.95,663,4764.57,115.28,93750,4650,9595.1
NIFTY,26-May-2017,29-Jun-2017,CE,9400,160.4,230,158.8,223.3,219,223.3,29124,209629.37,4305.17,1764000,-229200,9595.1
NIFTY,26-May-2017,29-Jun-2017,CE,9450,128.45,191.7,126.95,184.15,181.5,184.15,2420,17440.34,288.59,102975,8925,9595.1
NIFTY,26-May-2017,29-Jun-2017,CE,9500,95.9,157,95.9,149.85,147.6,149.85,131732,951265.14,12674.64,3289950,-37800,9595.1
NIFTY,26-May-2017,29-Jun-2017,CE,9550,77.3,124,73.4,119,117.5,119,10202,73848.09,776.26,173850,53700,9595.1
NIFTY,26-May-2017,29-Jun-2017,CE,9600,55,94.8,53.15,90.7,88.85,90.7,202538,1470134.48,11860.88,3908175,514275,9595.1
NIFTY,26-May-2017,29-Jun-2017,CE,9650,40,70.6,36.1,67.45,65.45,67.45,11546,84066.93,502.75,245100,96300,9595.1
NIFTY,26-May-2017,29-Jun-2017,CE,9700,25.4,51.85,24.15,48.5,47,48.5,168154,1228386.38,5066.03,3433800,468525,9595.1
NIFTY,26-May-2017,29-Jun-2017,CE,9750,17.5,35.2,16.15,33.3,33,33.3,7030,51554.56,147.68,144525,120075,9595.1
NIFTY,26-May-2017,29-Jun-2017,CE,9800,10.95,24.05,9.7,22.7,21.6,22.7,118748,874423.26,1625.46,2888625,544800,9595.1
NIFTY,26-May-2017,29-Jun-2017,CE,9850,17.95,20,6,14.3,13.2,14.3,2403,17775.54,23.38,72150,69750,9595.1
NIFTY,26-May-2017,29-Jun-2017,CE,8900,586.85,681.2,586.85,675,672,675,219,1565.7,103.87,262500,-4575,9595.1
NIFTY,26-May-2017,29-Jun-2017,CE,8950,0,0,0,461.35,461.35,702.6,0,0,0,150,0,9595.1
NIFTY,26-May-2017,29-Jun-2017,CE,9000,500.5,586,493.65,579.5,575.35,579.5,2229,15963.08,917.33,1315425,-62025,9595.1
NIFTY,26-May-2017,29-Jun-2017,CE,9050,0,0,0,440,440,606.6,0,0,0,75,0,9595.1
NIFTY,26-May-2017,29-Jun-2017,CE,9100,404.45,491.15,401.75,484.4,478.7,484.4,1033,7393.69,343.46,387600,-12375,9595.1
NIFTY,26-May-2017,29-Jun-2017,CE,9150,0,0,0,251.05,251.05,513.4,0,0,0,450,0,9595.1
NIFTY,26-May-2017,29-Jun-2017,CE,9200,315.8,399.95,313,390.9,386,390.9,3534,25331.63,947.03,643575,-54150,9595.1
NIFTY,29-May-2017,29-Jun-2017,CE,9900,14.55,18.85,8.25,15.45,16.35,15.45,95978,713668.43,1031.78,1506750,180375,9604.9
NIFTY,29-May-2017,29-Jun-2017,CE,9950,7.25,12.05,6,9.95,10.6,9.95,1652,12339.75,11.7,21975,19425,9604.9
NIFTY,29-May-2017,29-Jun-2017,CE,10000,4,8.1,3.8,6.85,7.4,6.85,63986,480200.66,305.66,1826000,274800,9604.9
NIFTY,29-May-2017,29-Jun-2017,CE,10050,4.25,6,4.25,5.9,5.9,5.9,14,105.58,.06,525,525,9604.9
NIFTY,29-May-2017,29-Jun-2017,CE,10100,2,4.85,1.55,3.6,3.8,3.6,16070,121770.42,40.17,379875,146400,9604.9
NIFTY,29-May-2017,29-Jun-2017,CE,10150,0,0,0,16.05,0,12.35,0,0,0,0,0,9604.9
NIFTY,29-May-2017,29-Jun-2017,CE,10200,1.8,2.5,1.6,2.1,2.2,2.1,1994,15257.28,3.18,30600,22575,9604.9
NIFTY,29-May-2017,29-Jun-2017,CE,9250,0,0,0,220,220,423.75,0,0,0,150,0,9604.9
NIFTY,29-May-2017,29-Jun-2017,CE,9300,290.5,361.75,280.3,335.75,338.65,335.75,7167,51682.4,1692.57,1209300,-174675,9604.9
NIFTY,29-May-2017,29-Jun-2017,CE,9350,255.95,312.85,240.5,292.05,297.5,292.05,400,2887.91,82.91,88350,-5400,9604.9
NIFTY,29-May-2017,29-Jun-2017,CE,9400,211.4,275,202.35,249.25,256.1,249.25,21789,157506.65,3894.2,1650900,-113100,9604.9
NIFTY,29-May-2017,29-Jun-2017,CE,9450,176.55,235.4,168.3,213.3,217.35,213.3,739,5349.85,112.18,98550,-4425,9604.9
NIFTY,29-May-2017,29-Jun-2017,CE,9500,140.7,197.55,135.85,175.05,180.35,175.05,66943,485265.29,8296.42,3046500,-243450,9604.9
NIFTY,29-May-2017,29-Jun-2017,CE,9550,112,161.25,108.25,142.25,147.85,142.25,5367,38981.58,540.44,148125,-25725,9604.9
NIFTY,29-May-2017,29-Jun-2017,CE,9600,85.1,130.5,81.5,112.95,117.65,112.95,193651,1409630.29,15343.09,3411825,-496350,9604.9
NIFTY,29-May-2017,29-Jun-2017,CE,9650,59.05,102.2,55.5,87.8,91.45,87.8,18937,138245.89,1189.35,257475,12375,9604.9
NIFTY,29-May-2017,29-Jun-2017,CE,9700,46.35,77.75,41.75,65.65,68.9,65.65,196703,1440149.22,9134.89,3909900,476100,9604.9
NIFTY,29-May-2017,29-Jun-2017,CE,9750,30,56.85,28.65,47.8,50,47.8,10798,79324.4,364.02,183900,39375,9604.9
NIFTY,29-May-2017,29-Jun-2017,CE,9800,20.8,41,19,33.7,33.5,33.7,159107,1173160.37,3723.92,3261825,373200,9604.9
NIFTY,29-May-2017,29-Jun-2017,CE,9850,6.2,28.25,6.2,22.9,24.25,22.9,6438,47666.99,106.27,64575,-7575,9604.9
NIFTY,29-May-2017,29-Jun-2017,CE,8900,665,740,647.3,706.7,708.05,706.7,1288,9270.06,672.66,206550,-55950,9604.9
NIFTY,29-May-2017,29-Jun-2017,CE,8950,0,0,0,461.35,461.35,706.45,0,0,0,150,0,9604.9
NIFTY,29-May-2017,29-Jun-2017,CE,9000,567,640,552.35,606.9,615.95,606.9,4069,29296.71,1830.96,1128600,-186825,9604.9
NIFTY,29-May-2017,29-Jun-2017,CE,9050,0,0,0,440,440,609.35,0,0,0,75,0,9604.9
NIFTY,29-May-2017,29-Jun-2017,CE,9100,472.4,543,454,510.25,515.65,510.25,486,3501.55,184.6,378300,-9300,9604.9
NIFTY,29-May-2017,29-Jun-2017,CE,9150,0,0,0,251.05,251.05,514.6,0,0,0,450,0,9604.9
NIFTY,29-May-2017,29-Jun-2017,CE,9200,380,448.6,366.65,423.65,424.15,423.65,2058,14821.08,620.88,566925,-76650,9604.9
NIFTY,30-May-2017,29-Jun-2017,CE,9850,20,28,19.95,25.55,24,25.55,4558,33757.52,85.3,107850,43275,9624.55
NIFTY,30-May-2017,29-Jun-2017,CE,9900,16.35,19,13.25,17.5,16.8,17.5,63482,472180.11,826.26,1634250,127500,9624.55
NIFTY,30-May-2017,29-Jun-2017,CE,9950,10.15,12.55,9.8,11.45,11.15,11.45,1926,14389.39,16.62,49050,27075,9624.55
NIFTY,30-May-2017,29-Jun-2017,CE,10000,13.95,15,6,8.3,7.9,8.3,56770,426116.55,341.55,2187825,361825,9624.55
NIFTY,30-May-2017,29-Jun-2017,CE,10050,5,6.5,5,6.05,6,6.05,221,1666.79,1,14925,14400,9624.55
NIFTY,30-May-2017,29-Jun-2017,CE,10100,3.5,4.55,3.45,4.3,4.05,4.3,17012,128919.03,53.13,485475,105600,9624.55
NIFTY,30-May-2017,29-Jun-2017,CE,10150,0,0,0,16.05,0,11.55,0,0,0,0,0,9624.55
NIFTY,30-May-2017,29-Jun-2017,CE,10200,2.2,2.5,1.8,2.2,2.25,2.2,1864,14262.68,3.08,41400,10800,9624.55
NIFTY,30-May-2017,29-Jun-2017,CE,9250,0,0,0,220,220,436.8,0,0,0,150,0,9624.55
NIFTY,30-May-2017,29-Jun-2017,CE,9300,315.35,357,315.35,348.05,344,348.05,2872,20765.77,733.57,1176225,-33075,9624.55
NIFTY,30-May-2017,29-Jun-2017,CE,9350,275.55,311.3,275.55,303.7,303.7,303.7,146,1056.47,32.65,88425,75,9624.55
NIFTY,30-May-2017,29-Jun-2017,CE,9400,239.85,272,235.85,262.1,259,262.1,5605,40585.19,1069.94,1629975,-20925,9624.55
NIFTY,30-May-2017,29-Jun-2017,CE,9450,203.9,232.4,199.25,223.3,219,223.3,466,3378.61,75.84,96000,-2550,9624.55
NIFTY,30-May-2017,29-Jun-2017,CE,9500,165.1,195,160.05,186.45,181.35,186.45,31312,227317.23,4219.23,3096675,50175,9624.55
NIFTY,30-May-2017,29-Jun-2017,CE,9550,134.2,160,134.2,152.65,147.5,152.65,2337,16998.32,259.55,146325,-1800,9624.55
NIFTY,30-May-2017,29-Jun-2017,CE,9600,102.2,128.8,101,121.25,117.55,121.25,111638,813634.75,9841.15,3448575,36750,9624.55
NIFTY,30-May-2017,29-Jun-2017,CE,9650,79.2,100.95,79.2,94.35,92,94.35,13477,98468.86,929.07,379875,122400,9624.55
NIFTY,30-May-2017,29-Jun-2017,CE,9700,63.2,77.75,57.8,71.3,69.35,71.3,123458,904639.43,6482.48,4210725,300825,9624.55
NIFTY,30-May-2017,29-Jun-2017,CE,9750,45,56.95,42.1,51.5,49.85,51.5,7969,58581.77,308.46,214650,30750,9624.55
NIFTY,30-May-2017,29-Jun-2017,CE,9800,30.85,40.9,29.3,37.1,35.7,37.1,95897,707491.02,2648.07,3475500,213675,9624.55
NIFTY,30-May-2017,29-Jun-2017,CE,8900,694.85,729.55,688.5,722.9,719.9,722.9,464,3343.14,245.94,192075,-14475,9624.55
NIFTY,30-May-2017,29-Jun-2017,CE,8950,0,0,0,461.35,461.35,723.05,0,0,0,150,0,9624.55
NIFTY,30-May-2017,29-Jun-2017,CE,9000,601.35,636.3,592,624.9,621.8,624.9,993,7163.6,460.85,1082925,-45675,9624.55
NIFTY,30-May-2017,29-Jun-2017,CE,9050,0,0,0,440,440,625.2,0,0,0,75,0,9624.55
NIFTY,30-May-2017,29-Jun-2017,CE,9100,505,536.45,498.8,524.8,523.9,524.8,342,2468.34,134.19,368550,-9750,9624.55
NIFTY,30-May-2017,29-Jun-2017,CE,9150,0,0,0,251.05,251.05,529.35,0,0,0,450,0,9624.55
NIFTY,30-May-2017,29-Jun-2017,CE,9200,406.25,446,405,436.75,433.05,436.75,1040,7510.24,334.24,527175,-39750,9624.55
NIFTY,31-May-2017,29-Jun-2017,CE,9850,26,28.4,23.2,24.4,23.6,24.4,2984,22101.38,57.08,125475,17625,9621.25
NIFTY,31-May-2017,29-Jun-2017,CE,9900,18.1,19.1,15.55,16.6,16.1,16.6,45263,336662.22,584.44,1554300,-79950,9621.25
NIFTY,31-May-2017,29-Jun-2017,CE,9950,11.85,13.95,10.05,10.85,11,10.85,956,7142.37,8.22,62100,13050,9621.25
NIFTY,31-May-2017,29-Jun-2017,CE,10000,8,9,7.25,7.8,7.55,7.8,41553,311896.13,248.63,2388525,200700,9621.25
NIFTY,31-May-2017,29-Jun-2017,CE,10050,6,6.45,3,5.5,5.5,5.5,229,1727.07,.98,15600,675,9621.25
NIFTY,31-May-2017,29-Jun-2017,CE,10100,3.5,4.6,3.5,4.15,4.1,4.15,13385,101433.03,41.66,556575,71100,9621.25
NIFTY,31-May-2017,29-Jun-2017,CE,10150,0,0,0,16.05,0,9.05,0,0,0,0,0,9621.25
NIFTY,31-May-2017,29-Jun-2017,CE,10200,2.1,2.8,2.1,2.5,2.6,2.5,1535,11745.5,2.75,60150,18750,9621.25
NIFTY,31-May-2017,29-Jun-2017,CE,9200,438.4,453.85,428.05,441.05,444,441.05,462,3340.43,152.63,511350,-15825,9621.25
NIFTY,31-May-2017,29-Jun-2017,CE,9250,0,0,0,220,220,429.95,0,0,0,150,0,9621.25
NIFTY,31-May-2017,29-Jun-2017,CE,9300,344.55,363.25,336.45,350.9,350.4,350.9,1972,14272.55,517.85,1122675,-53550,9621.25
NIFTY,31-May-2017,29-Jun-2017,CE,9350,310,313,300.8,304.25,302.75,304.25,35,253.44,8,88275,-150,9621.25
NIFTY,31-May-2017,29-Jun-2017,CE,9400,256.85,277.4,253,265.6,267,265.6,4151,30095.73,831.18,1555575,-74400,9621.25
NIFTY,31-May-2017,29-Jun-2017,CE,9450,218.8,235.5,213.7,224.6,229.2,224.6,192,1393.19,32.39,90750,-5250,9621.25
NIFTY,31-May-2017,29-Jun-2017,CE,9500,180.85,198.75,178.35,187,189.45,187,16445,119490.94,2320.32,3037125,-59550,9621.25
NIFTY,31-May-2017,29-Jun-2017,CE,9550,150.35,162,146.1,153.25,154,153.25,1110,8078.7,128.32,138525,-7800,9621.25
NIFTY,31-May-2017,29-Jun-2017,CE,9600,119.25,130,115.25,121.6,121.6,121.6,85008,619885.24,7827.64,3880650,432075,9621.25
NIFTY,31-May-2017,29-Jun-2017,CE,9650,94.1,101.85,89.05,93.85,94.1,93.85,10752,78587.51,769.91,576075,196200,9621.25
NIFTY,31-May-2017,29-Jun-2017,CE,9700,65.15,77.75,65.15,70.7,70.5,70.7,103433,758077.86,5602.79,4399725,189000,9621.25
NIFTY,31-May-2017,29-Jun-2017,CE,9750,51.85,57.05,47.9,51.2,51,51.2,6220,45728.98,245.23,274650,60000,9621.25
NIFTY,31-May-2017,29-Jun-2017,CE,9800,36.5,40.95,34.1,36,35.6,36,65134,480551.84,1816.94,3682500,207000,9621.25
NIFTY,31-May-2017,29-Jun-2017,CE,8900,725.9,739.85,714,726.15,728.6,726.15,235,1696.21,127.58,181500,-10575,9621.25
NIFTY,31-May-2017,29-Jun-2017,CE,8950,0,0,0,461.35,461.35,717.85,0,0,0,150,0,9621.25
NIFTY,31-May-2017,29-Jun-2017,CE,9000,625.55,642.65,614.45,630.05,633,630.05,931,6723.58,439.33,1068525,-14400,9621.25
NIFTY,31-May-2017,29-Jun-2017,CE,9050,0,0,0,440,440,619.7,0,0,0,75,0,9621.25
NIFTY,31-May-2017,29-Jun-2017,CE,9100,530.1,545.9,517,532.5,534.55,532.5,172,1242.41,68.51,369450,900,9621.25
NIFTY,31-May-2017,29-Jun-2017,CE,9150,0,0,0,251.05,251.05,523.25,0,0,0,450,0,9621.25
NIFTY,01-Jun-2017,29-Jun-2017,CE,9950,9.45,10.8,7.7,8.9,8.7,8.9,1119,8358.54,8,84450,22350,9616.1
NIFTY,01-Jun-2017,29-Jun-2017,CE,10000,7.15,7.5,5.1,6.2,5.95,6.2,29895,224354.51,142.01,2355675,-32850,9616.1
NIFTY,01-Jun-2017,29-Jun-2017,CE,10050,5,5.2,4.15,4.5,4.3,4.5,75,565.58,.27,16350,750,9616.1
NIFTY,01-Jun-2017,29-Jun-2017,CE,10100,4,4.05,3,3.4,3.25,3.4,10625,80512.23,27.85,592650,36075,9616.1
NIFTY,01-Jun-2017,29-Jun-2017,CE,10150,0,0,0,16.05,0,6.9,0,0,0,0,0,9616.1
NIFTY,01-Jun-2017,29-Jun-2017,CE,10200,2.05,2.5,1.8,2,1.9,2,2471,18907,3.85,87975,27825,9616.1
NIFTY,01-Jun-2017,29-Jun-2017,CE,9550,147.15,162,133.5,148.65,149.1,148.65,691,5026.01,76.72,140925,2400,9616.1
NIFTY,01-Jun-2017,29-Jun-2017,CE,9600,114.35,129.75,102.6,117,116.6,117,78114,569266.14,6845.34,4089300,208650,9616.1
NIFTY,01-Jun-2017,29-Jun-2017,CE,9650,90.05,100,77.75,88.75,88.5,88.75,13693,100021.48,918.39,691200,115125,9616.1
NIFTY,01-Jun-2017,29-Jun-2017,CE,9700,67.05,75.35,56.5,66.4,66,66.4,112920,827130.98,5637.98,4569150,169425,9616.1
NIFTY,01-Jun-2017,29-Jun-2017,CE,9750,47.35,54.9,40,47.2,47,47.2,4753,34925.84,169.53,303975,29325,9616.1
NIFTY,01-Jun-2017,29-Jun-2017,CE,9800,34.55,38.1,27.05,32.3,32.1,32.3,71601,528034.85,1767.5,3573975,-108525,9616.1
NIFTY,01-Jun-2017,29-Jun-2017,CE,9850,22.2,25.3,17.45,21.1,20.5,21.1,2374,17576.77,38.84,149325,23850,9616.1
NIFTY,01-Jun-2017,29-Jun-2017,CE,9900,14.8,16.7,11.35,13.9,13.45,13.9,48091,357582.58,506.91,1908675,354375,9616.1
NIFTY,01-Jun-2017,29-Jun-2017,CE,9100,533.5,544.8,504.65,532.25,533.5,532.25,100,721.84,39.34,369900,450,9616.1
NIFTY,01-Jun-2017,29-Jun-2017,CE,9150,0,0,0,251.05,251.05,515.55,0,0,0,450,0,9616.1
NIFTY,01-Jun-2017,29-Jun-2017,CE,9200,439,451,413,440.1,440.05,440.1,260,1878.8,84.8,509400,-1950,9616.1
NIFTY,01-Jun-2017,29-Jun-2017,CE,9250,0,0,0,220,220,421.6,0,0,0,150,0,9616.1
NIFTY,01-Jun-2017,29-Jun-2017,CE,9300,342,363.4,323.8,349.05,350.75,349.05,1949,14103.38,509.11,1073400,-49275,9616.1
NIFTY,01-Jun-2017,29-Jun-2017,CE,9350,305,313.9,285,302.6,303,302.6,77,557.25,17.28,87225,-1050,9616.1
NIFTY,01-Jun-2017,29-Jun-2017,CE,9400,256.45,277.45,240,262.05,262.2,262.05,3946,28598.04,778.74,1533075,-22500,9616.1
NIFTY,01-Jun-2017,29-Jun-2017,CE,9450,219.05,231.5,202.9,222.9,225.5,222.9,171,1239.88,27.92,88575,-2175,9616.1
NIFTY,01-Jun-2017,29-Jun-2017,CE,9500,178.05,198,164.65,183.3,184.35,183.3,14817,107600.73,2029.6,3087750,50625,9616.1
NIFTY,01-Jun-2017,29-Jun-2017,CE,8900,728,743.35,696.85,727.1,732.7,727.1,73,527.06,39.78,178125,-3375,9616.1
NIFTY,01-Jun-2017,29-Jun-2017,CE,8950,0,0,0,461.35,461.35,710.9,0,0,0,150,0,9616.1
NIFTY,01-Jun-2017,29-Jun-2017,CE,9000,625.05,641,603,629.75,630.15,629.75,253,1826.76,119.01,1066575,-1950,9616.1
NIFTY,01-Jun-2017,29-Jun-2017,CE,9050,0,0,0,440,440,612.45,0,0,0,75,0,9616.1
NIFTY,02-Jun-2017,29-Jun-2017,CE,9950,11.7,11.8,8,8.4,8.15,8.4,1330,9934.91,9.79,103500,19050,9653.5
NIFTY,02-Jun-2017,29-Jun-2017,CE,10000,9.8,9.85,5.55,5.95,5.75,5.95,39230,294416.51,191.51,2665725,310050,9653.5
NIFTY,02-Jun-2017,29-Jun-2017,CE,10050,5.05,5.05,3.55,4.3,3.55,4.3,65,490.16,.22,17025,675,9653.5
NIFTY,02-Jun-2017,29-Jun-2017,CE,10100,4.9,4.9,3.2,3.3,3.3,3.3,13192,99963.89,34.49,624675,32025,9653.5
NIFTY,02-Jun-2017,29-Jun-2017,CE,10150,2.8,2.8,1.6,1.6,1.6,1.6,2,15.23,0,0,0,9653.5
NIFTY,02-Jun-2017,29-Jun-2017,CE,10200,2.2,2.3,1.55,2.1,1.95,2.1,1257,9617.97,1.92,79875,-8100,9653.5
NIFTY,02-Jun-2017,29-Jun-2017,CE,9500,201.15,213.5,188.25,195.75,188.8,195.75,18370,133683.22,2796.97,2576475,-511275,9653.5
NIFTY,02-Jun-2017,29-Jun-2017,CE,9550,170.1,173.8,152,159.3,155.55,159.3,982,7154.4,120.82,126825,-14100,9653.5
NIFTY,02-Jun-2017,29-Jun-2017,CE,9600,133.65,144.5,117.4,123.5,118.65,123.5,71092,518765.83,6903.43,4237575,148275,9653.5
NIFTY,02-Jun-2017,29-Jun-2017,CE,9650,95,109.55,88.9,93.1,90,93.1,14394,105253.02,1076.44,615300,-75900,9653.5
NIFTY,02-Jun-2017,29-Jun-2017,CE,9700,74.95,84.9,65.35,69.15,66.3,69.15,132544,971610.53,7352.93,4923825,354675,9653.5
NIFTY,02-Jun-2017,29-Jun-2017,CE,9750,55.95,60,44.65,47.25,45.3,47.25,11490,84467.1,446.47,559950,255975,9653.5
NIFTY,02-Jun-2017,29-Jun-2017,CE,9800,34.6,42.45,30.4,32.7,31.05,32.7,85027,627234,2285.55,3925425,351450,9653.5
NIFTY,02-Jun-2017,29-Jun-2017,CE,9850,26,30.05,18.7,20.4,19.4,20.4,3609,26723.98,62.49,185625,36300,9653.5
NIFTY,02-Jun-2017,29-Jun-2017,CE,9900,16.6,18.7,12.45,13.35,12.75,13.35,47291,351671.38,535.71,2217150,308475,9653.5
NIFTY,02-Jun-2017,29-Jun-2017,CE,9050,0,0,0,440,440,647.6,0,0,0,75,0,9653.5
NIFTY,02-Jun-2017,29-Jun-2017,CE,9100,572.35,572.35,545.65,550.6,545.65,550.6,190,1376.32,79.57,363150,-6750,9653.5
NIFTY,02-Jun-2017,29-Jun-2017,CE,9150,514.9,514.9,514.9,514.9,514.9,514.9,1,7.25,.39,450,0,9653.5
NIFTY,02-Jun-2017,29-Jun-2017,CE,9200,453.95,476.1,452.15,457.35,452.15,457.35,982,7119.08,343.28,453750,-55650,9653.5
NIFTY,02-Jun-2017,29-Jun-2017,CE,9250,0,0,0,220,220,454,0,0,0,150,0,9653.5
NIFTY,02-Jun-2017,29-Jun-2017,CE,9300,372.85,383.45,357.9,366.25,359.95,366.25,1209,8770.46,337.69,1053150,-20250,9653.5
NIFTY,02-Jun-2017,29-Jun-2017,CE,9350,330,336,315.65,331.65,331.65,331.65,119,863.79,29.3,85800,-1425,9653.5
NIFTY,02-Jun-2017,29-Jun-2017,CE,9400,287.8,294.1,268.05,275.95,270.95,275.95,3588,26055.88,760.48,1495875,-37200,9653.5
NIFTY,02-Jun-2017,29-Jun-2017,CE,9450,247.7,252.95,227.4,235.95,227.4,235.95,161,1170.55,29.47,84975,-3600,9653.5
NIFTY,02-Jun-2017,29-Jun-2017,CE,8900,762.1,770.1,745.55,753.2,750.05,753.2,80,579.46,45.46,174975,-3150,9653.5
NIFTY,02-Jun-2017,29-Jun-2017,CE,8950,0,0,0,461.35,461.35,746.5,0,0,0,150,0,9653.5
NIFTY,02-Jun-2017,29-Jun-2017,CE,9000,670,671,646.6,653.15,646.6,653.15,375,2716.38,185.13,1063050,-3525,9653.5
NIFTY,05-Jun-2017,29-Jun-2017,CE,10000,6.2,7.35,5.45,6.1,5.8,6.1,41415,310802.1,189.6,2727000,61275,9675.1
NIFTY,05-Jun-2017,29-Jun-2017,CE,10050,4,4.8,2.35,4.5,4.5,4.5,36,271.47,.12,16725,-300,9675.1
NIFTY,05-Jun-2017,29-Jun-2017,CE,10100,3.45,3.6,3,3.2,3,3.2,14345,108698.5,35.13,607050,-17625,9675.1
NIFTY,05-Jun-2017,29-Jun-2017,CE,10150,0,0,0,1.6,1.6,6.05,0,0,0,0,0,9675.1
NIFTY,05-Jun-2017,29-Jun-2017,CE,10200,1.95,2,1.6,1.75,1.85,1.75,1769,13535.27,2.42,79950,75,9675.1
NIFTY,05-Jun-2017,29-Jun-2017,CE,9500,199.45,229.55,193.05,218.3,216.95,218.3,13418,97764.61,2161.36,2291925,-284550,9675.1
NIFTY,05-Jun-2017,29-Jun-2017,CE,9550,159.35,188,159.15,179.05,179.8,179.05,682,4973.04,88.21,119100,-7725,9675.1
NIFTY,05-Jun-2017,29-Jun-2017,CE,9600,127.3,151.1,121,141.45,139.45,141.45,55853,407943.79,5802.19,4200600,-36975,9675.1
NIFTY,05-Jun-2017,29-Jun-2017,CE,9650,93.55,117,91.15,108.05,107.25,108.05,7978,58373.59,632.81,606975,-8325,9675.1
NIFTY,05-Jun-2017,29-Jun-2017,CE,9700,69.45,88.9,66.6,80.45,80.4,80.45,145993,1070763.19,8664.11,4654050,-269775,9675.1
NIFTY,05-Jun-2017,29-Jun-2017,CE,9750,46.75,63.4,46.3,56.5,55.6,56.5,17691,130102.19,736.76,544200,-15750,9675.1
NIFTY,05-Jun-2017,29-Jun-2017,CE,9800,35,43.2,29,38.1,37.6,38.1,107572,793691.54,3037.34,4207275,281850,9675.1
NIFTY,05-Jun-2017,29-Jun-2017,CE,9850,20.15,28,19.5,24.2,23.85,24.2,5850,43322.7,105.82,242925,57300,9675.1
NIFTY,05-Jun-2017,29-Jun-2017,CE,9900,13.1,18.25,12.4,15.25,15,15.25,79369,590216.19,901.36,2541450,324300,9675.1
NIFTY,05-Jun-2017,29-Jun-2017,CE,9950,7.8,10.7,7.7,9.05,9,9.05,2856,21331.77,18.87,191100,87600,9675.1
NIFTY,05-Jun-2017,29-Jun-2017,CE,9050,0,0,0,440,440,663.8,0,0,0,75,0,9675.1
NIFTY,05-Jun-2017,29-Jun-2017,CE,9100,566,597.25,558.55,587.75,588,587.75,271,1967.02,117.45,348600,-14550,9675.1
NIFTY,05-Jun-2017,29-Jun-2017,CE,9150,0,0,0,514.9,514.9,565.1,0,0,0,450,0,9675.1
NIFTY,05-Jun-2017,29-Jun-2017,CE,9200,467.05,502.35,464.4,490.7,490.2,490.7,327,2375.64,119.34,439125,-14625,9675.1
NIFTY,05-Jun-2017,29-Jun-2017,CE,9250,0,0,0,220,220,467.85,0,0,0,150,0,9675.1
NIFTY,05-Jun-2017,29-Jun-2017,CE,9300,371,405.5,367.05,394.9,392.5,394.9,1322,9605.39,384.44,1037025,-16125,9675.1
NIFTY,05-Jun-2017,29-Jun-2017,CE,9350,325,348.85,322.1,344.8,344.2,344.8,30,217.98,7.6,85725,-75,9675.1
NIFTY,05-Jun-2017,29-Jun-2017,CE,9400,277.85,315,276.8,303.3,300.3,303.3,2867,20856.51,644.16,1425075,-70800,9675.1
NIFTY,05-Jun-2017,29-Jun-2017,CE,9450,244.1,270.3,238.4,260.7,258.15,260.7,60,436.78,11.53,82875,-2100,9675.1
NIFTY,05-Jun-2017,29-Jun-2017,CE,8900,764.5,797.45,760.5,785.05,784,785.05,130,943.72,75.97,169800,-5175,9675.1
NIFTY,05-Jun-2017,29-Jun-2017,CE,8950,0,0,0,461.35,461.35,763.15,0,0,0,150,0,9675.1
NIFTY,05-Jun-2017,29-Jun-2017,CE,9000,660,699.4,655,683.95,683.85,683.95,487,3535.67,248.42,1061175,-1875,9675.1
NIFTY,06-Jun-2017,29-Jun-2017,CE,9950,9.25,9.6,7.5,8,7.8,8,1952,14578.78,11.98,181275,-9825,9637.15
NIFTY,06-Jun-2017,29-Jun-2017,CE,10000,6,6.45,4.9,5.25,5.25,5.25,35125,263579.82,142.32,2747250,20250,9637.15
NIFTY,06-Jun-2017,29-Jun-2017,CE,10050,4.5,4.5,3.9,3.9,3.9,3.9,3,22.62,.01,16800,75,9637.15
NIFTY,06-Jun-2017,29-Jun-2017,CE,10100,2.15,3.85,1.55,2.7,2.7,2.7,8628,65375.24,18.14,638250,31200,9637.15
NIFTY,06-Jun-2017,29-Jun-2017,CE,10150,0,0,0,1.6,1.6,3.45,0,0,0,0,0,9637.15
NIFTY,06-Jun-2017,29-Jun-2017,CE,10200,2,2,1.2,1.35,1.3,1.35,5037,38538.75,5.7,129975,50025,9637.15
NIFTY,06-Jun-2017,29-Jun-2017,CE,9500,219.7,224.4,199.65,202.3,202.5,202.3,7398,53861.61,1150.86,2253825,-38100,9637.15
NIFTY,06-Jun-2017,29-Jun-2017,CE,9550,187.85,213.6,161.45,165.35,165.65,165.35,340,2478.71,43.46,114600,-4500,9637.15
NIFTY,06-Jun-2017,29-Jun-2017,CE,9600,141.85,146.95,126.1,129.25,129.55,129.25,51175,373580.96,5120.96,4093650,-106950,9637.15
NIFTY,06-Jun-2017,29-Jun-2017,CE,9650,113.3,122.2,96,98.25,98,98.25,7227,52857.68,552.26,645000,38025,9637.15
NIFTY,06-Jun-2017,29-Jun-2017,CE,9700,82.95,84.1,70.05,72.3,72,72.3,139698,1024182.54,7879.59,5216175,562125,9637.15
NIFTY,06-Jun-2017,29-Jun-2017,CE,9750,56.75,59.25,48.35,50.2,49.6,50.2,14970,110058.84,590.71,552600,8400,9637.15
NIFTY,06-Jun-2017,29-Jun-2017,CE,9800,38.1,40,31.9,33.3,33.15,33.3,97029,715714.2,2551.05,4372725,165450,9637.15
NIFTY,06-Jun-2017,29-Jun-2017,CE,9850,24.7,25.4,18,20.85,18,20.85,4709,34865.09,77.35,264375,21450,9637.15
NIFTY,06-Jun-2017,29-Jun-2017,CE,9900,15.5,16.2,12.3,13.2,13.25,13.2,56376,419170.15,578.35,2674275,132825,9637.15
NIFTY,06-Jun-2017,29-Jun-2017,CE,9050,0,0,0,440,440,624.4,0,0,0,75,0,9637.15
NIFTY,06-Jun-2017,29-Jun-2017,CE,9100,586,586,560.65,568.55,567,568.55,107,776.1,45.82,344700,-3900,9637.15
NIFTY,06-Jun-2017,29-Jun-2017,CE,9150,0,0,0,514.9,514.9,525.8,0,0,0,450,0,9637.15
NIFTY,06-Jun-2017,29-Jun-2017,CE,9200,501.6,501.6,466.7,471,471,471,124,899.91,44.31,435000,-4125,9637.15
NIFTY,06-Jun-2017,29-Jun-2017,CE,9250,0,0,0,220,220,429,0,0,0,150,0,9637.15
NIFTY,06-Jun-2017,29-Jun-2017,CE,9300,396,398.45,371.3,375.15,375.35,375.15,819,5945.81,233.28,1041900,4875,9637.15
NIFTY,06-Jun-2017,29-Jun-2017,CE,9350,331,338.05,331,332,332,332,5,36.32,1.26,86025,300,9637.15
NIFTY,06-Jun-2017,29-Jun-2017,CE,9400,305.05,310.95,281.3,286.3,283.5,286.3,1861,13526.15,406.1,1417425,-7650,9637.15
NIFTY,06-Jun-2017,29-Jun-2017,CE,9450,265.65,265.65,239.25,245.4,245,245.4,73,531.09,13.71,81525,-1350,9637.15
NIFTY,06-Jun-2017,29-Jun-2017,CE,8900,765.85,777.35,758,763.75,760.4,763.75,20,145.03,11.53,169050,-750,9637.15
NIFTY,06-Jun-2017,29-Jun-2017,CE,8950,0,0,0,461.35,461.35,723.7,0,0,0,150,0,9637.15
NIFTY,06-Jun-2017,29-Jun-2017,CE,9000,690,690,659.55,665.35,665.7,665.35,1062,7704.67,536.17,1054200,-6975,9637.15
NIFTY,07-Jun-2017,29-Jun-2017,CE,10000,5.3,6.25,4.25,5.5,5.85,5.5,55419,415861.81,219.31,2790525,43275,9663.9
NIFTY,07-Jun-2017,29-Jun-2017,CE,10050,3.8,4.5,3.2,4.1,4.5,4.1,104,784.2,.3,17175,375,9663.9
NIFTY,07-Jun-2017,29-Jun-2017,CE,10100,2.9,2.95,2.2,2.75,2.9,2.75,12429,94174.16,24.48,711300,73050,9663.9
NIFTY,07-Jun-2017,29-Jun-2017,CE,10150,1.35,1.35,1.35,1.35,1.35,1.35,1,7.61,0,75,75,9663.9
NIFTY,07-Jun-2017,29-Jun-2017,CE,10200,1.3,1.5,1,1.25,1.4,1.25,9533,72936.28,8.83,136650,6675,9663.9
NIFTY,07-Jun-2017,29-Jun-2017,CE,9500,207.4,225,188.2,209.65,214.05,209.65,8487,61780.49,1310.62,2214975,-38850,9663.9
NIFTY,07-Jun-2017,29-Jun-2017,CE,9550,168.75,184,152.75,171.15,171.95,171.15,689,5021.49,86.52,100500,-14100,9663.9
NIFTY,07-Jun-2017,29-Jun-2017,CE,9600,133.7,146.95,117.05,133.15,136.95,133.15,66177,482980.54,6506.14,4139325,45675,9663.9
NIFTY,07-Jun-2017,29-Jun-2017,CE,9650,102.65,112.35,87.05,101.05,103.45,101.05,8391,61355.92,626.05,640650,-4350,9663.9
NIFTY,07-Jun-2017,29-Jun-2017,CE,9700,76.75,84,62.55,74.25,76.65,74.25,153085,1122102.71,8409.33,5107125,-109050,9663.9
NIFTY,07-Jun-2017,29-Jun-2017,CE,9750,51.1,59,42.55,51.45,52.85,51.45,10763,79117.05,412.61,511275,-41325,9663.9
NIFTY,07-Jun-2017,29-Jun-2017,CE,9800,34.8,39.95,28,34.2,35.65,34.2,107422,792296.98,2745.28,4482750,110025,9663.9
NIFTY,07-Jun-2017,29-Jun-2017,CE,9850,21.4,25.2,17.4,21.55,22,21.55,6409,47451.35,104.86,288000,23625,9663.9
NIFTY,07-Jun-2017,29-Jun-2017,CE,9900,13.5,16,10.95,13.6,14.35,13.6,73422,545900.54,742.19,2818950,144675,9663.9
NIFTY,07-Jun-2017,29-Jun-2017,CE,9950,8.4,9.25,6.7,8.1,8.65,8.1,2804,20941.97,17.12,218775,37500,9663.9
NIFTY,07-Jun-2017,29-Jun-2017,CE,9050,0,0,0,440,440,649.35,0,0,0,75,0,9663.9
NIFTY,07-Jun-2017,29-Jun-2017,CE,9100,569.65,592.85,555.25,581.35,582.3,581.35,201,1458.63,86.81,338175,-6525,9663.9
NIFTY,07-Jun-2017,29-Jun-2017,CE,9150,538.1,538.1,538.1,538.1,538.1,538.1,2,14.53,.81,525,75,9663.9
NIFTY,07-Jun-2017,29-Jun-2017,CE,9200,475,501.1,460,486.85,490,486.85,192,1393.71,68.91,431475,-3525,9663.9
NIFTY,07-Jun-2017,29-Jun-2017,CE,9250,0,0,0,220,220,452.45,0,0,0,150,0,9663.9
NIFTY,07-Jun-2017,29-Jun-2017,CE,9300,379,405.2,365,389.2,394.25,389.2,2164,15708.22,614.32,967725,-74175,9663.9
NIFTY,07-Jun-2017,29-Jun-2017,CE,9350,352,353,321.55,321.55,321.55,321.55,8,58.14,2.04,85725,-300,9663.9
NIFTY,07-Jun-2017,29-Jun-2017,CE,9400,290.1,312,272.75,295.5,298.55,295.5,1512,10990.76,331.16,1408950,-8475,9663.9
NIFTY,07-Jun-2017,29-Jun-2017,CE,9450,244.6,267.85,231.2,253.15,259.75,253.15,96,698.4,18,79875,-1650,9663.9
NIFTY,07-Jun-2017,29-Jun-2017,CE,8900,769.2,795.8,755,780,780,780,103,747.18,59.65,162750,-6300,9663.9
NIFTY,07-Jun-2017,29-Jun-2017,CE,8950,0,0,0,461.35,461.35,748.8,0,0,0,150,0,9663.9
NIFTY,07-Jun-2017,29-Jun-2017,CE,9000,670,693.15,655.3,678.25,682,678.25,312,2263.93,157.93,1048725,-5475,9663.9
NIFTY,08-Jun-2017,29-Jun-2017,CE,9950,8.85,9.5,6.9,7.35,7.05,7.35,1453,10851.45,8.43,218475,-300,9647.25
NIFTY,08-Jun-2017,29-Jun-2017,CE,10000,6.8,6.85,4.6,5,4.9,5,29836,223884.17,114.17,2777100,-13425,9647.25
NIFTY,08-Jun-2017,29-Jun-2017,CE,10050,3.9,4,3.4,3.65,3.65,3.65,164,1236.61,.46,20925,3750,9647.25
NIFTY,08-Jun-2017,29-Jun-2017,CE,10100,2.7,2.95,2.25,2.55,2.6,2.55,7036,53311.29,13.59,688950,-22350,9647.25
NIFTY,08-Jun-2017,29-Jun-2017,CE,10150,0,0,0,1.35,1.35,2.1,0,0,0,75,0,9647.25
NIFTY,08-Jun-2017,29-Jun-2017,CE,10200,1.1,1.4,1,1.2,1,1.2,960,7344.93,.93,120675,-15975,9647.25
NIFTY,08-Jun-2017,29-Jun-2017,CE,9500,215.2,228.75,193.55,200.2,200.4,200.2,6588,47952.46,1012.96,2173425,-41550,9647.25
NIFTY,08-Jun-2017,29-Jun-2017,CE,9550,179.45,185.1,157.25,161.95,163.95,161.95,348,2535.8,43.25,92625,-7875,9647.25
NIFTY,08-Jun-2017,29-Jun-2017,CE,9600,137.3,146,120.35,125.45,126.4,125.45,44445,324304.91,4300.91,4038600,-100725,9647.25
NIFTY,08-Jun-2017,29-Jun-2017,CE,9650,105.5,111.5,89.95,94.25,94.75,94.25,9561,69891.31,693.57,661800,21150,9647.25
NIFTY,08-Jun-2017,29-Jun-2017,CE,9700,76.9,83.7,64.8,67.9,68.1,67.9,119918,878717.78,6314.33,5557350,450225,9647.25
NIFTY,08-Jun-2017,29-Jun-2017,CE,9750,54.2,58.35,44.15,46.55,47.3,46.55,11599,85242.93,425.24,414825,-96450,9647.25
NIFTY,08-Jun-2017,29-Jun-2017,CE,9800,36.3,39.55,28.4,30.1,30.85,30.1,84319,621765.84,2021.19,4794600,311850,9647.25
NIFTY,08-Jun-2017,29-Jun-2017,CE,9850,24.65,25.55,17.8,19,19.2,19,4768,35295.41,71.81,306075,18075,9647.25
NIFTY,08-Jun-2017,29-Jun-2017,CE,9900,15.05,16.7,11,12.1,12.1,12.1,63032,468611.19,598.59,2994450,175500,9647.25
NIFTY,08-Jun-2017,29-Jun-2017,CE,9050,0,0,0,440,440,631.05,0,0,0,75,0,9647.25
NIFTY,08-Jun-2017,29-Jun-2017,CE,9100,592.35,592.75,565.9,572.55,570.4,572.55,180,1306.54,78.04,333900,-4275,9647.25
NIFTY,08-Jun-2017,29-Jun-2017,CE,9150,0,0,0,538.1,538.1,531.9,0,0,0,525,0,9647.25
NIFTY,08-Jun-2017,29-Jun-2017,CE,9200,499.9,499.9,466.35,474.45,475.1,474.45,191,1386.07,68.17,426075,-5400,9647.25
NIFTY,08-Jun-2017,29-Jun-2017,CE,9250,0,0,0,220,220,433.95,0,0,0,150,0,9647.25
NIFTY,08-Jun-2017,29-Jun-2017,CE,9300,396.95,404.9,372,378.4,378.05,378.4,585,4248,167.63,964425,-3300,9647.25
NIFTY,08-Jun-2017,29-Jun-2017,CE,9350,333,333,333,333,333,333,1,7.26,.25,85650,-75,9647.25
NIFTY,08-Jun-2017,29-Jun-2017,CE,9400,305.2,314.4,278.45,285.6,286.5,285.6,1452,10551.21,314.61,1375200,-33750,9647.25
NIFTY,08-Jun-2017,29-Jun-2017,CE,9450,263.2,263.2,238.8,241.2,242.05,241.2,28,203.58,5.13,79200,-675,9647.25
NIFTY,08-Jun-2017,29-Jun-2017,CE,8900,786,786.3,759.4,768.15,767,768.15,92,667.51,53.41,159600,-3150,9647.25
NIFTY,08-Jun-2017,29-Jun-2017,CE,8950,0,0,0,461.35,461.35,730.55,0,0,0,150,0,9647.25
NIFTY,08-Jun-2017,29-Jun-2017,CE,9000,692.45,692.45,660.6,667.7,671,667.7,406,2944.5,204,1045050,-3675,9647.25
NIFTY,09-Jun-2017,29-Jun-2017,CE,10000,4.85,5.35,2.55,4.75,4.1,4.75,54565,409389.6,152.1,2769750,-7350,9668.25
NIFTY,09-Jun-2017,29-Jun-2017,CE,10050,1.45,3.65,1.45,3.25,3.25,3.25,267,2013.1,.59,26700,5775,9668.25
NIFTY,09-Jun-2017,29-Jun-2017,CE,10100,2.4,2.65,1.6,2.5,2.25,2.5,15176,114981.92,23.72,699900,10950,9668.25
NIFTY,09-Jun-2017,29-Jun-2017,CE,10150,0,0,0,1.35,1.35,1.9,0,0,0,75,0,9668.25
NIFTY,09-Jun-2017,29-Jun-2017,CE,10200,1.3,1.3,0.9,1.1,0.9,1.1,2046,15653.53,1.63,128100,7425,9668.25
NIFTY,09-Jun-2017,29-Jun-2017,CE,9550,150,175,127.2,166.7,162.8,166.7,852,6194.91,92.46,91200,-1425,9668.25
NIFTY,09-Jun-2017,29-Jun-2017,CE,9600,122.25,138.95,92.85,131.15,128,131.15,116978,852046.6,9805,3890700,-147900,9668.25
NIFTY,09-Jun-2017,29-Jun-2017,CE,9650,87.9,105.5,66.9,97.6,93,97.6,18770,136990.48,1142.6,565350,-96450,9668.25
NIFTY,09-Jun-2017,29-Jun-2017,CE,9700,72,77.9,45.4,71.6,68.9,71.6,256544,1877680.25,11322.65,5617800,60450,9668.25
NIFTY,09-Jun-2017,29-Jun-2017,CE,9750,43.1,53.9,28.75,48.95,46.15,48.95,25337,186019.99,743.18,569625,154800,9668.25
NIFTY,09-Jun-2017,29-Jun-2017,CE,9800,28.45,35.95,18.1,32.1,30.25,32.1,158639,1168915.28,2918.63,4498875,-295725,9668.25
NIFTY,09-Jun-2017,29-Jun-2017,CE,9850,19.5,22.55,10.65,19.95,18,19.95,7101,52542.14,83.5,345225,39150,9668.25
NIFTY,09-Jun-2017,29-Jun-2017,CE,9900,11.05,14,6.6,12.35,11,12.35,101670,755603.82,704.07,3154125,159675,9668.25
NIFTY,09-Jun-2017,29-Jun-2017,CE,9950,6.3,7.85,4.2,7,6,7,4916,36705.13,19.48,339225,120750,9668.25
NIFTY,09-Jun-2017,29-Jun-2017,CE,9050,0,0,0,440,440,650.25,0,0,0,75,0,9668.25
NIFTY,09-Jun-2017,29-Jun-2017,CE,9100,556,589.9,524,580.5,580.05,580.5,208,1505.14,85.54,325050,-8850,9668.25
NIFTY,09-Jun-2017,29-Jun-2017,CE,9150,0,0,0,538.1,538.1,550.85,0,0,0,525,0,9668.25
NIFTY,09-Jun-2017,29-Jun-2017,CE,9200,462,492.25,426.7,483.95,484.3,483.95,314,2272.96,106.36,421125,-4950,9668.25
NIFTY,09-Jun-2017,29-Jun-2017,CE,9250,0,0,0,220,220,452.2,0,0,0,150,0,9668.25
NIFTY,09-Jun-2017,29-Jun-2017,CE,9300,368.8,397.7,331.25,388.45,386.8,388.45,1477,10695.04,392.97,965475,1050,9668.25
NIFTY,09-Jun-2017,29-Jun-2017,CE,9350,303,342.3,292.75,340.9,340.35,340.9,9,65.23,2.12,85500,-150,9668.25
NIFTY,09-Jun-2017,29-Jun-2017,CE,9400,276.75,305.35,243.5,295.6,293.7,295.6,3926,28472.19,793.89,1280850,-94350,9668.25
NIFTY,09-Jun-2017,29-Jun-2017,CE,9450,229.8,256,203,250.5,250.25,250.5,58,420.75,9.67,78825,-375,9668.25
NIFTY,09-Jun-2017,29-Jun-2017,CE,9500,193.05,217,161.75,208.1,204.3,208.1,11701,84987.38,1617.75,2125275,-48150,9668.25
NIFTY,09-Jun-2017,29-Jun-2017,CE,8900,755.7,784.6,728,780.2,775.75,780.2,143,1035.29,80.76,155250,-4350,9668.25
NIFTY,09-Jun-2017,29-Jun-2017,CE,8950,0,0,0,461.35,461.35,749.85,0,0,0,150,0,9668.25
NIFTY,09-Jun-2017,29-Jun-2017,CE,9000,658,689.95,620.5,680,681,680,763,5516.75,366.5,1032600,-12450,9668.25
NIFTY,12-Jun-2017,29-Jun-2017,CE,8900,729.35,736.9,701,710,710,710,96,692.66,51.86,150975,-4275,9616.4
NIFTY,12-Jun-2017,29-Jun-2017,CE,8950,0,0,0,461.35,461.35,693.3,0,0,0,150,0,9616.4
NIFTY,12-Jun-2017,29-Jun-2017,CE,9000,630.8,642,601,618.55,620.9,618.55,399,2878.76,185.51,1033500,900,9616.4
NIFTY,12-Jun-2017,29-Jun-2017,CE,9050,0,0,0,440,440,593.65,0,0,0,75,0,9616.4
NIFTY,12-Jun-2017,29-Jun-2017,CE,9100,527.6,540.5,503.25,524.85,522.35,524.85,406,2929.6,158.65,304425,-20625,9616.4
NIFTY,12-Jun-2017,29-Jun-2017,CE,9150,0,0,0,538.1,538.1,494.25,0,0,0,525,0,9616.4
NIFTY,12-Jun-2017,29-Jun-2017,CE,9200,432.25,443.25,405.75,424,428,424,635,4584.11,202.61,405900,-15225,9616.4
NIFTY,12-Jun-2017,29-Jun-2017,CE,9250,0,0,0,220,220,395.85,0,0,0,150,0,9616.4
NIFTY,12-Jun-2017,29-Jun-2017,CE,9300,339.25,347,313,328.25,331.6,328.25,2589,18699.65,641.37,957600,-7875,9616.4
NIFTY,12-Jun-2017,29-Jun-2017,CE,9350,293.05,296,277.15,279.75,277.15,279.75,20,144.57,4.32,85125,-375,9616.4
NIFTY,12-Jun-2017,29-Jun-2017,CE,9400,247.2,258.55,225,241.1,242.15,241.1,4078,29482.53,732.63,1186650,-94200,9616.4
NIFTY,12-Jun-2017,29-Jun-2017,CE,9450,211.95,211.95,182.2,199.35,199.85,199.35,159,1150.58,23.66,76200,-2625,9616.4
NIFTY,12-Jun-2017,29-Jun-2017,CE,9500,180.05,180.05,144.5,159.15,160.95,159.15,13903,100714.78,1655.9,2084925,-40350,9616.4
NIFTY,12-Jun-2017,29-Jun-2017,CE,9550,130.05,136.3,110,122.55,123.05,122.55,704,5106.78,64.38,91575,375,9616.4
NIFTY,12-Jun-2017,29-Jun-2017,CE,9600,92.65,108.7,78.2,90.55,90.55,90.55,140634,1022032.91,9468.11,4800675,909975,9616.4
NIFTY,12-Jun-2017,29-Jun-2017,CE,9650,73.25,74.05,54.1,62.05,63.1,62.05,32669,237981.56,1539.67,1219050,653700,9616.4
NIFTY,12-Jun-2017,29-Jun-2017,CE,9700,54,56,35.7,43.1,44,43.1,243463,1779051.79,7858.46,6247275,629475,9616.4
NIFTY,12-Jun-2017,29-Jun-2017,CE,9750,32.2,32.4,21.95,26.95,27,26.95,27549,202008.45,556.38,712875,143250,9616.4
NIFTY,12-Jun-2017,29-Jun-2017,CE,9800,23.1,23.1,13.35,16.7,17.65,16.7,160768,1183713.55,2068.75,4643700,144825,9616.4
NIFTY,12-Jun-2017,29-Jun-2017,CE,9850,12.2,12.6,7.8,10.2,11,10.2,9469,70025.34,73.1,352125,6900,9616.4
NIFTY,12-Jun-2017,29-Jun-2017,CE,9900,6.35,8.1,4.75,6.1,6.85,6.1,98209,729662.64,460.82,2826150,-327975,9616.4
NIFTY,12-Jun-2017,29-Jun-2017,CE,9950,4.4,5.25,2.75,3.65,3.7,3.65,3296,24605.22,8.82,354450,15225,9616.4
NIFTY,12-Jun-2017,29-Jun-2017,CE,10000,3.3,22,1.85,3.15,8.95,3.15,67587,507038.51,136.01,3129450,359700,9616.4
NIFTY,12-Jun-2017,29-Jun-2017,CE,10050,2.4,4,1.3,2.45,4,2.45,274,2065.7,.43,31800,5100,9616.4
NIFTY,12-Jun-2017,29-Jun-2017,CE,10100,1.1,2.55,1.1,1.45,1.7,1.45,11867,89904.73,12.21,672825,-27075,9616.4
NIFTY,12-Jun-2017,29-Jun-2017,CE,10150,0,0,0,1.35,1.35,0.5,0,0,0,75,0,9616.4
NIFTY,12-Jun-2017,29-Jun-2017,CE,10200,0.55,0.8,0.5,0.6,0.65,0.6,3890,29760.18,1.68,157575,29475,9616.4
NIFTY,13-Jun-2017,29-Jun-2017,CE,8900,740,744.85,707.8,707.9,707.8,707.9,29,209.32,15.74,148875,-2100,9606.9
NIFTY,13-Jun-2017,29-Jun-2017,CE,8950,0,0,0,461.35,461.35,682.25,0,0,0,150,0,9606.9
NIFTY,13-Jun-2017,29-Jun-2017,CE,9000,630.2,651.7,607.4,610.35,609.75,610.35,317,2289.16,149.41,1029600,-3900,9606.9
NIFTY,13-Jun-2017,29-Jun-2017,CE,9050,0,0,0,440,440,582.55,0,0,0,75,0,9606.9
NIFTY,13-Jun-2017,29-Jun-2017,CE,9100,534.3,556.25,510.45,512.7,512.95,512.7,77,556.64,31.12,301425,-3000,9606.9
NIFTY,13-Jun-2017,29-Jun-2017,CE,9150,0,0,0,538.1,538.1,483.05,0,0,0,525,0,9606.9
NIFTY,13-Jun-2017,29-Jun-2017,CE,9200,437.5,460,414.8,416.25,416,416.25,260,1879.39,85.39,403275,-2625,9606.9
NIFTY,13-Jun-2017,29-Jun-2017,CE,9250,0,0,0,220,220,384.4,0,0,0,150,0,9606.9
NIFTY,13-Jun-2017,29-Jun-2017,CE,9300,343.7,363.4,318.95,320.9,321.15,320.9,769,5558.15,194.38,941100,-16500,9606.9
NIFTY,13-Jun-2017,29-Jun-2017,CE,9350,299.85,313.85,274.55,275.45,276.7,275.45,14,101.18,3,85050,-75,9606.9
NIFTY,13-Jun-2017,29-Jun-2017,CE,9400,250.75,272,227.8,234.95,233,234.95,2602,18831.42,487.32,1149300,-37350,9606.9
NIFTY,13-Jun-2017,29-Jun-2017,CE,9450,209.25,224,187.25,190.65,190.4,190.65,162,1173.51,25.34,69525,-6675,9606.9
NIFTY,13-Jun-2017,29-Jun-2017,CE,9500,164.95,184.9,147.25,152.4,150.3,152.4,12676,91900.24,1583.74,2114025,29100,9606.9
NIFTY,13-Jun-2017,29-Jun-2017,CE,9550,129.05,145,112.25,116.4,116.3,116.4,883,6409.94,85.45,94275,2700,9606.9
NIFTY,13-Jun-2017,29-Jun-2017,CE,9600,91.8,109.55,81.45,85.1,84.45,85.1,101379,737162.17,7233.37,4959975,159300,9606.9
NIFTY,13-Jun-2017,29-Jun-2017,CE,9650,69.3,78.95,56,58.75,58.25,58.75,38429,280056.92,1927.03,1092150,-126900,9606.9
NIFTY,13-Jun-2017,29-Jun-2017,CE,9700,44,54.7,37.6,39.8,39.85,39.8,185741,1357624.89,6359.12,6443475,196200,9606.9
NIFTY,13-Jun-2017,29-Jun-2017,CE,9750,29.55,35.65,22.85,24.6,24.3,24.6,24243,177811.01,534.07,637275,-75600,9606.9
NIFTY,13-Jun-2017,29-Jun-2017,CE,9800,17.95,22,14.15,15.5,15,15.5,117215,863117.77,1587.52,4711275,67575,9606.9
NIFTY,13-Jun-2017,29-Jun-2017,CE,9850,11,12.9,8.5,9.35,9,9.35,6738,49831.17,54.19,396000,43875,9606.9
NIFTY,13-Jun-2017,29-Jun-2017,CE,9900,4.4,7.7,4.4,5.75,5.65,5.75,62101,461397.74,297.81,2866500,40350,9606.9
NIFTY,13-Jun-2017,29-Jun-2017,CE,9950,4.15,4.35,3.05,3.45,3.35,3.45,2431,18148.16,6.82,407925,53475,9606.9
NIFTY,13-Jun-2017,29-Jun-2017,CE,10000,3.5,3.6,2.2,2.5,2.5,2.5,50960,382303.99,103.99,3101175,-28275,9606.9
NIFTY,13-Jun-2017,29-Jun-2017,CE,10050,2.4,2.4,1.65,1.75,1.65,1.75,255,1922.45,.39,29850,-1950,9606.9
NIFTY,13-Jun-2017,29-Jun-2017,CE,10100,2.5,2.5,0.75,1.4,1.4,1.4,7393,56010.07,8.1,727425,54600,9606.9
NIFTY,13-Jun-2017,29-Jun-2017,CE,10150,0,0,0,1.35,1.35,0.25,0,0,0,75,0,9606.9
NIFTY,13-Jun-2017,29-Jun-2017,CE,10200,0.8,0.8,0.5,0.65,0.65,0.65,1348,10312.87,.67,162450,4875,9606.9
NIFTY,14-Jun-2017,29-Jun-2017,CE,8900,699,737.85,699,735.85,734,735.85,27,194.73,14.51,147525,-1350,9618.15
NIFTY,14-Jun-2017,29-Jun-2017,CE,8950,0,0,0,461.35,461.35,691.9,0,0,0,150,0,9618.15
NIFTY,14-Jun-2017,29-Jun-2017,CE,9000,614.3,643,598,635.3,636,635.3,300,2163.98,138.98,1017975,-11625,9618.15
NIFTY,14-Jun-2017,29-Jun-2017,CE,9050,0,0,0,440,440,592.2,0,0,0,75,0,9618.15
NIFTY,14-Jun-2017,29-Jun-2017,CE,9100,506.6,540.75,498.05,535.55,534.7,535.55,93,670.5,35.77,298725,-2700,9618.15
NIFTY,14-Jun-2017,29-Jun-2017,CE,9150,481.15,481.15,481.15,481.15,481.15,481.15,2,14.45,.72,450,-75,9618.15
NIFTY,14-Jun-2017,29-Jun-2017,CE,9200,418.6,444.1,401.85,438.25,440,438.25,190,1371.9,60.9,400650,-2625,9618.15
NIFTY,14-Jun-2017,29-Jun-2017,CE,9250,0,0,0,220,220,393.45,0,0,0,150,0,9618.15
NIFTY,14-Jun-2017,29-Jun-2017,CE,9300,326.6,349.95,308.25,342.1,343.65,342.1,1114,8046.47,276.32,921900,-19200,9618.15
NIFTY,14-Jun-2017,29-Jun-2017,CE,9350,276.15,295.4,265,295,295.4,295,31,223.78,6.39,84975,-75,9618.15
NIFTY,14-Jun-2017,29-Jun-2017,CE,9400,235.4,259.15,219.4,251.45,253,251.45,4447,32131.97,780.62,1020225,-129075,9618.15
NIFTY,14-Jun-2017,29-Jun-2017,CE,9450,189.45,211,178.9,206.2,208.6,206.2,121,874.76,17.18,68550,-975,9618.15
NIFTY,14-Jun-2017,29-Jun-2017,CE,9500,156.4,172,140.05,165.9,167,165.9,19001,137598.27,2216.15,2139225,25200,9618.15
NIFTY,14-Jun-2017,29-Jun-2017,CE,9550,117.8,133.25,105,127.45,128.9,127.45,1168,8468.88,103.08,99300,5025,9618.15
NIFTY,14-Jun-2017,29-Jun-2017,CE,9600,88.4,99.9,75.1,94.8,96,94.8,136703,993244.43,8982.83,4657950,-302025,9618.15
NIFTY,14-Jun-2017,29-Jun-2017,CE,9650,65,70.25,50.75,66.5,67.4,66.5,42057,306341.9,1954.36,953925,-138225,9618.15
NIFTY,14-Jun-2017,29-Jun-2017,CE,9700,39.6,48.15,33.3,45.2,46,45.2,181322,1324690.84,5573.29,5953125,-490350,9618.15
NIFTY,14-Jun-2017,29-Jun-2017,CE,9750,24.1,30.45,20,28.2,28.5,28.2,26286,192714.12,497.74,680250,42975,9618.15
NIFTY,14-Jun-2017,29-Jun-2017,CE,9800,15.1,18.95,12.35,17.5,17.55,17.5,107075,788264.4,1263.15,4464225,-247050,9618.15
NIFTY,14-Jun-2017,29-Jun-2017,CE,9850,9.1,11.4,7.4,10.6,10.6,10.6,8056,59572.59,58.89,512025,116025,9618.15
NIFTY,14-Jun-2017,29-Jun-2017,CE,9900,5.65,6.85,4.55,6.3,6.15,6.3,47952,356247.32,203.72,2681325,-185175,9618.15
NIFTY,14-Jun-2017,29-Jun-2017,CE,9950,3.5,3.95,2.7,3.6,3.5,3.6,1732,12929.25,4.2,438825,30900,9618.15
NIFTY,14-Jun-2017,29-Jun-2017,CE,10000,2.55,2.85,2.05,2.7,2.7,2.7,34581,259419.23,61.73,3115275,14100,9618.15
NIFTY,14-Jun-2017,29-Jun-2017,CE,10050,1.45,2,1,1.9,1.9,1.9,294,2216.36,.34,23850,-6000,9618.15
NIFTY,14-Jun-2017,29-Jun-2017,CE,10100,1.35,1.6,1.15,1.55,1.5,1.55,5081,38493.73,5.15,656625,-70800,9618.15
NIFTY,14-Jun-2017,29-Jun-2017,CE,10150,0,0,0,1.35,1.35,0.15,0,0,0,75,0,9618.15
NIFTY,14-Jun-2017,29-Jun-2017,CE,10200,0.55,0.65,0.5,0.6,0.55,0.6,1533,11728.12,.67,204000,41550,9618.15
NIFTY,15-Jun-2017,29-Jun-2017,CE,8900,714.75,717.85,688,700,700,700,84,605.17,44.47,145800,-1725,9578.05
NIFTY,15-Jun-2017,29-Jun-2017,CE,8950,0,0,0,461.35,461.35,650.25,0,0,0,150,0,9578.05
NIFTY,15-Jun-2017,29-Jun-2017,CE,9000,631.1,631.1,584.95,600.6,596,600.6,685,4934.19,310.44,993750,-24225,9578.05
NIFTY,15-Jun-2017,29-Jun-2017,CE,9050,0,0,0,440,440,550.5,0,0,0,75,0,9578.05
NIFTY,15-Jun-2017,29-Jun-2017,CE,9100,517.05,522.95,484,498.5,496.8,498.5,207,1490.4,77.63,290025,-8700,9578.05
NIFTY,15-Jun-2017,29-Jun-2017,CE,9150,0,0,0,481.15,481.15,450.9,0,0,0,450,0,9578.05
NIFTY,15-Jun-2017,29-Jun-2017,CE,9200,421.75,424,387.65,402.25,401.45,402.25,276,1988.58,84.18,396225,-4425,9578.05
NIFTY,15-Jun-2017,29-Jun-2017,CE,9250,0,0,0,220,220,352.05,0,0,0,150,0,9578.05
NIFTY,15-Jun-2017,29-Jun-2017,CE,9300,319.7,328.95,293.4,307.35,307,307.35,1228,8852.29,286.99,903600,-18300,9578.05
NIFTY,15-Jun-2017,29-Jun-2017,CE,9350,276.8,276.8,248.05,260.2,261.15,260.2,71,511.8,13.91,84975,0,9578.05
NIFTY,15-Jun-2017,29-Jun-2017,CE,9400,229.8,239.35,205,218.3,216.1,218.3,3045,21970.44,503.19,1018650,-1575,9578.05
NIFTY,15-Jun-2017,29-Jun-2017,CE,9450,183.9,191.1,164.8,175.5,175.1,175.5,292,2107.84,38.29,61125,-7425,9578.05
NIFTY,15-Jun-2017,29-Jun-2017,CE,9500,147,154.15,126.25,137.7,135.5,137.7,19658,142130.48,2067.23,2109825,-29400,9578.05
NIFTY,15-Jun-2017,29-Jun-2017,CE,9550,115.1,119.65,93,103.1,101.1,103.1,2158,15624.05,167.37,112650,13350,9578.05
NIFTY,15-Jun-2017,29-Jun-2017,CE,9600,81.15,84.9,65.2,74.05,72.5,74.05,170839,1239691.5,9650.7,5188050,530100,9578.05
NIFTY,15-Jun-2017,29-Jun-2017,CE,9650,52.85,58.2,42.55,50,48.25,50,47396,344823.57,1795.02,1111575,157650,9578.05
NIFTY,15-Jun-2017,29-Jun-2017,CE,9700,36.8,38.5,26.85,31.95,31.7,31.95,184978,1350314.58,4599.63,6933675,980550,9578.05
NIFTY,15-Jun-2017,29-Jun-2017,CE,9750,23.7,23.7,15.8,18.85,19.25,18.85,29721,217771.14,436.33,932100,251850,9578.05
NIFTY,15-Jun-2017,29-Jun-2017,CE,9800,15,16,9.3,11.55,11.75,11.55,134147,987184.37,1203.92,4863525,399300,9578.05
NIFTY,15-Jun-2017,29-Jun-2017,CE,9850,8.05,8.9,5.85,7,7,7,7848,58019.29,42.19,515400,3375,9578.05
NIFTY,15-Jun-2017,29-Jun-2017,CE,9900,6,6,3.45,4.35,4.3,4.35,48355,359195.12,159.25,3040500,359175,9578.05
NIFTY,15-Jun-2017,29-Jun-2017,CE,9950,3,3.15,2.25,2.8,2.7,2.8,1717,12816.57,3.46,413550,-25275,9578.05
NIFTY,15-Jun-2017,29-Jun-2017,CE,10000,2.4,2.5,1.7,2.1,2.05,2.1,33915,254413.88,51.38,3350775,235500,9578.05
NIFTY,15-Jun-2017,29-Jun-2017,CE,10050,1.55,1.65,1.25,1.55,1.55,1.55,95,716.17,.11,22050,-1800,9578.05
NIFTY,15-Jun-2017,29-Jun-2017,CE,10100,1.4,1.55,1.05,1.2,1.1,1.2,3772,28576.29,3.39,597750,-58875,9578.05
NIFTY,15-Jun-2017,29-Jun-2017,CE,10150,1.15,1.15,0.4,0.9,0.9,0.9,4,30.45,0,225,150,9578.05
NIFTY,15-Jun-2017,29-Jun-2017,CE,10200,0.5,0.65,0.5,0.6,0.55,0.6,3205,24519.59,1.34,223650,19650,9578.05
NIFTY,16-Jun-2017,29-Jun-2017,CE,8900,715,715,700,700,700,700,49,352.95,25.87,142800,-3000,-
NIFTY,16-Jun-2017,29-Jun-2017,CE,8950,0,0,0,461.35,461.35,658.65,0,0,0,150,0,-
NIFTY,16-Jun-2017,29-Jun-2017,CE,9000,610.15,621.4,585,599.45,586.75,599.45,260,1871.82,116.82,984300,-9450,-
NIFTY,16-Jun-2017,29-Jun-2017,CE,9050,0,0,0,440,440,558.85,0,0,0,75,0,-
NIFTY,16-Jun-2017,29-Jun-2017,CE,9100,510,517.85,486.2,493.45,486.55,493.45,50,360.08,18.83,289200,-825,-
NIFTY,16-Jun-2017,29-Jun-2017,CE,9150,452.5,452.5,452.5,452.5,452.5,452.5,2,14.4,.68,450,0,-
NIFTY,16-Jun-2017,29-Jun-2017,CE,9200,412,423.95,386.45,394.85,389.95,394.85,218,1570.45,66.25,393000,-3225,-
NIFTY,16-Jun-2017,29-Jun-2017,CE,9250,0,0,0,220,220,359.9,0,0,0,150,0,-
NIFTY,16-Jun-2017,29-Jun-2017,CE,9300,317.3,327.05,291.6,301.7,294.25,301.7,858,6183.98,199.43,881625,-21975,-
NIFTY,16-Jun-2017,29-Jun-2017,CE,9350,270.1,274.9,247.3,251.5,250.3,251.5,65,468.57,12.76,84975,0,-
NIFTY,16-Jun-2017,29-Jun-2017,CE,9400,224.4,237.35,201.7,212,204.3,212,4155,29968.94,676.19,973650,-45000,-
NIFTY,16-Jun-2017,29-Jun-2017,CE,9450,182.95,190.9,159.95,168.35,161.8,168.35,460,3320.83,60.58,45675,-15450,-
NIFTY,16-Jun-2017,29-Jun-2017,CE,9500,144.25,150.7,120.4,129.45,122.85,129.45,30579,220971.4,3096.02,2231625,121800,-
NIFTY,16-Jun-2017,29-Jun-2017,CE,9550,111,112,86.35,93.45,87,93.45,3991,28879.34,293.81,135975,23325,-
NIFTY,16-Jun-2017,29-Jun-2017,CE,9600,79.05,80.5,59.25,65.85,60.5,65.85,176879,1282769.16,9240.36,5413500,225450,-
NIFTY,16-Jun-2017,29-Jun-2017,CE,9650,51.25,53.5,36.55,40.9,37.05,40.9,28797,209381.27,962.99,1394550,282975,-
NIFTY,16-Jun-2017,29-Jun-2017,CE,9700,35.95,36,22.15,25.4,22.45,25.4,193503,1411825.05,4090.72,7602825,669150,-
NIFTY,16-Jun-2017,29-Jun-2017,CE,9750,20.3,20.4,11.25,13.35,11.45,13.35,25739,188513.72,297.29,1031175,99075,-
NIFTY,16-Jun-2017,29-Jun-2017,CE,9800,10.15,12.25,6.5,7.9,6.8,7.9,131399,966687.89,905.24,4953600,90075,-
NIFTY,16-Jun-2017,29-Jun-2017,CE,9850,7.1,7.25,3.65,4.55,3.65,4.55,7278,53794.36,28.13,494925,-20475,-
NIFTY,16-Jun-2017,29-Jun-2017,CE,9900,4.35,4.75,2.5,2.95,2.65,2.95,40799,303033.42,100.85,2976900,-63600,-
NIFTY,16-Jun-2017,29-Jun-2017,CE,9950,2.45,2.95,1.9,2.05,1.95,2.05,1337,9979.56,2.2,387150,-26400,-
NIFTY,16-Jun-2017,29-Jun-2017,CE,10000,2,2.05,1.5,1.65,1.5,1.65,33312,249882.27,42.27,3308250,-42525,-
NIFTY,16-Jun-2017,29-Jun-2017,CE,10050,1.5,1.55,1,1.15,1.1,1.15,285,2148.44,.25,20100,-1950,-
NIFTY,16-Jun-2017,29-Jun-2017,CE,10100,1,1.15,0.85,0.95,0.85,0.95,2446,18530.21,1.76,606150,8400,-
NIFTY,16-Jun-2017,29-Jun-2017,CE,10150,0,0,0,0.9,0.9,0.05,0,0,0,225,0,-
NIFTY,16-Jun-2017,29-Jun-2017,CE,10200,0.6,0.6,0.45,0.5,0.55,0.5,987,7550.92,.37,235875,12225,-
NIFTY,19-Jun-2017,29-Jun-2017,CE,8900,741.3,792,738,772.85,773.7,772.85,32,231.64,18.04,141750,-1050,9657.55
NIFTY,19-Jun-2017,29-Jun-2017,CE,8950,0,0,0,461.35,461.35,723.4,0,0,0,150,0,9657.55
NIFTY,19-Jun-2017,29-Jun-2017,CE,9000,625,692.45,624.8,678.8,672,678.8,490,3548.79,241.29,971325,-12975,9657.55
NIFTY,19-Jun-2017,29-Jun-2017,CE,9050,0,0,0,440,440,623.55,0,0,0,75,0,9657.55
NIFTY,19-Jun-2017,29-Jun-2017,CE,9100,528.1,589,528.1,574.25,569,574.25,176,1273.1,71.9,282375,-6825,9657.55
NIFTY,19-Jun-2017,29-Jun-2017,CE,9150,468.85,468.85,468.85,468.85,468.85,468.85,1,7.21,.35,525,75,9657.55
NIFTY,19-Jun-2017,29-Jun-2017,CE,9200,433,490.25,433,472.5,470.05,472.5,447,3237.64,153.34,386400,-6600,9657.55
NIFTY,19-Jun-2017,29-Jun-2017,CE,9250,398.55,398.55,398.55,398.55,398.55,398.55,2,14.47,.6,225,75,9657.55
NIFTY,19-Jun-2017,29-Jun-2017,CE,9300,332.85,392.55,325.65,374.3,371.05,374.3,948,6863.84,251.54,868275,-13350,9657.55
NIFTY,19-Jun-2017,29-Jun-2017,CE,9350,282.35,340,280,332.3,332.3,332.3,206,1488.89,44.32,74325,-10650,9657.55
NIFTY,19-Jun-2017,29-Jun-2017,CE,9400,232.2,297,232,281.5,278,281.5,3612,26175.81,711.21,895725,-77925,9657.55
NIFTY,19-Jun-2017,29-Jun-2017,CE,9450,189.4,242.05,189.4,233.2,233,233.2,212,1536.93,34.38,41100,-4575,9657.55
NIFTY,19-Jun-2017,29-Jun-2017,CE,9500,145,201.95,140.5,185.15,184,185.15,25550,185275.14,3231.39,1999800,-231825,9657.55
NIFTY,19-Jun-2017,29-Jun-2017,CE,9550,109,158.45,105.05,140.55,141.8,140.55,3624,26299.33,342.43,81750,-54225,9657.55
NIFTY,19-Jun-2017,29-Jun-2017,CE,9600,71.1,118,71.1,103.45,101.25,103.45,174494,1268335,11978.2,3694275,-1719225,9657.55
NIFTY,19-Jun-2017,29-Jun-2017,CE,9650,48.75,81.3,47.65,69.15,67.85,69.15,53863,392250.46,2417,937275,-457275,9657.55
NIFTY,19-Jun-2017,29-Jun-2017,CE,9700,34.4,52.95,27.6,44.15,42.45,44.15,295626,2159252.74,8573.59,6577875,-1024950,9657.55
NIFTY,19-Jun-2017,29-Jun-2017,CE,9750,19.8,31.35,14.9,25.05,24.1,25.05,52362,383761.51,864.39,919425,-111750,9657.55
NIFTY,19-Jun-2017,29-Jun-2017,CE,9800,7.85,17.95,7.85,14.25,13.25,14.25,169108,1244490.69,1546.89,4616175,-337425,9657.55
NIFTY,19-Jun-2017,29-Jun-2017,CE,9850,4.5,9.25,4.05,7.25,6.7,7.25,13545,100130.48,66.79,552975,58050,9657.55
NIFTY,19-Jun-2017,29-Jun-2017,CE,9900,2.1,5.15,2.1,4.45,4.25,4.45,60898,452335.11,167.46,2877075,-99825,9657.55
NIFTY,19-Jun-2017,29-Jun-2017,CE,9950,1.95,3,1.55,2.3,2.25,2.3,3506,26169,5.47,468900,81750,9657.55
NIFTY,19-Jun-2017,29-Jun-2017,CE,10000,2.1,2.1,1.4,1.75,1.75,1.75,39048,292907.77,47.77,3155550,-152700,9657.55
NIFTY,19-Jun-2017,29-Jun-2017,CE,10050,1.1,1.45,0.75,1,0.95,1,30,226.15,.02,20100,0,9657.55
NIFTY,19-Jun-2017,29-Jun-2017,CE,10100,1.9,1.9,0.75,1.05,0.95,1.05,2860,21666.61,2.11,612525,6375,9657.55
NIFTY,19-Jun-2017,29-Jun-2017,CE,10150,0,0,0,0.9,0.9,0.05,0,0,0,225,0,9657.55
NIFTY,19-Jun-2017,29-Jun-2017,CE,10200,0.55,0.55,0.4,0.5,0.4,0.5,3694,28260.34,1.24,233100,-2775,9657.55
NIFTY,20-Jun-2017,29-Jun-2017,CE,8900,773,783,765.3,772.5,772.5,772.5,25,181.38,14.5,140250,-1500,9653.5
NIFTY,20-Jun-2017,29-Jun-2017,CE,8950,0,0,0,461.35,461.35,717.8,0,0,0,150,0,9653.5
NIFTY,20-Jun-2017,29-Jun-2017,CE,9000,675,684,660.2,670.8,667,670.8,542,3932.99,274.49,952875,-18450,9653.5
NIFTY,20-Jun-2017,29-Jun-2017,CE,9050,0,0,0,440,440,617.95,0,0,0,75,0,9653.5
NIFTY,20-Jun-2017,29-Jun-2017,CE,9100,574.7,581.5,561.85,568.1,568.95,568.1,78,565.62,33.27,281625,-750,9653.5
NIFTY,20-Jun-2017,29-Jun-2017,CE,9150,0,0,0,468.85,468.85,518.1,0,0,0,525,0,9653.5
NIFTY,20-Jun-2017,29-Jun-2017,CE,9200,475.25,482.8,463.3,473.45,467.55,473.45,108,783.48,38.28,381900,-4500,9653.5
NIFTY,20-Jun-2017,29-Jun-2017,CE,9250,0,0,0,398.55,398.55,418.3,0,0,0,225,0,9653.5
NIFTY,20-Jun-2017,29-Jun-2017,CE,9300,376.8,387.2,363.45,372.6,375.3,372.6,285,2067.85,79.97,860325,-7950,9653.5
NIFTY,20-Jun-2017,29-Jun-2017,CE,9350,327.6,333,313.7,318.2,320.25,318.2,21,152.4,5.14,74250,-75,9653.5
NIFTY,20-Jun-2017,29-Jun-2017,CE,9400,282.5,290.25,265.85,277.45,276.15,277.45,1163,8442.35,243.2,868800,-26925,9653.5
NIFTY,20-Jun-2017,29-Jun-2017,CE,9450,230.3,239,221,227.6,222.5,227.6,109,791.19,18.66,37350,-3750,9653.5
NIFTY,20-Jun-2017,29-Jun-2017,CE,9500,187.95,195.35,171.95,183.4,184.95,183.4,9946,72248.54,1383.29,1885200,-114600,9653.5
NIFTY,20-Jun-2017,29-Jun-2017,CE,9550,143.4,151.2,132.05,139.1,142.2,139.1,662,4811.93,70.36,77025,-4725,9653.5
NIFTY,20-Jun-2017,29-Jun-2017,CE,9600,109.6,112,93.25,102.05,103.25,102.05,75677,550750.6,5876.2,3585525,-108750,9653.5
NIFTY,20-Jun-2017,29-Jun-2017,CE,9650,69,76,60.9,67.35,67.7,67.35,22628,164943.09,1172.94,946275,9000,9653.5
NIFTY,20-Jun-2017,29-Jun-2017,CE,9700,42.9,49,37.15,42.5,42.5,42.5,195911,1431670.01,6417.49,6673350,95475,9653.5
NIFTY,20-Jun-2017,29-Jun-2017,CE,9750,30,30,19.85,23.3,22.85,23.3,37826,277295.61,692.99,1258350,338925,9653.5
NIFTY,20-Jun-2017,29-Jun-2017,CE,9800,15.9,16.1,10.75,12.9,12.4,12.9,134645,990987.63,1346.88,4513200,-102975,9653.5
NIFTY,20-Jun-2017,29-Jun-2017,CE,9850,7,8,5.4,6.35,5.8,6.35,11756,86906.79,59.34,575025,22050,9653.5
NIFTY,20-Jun-2017,29-Jun-2017,CE,9900,5,6,3.15,3.8,3.5,3.8,49549,368043.95,142.63,2956650,79575,9653.5
NIFTY,20-Jun-2017,29-Jun-2017,CE,9950,2.5,2.55,1.2,1.95,1.4,1.95,1732,12927.75,2.7,482700,13800,9653.5
NIFTY,20-Jun-2017,29-Jun-2017,CE,10000,1.1,2.95,1.1,1.5,1.5,1.5,52564,394293.17,63.17,3053325,-102225,9653.5
NIFTY,20-Jun-2017,29-Jun-2017,CE,10050,1.35,1.35,0.85,1,1,1,40,301.53,.03,20100,0,9653.5
NIFTY,20-Jun-2017,29-Jun-2017,CE,10100,1.8,1.8,0.55,0.85,0.8,0.85,3431,25992.33,2.51,596700,-15825,9653.5
NIFTY,20-Jun-2017,29-Jun-2017,CE,10150,1.15,3,0.4,0.4,0.4,0.4,4,30.45,0,150,-75,9653.5
NIFTY,20-Jun-2017,29-Jun-2017,CE,10200,1.9,1.9,0.3,0.45,0.4,0.45,2184,16708.34,.74,257325,24225,9653.5
NIFTY,21-Jun-2017,29-Jun-2017,CE,8900,740,761,720.9,747.5,747,747.5,48,346.92,26.52,137850,-2400,9633.6
NIFTY,21-Jun-2017,29-Jun-2017,CE,8950,0,0,0,461.35,461.35,696.3,0,0,0,150,0,9633.6
NIFTY,21-Jun-2017,29-Jun-2017,CE,9000,641.1,661.4,620,650.5,651.25,650.5,1114,8049.58,530.08,898050,-54825,9633.6
NIFTY,21-Jun-2017,29-Jun-2017,CE,9050,0,0,0,440,440,596.45,0,0,0,75,0,9633.6
NIFTY,21-Jun-2017,29-Jun-2017,CE,9100,540,555,520,550.8,552.6,550.8,103,744,41.02,275850,-5775,9633.6
NIFTY,21-Jun-2017,29-Jun-2017,CE,9150,0,0,0,468.85,468.85,496.6,0,0,0,525,0,9633.6
NIFTY,21-Jun-2017,29-Jun-2017,CE,9200,450,465,422.55,454.9,454.25,454.9,618,4464.79,200.59,357825,-24075,9633.6
NIFTY,21-Jun-2017,29-Jun-2017,CE,9250,0,0,0,398.55,398.55,396.75,0,0,0,225,0,9633.6
NIFTY,21-Jun-2017,29-Jun-2017,CE,9300,350,365,319.5,354.8,357.4,354.8,968,6999.2,247.4,826650,-33675,9633.6
NIFTY,21-Jun-2017,29-Jun-2017,CE,9350,290.85,305.75,273.85,303.45,301.1,303.45,27,195.04,5.7,74250,0,9633.6
NIFTY,21-Jun-2017,29-Jun-2017,CE,9400,252.1,269,222.05,257.65,260.65,257.65,1880,13596.44,342.44,843900,-24900,9633.6
NIFTY,21-Jun-2017,29-Jun-2017,CE,9450,196.35,213.3,180.3,208.6,211.65,208.6,74,535.17,10.69,35175,-2175,9633.6
NIFTY,21-Jun-2017,29-Jun-2017,CE,9500,165.35,175,132.6,163.85,166,163.85,14081,101934.85,1607.72,1744950,-140250,9633.6
NIFTY,21-Jun-2017,29-Jun-2017,CE,9550,122,131,98.8,121.9,123.25,121.9,2797,20262.86,229.35,72750,-4275,9633.6
NIFTY,21-Jun-2017,29-Jun-2017,CE,9600,88.45,93.1,65,84.95,85.25,84.95,162829,1181749.58,9380.78,3669375,83850,9633.6
NIFTY,21-Jun-2017,29-Jun-2017,CE,9650,52.25,59.65,39,54.25,54.4,54.25,69171,503105.32,2480.2,1290075,343800,9633.6
NIFTY,21-Jun-2017,29-Jun-2017,CE,9700,32.3,36.9,22.15,33.25,33.1,33.25,311195,2270680.76,6737.13,6728925,55575,9633.6
NIFTY,21-Jun-2017,29-Jun-2017,CE,9750,15,20.45,11,17.7,17.4,17.7,64324,471117.63,748.38,1297725,39375,9633.6
NIFTY,21-Jun-2017,29-Jun-2017,CE,9800,5.6,11.4,5.55,9.85,9.7,9.85,179075,1317288.2,1086.95,4549125,35925,9633.6
NIFTY,21-Jun-2017,29-Jun-2017,CE,9850,3.2,5.65,3.05,4.85,4.6,4.85,15184,112219.23,47.43,647100,72075,9633.6
NIFTY,21-Jun-2017,29-Jun-2017,CE,9900,4.05,4.1,1.85,2.7,2.4,2.7,60727,451007.4,109.42,2960700,4050,9633.6
NIFTY,21-Jun-2017,29-Jun-2017,CE,9950,1.9,2.1,1.05,1.7,1.6,1.7,2611,19487.59,3,483150,450,9633.6
NIFTY,21-Jun-2017,29-Jun-2017,CE,10000,1.25,1.65,1,1.3,1.15,1.3,52134,391053.45,48.45,2973450,-79875,9633.6
NIFTY,21-Jun-2017,29-Jun-2017,CE,10050,0.9,1.2,0.55,1,0.95,1,39,293.99,.03,21000,900,9633.6
NIFTY,21-Jun-2017,29-Jun-2017,CE,10100,0.35,0.85,0.35,0.8,0.85,0.8,3750,28408.32,2.07,622350,25650,9633.6
NIFTY,21-Jun-2017,29-Jun-2017,CE,10150,0,0,0,0.4,0.4,0,0,0,0,150,0,9633.6
NIFTY,21-Jun-2017,29-Jun-2017,CE,10200,0.4,0.5,0.4,0.5,0.5,0.5,929,7107.17,.32,257925,600,9633.6
NIFTY,22-Jun-2017,29-Jun-2017,CE,8900,776.9,805,732,736.05,732,736.05,135,979.15,78.02,130800,-7050,9630
NIFTY,22-Jun-2017,29-Jun-2017,CE,8950,0,0,0,461.35,461.35,691.1,0,0,0,150,0,9630
NIFTY,22-Jun-2017,29-Jun-2017,CE,9000,661.4,711.1,620,632.9,627,632.9,1332,9671.45,680.45,828750,-69300,9630
NIFTY,22-Jun-2017,29-Jun-2017,CE,9050,0,0,0,440,440,591.25,0,0,0,75,0,9630
NIFTY,22-Jun-2017,29-Jun-2017,CE,9100,575.45,611.25,516.75,529.9,527.85,529.9,193,1398.84,81.62,268125,-7725,9630
NIFTY,22-Jun-2017,29-Jun-2017,CE,9150,555,555,555,555,555,555,1,7.28,.42,525,0,9630
NIFTY,22-Jun-2017,29-Jun-2017,CE,9200,474.3,510,418.65,431.8,427.9,431.8,419,3042.52,151.42,341850,-15975,9630
NIFTY,22-Jun-2017,29-Jun-2017,CE,9250,0,0,0,398.55,398.55,391.5,0,0,0,225,0,9630
NIFTY,22-Jun-2017,29-Jun-2017,CE,9300,372.95,411.9,318,336.5,334.45,336.5,1562,11341.13,446.18,780375,-46275,9630
NIFTY,22-Jun-2017,29-Jun-2017,CE,9350,324.05,358,281.2,286.85,281.2,286.85,17,123.23,4.01,74175,-75,9630
NIFTY,22-Jun-2017,29-Jun-2017,CE,9400,271.7,313.25,220,240.1,237.3,240.1,2566,18623.76,533.46,809250,-34650,9630
NIFTY,22-Jun-2017,29-Jun-2017,CE,9450,227.2,262.9,176.15,187.45,187.5,187.45,151,1095.65,25.44,30825,-4350,9630
NIFTY,22-Jun-2017,29-Jun-2017,CE,9500,184.6,217.15,131,144.95,142.85,144.95,14859,107854.33,1983.96,1649775,-95175,9630
NIFTY,22-Jun-2017,29-Jun-2017,CE,9550,130.65,172.35,91.7,103.45,102.05,103.45,2004,14549.7,196.05,71700,-1050,9630
NIFTY,22-Jun-2017,29-Jun-2017,CE,9600,91.4,126.75,56.6,67.6,68,67.6,148802,1081807.04,10432.64,3479250,-190125,9630
NIFTY,22-Jun-2017,29-Jun-2017,CE,9650,61.7,85.85,31.2,38.15,39.5,38.15,67808,493623.94,2863.54,1533000,242925,9630
NIFTY,22-Jun-2017,29-Jun-2017,CE,9700,36.25,55,17.25,22.3,22.8,22.3,396263,2893615.04,10801.71,6950100,221175,9630
NIFTY,22-Jun-2017,29-Jun-2017,CE,9750,19.75,31.05,7.7,10.4,11,10.4,101872,746373.7,1434.7,1510725,213000,9630
NIFTY,22-Jun-2017,29-Jun-2017,CE,9800,8.65,16.8,4.25,5.7,5.9,5.7,228675,1682516.86,1755.61,4851450,302325,9630
NIFTY,22-Jun-2017,29-Jun-2017,CE,9850,4.65,7.95,2.05,2.65,2.6,2.65,26073,192708.38,94.1,585450,-61650,9630
NIFTY,22-Jun-2017,29-Jun-2017,CE,9900,2.1,3.8,1.2,1.55,1.65,1.55,60096,446319.54,106.74,3181800,221100,9630
NIFTY,22-Jun-2017,29-Jun-2017,CE,9950,1,2,0.95,1.15,1.15,1.15,3410,25450.91,3.79,473400,-9750,9630
NIFTY,22-Jun-2017,29-Jun-2017,CE,10000,1.3,1.45,0.75,0.9,0.8,0.9,30451,228409.03,26.53,3004875,31425,9630
NIFTY,22-Jun-2017,29-Jun-2017,CE,10050,0.9,1.2,0.45,0.7,0.6,0.7,56,422.13,.03,20175,-825,9630
NIFTY,22-Jun-2017,29-Jun-2017,CE,10100,1.4,1.4,0.4,0.65,0.7,0.65,4646,35195.97,2.52,619575,-2775,9630
NIFTY,22-Jun-2017,29-Jun-2017,CE,10150,2.85,2.85,0.3,0.3,0.3,0.3,2,15.23,0,150,0,9630
NIFTY,22-Jun-2017,29-Jun-2017,CE,10200,0.4,0.5,0.4,0.45,0.5,0.45,1315,10060.19,.44,265200,7275,9630
NIFTY,23-Jun-2017,29-Jun-2017,CE,8900,719,719,673.65,686.7,684.8,686.7,399,2871.45,208.13,113550,-17250,9574.95
NIFTY,23-Jun-2017,29-Jun-2017,CE,8950,0,0,0,461.35,461.35,634.45,0,0,0,150,0,9574.95
NIFTY,23-Jun-2017,29-Jun-2017,CE,9000,623.55,629,571.5,586.95,586.4,586.95,3182,22897.21,1418.71,684225,-144525,9574.95
NIFTY,23-Jun-2017,29-Jun-2017,CE,9050,0,0,0,440,440,534.6,0,0,0,75,0,9574.95
NIFTY,23-Jun-2017,29-Jun-2017,CE,9100,527.4,527.4,471.5,485.95,489.6,485.95,1051,7561.27,388.2,223050,-45075,9574.95
NIFTY,23-Jun-2017,29-Jun-2017,CE,9150,0,0,0,555,555,434.7,0,0,0,525,0,9574.95
NIFTY,23-Jun-2017,29-Jun-2017,CE,9200,430,430,374.9,387.6,388,387.6,1223,8802.65,363.95,302625,-39225,9574.95
NIFTY,23-Jun-2017,29-Jun-2017,CE,9250,368.1,368.1,368.1,368.1,368.1,368.1,1,7.21,.28,150,-75,9574.95
NIFTY,23-Jun-2017,29-Jun-2017,CE,9300,335.1,337.3,276,288.15,288.35,288.15,2716,19556.53,612.43,690900,-89475,9574.95
NIFTY,23-Jun-2017,29-Jun-2017,CE,9350,274.05,275.1,226.5,239,241.05,239,55,395.88,10.2,73725,-450,9574.95
NIFTY,23-Jun-2017,29-Jun-2017,CE,9400,239.1,239.1,182.5,195.55,196,195.55,4553,32795.74,697.09,735675,-73575,9574.95
NIFTY,23-Jun-2017,29-Jun-2017,CE,9450,179.6,182,136.75,145.1,146.95,145.1,209,1505.3,24.01,28200,-2625,9574.95
NIFTY,23-Jun-2017,29-Jun-2017,CE,9500,146.3,147.7,96.6,106.25,108.3,106.25,51737,373061.64,4435.52,1628400,-21375,9574.95
NIFTY,23-Jun-2017,29-Jun-2017,CE,9550,101.65,102.8,61.25,68.15,66.45,68.15,19719,142322.9,1085.56,320475,248775,9574.95
NIFTY,23-Jun-2017,29-Jun-2017,CE,9600,65.1,70,35.05,41.15,39.8,41.15,373173,2699871.21,13025.61,5181600,1702350,9574.95
NIFTY,23-Jun-2017,29-Jun-2017,CE,9650,38.9,40.05,18,22.3,20.8,22.3,164404,1193013.64,3139.69,2223000,690000,9574.95
NIFTY,23-Jun-2017,29-Jun-2017,CE,9700,23,23.7,9.2,12.3,11.7,12.3,473772,3451597.54,4906.24,8243925,1293825,9574.95
NIFTY,23-Jun-2017,29-Jun-2017,CE,9750,8.95,10.1,4.4,6.05,5.75,6.05,100338,734204.01,482.39,1396125,-114600,9574.95
NIFTY,23-Jun-2017,29-Jun-2017,CE,9800,6.4,6.4,2.55,3.4,3.3,3.4,148391,1091062.59,388.74,5507625,656175,9574.95
NIFTY,23-Jun-2017,29-Jun-2017,CE,9850,2.2,2.9,1.3,1.85,1.9,1.85,13509,99816.01,18.27,628500,43050,9574.95
NIFTY,23-Jun-2017,29-Jun-2017,CE,9900,1.75,1.8,1.1,1.4,1.35,1.4,68252,506837.02,65.92,3224175,42375,9574.95
NIFTY,23-Jun-2017,29-Jun-2017,CE,9950,0.95,1.3,0.85,1.2,1.25,1.2,2489,18576.17,2,452700,-20700,9574.95
NIFTY,23-Jun-2017,29-Jun-2017,CE,10000,0.8,1.1,0.7,0.95,0.95,0.95,32816,246142.17,22.17,2731575,-273300,9574.95
NIFTY,23-Jun-2017,29-Jun-2017,CE,10050,0.6,0.75,0.6,0.75,0.75,0.75,140,1055.32,.07,21525,1350,9574.95
NIFTY,23-Jun-2017,29-Jun-2017,CE,10100,0.65,0.7,0.45,0.65,0.6,0.65,1881,14249.44,.86,598950,-20625,9574.95
NIFTY,23-Jun-2017,29-Jun-2017,CE,10150,0,0,0,0.3,0.3,0,0,0,0,150,0,9574.95
NIFTY,23-Jun-2017,29-Jun-2017,CE,10200,0.5,0.55,0.45,0.55,0.55,0.55,2474,18927.04,.94,250050,-15150,9574.95
NIFTY,27-Jun-2017,29-Jun-2017,CE,8900,706,706,574.4,608.6,611,608.6,850,6061.44,387.69,77850,-35700,9511.4
NIFTY,27-Jun-2017,29-Jun-2017,CE,8950,626.45,626.45,626.45,626.45,626.45,626.45,1,7.18,.47,225,75,9511.4
NIFTY,27-Jun-2017,29-Jun-2017,CE,9000,591.4,611.4,477,506.55,510.65,506.55,4369,31253.86,1763.11,502725,-181500,9511.4
NIFTY,27-Jun-2017,29-Jun-2017,CE,9050,475.9,475.9,475.9,475.9,475.9,475.9,1,7.14,.36,75,0,9511.4
NIFTY,27-Jun-2017,29-Jun-2017,CE,9100,504.65,511.75,378,408.4,407.4,408.4,1717,12263.94,545.41,162150,-60900,9511.4
NIFTY,27-Jun-2017,29-Jun-2017,CE,9150,0,0,0,555,555,364.65,0,0,0,525,0,9511.4
NIFTY,27-Jun-2017,29-Jun-2017,CE,9200,406.1,411.25,279,310.4,307.3,310.4,2123,15165.28,516.58,231525,-71100,9511.4
NIFTY,27-Jun-2017,29-Jun-2017,CE,9250,301.65,301.65,301.65,301.65,301.65,301.65,1,7.16,.23,225,75,9511.4
NIFTY,27-Jun-2017,29-Jun-2017,CE,9300,307.3,316,182,212.45,217.15,212.45,4276,30526.63,701.53,657225,-33675,9511.4
NIFTY,27-Jun-2017,29-Jun-2017,CE,9350,201.75,209.4,135,161.7,159.25,161.7,78,556.61,9.63,71925,-1800,9511.4
NIFTY,27-Jun-2017,29-Jun-2017,CE,9400,211,216.7,92,118.1,119.7,118.1,31579,225401.82,2769.87,831600,95925,9511.4
NIFTY,27-Jun-2017,29-Jun-2017,CE,9450,161.95,166.2,54.55,75.15,76.1,75.15,13436,95954.24,726.59,180150,151950,9511.4
NIFTY,27-Jun-2017,29-Jun-2017,CE,9500,121.1,123.55,27.45,40.75,42.25,40.75,345947,2477477.03,12604.66,3379800,1751400,9511.4
NIFTY,27-Jun-2017,29-Jun-2017,CE,9550,77.1,80.9,12,19.75,20.95,19.75,189073,1357843.05,3607.69,1740825,1420350,9511.4
NIFTY,27-Jun-2017,29-Jun-2017,CE,9600,47.8,50,5.6,9.25,11,9.25,732636,5283404.71,8425.51,7026225,1844625,9511.4
NIFTY,27-Jun-2017,29-Jun-2017,CE,9650,24.2,27.75,2.95,4.65,4.95,4.65,203084,1471210.38,1389.93,2008050,-214950,9511.4
NIFTY,27-Jun-2017,29-Jun-2017,CE,9700,13.25,17.9,1.7,2.8,2.85,2.8,443632,3228972.95,1550.15,8361975,118050,9511.4
NIFTY,27-Jun-2017,29-Jun-2017,CE,9750,6.55,6.55,1.05,1.55,1.4,1.55,70024,512187.49,136.99,1244250,-151875,9511.4
NIFTY,27-Jun-2017,29-Jun-2017,CE,9800,3.4,3.4,0.7,0.95,0.85,0.95,172860,1270688.19,167.19,5387700,-119925,9511.4
NIFTY,27-Jun-2017,29-Jun-2017,CE,9850,1.95,1.95,0.6,0.85,0.7,0.85,10965,81010.91,6.97,504675,-123825,9511.4
NIFTY,27-Jun-2017,29-Jun-2017,CE,9900,0.95,1,0.55,0.75,0.6,0.75,64624,479868.89,35.69,2871450,-352725,9511.4
NIFTY,27-Jun-2017,29-Jun-2017,CE,9950,0.8,0.9,0.55,0.7,0.6,0.7,1938,14463.32,1,432825,-19875,9511.4
NIFTY,27-Jun-2017,29-Jun-2017,CE,10000,0.6,0.7,0.35,0.65,0.35,0.65,33740,253064.59,14.59,2569800,-161775,9511.4
NIFTY,27-Jun-2017,29-Jun-2017,CE,10050,0.7,0.7,0.25,0.25,0.25,0.25,26,195.98,.01,20025,-1500,9511.4
NIFTY,27-Jun-2017,29-Jun-2017,CE,10100,0.4,0.6,0.4,0.6,0.55,0.6,2888,21877.75,1.15,564675,-34275,9511.4
NIFTY,27-Jun-2017,29-Jun-2017,CE,10150,0.1,0.1,0.1,0.1,0.1,0.1,2,15.23,0,150,0,9511.4
NIFTY,27-Jun-2017,29-Jun-2017,CE,10200,1,1,0.35,0.5,0.5,0.5,1000,7650.36,.36,202350,-47700,9511.4
NIFTY,28-Jun-2017,29-Jun-2017,CE,8900,580,613.55,570.8,593.95,602.7,593.95,1016,7234.11,452.31,34425,-43425,9491.25
NIFTY,28-Jun-2017,29-Jun-2017,CE,8950,0,0,0,626.45,626.45,542.85,0,0,0,225,0,9491.25
NIFTY,28-Jun-2017,29-Jun-2017,CE,9000,485.6,516.5,471.45,494.85,499,494.85,7534,53649.48,2794.98,199500,-303225,9491.25
NIFTY,28-Jun-2017,29-Jun-2017,CE,9050,0,0,0,475.9,475.9,442.9,0,0,0,75,0,9491.25
NIFTY,28-Jun-2017,29-Jun-2017,CE,9100,384.45,418.9,369.75,388.6,397.3,388.6,1770,12609.01,528.76,84300,-77850,9491.25
NIFTY,28-Jun-2017,29-Jun-2017,CE,9150,361,361.5,361,361.5,361.5,361.5,4,28.53,1.08,300,-225,9491.25
NIFTY,28-Jun-2017,29-Jun-2017,CE,9200,294,317.35,270,288.95,297.8,288.95,3026,21542.77,663.37,115575,-115950,9491.25
NIFTY,28-Jun-2017,29-Jun-2017,CE,9250,250.65,250.65,250.55,250.55,250.55,250.55,2,14.25,.38,75,-150,9491.25
NIFTY,28-Jun-2017,29-Jun-2017,CE,9300,215.05,223.35,171.4,190.7,198.45,190.7,6127,43642.26,906.44,503700,-153525,9491.25
NIFTY,28-Jun-2017,29-Jun-2017,CE,9350,141.3,165,121,141.05,148.05,141.05,268,1907.78,28.43,69675,-2250,9491.25
NIFTY,28-Jun-2017,29-Jun-2017,CE,9400,130.65,130.65,79,95.8,102,95.8,48576,346087.94,3627.14,774225,-57375,9491.25
NIFTY,28-Jun-2017,29-Jun-2017,CE,9450,64,83.45,40.15,52.6,56.75,52.6,39404,280956.92,1681.07,409200,229050,9491.25
NIFTY,28-Jun-2017,29-Jun-2017,CE,9500,31.9,47.6,15.9,23.7,24.9,23.7,543435,3883727.56,11753.18,3859350,479550,9491.25
NIFTY,28-Jun-2017,29-Jun-2017,CE,9550,17.7,23.05,5.3,8.35,8,8.35,297649,2134626.16,2715.2,2788200,1047375,9491.25
NIFTY,28-Jun-2017,29-Jun-2017,CE,9600,7.5,10,2.1,2.85,2.5,2.85,513272,3697536.91,1978.51,6644625,-381600,9491.25
NIFTY,28-Jun-2017,29-Jun-2017,CE,9650,4.05,4.5,1,1.15,1.05,1.15,137131,992714.75,229.14,1929900,-78150,9491.25
NIFTY,28-Jun-2017,29-Jun-2017,CE,9700,2,2.35,0.55,0.7,0.7,0.7,309019,2248369.87,256.65,7841400,-520575,9491.25
NIFTY,28-Jun-2017,29-Jun-2017,CE,9750,1.15,1.25,0.45,0.55,0.45,0.55,21775,159240.8,11.12,1054125,-190125,9491.25
NIFTY,28-Jun-2017,29-Jun-2017,CE,9800,0.75,0.75,0.35,0.45,0.35,0.45,77189,567367.26,28.11,4605150,-782550,9491.25
NIFTY,28-Jun-2017,29-Jun-2017,CE,9850,0.35,0.6,0.3,0.45,0.4,0.45,2747,20294.42,.96,453375,-51300,9491.25
NIFTY,28-Jun-2017,29-Jun-2017,CE,9900,0.5,0.5,0.35,0.4,0.35,0.4,24792,184088.53,7.93,2597775,-273675,9491.25
NIFTY,28-Jun-2017,29-Jun-2017,CE,9950,0.35,0.55,0.35,0.45,0.35,0.45,1023,7634.48,.34,424200,-8625,9491.25
NIFTY,28-Jun-2017,29-Jun-2017,CE,10000,0.45,0.5,0.2,0.35,0.25,0.35,16455,123417.25,4.75,2442300,-127500,9491.25
NIFTY,28-Jun-2017,29-Jun-2017,CE,10050,0.15,0.45,0.15,0.45,0.45,0.45,4,30.15,0,19800,-225,9491.25
NIFTY,28-Jun-2017,29-Jun-2017,CE,10100,0.35,0.45,0.25,0.3,0.25,0.3,2200,16665.65,.65,510675,-54000,9491.25
NIFTY,28-Jun-2017,29-Jun-2017,CE,10150,0,0,0,0.1,0.1,0,0,0,0,150,0,9491.25
NIFTY,28-Jun-2017,29-Jun-2017,CE,10200,0.35,0.4,0.25,0.25,0.25,0.25,889,6801.06,.21,185475,-16875,9491.25
NIFTY,29-Jun-2017,29-Jun-2017,CE,8900,627.05,676.85,598,611.45,605,0,563,4025.19,267.16,16650,-17775,9504.1
NIFTY,29-Jun-2017,29-Jun-2017,CE,8950,551.85,551.85,551.85,551.85,551.85,0,1,7.13,.41,150,-75,9504.1
NIFTY,29-Jun-2017,29-Jun-2017,CE,9000,524.2,577.45,491.4,504.05,501,0,3898,27886.35,1574.85,19425,-180075,9504.1
NIFTY,29-Jun-2017,29-Jun-2017,CE,9050,446.1,446.1,446.1,446.1,446.1,0,1,7.12,.33,75,0,9504.1
NIFTY,29-Jun-2017,29-Jun-2017,CE,9100,428.15,477,395,405.75,404,0,1792,12820.16,589.76,3225,-81075,9504.1
NIFTY,29-Jun-2017,29-Jun-2017,CE,9150,366,366,343.85,353.65,343.85,0,3,21.38,.8,150,-150,9504.1
NIFTY,29-Jun-2017,29-Jun-2017,CE,9200,320.1,377.35,295,306.35,304,0,2167,15487.99,535.69,30975,-84600,9504.1
NIFTY,29-Jun-2017,29-Jun-2017,CE,9250,0,0,0,250.55,250.55,0,0,0,0,75,0,9504.1
NIFTY,29-Jun-2017,29-Jun-2017,CE,9300,222.15,277,193.3,200.9,195.5,0,9255,66214.96,1661.34,82500,-421200,9504.1
NIFTY,29-Jun-2017,29-Jun-2017,CE,9350,174,224.5,143.35,164.25,154,0,971,6932.98,123.84,16650,-53025,9504.1
NIFTY,29-Jun-2017,29-Jun-2017,CE,9400,120.1,177.3,91.35,103.4,101,0,41264,294921.97,4010.77,165450,-608775,9504.1
NIFTY,29-Jun-2017,29-Jun-2017,CE,9450,71,130,44,55.7,50.1,0,34446,246111.76,1975.73,24150,-385050,9504.1
NIFTY,29-Jun-2017,29-Jun-2017,CE,9500,30.1,80.55,1.55,7,6,0,644569,4607896.84,15342.72,709350,-3150000,9504.1
NIFTY,29-Jun-2017,29-Jun-2017,CE,9550,14,37.9,0.05,0.45,0.05,0,669712,4802458.82,5646.62,2859075,70875,9504.1
NIFTY,29-Jun-2017,29-Jun-2017,CE,9600,3.9,8.65,0.05,0.1,0.05,0,829535,5974396.72,1744.72,5486025,-1158600,9504.1
NIFTY,29-Jun-2017,29-Jun-2017,CE,9650,2.05,2.05,0.05,0.05,0.05,0,199069,1440845.61,83.72,2076600,146700,9504.1
NIFTY,29-Jun-2017,29-Jun-2017,CE,9700,0.25,0.9,0.05,0.05,0.05,0,184474,1342073.05,24.7,5853675,-1987725,9504.1
NIFTY,29-Jun-2017,29-Jun-2017,CE,9750,0.1,0.25,0.05,0.05,0.05,0,12030,87970.2,.83,832725,-221400,9504.1
NIFTY,29-Jun-2017,29-Jun-2017,CE,9800,0.1,0.3,0.05,0.05,0.05,0,69705,512336.09,4.34,3684975,-920175,9504.1
NIFTY,29-Jun-2017,29-Jun-2017,CE,9850,0.1,0.2,0.05,0.05,0.1,0,2883,21298.34,.18,434325,-19050,9504.1
NIFTY,29-Jun-2017,29-Jun-2017,CE,9900,0.1,0.35,0.05,0.05,0.05,0,19471,144573.09,.92,2453850,-143925,9504.1
NIFTY,29-Jun-2017,29-Jun-2017,CE,9950,0.1,0.1,0.05,0.05,0.05,0,1974,14731.06,.08,439350,15150,9504.1
NIFTY,29-Jun-2017,29-Jun-2017,CE,10000,0.05,0.1,0.05,0.05,0.05,0,8463,63472.86,.36,2326125,-116175,9504.1
NIFTY,29-Jun-2017,29-Jun-2017,CE,10050,0.05,0.15,0.05,0.05,0.05,0,155,1168.32,.01,18825,-975,9504.1
NIFTY,29-Jun-2017,29-Jun-2017,CE,10100,0.05,0.1,0.05,0.05,0.05,0,3397,25732.4,.13,487875,-22800,9504.1
NIFTY,29-Jun-2017,29-Jun-2017,CE,10150,0.05,0.05,0.05,0.05,0.05,0,1,7.61,0,150,0,9504.1
NIFTY,29-Jun-2017,29-Jun-2017,CE,10200,0.05,0.1,0.05,0.05,0.05,0,212,1621.81,.01,181275,-4200,9504.1
