NIFTY,25-May-2017,29-Jun-2017,PE,9850,0,0,0,561.3,0,323.8,0,0,0,0,0,9509.75
NIFTY,25-May-2017,29-Jun-2017,PE,9900,489.1,489.1,391.9,401.7,403.5,401.7,450,3487.76,146.51,127575,27150,9509.75
NIFTY,25-May-2017,29-Jun-2017,PE,9950,0,0,0,645.9,0,405.55,0,0,0,0,0,9509.75
NIFTY,25-May-2017,29-Jun-2017,PE,10000,595.75,604.9,488.55,497.9,500.5,497.9,5035,39870.56,2108.06,846225,251325,9509.75
NIFTY,25-May-2017,29-Jun-2017,PE,10050,0,0,0,734,0,493.4,0,0,0,0,0,9509.75
NIFTY,25-May-2017,29-Jun-2017,PE,10100,580,600,580,586.7,580,586.7,6,48.09,2.64,300,300,9509.75
NIFTY,25-May-2017,29-Jun-2017,PE,10150,0,0,0,824.9,0,585.6,0,0,0,0,0,9509.75
NIFTY,25-May-2017,29-Jun-2017,PE,10200,0,0,0,925.3,0,632.85,0,0,0,0,0,9509.75
NIFTY,25-May-2017,29-Jun-2017,PE,9200,58.4,58.4,30.3,33.7,33.95,33.7,73042,506276.22,2286.42,3010375,410250,9509.75
NIFTY,25-May-2017,29-Jun-2017,PE,9250,74.35,74.35,36.7,41.35,40.65,41.35,1713,11947.59,63.66,83625,38625,9509.75
NIFTY,25-May-2017,29-Jun-2017,PE,9300,80.1,84,46,50.85,50.8,50.85,85642,601381.69,4028.74,3808750,1251000,9509.75
NIFTY,25-May-2017,29-Jun-2017,PE,9350,93.65,107.25,56.05,61,63.6,61,3188,22537.31,181.46,173850,95700,9509.75
NIFTY,25-May-2017,29-Jun-2017,PE,9400,114.7,122.25,69,75.1,76.1,75.1,93481,665512.31,6471.26,3624150,1423425,9509.75
NIFTY,25-May-2017,29-Jun-2017,PE,9450,138.7,144,84.6,90.7,92.6,90.7,2599,18629.1,208.69,122850,78000,9509.75
NIFTY,25-May-2017,29-Jun-2017,PE,9500,162.55,173.35,102.55,110.05,113,110.05,41511,299781.78,4015.91,1868325,810075,9509.75
NIFTY,25-May-2017,29-Jun-2017,PE,9550,158.2,174.85,127.15,134.1,139.75,134.1,39,283.31,3.97,3300,1800,9509.75
NIFTY,25-May-2017,29-Jun-2017,PE,9600,226.1,239.5,151.95,160.1,161.9,160.1,12270,90075.1,1731.1,1357275,257025,9509.75
NIFTY,25-May-2017,29-Jun-2017,PE,9650,0,0,0,405.75,0,185.45,0,0,0,0,0,9509.75
NIFTY,25-May-2017,29-Jun-2017,PE,9700,305.05,321.45,220,227.1,231,227.1,2632,19678.36,530.56,691875,57825,9509.75
NIFTY,25-May-2017,29-Jun-2017,PE,9750,336.2,336.2,282,282,282,282,2,15.09,.46,150,75,9509.75
NIFTY,25-May-2017,29-Jun-2017,PE,9800,393.95,406.8,300.9,310.45,314.1,310.45,1055,8028.07,273.82,116100,41850,9509.75
NIFTY,25-May-2017,29-Jun-2017,PE,8900,18,18.5,9.05,10.4,9.75,10.4,23314,155832.34,211.39,1035825,-15150,9509.75
NIFTY,25-May-2017,29-Jun-2017,PE,8950,12,16.65,12,16.65,16.65,16.65,8,53.79,.09,2025,450,9509.75
NIFTY,25-May-2017,29-Jun-2017,PE,9000,26,35,13.25,15.7,15.15,15.7,62067,419824.96,872.71,3522450,451125,9509.75
NIFTY,25-May-2017,29-Jun-2017,PE,9050,25,25,20,20,20,20,4,27.21,.06,300,300,9509.75
NIFTY,25-May-2017,29-Jun-2017,PE,9100,37.85,39.15,20.3,22.5,22.7,22.5,46018,315031.24,958.39,1875900,276525,9509.75
NIFTY,25-May-2017,29-Jun-2017,PE,9150,48.6,48.6,23.95,27.05,27,27.05,584,4021.59,13.89,24675,23925,9509.75
NIFTY,26-May-2017,29-Jun-2017,PE,9900,410.6,410.6,322,330,335.55,330,387,2973.8,100.33,140850,13275,9595.1
NIFTY,26-May-2017,29-Jun-2017,PE,9950,0,0,0,645.9,0,338.8,0,0,0,0,0,9595.1
NIFTY,26-May-2017,29-Jun-2017,PE,10000,505,507.55,411.9,421.55,427.2,421.55,1843,14445.35,622.85,893850,47625,9595.1
NIFTY,26-May-2017,29-Jun-2017,PE,10050,0,0,0,734,0,421.1,0,0,0,0,0,9595.1
NIFTY,26-May-2017,29-Jun-2017,PE,10100,0,0,0,586.7,580,464.55,0,0,0,300,0,9595.1
NIFTY,26-May-2017,29-Jun-2017,PE,10150,0,0,0,824.9,0,509.25,0,0,0,0,0,9595.1
NIFTY,26-May-2017,29-Jun-2017,PE,10200,0,0,0,925.3,0,554.95,0,0,0,0,0,9595.1
NIFTY,26-May-2017,29-Jun-2017,PE,9250,41.5,43.05,25.65,27.35,30.2,27.35,4368,30410.41,107.41,149025,65400,9595.1
NIFTY,26-May-2017,29-Jun-2017,PE,9300,50.95,54,32.05,34.75,36.95,34.75,110589,774656.7,3298.42,4043775,235025,9595.1
NIFTY,26-May-2017,29-Jun-2017,PE,9350,61.3,66.5,39.3,42.25,45.65,42.25,6105,43032.01,220.7,253725,79875,9595.1
NIFTY,26-May-2017,29-Jun-2017,PE,9400,77.1,80.5,49,53,55.95,53,135917,964359.11,6144.26,4597800,973650,9595.1
NIFTY,26-May-2017,29-Jun-2017,PE,9450,101.05,101.05,60.7,64.6,67.85,64.6,8664,61875.73,469.63,264225,141375,9595.1
NIFTY,26-May-2017,29-Jun-2017,PE,9500,113,119.05,74.1,79.25,82.9,79.25,156878,1128179.3,10423.55,3390600,1522275,9595.1
NIFTY,26-May-2017,29-Jun-2017,PE,9550,118.15,140.9,90.85,96,102,96,7968,57692.37,621.57,180000,176700,9595.1
NIFTY,26-May-2017,29-Jun-2017,PE,9600,162,169.55,111,117.6,122.55,117.6,66294,483682.43,6365.63,1954425,597150,9595.1
NIFTY,26-May-2017,29-Jun-2017,PE,9650,190,190,135,143.55,149.1,143.55,355,2610.2,40.89,9375,9375,9595.1
NIFTY,26-May-2017,29-Jun-2017,PE,9700,233.8,237,164.2,171.2,178.8,171.2,9676,71756.73,1363.83,875100,183225,9595.1
NIFTY,26-May-2017,29-Jun-2017,PE,9750,219.2,222.2,197.25,212.05,222.2,212.05,7,52.29,1.11,375,225,9595.1
NIFTY,26-May-2017,29-Jun-2017,PE,9800,320.3,320.45,234.95,244.55,247,244.55,2054,15505.26,408.36,197775,81675,9595.1
NIFTY,26-May-2017,29-Jun-2017,PE,9850,0,0,0,561.3,0,263.95,0,0,0,0,0,9595.1
NIFTY,26-May-2017,29-Jun-2017,PE,8900,10.55,11.05,7.2,8.1,8.7,8.1,19019,127079.93,128.1,874875,-160950,9595.1
NIFTY,26-May-2017,29-Jun-2017,PE,8950,11.1,12.1,7.65,9.95,10.2,9.95,192,1290.24,1.44,6450,4425,9595.1
NIFTY,26-May-2017,29-Jun-2017,PE,9000,16.5,16.5,9.95,11.05,11.55,11.05,46169,312068.89,428.14,3323475,-198975,9595.1
NIFTY,26-May-2017,29-Jun-2017,PE,9050,20,20,12.1,13.6,12.2,13.6,58,394.31,.64,1650,1350,9595.1
NIFTY,26-May-2017,29-Jun-2017,PE,9100,21.55,23.8,14.3,15.8,16.65,15.8,46168,315723.57,626.97,1900650,24750,9595.1
NIFTY,26-May-2017,29-Jun-2017,PE,9150,27.95,28.8,17.2,18.85,20.85,18.85,1243,8550.69,20.6,33450,8775,9595.1
NIFTY,26-May-2017,29-Jun-2017,PE,9200,33.45,36.1,21.3,23.15,24.75,23.15,94209,651917.54,1875.44,3461575,451200,9595.1
NIFTY,29-May-2017,29-Jun-2017,PE,9900,323.55,356.05,277.2,303.4,304.45,303.4,1050,8040.29,244.04,172500,31650,9604.9
NIFTY,29-May-2017,29-Jun-2017,PE,9950,0,0,0,645.9,0,327.6,0,0,0,0,0,9604.9
NIFTY,29-May-2017,29-Jun-2017,PE,10000,430.6,450,364,393.75,391,393.75,3313,25820.93,973.43,1037700,143850,9604.9
NIFTY,29-May-2017,29-Jun-2017,PE,10050,0,0,0,734,0,411.4,0,0,0,0,0,9604.9
NIFTY,29-May-2017,29-Jun-2017,PE,10100,500.05,545.8,457,487.4,485.8,487.4,109,866.53,40.86,3525,3225,9604.9
NIFTY,29-May-2017,29-Jun-2017,PE,10150,0,0,0,824.9,0,500.95,0,0,0,0,0,9604.9
NIFTY,29-May-2017,29-Jun-2017,PE,10200,650.9,651.1,650.9,651.1,651.1,651.1,6,48.83,2.93,450,450,9604.9
NIFTY,29-May-2017,29-Jun-2017,PE,9250,29.75,34.35,24.7,28.95,28.95,28.95,3172,22074.18,68.43,104850,-44175,9604.9
NIFTY,29-May-2017,29-Jun-2017,PE,9300,37.3,42,29.45,34.9,34.5,34.9,118720,831217.08,3145.08,4072575,28800,9604.9
NIFTY,29-May-2017,29-Jun-2017,PE,9350,42,51.25,35.85,42.1,42.25,42.1,5629,39651.2,177.84,264900,11175,9604.9
NIFTY,29-May-2017,29-Jun-2017,PE,9400,57.3,63.35,43.1,51.4,50.65,51.4,164148,1163642.67,6399.27,4839300,241500,9604.9
NIFTY,29-May-2017,29-Jun-2017,PE,9450,81.95,81.95,52.3,62.05,61.85,62.05,7523,53677,357.74,268425,4200,9604.9
NIFTY,29-May-2017,29-Jun-2017,PE,9500,78.1,94.3,63.15,75.3,75.5,75.3,184253,1323542.12,10739.49,4295475,904875,9604.9
NIFTY,29-May-2017,29-Jun-2017,PE,9550,104.05,114.15,78,91.95,91.25,91.95,11600,83911.9,826.9,235725,55725,9604.9
NIFTY,29-May-2017,29-Jun-2017,PE,9600,128.6,138.9,94.05,110.95,110,110.95,112331,818357.23,9574.03,2361375,406950,9604.9
NIFTY,29-May-2017,29-Jun-2017,PE,9650,151.05,164.95,116,134.2,131.3,134.2,1096,8042.19,109.89,32775,23400,9604.9
NIFTY,29-May-2017,29-Jun-2017,PE,9700,179.5,198.8,139.45,160.9,159.45,160.9,14705,108789.92,1811.05,998400,123300,9604.9
NIFTY,29-May-2017,29-Jun-2017,PE,9750,204.95,229,170.75,188.7,186.75,188.7,153,1140.88,22.07,8025,7650,9604.9
NIFTY,29-May-2017,29-Jun-2017,PE,9800,259.25,273.25,200,225.8,224.6,225.8,3125,23501.17,532.42,238950,41175,9604.9
NIFTY,29-May-2017,29-Jun-2017,PE,9850,0,0,0,561.3,0,251.6,0,0,0,0,0,9604.9
NIFTY,29-May-2017,29-Jun-2017,PE,8900,8,10,7.2,8.8,8.65,8.8,11834,79067.61,75.66,871650,-3225,9604.9
NIFTY,29-May-2017,29-Jun-2017,PE,8950,10.2,12.05,9.35,9.35,9.35,9.35,81,544.36,.65,8250,1800,9604.9
NIFTY,29-May-2017,29-Jun-2017,PE,9000,12.2,13.2,10.1,11.85,11.7,11.85,30408,205517.92,263.92,3123075,-200400,9604.9
NIFTY,29-May-2017,29-Jun-2017,PE,9050,9.45,16,9.45,14.15,14.1,14.15,106,720.56,1.08,3450,1800,9604.9
NIFTY,29-May-2017,29-Jun-2017,PE,9100,16.9,19,13.7,16.65,16.6,16.65,37708,257822.06,464.96,1683975,-216675,9604.9
NIFTY,29-May-2017,29-Jun-2017,PE,9150,11.8,22.95,11.8,19.95,19.5,19.95,1203,8273.86,18.28,51525,18075,9604.9
NIFTY,29-May-2017,29-Jun-2017,PE,9200,25.25,28.2,20.1,23.9,23.75,23.9,81558,564218.57,1468.37,3419125,-42450,9604.9
NIFTY,30-May-2017,29-Jun-2017,PE,9900,320,324,282,291.35,295.35,291.35,661,5056.7,148.77,190125,17625,9624.55
NIFTY,30-May-2017,29-Jun-2017,PE,9950,0,0,0,645.9,0,310.05,0,0,0,0,0,9624.55
NIFTY,30-May-2017,29-Jun-2017,PE,10000,404.2,413,369,380.2,383.4,380.2,2091,16298.46,615.96,1089000,51300,9624.55
NIFTY,30-May-2017,29-Jun-2017,PE,10050,430.15,430.15,430.15,430.15,430.15,430.15,3,23.58,.97,225,225,9624.55
NIFTY,30-May-2017,29-Jun-2017,PE,10100,483.5,497.5,475,480.1,480.1,480.1,16,127.06,5.86,3300,-225,9624.55
NIFTY,30-May-2017,29-Jun-2017,PE,10150,0,0,0,824.9,0,483.25,0,0,0,0,0,9624.55
NIFTY,30-May-2017,29-Jun-2017,PE,10200,589.75,589.75,566.55,575.5,575.5,575.5,14,113.14,6.04,900,450,9624.55
NIFTY,30-May-2017,29-Jun-2017,PE,9250,30.6,32.45,25.75,26.75,26.75,26.75,1813,12617.47,39.79,107250,2400,9624.55
NIFTY,30-May-2017,29-Jun-2017,PE,9300,37.2,39.55,31.2,32.3,32.05,32.3,66647,466597.4,1734.57,4179525,106950,9624.55
NIFTY,30-May-2017,29-Jun-2017,PE,9350,44.8,47.55,37.4,38.45,37.9,38.45,3135,22080.37,96.18,283125,18225,9624.55
NIFTY,30-May-2017,29-Jun-2017,PE,9400,55,58.2,46.05,47.5,47.4,47.5,93764,664632.6,3596.4,4945200,105900,9624.55
NIFTY,30-May-2017,29-Jun-2017,PE,9450,66,70.35,55.8,57.75,57.95,57.75,5355,38204.41,250.84,287850,19425,9624.55
NIFTY,30-May-2017,29-Jun-2017,PE,9500,84.2,84.95,67.45,70.65,70.5,70.65,117561,844271.67,6649.55,4914375,618900,9624.55
NIFTY,30-May-2017,29-Jun-2017,PE,9550,96,102.8,82,85.35,85.95,85.35,6869,49672.38,473.17,262350,26625,9624.55
NIFTY,30-May-2017,29-Jun-2017,PE,9600,70.3,123.65,70.3,103.9,104.5,103.9,85101,619761.38,7034.18,2669400,308025,9624.55
NIFTY,30-May-2017,29-Jun-2017,PE,9650,143.5,147.5,121.5,125.5,126.95,125.5,1385,10159.41,135.47,64950,32175,9624.55
NIFTY,30-May-2017,29-Jun-2017,PE,9700,169.1,176.3,145.05,150.35,151.65,150.35,15997,118289.68,1911.51,1006275,7875,9624.55
NIFTY,30-May-2017,29-Jun-2017,PE,9750,205.5,205.5,175.85,180.2,180,180.2,80,596.49,11.49,9375,1350,9624.55
NIFTY,30-May-2017,29-Jun-2017,PE,9800,240.2,243.9,206.45,213.65,216.7,213.65,2354,17694.48,392.58,235575,-3375,9624.55
NIFTY,30-May-2017,29-Jun-2017,PE,9850,0,0,0,561.3,0,234.65,0,0,0,0,0,9624.55
NIFTY,30-May-2017,29-Jun-2017,PE,8900,10,10,7.7,8,8.05,8,8398,56109.5,52.85,815100,-56550,9624.55
NIFTY,30-May-2017,29-Jun-2017,PE,8950,9.7,10.5,9.05,9.05,9.05,9.05,4,26.88,.03,8175,-75,9624.55
NIFTY,30-May-2017,29-Jun-2017,PE,9000,12.55,18,10.6,11,11.1,11,16364,110599.01,142.01,3117750,-5325,9624.55
NIFTY,30-May-2017,29-Jun-2017,PE,9050,14.4,14.85,12.3,12.9,12.6,12.9,133,904.09,1.36,4800,1350,9624.55
NIFTY,30-May-2017,29-Jun-2017,PE,9100,17.95,18.55,14.75,15.25,15.2,15.25,16842,115151.93,205.28,1661925,-22050,9624.55
NIFTY,30-May-2017,29-Jun-2017,PE,9150,20.85,22,14.9,18.55,18.8,18.55,857,5893.63,12.46,46275,-5250,9624.55
NIFTY,30-May-2017,29-Jun-2017,PE,9200,24.25,26.85,21.3,22.05,21.95,22.05,40830,282450.03,723.03,3399400,-19725,9624.55
NIFTY,31-May-2017,29-Jun-2017,PE,9850,251.1,251.1,251.1,251.1,251.1,251.1,2,15.15,.38,150,150,9621.25
NIFTY,31-May-2017,29-Jun-2017,PE,9900,298.25,302,272.5,285.4,279.7,285.4,592,4522.39,126.79,181425,-8700,9621.25
NIFTY,31-May-2017,29-Jun-2017,PE,9950,0,0,0,645.9,0,309.85,0,0,0,0,0,9621.25
NIFTY,31-May-2017,29-Jun-2017,PE,10000,383.8,390.75,362,374.95,371,374.95,1915,14902.68,540.18,1089075,75,9621.25
NIFTY,31-May-2017,29-Jun-2017,PE,10050,0,0,0,430.15,430.15,394.9,0,0,0,225,0,9621.25
NIFTY,31-May-2017,29-Jun-2017,PE,10100,480,486.05,459.4,463.75,463.75,463.75,236,1871.97,84.27,18300,15000,9621.25
NIFTY,31-May-2017,29-Jun-2017,PE,10150,0,0,0,824.9,0,485.85,0,0,0,0,0,9621.25
NIFTY,31-May-2017,29-Jun-2017,PE,10200,571.6,576.05,571.6,574.95,576.05,574.95,8,64.65,3.45,300,-600,9621.25
NIFTY,31-May-2017,29-Jun-2017,PE,9250,25.6,28.95,22.45,24.9,23.55,24.9,1085,7548.59,21.4,117750,10500,9621.25
NIFTY,31-May-2017,29-Jun-2017,PE,9300,31.35,35.2,27.2,30.2,29.4,30.2,52029,364140.33,1238.06,4172400,-7125,9621.25
NIFTY,31-May-2017,29-Jun-2017,PE,9350,37.85,42.5,33.15,36.95,36.2,36.95,2927,20610.9,85.31,269550,-13575,9621.25
NIFTY,31-May-2017,29-Jun-2017,PE,9400,47.15,51.85,40.45,45.35,43.7,45.35,91356,647295.27,3235.47,5701650,756450,9621.25
NIFTY,31-May-2017,29-Jun-2017,PE,9450,57.25,62.6,49.55,54.95,53.2,54.95,3772,26898.86,164.81,288450,600,9621.25
NIFTY,31-May-2017,29-Jun-2017,PE,9500,70.05,76.9,60.9,67.1,65.1,67.1,105198,755083.97,5548.22,5532300,617925,9621.25
NIFTY,31-May-2017,29-Jun-2017,PE,9550,85.75,92,74.7,81.85,79.75,81.85,4642,33543.75,295.42,295275,32925,9621.25
NIFTY,31-May-2017,29-Jun-2017,PE,9600,111.25,112,90.05,99.15,95.75,99.15,94934,690805.39,7280.59,3356175,686775,9621.25
NIFTY,31-May-2017,29-Jun-2017,PE,9650,126.45,133,111.35,121.35,117,121.35,3018,22120.14,277.36,100125,35175,9621.25
NIFTY,31-May-2017,29-Jun-2017,PE,9700,149.45,159.4,134.9,145.3,141.8,145.3,17584,129875.01,1951.41,1137525,131250,9621.25
NIFTY,31-May-2017,29-Jun-2017,PE,9750,178.95,188.3,166.95,174.65,174.1,174.65,48,357.4,6.4,9150,-225,9621.25
NIFTY,31-May-2017,29-Jun-2017,PE,9800,215.95,224.05,195,207.65,203.65,207.65,2171,16299.88,343.03,252675,17100,9621.25
NIFTY,31-May-2017,29-Jun-2017,PE,8900,7.1,8.7,6.8,7.35,7.3,7.35,4904,32762.94,28.74,760425,-54675,9621.25
NIFTY,31-May-2017,29-Jun-2017,PE,8950,10.9,10.9,8,8.2,8.35,8.2,26,174.69,.16,7575,-600,9621.25
NIFTY,31-May-2017,29-Jun-2017,PE,9000,10.1,11.7,9.45,10.2,10,10.2,15109,102106.47,120.72,3104925,-12825,9621.25
NIFTY,31-May-2017,29-Jun-2017,PE,9050,13.8,13.8,9.75,11.8,11.85,11.8,81,550.57,.79,4125,-675,9621.25
NIFTY,31-May-2017,29-Jun-2017,PE,9100,9.3,16.55,9.3,14.2,13.7,14.2,18811,128591.23,206.16,1597650,-64275,9621.25
NIFTY,31-May-2017,29-Jun-2017,PE,9150,19.05,20,15.35,16.95,16.95,16.95,981,6745.74,13.63,36300,-9975,9621.25
NIFTY,31-May-2017,29-Jun-2017,PE,9200,21.95,24,18.5,20.75,20.05,20.75,32745,226474.33,533.83,3378775,-20625,9621.25
NIFTY,01-Jun-2017,29-Jun-2017,PE,10200,0,0,0,574.95,576.05,538.15,0,0,0,300,0,9616.1
NIFTY,01-Jun-2017,29-Jun-2017,PE,9800,213.95,229.5,193,202,200.55,202,2417,18140.78,375.83,266400,13725,9616.1
NIFTY,01-Jun-2017,29-Jun-2017,PE,9850,244.9,259.9,231,250.2,250.2,250.2,7,53,1.29,375,225,9616.1
NIFTY,01-Jun-2017,29-Jun-2017,PE,9900,285.6,310,270,279.8,278.15,279.8,411,3139.92,88.24,186525,5100,9616.1
NIFTY,01-Jun-2017,29-Jun-2017,PE,9950,0,0,0,645.9,0,311.7,0,0,0,0,0,9616.1
NIFTY,01-Jun-2017,29-Jun-2017,PE,10000,382.05,401.35,356.9,369.35,368.4,369.35,1194,9290.67,335.67,1120575,31500,9616.1
NIFTY,01-Jun-2017,29-Jun-2017,PE,10050,0,0,0,430.15,430.15,398.35,0,0,0,225,0,9616.1
NIFTY,01-Jun-2017,29-Jun-2017,PE,10100,472.25,493.65,461,467.1,466.95,467.1,30,237.92,10.67,18225,-75,9616.1
NIFTY,01-Jun-2017,29-Jun-2017,PE,10150,0,0,0,824.9,0,490.6,0,0,0,0,0,9616.1
NIFTY,01-Jun-2017,29-Jun-2017,PE,9400,45.4,50.35,37.55,39.2,38,39.2,74772,529571.12,2428.52,5877750,176100,9616.1
NIFTY,01-Jun-2017,29-Jun-2017,PE,9450,59.45,61.3,46.1,48.15,46.15,48.15,4226,30118.96,167.19,283425,-5025,9616.1
NIFTY,01-Jun-2017,29-Jun-2017,PE,9500,68.6,75,57.55,59.65,58.1,59.65,115353,827510.88,5620.76,5864100,331800,9616.1
NIFTY,01-Jun-2017,29-Jun-2017,PE,9550,83,90.85,72,73.4,72.1,73.4,6600,47664.61,392.11,321225,25950,9616.1
NIFTY,01-Jun-2017,29-Jun-2017,PE,9600,106.15,110.25,88.3,90.9,88.3,90.9,98627,717261.45,7147.05,3713250,357075,9616.1
NIFTY,01-Jun-2017,29-Jun-2017,PE,9650,123.8,133,108.8,112.4,110.5,112.4,5353,39206.02,463.68,183075,82950,9616.1
NIFTY,01-Jun-2017,29-Jun-2017,PE,9700,148.9,161.2,132.1,137.5,135.35,137.5,20840,153843.27,2232.27,1149900,12375,9616.1
NIFTY,01-Jun-2017,29-Jun-2017,PE,9750,177.45,187.35,162,166.8,166,166.8,123,915.51,16.07,10425,1275,9616.1
NIFTY,01-Jun-2017,29-Jun-2017,PE,9000,10.5,10.6,7.9,8.2,7.9,8.2,15814,106852.32,107.82,3168525,63600,9616.1
NIFTY,01-Jun-2017,29-Jun-2017,PE,9050,11.25,11.95,9.7,9.7,9.7,9.7,140,951.37,1.12,8175,4050,9616.1
NIFTY,01-Jun-2017,29-Jun-2017,PE,9100,14.15,15.25,11.15,11.6,11.25,11.6,16024,109519.54,155.74,1645500,47850,9616.1
NIFTY,01-Jun-2017,29-Jun-2017,PE,9150,17.5,18.35,13.4,13.85,13.7,13.85,713,4901.37,8.41,38700,2400,9616.1
NIFTY,01-Jun-2017,29-Jun-2017,PE,9200,20.8,22.55,16.45,17.15,16.8,17.15,30316,209618.55,438.15,3227950,-150825,9616.1
NIFTY,01-Jun-2017,29-Jun-2017,PE,9250,25.2,27.45,20,20.9,20.3,20.9,1046,7274.93,18.3,118050,300,9616.1
NIFTY,01-Jun-2017,29-Jun-2017,PE,9300,32.35,33.75,24.85,25.85,25.1,25.85,49942,349414.45,1069,4115400,-57000,9616.1
NIFTY,01-Jun-2017,29-Jun-2017,PE,9350,37.7,41,30.55,31.8,30.75,31.8,2574,18117.76,67.59,274650,5100,9616.1
NIFTY,01-Jun-2017,29-Jun-2017,PE,8900,7.8,7.85,5.6,5.85,5.75,5.85,5245,35036.37,26,758325,-2100,9616.1
NIFTY,01-Jun-2017,29-Jun-2017,PE,8950,8.35,8.4,7,7,7,7,52,349.36,.31,8100,525,9616.1
NIFTY,02-Jun-2017,29-Jun-2017,PE,10200,547,547,547,547,547,547,1,8.06,.41,300,0,9653.5
NIFTY,02-Jun-2017,29-Jun-2017,PE,9800,172.55,187.9,167.25,178.25,183.3,178.25,4473,33465.02,588.47,274875,8475,9653.5
NIFTY,02-Jun-2017,29-Jun-2017,PE,9850,205.05,217.15,205,212.95,212.9,212.95,15,113.17,2.36,300,-75,9653.5
NIFTY,02-Jun-2017,29-Jun-2017,PE,9900,241.75,265,237.45,256.75,258.35,256.75,814,6198.24,154.29,202650,16125,9653.5
NIFTY,02-Jun-2017,29-Jun-2017,PE,9950,0,0,0,645.9,0,279.9,0,0,0,0,0,9653.5
NIFTY,02-Jun-2017,29-Jun-2017,PE,10000,340.7,355,331,346.15,352.9,346.15,1464,11355.47,375.47,1142550,21975,9653.5
NIFTY,02-Jun-2017,29-Jun-2017,PE,10050,0,0,0,430.15,430.15,364.7,0,0,0,225,0,9653.5
NIFTY,02-Jun-2017,29-Jun-2017,PE,10100,440.75,445.65,429,440.95,440.95,440.95,59,466.13,19.2,18675,450,9653.5
NIFTY,02-Jun-2017,29-Jun-2017,PE,10150,0,0,0,824.9,0,455.85,0,0,0,0,0,9653.5
NIFTY,02-Jun-2017,29-Jun-2017,PE,9400,34.9,34.9,28.75,31.1,31.9,31.1,79184,560111.21,1864.01,6007725,129975,9653.5
NIFTY,02-Jun-2017,29-Jun-2017,PE,9450,33.15,42.3,33.15,38.75,39.15,38.75,3400,24196.33,98.83,305625,22200,9653.5
NIFTY,02-Jun-2017,29-Jun-2017,PE,9500,53.9,53.9,45.25,48.8,50.35,48.8,96120,688362.47,3507.47,5827875,-36225,9653.5
NIFTY,02-Jun-2017,29-Jun-2017,PE,9550,60,65.8,55.65,60.5,62.35,60.5,5960,42958.93,270.43,344700,23475,9653.5
NIFTY,02-Jun-2017,29-Jun-2017,PE,9600,84,84,69.5,75.7,78.1,75.7,128700,933882.36,7242.36,4671825,958575,9653.5
NIFTY,02-Jun-2017,29-Jun-2017,PE,9650,92,105,86.6,93.85,96.3,93.85,9220,67372.08,642.33,290550,107475,9653.5
NIFTY,02-Jun-2017,29-Jun-2017,PE,9700,125,127.9,108.05,117.85,121.8,117.85,34840,256500.2,3039.2,1372500,222600,9653.5
NIFTY,02-Jun-2017,29-Jun-2017,PE,9750,136.9,155.55,135,144.5,155.55,144.5,372,2760.22,39.97,11400,975,9653.5
NIFTY,02-Jun-2017,29-Jun-2017,PE,9000,6.1,7.45,6.1,6.9,6.75,6.9,20037,135354.68,104.93,3147900,-20625,9653.5
NIFTY,02-Jun-2017,29-Jun-2017,PE,9050,7.5,8.2,7.1,7.8,7.5,7.8,85,577.43,.5,9825,1650,9653.5
NIFTY,02-Jun-2017,29-Jun-2017,PE,9100,10,10.2,8.1,9.25,9.1,9.25,13425,91720.14,94.52,1727400,81900,9653.5
NIFTY,02-Jun-2017,29-Jun-2017,PE,9150,10.2,12.2,10,11.05,10.9,11.05,569,3909.56,4.8,41550,2850,9653.5
NIFTY,02-Jun-2017,29-Jun-2017,PE,9200,14.1,14.9,12.5,13.6,13.55,13.6,31131,215126.29,322.39,3203950,-24000,9653.5
NIFTY,02-Jun-2017,29-Jun-2017,PE,9250,15.7,18,15.05,16.65,16.7,16.65,1760,12231.84,21.84,113550,-4500,9653.5
NIFTY,02-Jun-2017,29-Jun-2017,PE,9300,20.75,22.25,17.55,20.35,20.4,20.35,47686,333345.03,735.18,3942675,-172725,9653.5
NIFTY,02-Jun-2017,29-Jun-2017,PE,9350,25.3,27.5,22.25,25.1,25.85,25.1,3373,23717.35,64.19,259800,-14850,9653.5
NIFTY,02-Jun-2017,29-Jun-2017,PE,8900,5,5.25,4.05,5.15,5.05,5.15,4825,32225.12,18.25,788550,30225,9653.5
NIFTY,02-Jun-2017,29-Jun-2017,PE,8950,5.15,6.85,5.15,5.2,5.2,5.2,3,20.15,.01,8025,-75,9653.5
NIFTY,05-Jun-2017,29-Jun-2017,PE,10200,532,532,532,532,532,532,1,8.05,.4,300,0,9675.1
NIFTY,05-Jun-2017,29-Jun-2017,PE,9800,173.8,177.05,142,151.8,153.5,151.8,8049,60082.63,922.48,430275,155400,9675.1
NIFTY,05-Jun-2017,29-Jun-2017,PE,9850,197.5,197.5,182,195,195,195,5,37.66,.72,450,150,9675.1
NIFTY,05-Jun-2017,29-Jun-2017,PE,9900,250.8,254.25,213.35,226.5,226.35,226.5,1372,10425.13,238.03,214875,12225,9675.1
NIFTY,05-Jun-2017,29-Jun-2017,PE,9950,0,0,0,645.9,0,260.45,0,0,0,0,0,9675.1
NIFTY,05-Jun-2017,29-Jun-2017,PE,10000,347.2,347.2,301,314.15,315.95,314.15,1793,13866.75,419.25,1144275,1725,9675.1
NIFTY,05-Jun-2017,29-Jun-2017,PE,10050,0,0,0,430.15,430.15,345.9,0,0,0,225,0,9675.1
NIFTY,05-Jun-2017,29-Jun-2017,PE,10100,431.75,431.75,398.85,415.1,415.3,415.1,241,1900.06,74.49,23775,5100,9675.1
NIFTY,05-Jun-2017,29-Jun-2017,PE,10150,0,0,0,824.9,0,437.95,0,0,0,0,0,9675.1
NIFTY,05-Jun-2017,29-Jun-2017,PE,9400,29.95,30.05,22.25,24.5,24.4,24.5,82154,580711.12,1525.42,5991750,-15975,9675.1
NIFTY,05-Jun-2017,29-Jun-2017,PE,9450,35.4,37.3,28,30.55,30.5,30.55,4694,33377.77,109.05,312750,7125,9675.1
NIFTY,05-Jun-2017,29-Jun-2017,PE,9500,45.2,47.45,35,38.5,38.55,38.5,107211,767030.23,3151.85,6409725,581850,9675.1
NIFTY,05-Jun-2017,29-Jun-2017,PE,9550,56.9,58.8,44,48.15,48.05,48.15,5235,37690.29,194.61,391425,46725,9675.1
NIFTY,05-Jun-2017,29-Jun-2017,PE,9600,77,77,55.7,61.1,61,61.1,132815,962477.01,6209.01,5728275,1056450,9675.1
NIFTY,05-Jun-2017,29-Jun-2017,PE,9650,89.4,92.3,70.4,77,77,77,10724,78243.82,628.87,412425,121875,9675.1
NIFTY,05-Jun-2017,29-Jun-2017,PE,9700,111.7,117.7,90.05,97.9,97.65,97.9,71920,528554.33,5336.33,1919100,546600,9675.1
NIFTY,05-Jun-2017,29-Jun-2017,PE,9750,148.45,148.45,114.55,121.7,121.25,121.7,654,4842.55,60.18,28875,17475,9675.1
NIFTY,05-Jun-2017,29-Jun-2017,PE,9000,6,7.95,5.45,6.3,6.15,6.3,20544,138765.18,93.18,3181350,33450,9675.1
NIFTY,05-Jun-2017,29-Jun-2017,PE,9050,7,7.45,6.35,7.1,7,7.1,229,1555.53,1.19,15675,5850,9675.1
NIFTY,05-Jun-2017,29-Jun-2017,PE,9100,9.95,9.95,7.05,8.2,8.1,8.2,17426,119035.94,103.49,1493850,-233550,9675.1
NIFTY,05-Jun-2017,29-Jun-2017,PE,9150,9,10.25,8.2,9.5,9.75,9.5,208,1428.87,1.47,39225,-2325,9675.1
NIFTY,05-Jun-2017,29-Jun-2017,PE,9200,16.65,16.65,9.9,11.2,11.1,11.2,36686,253439.2,305.8,3162025,-41925,9675.1
NIFTY,05-Jun-2017,29-Jun-2017,PE,9250,15.1,15.4,11.75,13.5,13.25,13.5,909,6315.34,9.15,108675,-4875,9675.1
NIFTY,05-Jun-2017,29-Jun-2017,PE,9300,21.8,21.8,14.4,16.05,15.9,16.05,60518,422843.68,730.63,3834825,-107850,9675.1
NIFTY,05-Jun-2017,29-Jun-2017,PE,9350,23.2,24,17.9,19.7,18.05,19.7,2724,19142.22,40.17,249300,-10500,9675.1
NIFTY,05-Jun-2017,29-Jun-2017,PE,8900,7,7,4.1,4.85,4.7,4.85,6642,44358.16,22.81,820425,31875,9675.1
NIFTY,05-Jun-2017,29-Jun-2017,PE,8950,5.8,5.8,5.8,5.8,5.8,5.8,1,6.72,0,8100,75,9675.1
NIFTY,06-Jun-2017,29-Jun-2017,PE,10200,522,530,519.9,519.9,519.9,519.9,24,193.07,9.47,1950,1650,9637.15
NIFTY,06-Jun-2017,29-Jun-2017,PE,9800,140.5,171.2,140.4,166.25,165.05,166.25,8214,61368.69,995.79,419625,-10650,9637.15
NIFTY,06-Jun-2017,29-Jun-2017,PE,9850,185.25,206,182.5,203.1,198.75,203.1,23,173.27,3.36,1050,600,9637.15
NIFTY,06-Jun-2017,29-Jun-2017,PE,9900,221.45,250.35,221.45,243.5,242.6,243.5,718,5459.22,128.07,212400,-2475,9637.15
NIFTY,06-Jun-2017,29-Jun-2017,PE,9950,0,0,0,645.9,0,291.05,0,0,0,0,0,9637.15
NIFTY,06-Jun-2017,29-Jun-2017,PE,10000,301.7,337.95,299.8,333.65,332.5,333.65,1285,9954.23,316.73,1109775,-34500,9637.15
NIFTY,06-Jun-2017,29-Jun-2017,PE,10050,0,0,0,430.15,430.15,380.4,0,0,0,225,0,9637.15
NIFTY,06-Jun-2017,29-Jun-2017,PE,10100,411.55,435.8,411.55,428.3,427.75,428.3,64,505.26,20.46,20775,-3000,9637.15
NIFTY,06-Jun-2017,29-Jun-2017,PE,10150,0,0,0,824.9,0,475,0,0,0,0,0,9637.15
NIFTY,06-Jun-2017,29-Jun-2017,PE,9400,23.6,28.8,20.75,26.6,26.2,26.6,62321,440594.49,1231.44,5778525,-213225,9637.15
NIFTY,06-Jun-2017,29-Jun-2017,PE,9450,27.95,35.9,27.95,33.55,33.25,33.55,5272,37496.04,130.74,392025,79275,9637.15
NIFTY,06-Jun-2017,29-Jun-2017,PE,9500,33.95,45.4,33.3,42.4,41.8,42.4,86568,619508.65,2711.65,6633375,223650,9637.15
NIFTY,06-Jun-2017,29-Jun-2017,PE,9550,44.15,56.95,42.55,53.35,52,53.35,4859,34993.83,191.24,398775,7350,9637.15
NIFTY,06-Jun-2017,29-Jun-2017,PE,9600,54,71.7,52.75,67.4,66.55,67.4,123754,897164.26,6135.46,5652750,-75525,9637.15
NIFTY,06-Jun-2017,29-Jun-2017,PE,9650,70.35,88.9,70.35,84.15,83.5,84.15,11778,85971.99,728.71,475125,62700,9637.15
NIFTY,06-Jun-2017,29-Jun-2017,PE,9700,85.35,112.6,85.3,107.65,106.85,107.65,61566,452726.71,4834.06,1908225,-10875,9637.15
NIFTY,06-Jun-2017,29-Jun-2017,PE,9750,120.85,138,119.4,134.05,133.7,134.05,873,6469,85.19,35775,6900,9637.15
NIFTY,06-Jun-2017,29-Jun-2017,PE,9000,5.65,6.85,5.65,6.35,6.2,6.35,12755,86157.83,61.58,3155250,-26100,9637.15
NIFTY,06-Jun-2017,29-Jun-2017,PE,9050,7.6,7.7,6.8,6.9,6.8,6.9,37,251.34,.21,17775,2100,9637.15
NIFTY,06-Jun-2017,29-Jun-2017,PE,9100,8.05,9.05,7.55,8.25,8.1,8.25,8853,60476.9,55.18,1451325,-42525,9637.15
NIFTY,06-Jun-2017,29-Jun-2017,PE,9150,8.9,10.55,8.7,9.45,9.4,9.45,120,824.38,.88,40875,1650,9637.15
NIFTY,06-Jun-2017,29-Jun-2017,PE,9200,9.5,12.7,7,11.55,11.3,11.55,23980,165672.99,210.99,3048850,-113175,9637.15
NIFTY,06-Jun-2017,29-Jun-2017,PE,9250,13.4,15,12.6,14,13.95,14,568,3946.49,5.99,108975,300,9637.15
NIFTY,06-Jun-2017,29-Jun-2017,PE,9300,15,18.65,13.5,17.15,16.85,17.15,41804,292123.51,540.61,3744300,-90525,9637.15
NIFTY,06-Jun-2017,29-Jun-2017,PE,9350,17.95,22.9,17.95,21.05,20,21.05,2697,18955.44,42.73,252450,3150,9637.15
NIFTY,06-Jun-2017,29-Jun-2017,PE,8900,4.7,5.15,4.45,4.75,4.65,4.75,3472,23188.21,12.61,812700,-7725,9637.15
NIFTY,06-Jun-2017,29-Jun-2017,PE,8950,6.9,6.9,4.55,4.55,4.55,4.55,2,13.43,.01,8100,0,9637.15
NIFTY,07-Jun-2017,29-Jun-2017,PE,10200,522.5,531.35,510,525.2,525.2,525.2,11,88.46,4.31,2025,75,9663.9
NIFTY,07-Jun-2017,29-Jun-2017,PE,9800,157.85,174.45,141.65,152.5,148,152.5,8715,65086.55,1031.3,430650,11025,9663.9
NIFTY,07-Jun-2017,29-Jun-2017,PE,9850,197.25,210,179.45,187,181.05,187,76,572.57,11.12,1125,75,9663.9
NIFTY,07-Jun-2017,29-Jun-2017,PE,9900,239.2,255,214.75,228.7,225.1,228.7,1625,12349.79,284.17,232575,20175,9663.9
NIFTY,07-Jun-2017,29-Jun-2017,PE,9950,0,0,0,645.9,0,267.25,0,0,0,0,0,9663.9
NIFTY,07-Jun-2017,29-Jun-2017,PE,10000,328.05,344.1,304.7,318.75,314.05,318.75,937,7254.35,226.85,1111200,1425,9663.9
NIFTY,07-Jun-2017,29-Jun-2017,PE,10050,0,0,0,430.15,430.15,355.75,0,0,0,225,0,9663.9
NIFTY,07-Jun-2017,29-Jun-2017,PE,10100,403,418.55,403,418.55,418.55,418.55,2,15.77,.62,20625,-150,9663.9
NIFTY,07-Jun-2017,29-Jun-2017,PE,10150,460,460,460,460,460,460,1,7.96,.35,75,75,9663.9
NIFTY,07-Jun-2017,29-Jun-2017,PE,9400,23.7,27.45,21.3,22.6,21.85,22.6,89994,636103.97,1646.27,6058725,280200,9663.9
NIFTY,07-Jun-2017,29-Jun-2017,PE,9450,33.25,34.4,26.55,28.15,27.1,28.15,3283,23342.81,74.55,398400,6375,9663.9
NIFTY,07-Jun-2017,29-Jun-2017,PE,9500,40.95,44,33.5,35.75,34.5,35.75,108699,777627.87,3147.49,6442350,-191025,9663.9
NIFTY,07-Jun-2017,29-Jun-2017,PE,9550,49.35,55,42.65,44.95,43.1,44.95,8057,58001.4,293.14,528600,129825,9663.9
NIFTY,07-Jun-2017,29-Jun-2017,PE,9600,61,70.5,54.45,58.1,55.7,58.1,144094,1044239.14,6762.34,6156375,503625,9663.9
NIFTY,07-Jun-2017,29-Jun-2017,PE,9650,80.3,87.95,69.4,73.35,72,73.35,15610,113883.41,906.04,612150,137025,9663.9
NIFTY,07-Jun-2017,29-Jun-2017,PE,9700,102.55,112.8,88.35,95.5,93.1,95.5,77287,568064.47,5801.54,2142750,234525,9663.9
NIFTY,07-Jun-2017,29-Jun-2017,PE,9750,129.85,140.6,113,121.15,118.8,121.15,646,4785.17,61.29,28200,-7575,9663.9
NIFTY,07-Jun-2017,29-Jun-2017,PE,9000,6.15,6.7,5.1,5.6,5.55,5.6,13834,93441.31,61.81,3011100,-144150,9663.9
NIFTY,07-Jun-2017,29-Jun-2017,PE,9050,6.95,7.65,6.3,6.3,6.3,6.3,52,353.23,.28,19800,2025,9663.9
NIFTY,07-Jun-2017,29-Jun-2017,PE,9100,7.75,8.6,6.85,7.1,7.05,7.1,9534,65124.02,54.47,1404675,-46650,9663.9
NIFTY,07-Jun-2017,29-Jun-2017,PE,9150,9.4,9.9,8,8.6,8.05,8.6,148,1016.64,.99,40875,0,9663.9
NIFTY,07-Jun-2017,29-Jun-2017,PE,9200,10.25,11.95,9.6,10,9.9,10,25726,177714.37,204.97,3010525,-38325,9663.9
NIFTY,07-Jun-2017,29-Jun-2017,PE,9250,12.8,14.5,11.55,12.05,14.35,12.05,866,6016.24,8.37,113475,4500,9663.9
NIFTY,07-Jun-2017,29-Jun-2017,PE,9300,16.3,17.85,13.5,14.75,14.45,14.75,49146,343377.02,583.67,3615000,-129300,9663.9
NIFTY,07-Jun-2017,29-Jun-2017,PE,9350,18.15,21.8,16.9,18.05,18.35,18.05,3194,22444.4,46.47,241950,-10500,9663.9
NIFTY,07-Jun-2017,29-Jun-2017,PE,8900,4.8,5.05,4,4.15,4.2,4.15,3876,25885.29,12.99,831075,18375,9663.9
NIFTY,07-Jun-2017,29-Jun-2017,PE,8950,0,0,0,4.55,4.55,0.05,0,0,0,8100,0,9663.9
NIFTY,08-Jun-2017,29-Jun-2017,PE,10200,525,525,520,520.7,520,520.7,15,120.61,5.86,3150,1125,9647.25
NIFTY,08-Jun-2017,29-Jun-2017,PE,9800,147.05,168.4,136.15,159.25,158,159.25,6714,50141.74,793.84,416100,-14550,9647.25
NIFTY,08-Jun-2017,29-Jun-2017,PE,9850,178.55,204.15,178.55,194.75,194.6,194.75,150,1129.89,21.76,9525,8400,9647.25
NIFTY,08-Jun-2017,29-Jun-2017,PE,9900,222.9,247,210.4,238.5,239.4,238.5,825,6271.3,145.67,235650,3075,9647.25
NIFTY,08-Jun-2017,29-Jun-2017,PE,9950,0,0,0,645.9,0,280.3,0,0,0,0,0,9647.25
NIFTY,08-Jun-2017,29-Jun-2017,PE,10000,309.6,335.8,300.9,329.2,327,329.2,754,5839.01,184.01,1106700,-4500,9647.25
NIFTY,08-Jun-2017,29-Jun-2017,PE,10050,0,0,0,430.15,430.15,371.25,0,0,0,225,0,9647.25
NIFTY,08-Jun-2017,29-Jun-2017,PE,10100,409.1,421.65,408.1,421.65,421.65,421.65,6,47.31,1.86,20175,-450,9647.25
NIFTY,08-Jun-2017,29-Jun-2017,PE,10150,0,0,0,460,460,467.1,0,0,0,75,0,9647.25
NIFTY,08-Jun-2017,29-Jun-2017,PE,9400,20.05,25.65,19.45,23.45,23.35,23.45,49569,350320.72,859.27,5870025,-188700,9647.25
NIFTY,08-Jun-2017,29-Jun-2017,PE,9450,25.9,32,24.65,29.25,28.4,29.25,2798,19891.48,60.65,411375,12975,9647.25
NIFTY,08-Jun-2017,29-Jun-2017,PE,9500,32.9,40.75,31,37.3,37.1,37.3,67951,486020.89,1870.01,6512325,69975,9647.25
NIFTY,08-Jun-2017,29-Jun-2017,PE,9550,43.1,51,38.35,46.75,46.4,46.75,10197,73390.43,354.42,579975,51375,9647.25
NIFTY,08-Jun-2017,29-Jun-2017,PE,9600,55.2,66.2,50.1,60.55,60,60.55,107043,775516.32,4806.72,6185025,28650,9647.25
NIFTY,08-Jun-2017,29-Jun-2017,PE,9650,68.7,83.65,64.6,76.95,76.1,76.95,10454,76253.51,592.69,568500,-43650,9647.25
NIFTY,08-Jun-2017,29-Jun-2017,PE,9700,91.45,107.75,82.7,100.3,99.95,100.3,56404,414495.61,4156.51,2208675,65925,9647.25
NIFTY,08-Jun-2017,29-Jun-2017,PE,9750,114.9,135.75,105.65,127.85,128.4,127.85,487,3606.53,45.34,33600,5400,9647.25
NIFTY,08-Jun-2017,29-Jun-2017,PE,9000,5.2,6.1,4.85,5.85,5.35,5.85,17337,117098.71,73.96,3441900,430800,9647.25
NIFTY,08-Jun-2017,29-Jun-2017,PE,9050,6.25,6.8,6.05,6.75,6.65,6.75,86,584.14,.41,23100,3300,9647.25
NIFTY,08-Jun-2017,29-Jun-2017,PE,9100,6.1,7.75,6.1,7.45,7.35,7.45,8137,55579.51,44.49,1467975,63300,9647.25
NIFTY,08-Jun-2017,29-Jun-2017,PE,9150,8.05,8.95,7.75,8.4,8.25,8.4,151,1037.19,.95,36825,-4050,9647.25
NIFTY,08-Jun-2017,29-Jun-2017,PE,9200,8.25,11.05,8.25,10.3,10.25,10.3,17819,123086.3,135.2,2971375,-39150,9647.25
NIFTY,08-Jun-2017,29-Jun-2017,PE,9250,10.05,13.3,10.05,12.2,12.25,12.2,666,4626.35,5.97,139950,26475,9647.25
NIFTY,08-Jun-2017,29-Jun-2017,PE,9300,13,16.55,12.05,15.15,15.4,15.15,33628,234934.6,379.3,3587400,-27600,9647.25
NIFTY,08-Jun-2017,29-Jun-2017,PE,9350,15.35,20.15,15.35,18.55,18.7,18.55,2133,14987.39,29.73,218250,-23700,9647.25
NIFTY,08-Jun-2017,29-Jun-2017,PE,8900,4,4.4,3.75,4.3,4.25,4.3,5277,35240.16,16.19,861375,30300,9647.25
NIFTY,08-Jun-2017,29-Jun-2017,PE,8950,0,0,0,4.55,4.55,0.05,0,0,0,8100,0,9647.25
NIFTY,09-Jun-2017,29-Jun-2017,PE,10200,549,566,509.75,509.75,509.75,509.75,15,120.89,6.14,3225,75,9668.25
NIFTY,09-Jun-2017,29-Jun-2017,PE,9800,164.1,195.35,139.75,145.95,147.3,145.95,9438,70572.84,1203.54,443775,27675,9668.25
NIFTY,09-Jun-2017,29-Jun-2017,PE,9850,207.4,230.75,179.7,183.15,180.6,183.15,52,392.27,8.12,9225,-300,9668.25
NIFTY,09-Jun-2017,29-Jun-2017,PE,9900,245.05,281.95,214.75,222.7,224.7,222.7,1502,11427.21,274.86,246075,10425,9668.25
NIFTY,09-Jun-2017,29-Jun-2017,PE,9950,0,0,0,645.9,0,261.35,0,0,0,0,0,9668.25
NIFTY,09-Jun-2017,29-Jun-2017,PE,10000,338.1,370.5,305.25,315.65,315.65,315.65,1392,10790.55,350.55,1079325,-27375,9668.25
NIFTY,09-Jun-2017,29-Jun-2017,PE,10050,0,0,0,430.15,430.15,352,0,0,0,225,0,9668.25
NIFTY,09-Jun-2017,29-Jun-2017,PE,10100,0,0,0,421.65,421.65,399.5,0,0,0,20175,0,9668.25
NIFTY,09-Jun-2017,29-Jun-2017,PE,10150,0,0,0,460,460,447.85,0,0,0,75,0,9668.25
NIFTY,09-Jun-2017,29-Jun-2017,PE,9400,24.6,30,17.5,18.55,18.2,18.55,112318,793824.84,1982.94,6047550,177525,9668.25
NIFTY,09-Jun-2017,29-Jun-2017,PE,9450,32.1,37.35,21.95,23.15,23.2,23.15,6771,48137.95,148.49,407400,-3975,9668.25
NIFTY,09-Jun-2017,29-Jun-2017,PE,9500,40.95,48.15,28.35,30.2,29.35,30.2,159684,1142349.18,4600.68,6575325,63000,9668.25
NIFTY,09-Jun-2017,29-Jun-2017,PE,9550,55.4,60.85,37.1,38.75,38.25,38.75,16636,119775.35,620,566475,-13500,9668.25
NIFTY,09-Jun-2017,29-Jun-2017,PE,9600,63.95,78.3,48.8,50.9,49.8,50.9,215813,1564243.15,10389.55,6541050,356025,9668.25
NIFTY,09-Jun-2017,29-Jun-2017,PE,9650,76.6,98.55,63.45,66.5,65.95,66.5,14311,104436.23,860.36,505800,-62700,9668.25
NIFTY,09-Jun-2017,29-Jun-2017,PE,9700,102.6,126.35,84.15,87.75,87.85,87.75,94748,696790.78,7499.08,2135325,-73350,9668.25
NIFTY,09-Jun-2017,29-Jun-2017,PE,9750,132.9,158.2,109.95,114.45,119,114.45,583,4320.68,57.49,29850,-3750,9668.25
NIFTY,09-Jun-2017,29-Jun-2017,PE,9000,5.45,6.7,4.6,4.85,4.65,4.85,20175,136265.49,84.24,3444750,2850,9668.25
NIFTY,09-Jun-2017,29-Jun-2017,PE,9050,6.4,7.75,5.45,5.45,5.45,5.45,115,781.13,.57,25125,2025,9668.25
NIFTY,09-Jun-2017,29-Jun-2017,PE,9100,7.05,8.75,5.5,5.9,5.5,5.9,16373,111832.75,87.02,1421400,-46575,9668.25
NIFTY,09-Jun-2017,29-Jun-2017,PE,9150,8.5,9.95,6.45,6.85,8.55,6.85,153,1050.92,.95,38625,1800,9668.25
NIFTY,09-Jun-2017,29-Jun-2017,PE,9200,10.8,12.25,7.5,8,8,8,36709,253560.39,268.29,2904175,-67200,9668.25
NIFTY,09-Jun-2017,29-Jun-2017,PE,9250,12.45,14.75,8.9,9.6,9.65,9.6,970,6737.74,8.37,156225,16275,9668.25
NIFTY,09-Jun-2017,29-Jun-2017,PE,9300,15.8,18.7,11.2,11.8,11.75,11.8,74292,519007.49,820.79,3674850,87450,9668.25
NIFTY,09-Jun-2017,29-Jun-2017,PE,9350,19.7,23.2,13.8,14.65,14.6,14.65,4136,29062.35,58.65,220725,2475,9668.25
NIFTY,09-Jun-2017,29-Jun-2017,PE,8900,4.25,4.8,3.65,3.8,3.65,3.8,6971,46552.73,21.31,926100,64725,9668.25
NIFTY,09-Jun-2017,29-Jun-2017,PE,8950,3.05,3.85,3.05,3.45,3.85,3.45,2,13.43,.01,8100,0,9668.25
NIFTY,12-Jun-2017,29-Jun-2017,PE,10200,569,574.5,567.2,567.2,567.2,567.2,37,298.89,15.84,675,-2550,9616.4
NIFTY,12-Jun-2017,29-Jun-2017,PE,9800,189.2,209,176.7,193,193,193,6708,50276.56,972.76,416325,-27450,9616.4
NIFTY,12-Jun-2017,29-Jun-2017,PE,9850,225.8,249,215.8,235.55,231.45,235.55,35,264.58,6.01,10125,900,9616.4
NIFTY,12-Jun-2017,29-Jun-2017,PE,9900,271.7,296.2,261.1,280.05,280,280.05,966,7373.24,200.69,235350,-10725,9616.4
NIFTY,12-Jun-2017,29-Jun-2017,PE,9950,0,0,0,645.9,0,309.85,0,0,0,0,0,9616.4
NIFTY,12-Jun-2017,29-Jun-2017,PE,10000,366.2,392,356.55,373.5,374,373.5,919,7149.99,257.49,1057725,-21600,9616.4
NIFTY,12-Jun-2017,29-Jun-2017,PE,10050,0,0,0,430.15,430.15,405.3,0,0,0,225,0,9616.4
NIFTY,12-Jun-2017,29-Jun-2017,PE,10100,483.2,483.2,470,472.3,472.3,472.3,5,39.66,1.79,19875,-300,9616.4
NIFTY,12-Jun-2017,29-Jun-2017,PE,10150,0,0,0,460,460,503.6,0,0,0,75,0,9616.4
NIFTY,12-Jun-2017,29-Jun-2017,PE,9400,25,28.75,22.05,25.6,25.5,25.6,96902,684949.29,1790.19,5629425,-418125,9616.4
NIFTY,12-Jun-2017,29-Jun-2017,PE,9450,33,35.85,27.9,33.05,33.45,33.05,5672,40336.38,136.08,364650,-42750,9616.4
NIFTY,12-Jun-2017,29-Jun-2017,PE,9500,40,47.85,36.25,43.65,43,43.65,144834,1036509.94,4567.69,7142250,566925,9616.4
NIFTY,12-Jun-2017,29-Jun-2017,PE,9550,51.75,60.85,47.6,56.55,55.55,56.55,13339,96088.11,547.52,593775,27300,9616.4
NIFTY,12-Jun-2017,29-Jun-2017,PE,9600,69.9,79.9,62.75,73.45,72.6,73.45,185531,1345802.7,9979.5,5615175,-925875,9616.4
NIFTY,12-Jun-2017,29-Jun-2017,PE,9650,89.95,102.7,81.9,93.45,93.05,93.45,13307,97230.01,920.6,570450,64650,9616.4
NIFTY,12-Jun-2017,29-Jun-2017,PE,9700,115.1,133,107.9,122.6,121.05,122.6,68279,502914.18,6184.46,1967925,-167400,9616.4
NIFTY,12-Jun-2017,29-Jun-2017,PE,9750,150,166,140.9,154.5,155,154.5,563,4182.16,65.22,23100,-6750,9616.4
NIFTY,12-Jun-2017,29-Jun-2017,PE,9000,5.25,5.8,4.7,5.1,5.2,5.1,18219,123048.65,70.4,3396525,-48225,9616.4
NIFTY,12-Jun-2017,29-Jun-2017,PE,9050,6.05,6.45,5.55,5.9,5.95,5.9,117,794.67,.53,25650,525,9616.4
NIFTY,12-Jun-2017,29-Jun-2017,PE,9100,7,7.45,6.1,6.6,6.65,6.6,11951,81625.06,59.48,1480350,58950,9616.4
NIFTY,12-Jun-2017,29-Jun-2017,PE,9150,8.45,8.75,7.1,7.9,7.8,7.9,353,2424.53,2.07,41625,3000,9616.4
NIFTY,12-Jun-2017,29-Jun-2017,PE,9200,10,10.7,8.75,9.5,9.85,9.5,31281,216062.65,223.75,2856700,-47475,9616.4
NIFTY,12-Jun-2017,29-Jun-2017,PE,9250,10.1,12.8,10.1,11.65,12.05,11.65,1533,10648.77,13.58,165450,9225,9616.4
NIFTY,12-Jun-2017,29-Jun-2017,PE,9300,15,16.4,13.6,15.2,15.5,15.2,58431,408205.53,649.31,3696525,21675,9616.4
NIFTY,12-Jun-2017,29-Jun-2017,PE,9350,17.45,21.45,17.3,19.35,21,19.35,4089,28732.19,58.07,235200,14475,9616.4
NIFTY,12-Jun-2017,29-Jun-2017,PE,8900,4,4.25,3.3,3.5,3.7,3.5,7398,49401.86,20.21,768300,-157800,9616.4
NIFTY,12-Jun-2017,29-Jun-2017,PE,8950,4.5,5,4.35,4.9,4.9,4.9,30,201.48,.1,7875,-225,9616.4
NIFTY,13-Jun-2017,29-Jun-2017,PE,8900,3.8,3.8,3,3.4,3.4,3.4,5944,39690.44,14.24,755700,-12600,9606.9
NIFTY,13-Jun-2017,29-Jun-2017,PE,8950,2.15,5,2.15,4.7,4,4.7,16,107.45,.05,7725,-150,9606.9
NIFTY,13-Jun-2017,29-Jun-2017,PE,9000,4.95,4.95,3.8,4.3,4.4,4.3,13513,91254.47,41.72,3350475,-46050,9606.9
NIFTY,13-Jun-2017,29-Jun-2017,PE,9050,4.9,5.05,3.5,4.9,4.9,4.9,96,651.93,.33,23175,-2475,9606.9
NIFTY,13-Jun-2017,29-Jun-2017,PE,9100,6.5,6.5,4.65,5.55,5.7,5.55,14614,99797.63,57.08,1478925,-1425,9606.9
NIFTY,13-Jun-2017,29-Jun-2017,PE,9150,6.65,6.9,5.35,6.45,6.6,6.45,207,1421.48,.94,41025,-600,9606.9
NIFTY,13-Jun-2017,29-Jun-2017,PE,9200,7.2,9.9,6.2,8.3,8.45,8.3,28859,199286.8,159.7,2863225,6525,9606.9
NIFTY,13-Jun-2017,29-Jun-2017,PE,9250,10.5,11.55,7.5,10.4,11.55,10.4,712,4944.42,4.92,163950,-1500,9606.9
NIFTY,13-Jun-2017,29-Jun-2017,PE,9300,12.15,14.35,8.1,13.75,13.95,13.75,48003,335250.22,429.29,3753900,57375,9606.9
NIFTY,13-Jun-2017,29-Jun-2017,PE,9350,16.65,18.8,12.8,17.95,18.5,17.95,2822,19822.28,33,231000,-4200,9606.9
NIFTY,13-Jun-2017,29-Jun-2017,PE,9400,22,25,16.8,23.75,24.2,23.75,81805,577977.4,1252.15,5515800,-113625,9606.9
NIFTY,13-Jun-2017,29-Jun-2017,PE,9450,28.5,32.25,21.75,30.6,31.7,30.6,11358,80731.21,231.39,611550,246900,9606.9
NIFTY,13-Jun-2017,29-Jun-2017,PE,9500,42.5,43.25,29.1,41.3,42.3,41.3,129998,929682.27,3446.52,7181625,39375,9606.9
NIFTY,13-Jun-2017,29-Jun-2017,PE,9550,50,56.6,39.45,54.05,55.6,54.05,15516,111669.88,536.53,509925,-83850,9606.9
NIFTY,13-Jun-2017,29-Jun-2017,PE,9600,66.05,74.95,53,71.5,73.2,71.5,193113,1399460.96,9047.36,5580000,-35175,9606.9
NIFTY,13-Jun-2017,29-Jun-2017,PE,9650,93.5,96.8,70.65,93.65,95.55,93.65,13905,101486.11,848.67,593250,22800,9606.9
NIFTY,13-Jun-2017,29-Jun-2017,PE,9700,110.6,127.25,94.55,121.75,124.9,121.75,67510,496632.31,5497.06,2008275,40350,9606.9
NIFTY,13-Jun-2017,29-Jun-2017,PE,9750,142,162,126.45,156.05,158.15,156.05,219,1624.81,23.37,22425,-675,9606.9
NIFTY,13-Jun-2017,29-Jun-2017,PE,9800,179.55,202,156,195.95,197.3,195.95,6843,51214.65,918.6,403425,-12900,9606.9
NIFTY,13-Jun-2017,29-Jun-2017,PE,9850,224.3,239.3,206,236.05,236.05,236.05,114,860.22,18.04,17175,7050,9606.9
NIFTY,13-Jun-2017,29-Jun-2017,PE,9900,270.05,290.05,242.6,282.5,285.05,282.5,692,5275.6,137.5,237600,2250,9606.9
NIFTY,13-Jun-2017,29-Jun-2017,PE,9950,0,0,0,645.9,0,319.05,0,0,0,0,0,9606.9
NIFTY,13-Jun-2017,29-Jun-2017,PE,10000,362.15,386.4,341.45,380.75,380.95,380.75,811,6302.62,220.12,1023525,-34200,9606.9
NIFTY,13-Jun-2017,29-Jun-2017,PE,10050,0,0,0,430.15,430.15,415.8,0,0,0,225,0,9606.9
NIFTY,13-Jun-2017,29-Jun-2017,PE,10100,447,447,447,447,447,447,1,7.91,.34,19875,0,9606.9
NIFTY,13-Jun-2017,29-Jun-2017,PE,10150,0,0,0,460,460,514.65,0,0,0,75,0,9606.9
NIFTY,13-Jun-2017,29-Jun-2017,PE,10200,573.7,573.7,573.7,573.7,573.7,573.7,1,8.08,.43,675,0,9606.9
NIFTY,14-Jun-2017,29-Jun-2017,PE,8900,3.25,3.4,2.85,2.95,3,2.95,4597,30695.56,10.59,763050,7350,9618.15
NIFTY,14-Jun-2017,29-Jun-2017,PE,8950,4.1,7,2.6,3.95,3.95,3.95,30,201.46,.09,6300,-1425,9618.15
NIFTY,14-Jun-2017,29-Jun-2017,PE,9000,4.45,4.65,3.55,3.7,3.65,3.7,13980,94405,40,3424725,74250,9618.15
NIFTY,14-Jun-2017,29-Jun-2017,PE,9050,4.6,4.75,4.05,4.2,4.2,4.2,71,482.15,.24,20325,-2850,9618.15
NIFTY,14-Jun-2017,29-Jun-2017,PE,9100,5.35,5.7,4.25,4.45,4.55,4.45,12396,84648.45,45.75,1481625,2700,9618.15
NIFTY,14-Jun-2017,29-Jun-2017,PE,9150,6.15,6.65,4.75,5.2,5.45,5.2,225,1545.02,.96,39525,-1500,9618.15
NIFTY,14-Jun-2017,29-Jun-2017,PE,9200,7.45,8.7,5.9,6.45,6.6,6.45,27648,190923.31,152.11,2774350,-88875,9618.15
NIFTY,14-Jun-2017,29-Jun-2017,PE,9250,9.6,11,7.4,8,9.7,8,957,6645.83,6.64,161175,-2775,9618.15
NIFTY,14-Jun-2017,29-Jun-2017,PE,9300,11.45,14.6,9.35,10.5,10.5,10.5,45997,321248.74,419.67,3701775,-52125,9618.15
NIFTY,14-Jun-2017,29-Jun-2017,PE,9350,17.1,19.25,12.9,13.95,14.05,13.95,3247,22808.51,38.92,251775,20775,9618.15
NIFTY,14-Jun-2017,29-Jun-2017,PE,9400,20.9,25.8,17.1,18.65,18.45,18.65,88728,626952.07,1419.67,5336250,-179550,9618.15
NIFTY,14-Jun-2017,29-Jun-2017,PE,9450,28.6,33.65,21.75,23.95,23.35,23.95,19888,141379.36,423.16,1164075,552525,9618.15
NIFTY,14-Jun-2017,29-Jun-2017,PE,9500,38.95,45.35,29.45,33.05,32.75,33.05,144359,1032663.81,4105.93,7251600,69975,9618.15
NIFTY,14-Jun-2017,29-Jun-2017,PE,9550,50.95,59.65,40.15,43.85,43.55,43.85,29801,214554.59,1104.93,744300,234375,9618.15
NIFTY,14-Jun-2017,29-Jun-2017,PE,9600,67.3,79.55,55,59.7,58.9,59.7,191054,1385166.98,9578.18,6144150,564150,9618.15
NIFTY,14-Jun-2017,29-Jun-2017,PE,9650,85.5,103.2,74.2,79.1,78.9,79.1,11376,83094.89,761.09,467625,-125625,9618.15
NIFTY,14-Jun-2017,29-Jun-2017,PE,9700,118.4,133.95,93.4,105.85,105,105.85,54488,401183.85,4783.65,1868325,-139950,9618.15
NIFTY,14-Jun-2017,29-Jun-2017,PE,9750,154.75,167.45,133,137.9,136.95,137.9,272,2019.25,30.25,21150,-1275,9618.15
NIFTY,14-Jun-2017,29-Jun-2017,PE,9800,192.9,210.45,168.6,176.65,175,176.65,5557,41630.51,786.56,409275,5850,9618.15
NIFTY,14-Jun-2017,29-Jun-2017,PE,9850,236.85,252,211.5,215.55,213.7,215.55,115,869.72,20.16,18150,975,9618.15
NIFTY,14-Jun-2017,29-Jun-2017,PE,9900,283.1,299.55,255,262.3,260.2,262.3,534,4074.26,109.31,236100,-1500,9618.15
NIFTY,14-Jun-2017,29-Jun-2017,PE,9950,0,0,0,645.9,0,308.85,0,0,0,0,0,9618.15
NIFTY,14-Jun-2017,29-Jun-2017,PE,10000,378.4,396,350,357.95,358,357.95,1044,8122.36,292.36,1008300,-15225,9618.15
NIFTY,14-Jun-2017,29-Jun-2017,PE,10050,0,0,0,430.15,430.15,406.05,0,0,0,225,0,9618.15
NIFTY,14-Jun-2017,29-Jun-2017,PE,10100,475,489.3,455,462,462,462,15,118.84,5.21,19950,75,9618.15
NIFTY,14-Jun-2017,29-Jun-2017,PE,10150,0,0,0,460,460,505.1,0,0,0,75,0,9618.15
NIFTY,14-Jun-2017,29-Jun-2017,PE,10200,0,0,0,573.7,573.7,554.9,0,0,0,675,0,9618.15
NIFTY,15-Jun-2017,29-Jun-2017,PE,8900,3,3.05,2.45,2.75,2.65,2.75,7168,47860.93,14.53,861225,98175,9578.05
NIFTY,15-Jun-2017,29-Jun-2017,PE,8950,2.5,2.5,2.5,2.5,2.5,2.5,1,6.71,0,6300,0,9578.05
NIFTY,15-Jun-2017,29-Jun-2017,PE,9000,4,4,3.1,3.25,3.25,3.25,17571,118648.22,43.97,3560025,135300,9578.05
NIFTY,15-Jun-2017,29-Jun-2017,PE,9050,4.1,4.1,3.05,3.5,3.5,3.5,164,1113.58,.43,16575,-3750,9578.05
NIFTY,15-Jun-2017,29-Jun-2017,PE,9100,4.55,4.8,3.7,4,4.1,4,17436,119054.85,54.15,1339125,-142500,9578.05
NIFTY,15-Jun-2017,29-Jun-2017,PE,9150,5.5,5.8,4.35,4.9,4.8,4.9,381,2616.05,1.44,46125,6600,9578.05
NIFTY,15-Jun-2017,29-Jun-2017,PE,9200,6.5,8,5.6,6.15,6.6,6.15,34003,234782.08,161.38,2529100,-245250,9578.05
NIFTY,15-Jun-2017,29-Jun-2017,PE,9250,8.6,9.5,7.2,8.25,9,8.25,1208,8387.98,7.48,172125,10950,9578.05
NIFTY,15-Jun-2017,29-Jun-2017,PE,9300,9.75,13.35,9.6,11.35,11.55,11.35,49778,347625.53,423.98,3474300,-227475,9578.05
NIFTY,15-Jun-2017,29-Jun-2017,PE,9350,15.55,18.1,13.15,15.45,16.25,15.45,4210,29570.92,48.29,240825,-10950,9578.05
NIFTY,15-Jun-2017,29-Jun-2017,PE,9400,18.3,25,17.9,21.3,21.55,21.3,94121,665044.35,1491.3,5282100,-54150,9578.05
NIFTY,15-Jun-2017,29-Jun-2017,PE,9450,25.95,33,23.2,28.5,28.95,28.5,28474,202392.91,583.44,860100,-303975,9578.05
NIFTY,15-Jun-2017,29-Jun-2017,PE,9500,34.2,45.6,33,39.55,40.15,39.55,153789,1100213.25,4466.63,7276350,24750,9578.05
NIFTY,15-Jun-2017,29-Jun-2017,PE,9550,49.3,60.45,44.5,52.95,53.5,52.95,24607,177200.66,953.02,663825,-80475,9578.05
NIFTY,15-Jun-2017,29-Jun-2017,PE,9600,64.35,81.8,61.05,72.25,73.4,72.25,180149,1306557.01,9484.21,5631900,-512250,9578.05
NIFTY,15-Jun-2017,29-Jun-2017,PE,9650,85,105.9,82.15,95.9,96.35,95.9,9825,71781.89,673.46,424125,-43500,9578.05
NIFTY,15-Jun-2017,29-Jun-2017,PE,9700,118.05,139,110.05,127.15,129.35,127.15,45711,336768.9,4221.37,1819575,-48750,9578.05
NIFTY,15-Jun-2017,29-Jun-2017,PE,9750,155.8,175.6,145.05,164.25,166.85,164.25,476,3536.47,55.72,24900,3750,9578.05
NIFTY,15-Jun-2017,29-Jun-2017,PE,9800,193.25,219.9,185,205.5,208,205.5,4277,32080.79,644.84,374175,-35100,9578.05
NIFTY,15-Jun-2017,29-Jun-2017,PE,9850,233.65,260.55,229,248.85,251.75,248.85,56,424.16,10.46,16875,-1275,9578.05
NIFTY,15-Jun-2017,29-Jun-2017,PE,9900,279.9,310,274.5,295.7,297.25,295.7,618,4723.92,135.27,237225,1125,9578.05
NIFTY,15-Jun-2017,29-Jun-2017,PE,9950,0,0,0,645.9,0,348.75,0,0,0,0,0,9578.05
NIFTY,15-Jun-2017,29-Jun-2017,PE,10000,378.9,408,370.7,393.85,396.65,393.85,1482,11545.27,430.27,950925,-57375,9578.05
NIFTY,15-Jun-2017,29-Jun-2017,PE,10050,0,0,0,430.15,430.15,447.35,0,0,0,225,0,9578.05
NIFTY,15-Jun-2017,29-Jun-2017,PE,10100,475,503.05,475,491.8,489.45,491.8,70,555.95,25.7,22200,2250,9578.05
NIFTY,15-Jun-2017,29-Jun-2017,PE,10150,0,0,0,460,460,546.85,0,0,0,75,0,9578.05
NIFTY,15-Jun-2017,29-Jun-2017,PE,10200,0,0,0,573.7,573.7,596.7,0,0,0,675,0,9578.05
NIFTY,16-Jun-2017,29-Jun-2017,PE,8900,1.95,2.45,1.95,2.3,2.3,2.3,3371,22507.22,5.79,838200,-23025,-
NIFTY,16-Jun-2017,29-Jun-2017,PE,8950,2.55,2.55,2,2,2,2,7,47,.01,5850,-450,-
NIFTY,16-Jun-2017,29-Jun-2017,PE,9000,3.15,3.3,2.55,2.75,2.7,2.75,20210,136459.01,41.51,3557850,-2175,-
NIFTY,16-Jun-2017,29-Jun-2017,PE,9050,3.25,3.25,2.85,2.9,2.9,2.9,92,624.66,.21,13650,-2925,-
NIFTY,16-Jun-2017,29-Jun-2017,PE,9100,3.5,4.1,3.05,3.25,3.4,3.25,16223,110762,40.02,1426650,87525,-
NIFTY,16-Jun-2017,29-Jun-2017,PE,9150,3.85,4.3,3.45,3.75,4,3.75,412,2828.55,1.2,56550,10425,-
NIFTY,16-Jun-2017,29-Jun-2017,PE,9200,5.15,5.75,4.55,4.95,5.1,4.95,29255,201970.09,110.59,2380900,-148200,-
NIFTY,16-Jun-2017,29-Jun-2017,PE,9250,6.65,7.3,5.75,6.25,6.45,6.25,750,5206.77,3.65,171000,-1125,-
NIFTY,16-Jun-2017,29-Jun-2017,PE,9300,10.2,11.3,8.3,9.05,9.3,9.05,42520,296870.73,293.73,3336225,-138075,-
NIFTY,16-Jun-2017,29-Jun-2017,PE,9350,12.85,14.5,11.5,12.55,12.65,12.55,2856,20054.56,26.86,266325,25500,-
NIFTY,16-Jun-2017,29-Jun-2017,PE,9400,19.65,20.55,15.55,17.8,18.55,17.8,84563,597290.59,1121.44,5173800,-108300,-
NIFTY,16-Jun-2017,29-Jun-2017,PE,9450,25.2,27.4,20.8,23.9,25,23.9,24608,174845.13,435.93,1186725,326625,-
NIFTY,16-Jun-2017,29-Jun-2017,PE,9500,36.85,38.85,29.3,34,35.35,34,142588,1019520.04,3580.54,7033125,-243225,-
NIFTY,16-Jun-2017,29-Jun-2017,PE,9550,48.6,53,40.35,46.4,47.8,46.4,24831,178706.09,854.05,849600,185775,-
NIFTY,16-Jun-2017,29-Jun-2017,PE,9600,62.5,73.65,56.6,65.9,68.85,65.9,179801,1303236.27,8669.07,5863275,231375,-
NIFTY,16-Jun-2017,29-Jun-2017,PE,9650,102.8,102.8,77.8,90.45,93,90.45,8016,58541.75,525.95,441900,17775,-
NIFTY,16-Jun-2017,29-Jun-2017,PE,9700,119.35,133.25,106.95,122.6,128.3,122.6,48766,359126.28,4353.63,1661325,-158250,-
NIFTY,16-Jun-2017,29-Jun-2017,PE,9750,166.95,172.95,145,161.4,168.95,161.4,283,2102.62,33.18,24150,-750,-
NIFTY,16-Jun-2017,29-Jun-2017,PE,9800,197.7,216,182.25,204.5,211.3,204.5,5399,40486.3,803.65,413175,39000,-
NIFTY,16-Jun-2017,29-Jun-2017,PE,9850,238.7,250.55,228.05,250.55,250.55,250.55,11,83.24,1.98,17475,600,-
NIFTY,16-Jun-2017,29-Jun-2017,PE,9900,287.2,310,272.5,299.5,302.35,299.5,880,6724.42,190.42,201600,-35625,-
NIFTY,16-Jun-2017,29-Jun-2017,PE,9950,0,0,0,645.9,0,340.15,0,0,0,0,0,-
NIFTY,16-Jun-2017,29-Jun-2017,PE,10000,380.1,403.5,370.25,396.15,403.5,396.15,1572,12247.35,457.35,922650,-28275,-
NIFTY,16-Jun-2017,29-Jun-2017,PE,10050,0,0,0,430.15,430.15,439.05,0,0,0,225,0,-
NIFTY,16-Jun-2017,29-Jun-2017,PE,10100,489.95,489.95,474,474,474,474,2,15.87,.72,22125,-75,-
NIFTY,16-Jun-2017,29-Jun-2017,PE,10150,0,0,0,460,460,538.65,0,0,0,75,0,-
NIFTY,16-Jun-2017,29-Jun-2017,PE,10200,592.7,592.7,592.7,592.7,592.7,592.7,1,8.09,.44,600,-75,-
NIFTY,19-Jun-2017,29-Jun-2017,PE,8900,2.05,2.05,1.5,1.65,1.7,1.65,4190,27973.51,5.26,796875,-41325,9657.55
NIFTY,19-Jun-2017,29-Jun-2017,PE,8950,0,0,0,2,2,0,0,0,0,5850,0,9657.55
NIFTY,19-Jun-2017,29-Jun-2017,PE,9000,2.65,2.7,1.7,1.9,1.9,1.9,25831,174395.2,35.95,3542100,-15750,9657.55
NIFTY,19-Jun-2017,29-Jun-2017,PE,9050,2.5,5.8,1.8,2.05,2.05,2.05,114,773.96,.19,12000,-1650,9657.55
NIFTY,19-Jun-2017,29-Jun-2017,PE,9100,3.2,3.2,1.75,2,2.05,2,19172,130877.8,28.9,1552275,125625,9657.55
NIFTY,19-Jun-2017,29-Jun-2017,PE,9150,2.5,2.95,1.75,2.4,2.55,2.4,804,5518.82,1.37,59400,2850,9657.55
NIFTY,19-Jun-2017,29-Jun-2017,PE,9200,3.5,3.95,2.15,2.8,2.9,2.8,30990,213895.92,64.92,2451550,70650,9657.55
NIFTY,19-Jun-2017,29-Jun-2017,PE,9250,4.15,4.25,2.6,3.05,3.5,3.05,1789,12415.91,4.73,136050,-34950,9657.55
NIFTY,19-Jun-2017,29-Jun-2017,PE,9300,7.5,7.5,3.2,3.95,4.05,3.95,63112,440415.06,208.86,3501825,165600,9657.55
NIFTY,19-Jun-2017,29-Jun-2017,PE,9350,9.9,9.9,4.4,5.45,5.4,5.45,6385,44803.87,29.05,233400,-32925,9657.55
NIFTY,19-Jun-2017,29-Jun-2017,PE,9400,14.3,14.3,5.75,7.25,7.4,7.25,131390,927121.24,821.74,5003925,-169875,9657.55
NIFTY,19-Jun-2017,29-Jun-2017,PE,9450,15.3,15.85,7.3,9.6,9.55,9.6,32712,232125.09,278.79,670500,-516225,9657.55
NIFTY,19-Jun-2017,29-Jun-2017,PE,9500,27.8,27.8,10.55,13.4,13.5,13.4,210050,1499152.57,2546.32,6312225,-720900,9657.55
NIFTY,19-Jun-2017,29-Jun-2017,PE,9550,30.3,34,15.55,18.85,18.85,18.85,48595,348896.51,834.82,970650,121050,9657.55
NIFTY,19-Jun-2017,29-Jun-2017,PE,9600,56.3,56.3,24.05,29.5,29.8,29.5,271478,1961701.28,7059.68,6291675,428400,9657.55
NIFTY,19-Jun-2017,29-Jun-2017,PE,9650,68.7,69.35,35.9,43.05,43,43.05,38511,280116.92,1393.56,1058550,616650,9657.55
NIFTY,19-Jun-2017,29-Jun-2017,PE,9700,103.2,103.25,55.25,66.1,65.2,66.1,117121,858385.84,6330.56,2710425,1049100,9657.55
NIFTY,19-Jun-2017,29-Jun-2017,PE,9750,140,140,82.55,97.1,96.9,97.1,1740,12851.2,127.45,44250,20100,9657.55
NIFTY,19-Jun-2017,29-Jun-2017,PE,9800,171.15,175,117.2,133.7,134.95,133.7,10896,81240.81,1155.21,521550,108375,9657.55
NIFTY,19-Jun-2017,29-Jun-2017,PE,9850,202,212.3,160.25,172.2,173.85,172.2,34,256.02,4.84,17850,375,9657.55
NIFTY,19-Jun-2017,29-Jun-2017,PE,9900,265,268.3,203.4,222.65,224.05,222.65,783,5951.29,137.52,206175,4575,9657.55
NIFTY,19-Jun-2017,29-Jun-2017,PE,9950,0,0,0,645.9,0,276.75,0,0,0,0,0,9657.55
NIFTY,19-Jun-2017,29-Jun-2017,PE,10000,361,364.4,300.1,319.3,322,319.3,1119,8676.79,284.29,874125,-48525,9657.55
NIFTY,19-Jun-2017,29-Jun-2017,PE,10050,0,0,0,430.15,430.15,375,0,0,0,225,0,9657.55
NIFTY,19-Jun-2017,29-Jun-2017,PE,10100,450.85,450.85,407.4,407.55,407.75,407.55,9,71.07,2.9,21975,-150,9657.55
NIFTY,19-Jun-2017,29-Jun-2017,PE,10150,460,460,460,460,460,460,1,7.96,.35,150,75,9657.55
NIFTY,19-Jun-2017,29-Jun-2017,PE,10200,547.65,554,547.65,554,554,554,2,16.13,.83,675,75,9657.55
NIFTY,20-Jun-2017,29-Jun-2017,PE,8900,1.5,1.5,1.15,1.4,1.15,1.4,2478,16543.17,2.52,761850,-35025,9653.5
NIFTY,20-Jun-2017,29-Jun-2017,PE,8950,1.45,1.45,1.45,1.45,1.45,1.45,6,40.28,.01,5850,0,9653.5
NIFTY,20-Jun-2017,29-Jun-2017,PE,9000,1.55,1.75,1.45,1.7,1.6,1.7,17574,118645.87,21.37,3503400,-38700,9653.5
NIFTY,20-Jun-2017,29-Jun-2017,PE,9050,2,2,1.55,1.65,1.65,1.65,87,590.63,.12,16200,4200,9653.5
NIFTY,20-Jun-2017,29-Jun-2017,PE,9100,1.8,1.85,1.55,1.8,1.7,1.8,16346,111582.32,20.87,1496550,-55725,9653.5
NIFTY,20-Jun-2017,29-Jun-2017,PE,9150,5,5,1.8,2.2,2.05,2.2,286,1963.11,.44,50550,-8850,9653.5
NIFTY,20-Jun-2017,29-Jun-2017,PE,9200,2.1,2.7,2.05,2.4,2.25,2.4,22281,153776.85,37.95,2722900,271350,9653.5
NIFTY,20-Jun-2017,29-Jun-2017,PE,9250,2.6,2.85,2.35,2.7,2.35,2.7,1021,7085.2,2.02,147600,11550,9653.5
NIFTY,20-Jun-2017,29-Jun-2017,PE,9300,3.35,3.85,3.05,3.55,3.5,3.55,37316,260375.06,95.96,3526500,24675,9653.5
NIFTY,20-Jun-2017,29-Jun-2017,PE,9350,4.95,5.3,4.3,4.9,4.95,4.9,2204,15463.56,8.01,254250,20850,9653.5
NIFTY,20-Jun-2017,29-Jun-2017,PE,9400,6.6,7.25,5.8,6.55,6.7,6.55,61175,431580.87,297.12,4539225,-464700,9653.5
NIFTY,20-Jun-2017,29-Jun-2017,PE,9450,8.55,9.95,7.65,8.75,8.95,8.75,9651,68464.65,63.19,638475,-32025,9653.5
NIFTY,20-Jun-2017,29-Jun-2017,PE,9500,12.75,14.6,10.4,12.85,13,12.85,117601,839016.79,1109.67,5648175,-664050,9653.5
NIFTY,20-Jun-2017,29-Jun-2017,PE,9550,16.95,20.95,16.1,18.4,18.4,18.4,23609,169420.46,321,932775,-37875,9653.5
NIFTY,20-Jun-2017,29-Jun-2017,PE,9600,17.3,32.45,17.3,28.7,28.7,28.7,138617,1000989.97,2947.57,5969100,-322575,9653.5
NIFTY,20-Jun-2017,29-Jun-2017,PE,9650,40.65,48.25,38.1,42.9,42.7,42.9,29948,217705.93,957.28,1204050,145500,9653.5
NIFTY,20-Jun-2017,29-Jun-2017,PE,9700,63.6,73,58.6,66.25,66,66.25,115463,845627.82,5634.49,3107475,397050,9653.5
NIFTY,20-Jun-2017,29-Jun-2017,PE,9750,94.35,103.65,87,95.55,94.05,95.55,1791,13222.76,126.08,77700,33450,9653.5
NIFTY,20-Jun-2017,29-Jun-2017,PE,9800,128,144,123,133.5,133.25,133.5,11410,84988.04,1124.54,504900,-16650,9653.5
NIFTY,20-Jun-2017,29-Jun-2017,PE,9850,175,180,171.55,174.35,171.55,174.35,12,90.23,1.58,17850,0,9653.5
NIFTY,20-Jun-2017,29-Jun-2017,PE,9900,219.2,235,210.5,223.05,220.65,223.05,766,5815.03,127.48,207075,900,9653.5
NIFTY,20-Jun-2017,29-Jun-2017,PE,9950,0,0,0,645.9,0,281.7,0,0,0,0,0,9653.5
NIFTY,20-Jun-2017,29-Jun-2017,PE,10000,314.1,330.75,308.1,320.5,322.35,320.5,2059,15937.13,494.63,786900,-87225,9653.5
NIFTY,20-Jun-2017,29-Jun-2017,PE,10050,0,0,0,430.15,430.15,380.6,0,0,0,225,0,9653.5
NIFTY,20-Jun-2017,29-Jun-2017,PE,10100,409,411,409,411,411,411,6,47.3,1.85,21600,-375,9653.5
NIFTY,20-Jun-2017,29-Jun-2017,PE,10150,0,0,0,460,460,480.35,0,0,0,150,0,9653.5
NIFTY,20-Jun-2017,29-Jun-2017,PE,10200,516,516,516,516,516,516,1,8.04,.39,675,0,9653.5
NIFTY,21-Jun-2017,29-Jun-2017,PE,8900,1.4,1.45,1.25,1.35,1.25,1.35,1037,6923.02,1.05,751350,-10500,9633.6
NIFTY,21-Jun-2017,29-Jun-2017,PE,8950,1.4,1.4,1.4,1.4,1.4,1.4,3,20.14,0,5850,0,9633.6
NIFTY,21-Jun-2017,29-Jun-2017,PE,9000,1.75,1.8,1.45,1.55,1.45,1.55,16366,110490.21,19.71,3411075,-92325,9633.6
NIFTY,21-Jun-2017,29-Jun-2017,PE,9050,1.75,1.8,1.6,1.7,1.6,1.7,38,257.97,.05,15525,-675,9633.6
NIFTY,21-Jun-2017,29-Jun-2017,PE,9100,1.7,2.25,1.6,1.75,1.7,1.75,10872,74216.02,14.62,1600050,103500,9633.6
NIFTY,21-Jun-2017,29-Jun-2017,PE,9150,2.1,2.25,1.9,2.05,1.9,2.05,72,494.21,.11,49725,-825,9633.6
NIFTY,21-Jun-2017,29-Jun-2017,PE,9200,5,5,2.05,2.25,2.2,2.25,18827,129940.41,34.11,2900800,177900,9633.6
NIFTY,21-Jun-2017,29-Jun-2017,PE,9250,3.05,3.45,2.2,2.5,2.2,2.5,986,6842.38,2.01,145425,-2175,9633.6
NIFTY,21-Jun-2017,29-Jun-2017,PE,9300,5,5,2.95,3.4,3.2,3.4,32943,229869.84,92.41,3515625,-10875,9633.6
NIFTY,21-Jun-2017,29-Jun-2017,PE,9350,5.5,7.2,3.7,4.4,4.15,4.4,3429,24059.23,13.36,251625,-2625,9633.6
NIFTY,21-Jun-2017,29-Jun-2017,PE,9400,7.55,9.8,5.55,6.4,6.2,6.4,76981,543150.97,434.92,4495875,-43350,9633.6
NIFTY,21-Jun-2017,29-Jun-2017,PE,9450,10.6,14,7.45,8.65,8.3,8.65,16360,116076.67,125.17,740025,101550,9633.6
NIFTY,21-Jun-2017,29-Jun-2017,PE,9500,15.7,20,10.95,12.8,12.25,12.8,168375,1201629.95,1958.08,5861325,213150,9633.6
NIFTY,21-Jun-2017,29-Jun-2017,PE,9550,20.8,29.85,15.6,18.55,17.7,18.55,54435,390791.04,900.35,1085325,152550,9633.6
NIFTY,21-Jun-2017,29-Jun-2017,PE,9600,35,45.6,26.25,30.3,29.25,30.3,259656,1876586.59,7063.39,6536325,567225,9633.6
NIFTY,21-Jun-2017,29-Jun-2017,PE,9650,54.95,67,41.8,47.35,46,47.35,39965,290873.68,1626.99,1426500,222450,9633.6
NIFTY,21-Jun-2017,29-Jun-2017,PE,9700,72.85,99.45,67,75.65,74,75.65,109886,806394.26,6973.61,2875050,-232425,9633.6
NIFTY,21-Jun-2017,29-Jun-2017,PE,9750,112.95,135,101.05,108.8,107,108.8,1640,12138.44,145.94,61725,-15975,9633.6
NIFTY,21-Jun-2017,29-Jun-2017,PE,9800,143.5,184.4,139.2,149.9,146.9,149.9,10189,76132.59,1243.44,496275,-8625,9633.6
NIFTY,21-Jun-2017,29-Jun-2017,PE,9850,210.9,221.35,189.45,192.35,189.45,192.35,131,988.45,20.69,10200,-7650,9633.6
NIFTY,21-Jun-2017,29-Jun-2017,PE,9900,248.45,273,230.7,241.25,238.05,241.25,481,3663.08,91.65,205950,-1125,9633.6
NIFTY,21-Jun-2017,29-Jun-2017,PE,9950,0,0,0,645.9,0,302.65,0,0,0,0,0,9633.6
NIFTY,21-Jun-2017,29-Jun-2017,PE,10000,345.6,370.7,330.05,340.1,336.9,340.1,1176,9136.04,316.04,729000,-57900,9633.6
NIFTY,21-Jun-2017,29-Jun-2017,PE,10050,0,0,0,430.15,430.15,402.2,0,0,0,225,0,9633.6
NIFTY,21-Jun-2017,29-Jun-2017,PE,10100,462,462,461.2,461.2,461.2,461.2,3,23.76,1.04,21600,0,9633.6
NIFTY,21-Jun-2017,29-Jun-2017,PE,10150,0,0,0,460,460,502.05,0,0,0,150,0,9633.6
NIFTY,21-Jun-2017,29-Jun-2017,PE,10200,0,0,0,516,516,551.95,0,0,0,675,0,9633.6
NIFTY,22-Jun-2017,29-Jun-2017,PE,8900,1,1.5,0.85,1.35,1.3,1.35,1005,6709.22,.85,745275,-6075,9630
NIFTY,22-Jun-2017,29-Jun-2017,PE,8950,0,0,0,1.4,1.4,0,0,0,0,5850,0,9630
NIFTY,22-Jun-2017,29-Jun-2017,PE,9000,1.25,1.75,1.15,1.6,1.75,1.6,19241,129895.89,19.14,3439950,28875,9630
NIFTY,22-Jun-2017,29-Jun-2017,PE,9050,0,0,0,1.7,1.6,0,0,0,0,15525,0,9630
NIFTY,22-Jun-2017,29-Jun-2017,PE,9100,1.45,2.05,1.25,1.8,2.05,1.8,12003,81933.75,13.28,1581750,-18300,9630
NIFTY,22-Jun-2017,29-Jun-2017,PE,9150,1.4,2,1.3,2,2,2,233,1599.25,.28,49800,75,9630
NIFTY,22-Jun-2017,29-Jun-2017,PE,9200,2,2.8,1.45,2.35,2.8,2.35,17847,123169.46,25.16,2788600,-112200,9630
NIFTY,22-Jun-2017,29-Jun-2017,PE,9250,2.25,5,1.4,2.85,5,2.85,1516,10519.55,2.3,158025,12600,9630
NIFTY,22-Jun-2017,29-Jun-2017,PE,9300,2.8,4.45,1.9,3.8,4.4,3.8,46285,322931.88,94,3470550,-45075,9630
NIFTY,22-Jun-2017,29-Jun-2017,PE,9350,3.4,6.6,2.5,5.15,2.5,5.15,5320,37321,14.5,239925,-11700,9630
NIFTY,22-Jun-2017,29-Jun-2017,PE,9400,5.95,8.3,3.35,7.1,8.1,7.1,98337,693656.01,380.16,4436925,-58950,9630
NIFTY,22-Jun-2017,29-Jun-2017,PE,9450,7.35,11.5,4.6,9.75,11.5,9.75,23615,167510.76,139.45,815175,75150,9630
NIFTY,22-Jun-2017,29-Jun-2017,PE,9500,8,18.05,6.55,15.2,17.25,15.2,230696,1645440.14,1731.14,5539050,-322275,9630
NIFTY,22-Jun-2017,29-Jun-2017,PE,9550,11.6,26.6,9.15,22.35,24.6,22.35,76112,545976.97,824.77,882150,-203175,9630
NIFTY,22-Jun-2017,29-Jun-2017,PE,9600,24,41.95,14.15,35.95,39.5,35.95,402958,2908443.11,7145.51,5429775,-1106550,9630
NIFTY,22-Jun-2017,29-Jun-2017,PE,9650,30.05,63.4,22,55.55,58.85,55.55,107800,783119.82,2917.32,1313850,-112650,9630
NIFTY,22-Jun-2017,29-Jun-2017,PE,9700,50.65,99,39.5,86.65,90,86.65,245158,1794338.4,10813.95,2798400,-76650,9630
NIFTY,22-Jun-2017,29-Jun-2017,PE,9750,93.15,136.75,63.5,120.65,124.25,120.65,6762,49881.42,434.3,95700,33975,9630
NIFTY,22-Jun-2017,29-Jun-2017,PE,9800,120.7,185,96.25,167.95,171,167.95,29836,222089.04,2794.44,451200,-45075,9630
NIFTY,22-Jun-2017,29-Jun-2017,PE,9850,175.4,222,141.7,213.9,211.45,213.9,67,503.66,8.7,9000,-1200,9630
NIFTY,22-Jun-2017,29-Jun-2017,PE,9900,225.1,273.8,183,256.4,265.95,256.4,1696,12868.45,275.65,210750,4800,9630
NIFTY,22-Jun-2017,29-Jun-2017,PE,9950,0,0,0,645.9,0,307.8,0,0,0,0,0,9630
NIFTY,22-Jun-2017,29-Jun-2017,PE,10000,321.7,377.75,282.2,361.55,366,361.55,2896,22397.29,677.29,591075,-137925,9630
NIFTY,22-Jun-2017,29-Jun-2017,PE,10050,342.35,367.95,320,320,320,320,5,38.99,1.3,300,75,9630
NIFTY,22-Jun-2017,29-Jun-2017,PE,10100,416,469.3,384.45,464.4,468.65,464.4,409,3222.19,124.01,18225,-3375,9630
NIFTY,22-Jun-2017,29-Jun-2017,PE,10150,450.05,450.05,428.2,428.2,428.2,428.2,2,15.88,.66,75,-75,9630
NIFTY,22-Jun-2017,29-Jun-2017,PE,10200,477.65,572.45,477.2,562.7,550.2,562.7,293,2348.8,107.35,15600,14925,9630
NIFTY,23-Jun-2017,29-Jun-2017,PE,8900,1.2,1.35,0.9,1,0.9,1,3597,24013.04,3.07,716775,-28500,9574.95
NIFTY,23-Jun-2017,29-Jun-2017,PE,8950,0.65,0.65,0.65,0.65,0.65,0.65,1,6.71,0,5775,-75,9574.95
NIFTY,23-Jun-2017,29-Jun-2017,PE,9000,1.35,1.6,1,1.15,1,1.15,39963,269789.29,39.04,3503025,63075,9574.95
NIFTY,23-Jun-2017,29-Jun-2017,PE,9050,1.55,1.55,1.3,1.3,1.3,1.3,2,13.58,0,15600,75,9574.95
NIFTY,23-Jun-2017,29-Jun-2017,PE,9100,1.5,1.95,1.2,1.4,1.3,1.4,19998,136509.8,23.45,1565400,-16350,9574.95
NIFTY,23-Jun-2017,29-Jun-2017,PE,9150,1.8,2.35,1.35,1.65,1.55,1.65,1137,7804.19,1.52,63675,13875,9574.95
NIFTY,23-Jun-2017,29-Jun-2017,PE,9200,2.3,2.95,1.7,2,1.8,2,39051,269515.32,63.42,3106825,318225,9574.95
NIFTY,23-Jun-2017,29-Jun-2017,PE,9250,2.75,3.7,1.95,2.55,2.35,2.55,6510,45175.86,12.74,210075,52050,9574.95
NIFTY,23-Jun-2017,29-Jun-2017,PE,9300,4.4,5.4,2.8,3.45,3,3.45,80876,564341.92,231.82,3489525,18975,9574.95
NIFTY,23-Jun-2017,29-Jun-2017,PE,9350,4.65,7.4,3.6,4.6,4,4.6,12113,84989.53,47.11,282975,43050,9574.95
NIFTY,23-Jun-2017,29-Jun-2017,PE,9400,7.9,10.95,5.55,7.1,6.25,7.1,189533,1337295.48,1087.83,3199650,-1237275,9574.95
NIFTY,23-Jun-2017,29-Jun-2017,PE,9450,10.05,16,7.8,10.4,9.25,10.4,52354,371495.24,436.26,1161450,346275,9574.95
NIFTY,23-Jun-2017,29-Jun-2017,PE,9500,16,24.9,12.95,18.4,16.5,18.4,315974,2255570.52,4255.77,5819400,280350,9574.95
NIFTY,23-Jun-2017,29-Jun-2017,PE,9550,27,37.8,19.35,29.6,26.85,29.6,111593,801635.14,2350.27,1138050,255900,9574.95
NIFTY,23-Jun-2017,29-Jun-2017,PE,9600,33,60,31,48.7,45.5,48.7,392063,2836232.87,13379.27,4910100,-519675,9574.95
NIFTY,23-Jun-2017,29-Jun-2017,PE,9650,53.55,90,49.55,76.75,73.65,76.75,53610,390828.75,2826.37,1109325,-204525,9574.95
NIFTY,23-Jun-2017,29-Jun-2017,PE,9700,80.85,133,80.85,118.4,114.9,118.4,118055,868435.65,9585.53,2088525,-709875,9574.95
NIFTY,23-Jun-2017,29-Jun-2017,PE,9750,120.2,174.25,120,159.65,156.65,159.65,2787,20689.77,309.84,82875,-12825,9574.95
NIFTY,23-Jun-2017,29-Jun-2017,PE,9800,165.05,223.7,162.6,206.75,203.95,206.75,8578,64290.78,1242.48,372075,-79125,9574.95
NIFTY,23-Jun-2017,29-Jun-2017,PE,9850,245,251,240.65,245,245,245,6,45.43,1.1,9000,0,9574.95
NIFTY,23-Jun-2017,29-Jun-2017,PE,9900,260.05,318,260.05,304,303,304,976,7460.96,214.16,200550,-10200,9574.95
NIFTY,23-Jun-2017,29-Jun-2017,PE,9950,0,0,0,645.9,0,364.5,0,0,0,0,0,9574.95
NIFTY,23-Jun-2017,29-Jun-2017,PE,10000,369.65,418.45,360.75,404.45,403.2,404.45,1591,12406.55,474.05,510150,-80925,9574.95
NIFTY,23-Jun-2017,29-Jun-2017,PE,10050,0,0,0,320,320,464.4,0,0,0,300,0,9574.95
NIFTY,23-Jun-2017,29-Jun-2017,PE,10100,472.05,522.25,469.95,510.05,511.4,510.05,108,858.55,40.45,15450,-2775,9574.95
NIFTY,23-Jun-2017,29-Jun-2017,PE,10150,0,0,0,428.2,428.2,564.3,0,0,0,75,0,9574.95
NIFTY,23-Jun-2017,29-Jun-2017,PE,10200,588.7,600.65,588.7,600.65,600.65,600.65,3,24.28,1.33,15600,0,9574.95
NIFTY,27-Jun-2017,29-Jun-2017,PE,8900,0.6,1.05,0.5,0.75,0.7,0.75,7788,51989.31,4.41,708075,-8700,9511.4
NIFTY,27-Jun-2017,29-Jun-2017,PE,8950,0.05,0.05,0.05,0.05,0.05,0.05,1,6.71,0,5850,75,9511.4
NIFTY,27-Jun-2017,29-Jun-2017,PE,9000,0.8,1.3,0.55,0.9,0.8,0.9,37517,253266.15,26.4,3408975,-94050,9511.4
NIFTY,27-Jun-2017,29-Jun-2017,PE,9050,0.6,1.15,0.6,0.95,0.9,0.95,57,386.93,.04,17925,2325,9511.4
NIFTY,27-Jun-2017,29-Jun-2017,PE,9100,0.9,1.6,0.6,1,1,1,34497,235471,28.97,1383150,-182250,9511.4
NIFTY,27-Jun-2017,29-Jun-2017,PE,9150,0.7,1.95,0.7,1,0.95,1,1506,10336.37,1.44,77325,13650,9511.4
NIFTY,27-Jun-2017,29-Jun-2017,PE,9200,1.45,2.85,0.9,1.4,1.5,1.4,56892,392634.62,79.82,3006475,-100350,9511.4
NIFTY,27-Jun-2017,29-Jun-2017,PE,9250,1.75,3.85,1.15,2.05,2.35,2.05,9630,66826.48,18.35,268725,58650,9511.4
NIFTY,27-Jun-2017,29-Jun-2017,PE,9300,2.55,6.2,1.5,2.95,2.9,2.95,140626,981296.24,429.89,3199425,-290100,9511.4
NIFTY,27-Jun-2017,29-Jun-2017,PE,9350,3.3,9.95,1.95,4.3,3.5,4.3,42562,298665.17,199.14,424200,141225,9511.4
NIFTY,27-Jun-2017,29-Jun-2017,PE,9400,4.95,16.85,3.05,7.85,7.8,7.85,332525,2346959.93,2658.68,3500850,301200,9511.4
NIFTY,27-Jun-2017,29-Jun-2017,PE,9450,5,29.55,4.4,15,14.75,15,156826,1113645.15,2140.87,999225,-162225,9511.4
NIFTY,27-Jun-2017,29-Jun-2017,PE,9500,11.55,51.15,8.25,29.3,29.8,29.3,559746,4001632.45,13442.2,5133450,-685950,9511.4
NIFTY,27-Jun-2017,29-Jun-2017,PE,9550,19.75,82.1,15.25,53.45,54.3,53.45,127634,918906,4727.48,742800,-395250,9511.4
NIFTY,27-Jun-2017,29-Jun-2017,PE,9600,34.1,123.55,28.55,92.15,91.6,92.15,315920,2293031.61,18407.61,2851425,-2058675,9511.4
NIFTY,27-Jun-2017,29-Jun-2017,PE,9650,60.1,169.5,54.25,138.05,134.15,138.05,32536,238199.53,2720.23,297750,-811575,9511.4
NIFTY,27-Jun-2017,29-Jun-2017,PE,9700,107.9,219.75,93.25,186.15,186.25,186.15,55704,411824.51,6577.91,1404150,-684375,9511.4
NIFTY,27-Jun-2017,29-Jun-2017,PE,9750,140.7,260.05,134.25,230.55,226.2,230.55,916,6850.57,152.32,61125,-21750,9511.4
NIFTY,27-Jun-2017,29-Jun-2017,PE,9800,184.95,317.8,181.25,283.25,280.4,283.25,4940,37265.87,956.87,213600,-158475,9511.4
NIFTY,27-Jun-2017,29-Jun-2017,PE,9850,245,330,245,325,325,325,3,22.84,.68,9000,0,9511.4
NIFTY,27-Jun-2017,29-Jun-2017,PE,9900,284.45,413,277.4,384.85,375.15,384.85,466,3591.85,131.8,194475,-6075,9511.4
NIFTY,27-Jun-2017,29-Jun-2017,PE,9950,0,0,0,645.9,0,435.1,0,0,0,0,0,9511.4
NIFTY,27-Jun-2017,29-Jun-2017,PE,10000,388.05,513.9,379,479.95,480,479.95,3083,24190.79,1068.29,344400,-165750,9511.4
NIFTY,27-Jun-2017,29-Jun-2017,PE,10050,505,505,505,505,505,505,1,7.92,.38,300,0,9511.4
NIFTY,27-Jun-2017,29-Jun-2017,PE,10100,488.5,595.9,488.5,583.6,583.6,583.6,57,456.27,24.5,14925,-525,9511.4
NIFTY,27-Jun-2017,29-Jun-2017,PE,10150,0,0,0,428.2,428.2,635,0,0,0,75,0,9511.4
NIFTY,27-Jun-2017,29-Jun-2017,PE,10200,588.5,676,587.55,676,676,676,6,48.61,2.71,15300,-300,9511.4
NIFTY,28-Jun-2017,29-Jun-2017,PE,8900,0.6,0.6,0.3,0.4,0.3,0.4,3251,21701.47,1.04,711000,2925,9491.25
NIFTY,28-Jun-2017,29-Jun-2017,PE,8950,0,0,0,0.05,0.05,0,0,0,0,5850,0,9491.25
NIFTY,28-Jun-2017,29-Jun-2017,PE,9000,0.85,0.9,0.3,0.4,0.4,0.4,29682,200363.97,10.47,3160650,-248325,9491.25
NIFTY,28-Jun-2017,29-Jun-2017,PE,9050,0.5,0.55,0.45,0.55,0.45,0.55,53,359.76,.02,17775,-150,9491.25
NIFTY,28-Jun-2017,29-Jun-2017,PE,9100,0.55,0.95,0.35,0.45,0.45,0.45,23418,159837.27,9.42,1288050,-95100,9491.25
NIFTY,28-Jun-2017,29-Jun-2017,PE,9150,1.15,1.15,0.25,0.5,0.5,0.5,975,6691.37,.43,64650,-12675,9491.25
NIFTY,28-Jun-2017,29-Jun-2017,PE,9200,1.2,1.7,0.45,0.65,0.6,0.65,59544,410886.41,32.81,2963725,-42750,9491.25
NIFTY,28-Jun-2017,29-Jun-2017,PE,9250,2.3,2.75,0.6,1.05,0.85,1.05,17026,118132.14,14.26,473700,204975,9491.25
NIFTY,28-Jun-2017,29-Jun-2017,PE,9300,4.4,4.4,0.9,1.55,1.4,1.55,140178,977917.91,176.36,3543850,344425,9491.25
NIFTY,28-Jun-2017,29-Jun-2017,PE,9350,5.6,6.25,1.9,2.75,2,2.75,68889,483253.51,169.4,577875,153675,9491.25
NIFTY,28-Jun-2017,29-Jun-2017,PE,9400,8.15,11.85,3.95,6.2,4.3,6.2,409414,2888565.92,2197.22,4186500,685650,9491.25
NIFTY,28-Jun-2017,29-Jun-2017,PE,9450,15.9,22.3,8.05,13,9.25,13,232606,1651183.64,2588.61,1571775,572550,9491.25
NIFTY,28-Jun-2017,29-Jun-2017,PE,9500,28.05,44.9,21.3,30.85,24.25,30.85,538307,3848543.53,13106.15,4192425,-941025,9491.25
NIFTY,28-Jun-2017,29-Jun-2017,PE,9550,49.4,80,45.8,59.05,53,59.05,45601,328693.22,2076.06,624000,-118800,9491.25
NIFTY,28-Jun-2017,29-Jun-2017,PE,9600,99.05,126.8,82.6,104.1,95.95,104.1,117660,856200.01,9048.01,2195550,-655875,9491.25
NIFTY,28-Jun-2017,29-Jun-2017,PE,9650,145.15,172.75,128.25,152.55,142,152.55,3995,29361.22,447.41,194475,-103275,9491.25
NIFTY,28-Jun-2017,29-Jun-2017,PE,9700,194.9,227,176.35,203.7,197,203.7,12112,89923.5,1808.7,1233300,-170850,9491.25
NIFTY,28-Jun-2017,29-Jun-2017,PE,9750,250.65,269.95,223.1,245.45,241.05,245.45,420,3148.11,76.86,49875,-11250,9491.25
NIFTY,28-Jun-2017,29-Jun-2017,PE,9800,305.35,322.5,274.7,299,290.1,299,2259,17104.53,500.88,124575,-89025,9491.25
NIFTY,28-Jun-2017,29-Jun-2017,PE,9850,351.7,351.7,351.7,351.7,351.7,351.7,1,7.65,.26,9000,0,9491.25
NIFTY,28-Jun-2017,29-Jun-2017,PE,9900,403.85,420.2,375,400.3,390.35,400.3,1599,12352.97,480.4,145650,-48825,9491.25
NIFTY,28-Jun-2017,29-Jun-2017,PE,9950,0,0,0,645.9,0,457,0,0,0,0,0,9491.25
NIFTY,28-Jun-2017,29-Jun-2017,PE,10000,510.45,517.6,475.55,504.75,489,504.75,1153,9075.85,428.35,302625,-41775,9491.25
NIFTY,28-Jun-2017,29-Jun-2017,PE,10050,0,0,0,505,505,557,0,0,0,300,0,9491.25
NIFTY,28-Jun-2017,29-Jun-2017,PE,10100,603.3,609.9,574.95,600.75,600.75,600.75,50,400.79,22.04,11325,-3600,9491.25
NIFTY,28-Jun-2017,29-Jun-2017,PE,10150,0,0,0,428.2,428.2,656.95,0,0,0,75,0,9491.25
NIFTY,28-Jun-2017,29-Jun-2017,PE,10200,704,704,679,686.75,686.75,686.75,7,57.16,3.61,15150,-150,9491.25
NIFTY,29-Jun-2017,29-Jun-2017,PE,8900,0.05,0.15,0.05,0.05,0.05,0,5009,33435.32,.25,685575,-25425,9504.1
NIFTY,29-Jun-2017,29-Jun-2017,PE,8950,0.1,0.2,0.05,0.1,0.1,0,42,281.93,0,5625,-225,9504.1
NIFTY,29-Jun-2017,29-Jun-2017,PE,9000,0.1,0.3,0.05,0.05,0.05,0,25529,172322.41,1.66,3083100,-77550,9504.1
NIFTY,29-Jun-2017,29-Jun-2017,PE,9050,0.1,0.15,0.05,0.1,0.05,0,106,719.48,.01,17700,-75,9504.1
NIFTY,29-Jun-2017,29-Jun-2017,PE,9100,0.05,0.2,0.05,0.1,0.05,0,9969,68039.04,.61,1307700,19650,9504.1
NIFTY,29-Jun-2017,29-Jun-2017,PE,9150,0.05,0.3,0.05,0.1,0.05,0,444,3046.98,.03,64950,300,9504.1
NIFTY,29-Jun-2017,29-Jun-2017,PE,9200,0.3,0.3,0.05,0.1,0.05,0,22139,152760.7,1.6,2997100,33375,9504.1
NIFTY,29-Jun-2017,29-Jun-2017,PE,9250,0.25,0.4,0.05,0.1,0.05,0,8679,60211.25,.69,231450,-242250,9504.1
NIFTY,29-Jun-2017,29-Jun-2017,PE,9300,0.05,0.6,0.05,0.1,0.05,0,78053,544429.87,10.2,2935000,-608850,9504.1
NIFTY,29-Jun-2017,29-Jun-2017,PE,9350,0.8,0.9,0.05,0.1,0.05,0,49107,344372.92,10.08,636900,59025,9504.1
NIFTY,29-Jun-2017,29-Jun-2017,PE,9400,2.95,2.95,0.05,0.1,0.05,0,310444,2188791.02,160.82,3794700,-391800,9504.1
NIFTY,29-Jun-2017,29-Jun-2017,PE,9450,3.6,6.85,0.05,0.15,0.05,0,390007,2764660.2,485.59,1726350,154575,9504.1
NIFTY,29-Jun-2017,29-Jun-2017,PE,9500,12.75,19.8,0.05,1.95,0.05,0,1141702,8139517.7,4890.95,4031175,-161250,9504.1
NIFTY,29-Jun-2017,29-Jun-2017,PE,9550,34.7,53.95,5,35.3,43,0,529293,3799204.39,8143.28,129150,-494850,9504.1
NIFTY,29-Jun-2017,29-Jun-2017,PE,9600,87.9,98.75,21.05,85.1,91.3,0,317772,2301135.61,13177.21,737025,-1458525,9504.1
NIFTY,29-Jun-2017,29-Jun-2017,PE,9650,120.15,147.1,61.05,134.1,133,0,8232,60207.49,628.39,26475,-168000,9504.1
NIFTY,29-Jun-2017,29-Jun-2017,PE,9700,173.15,195.95,114,179.45,185.55,0,33589,248360.09,4000.11,300900,-932400,9504.1
NIFTY,29-Jun-2017,29-Jun-2017,PE,9750,211.05,245,165,241.15,243,0,974,7279.91,157.53,11025,-38850,9504.1
NIFTY,29-Jun-2017,29-Jun-2017,PE,9800,267.45,291.55,211.45,280.25,286.45,0,3772,28452.56,728.36,54225,-70350,9504.1
NIFTY,29-Jun-2017,29-Jun-2017,PE,9850,290.05,353.35,278.55,333.85,345.65,0,210,1599.65,48.28,1125,-7875,9504.1
NIFTY,29-Jun-2017,29-Jun-2017,PE,9900,368.2,388.3,312.4,382.85,382.65,0,1345,10346.25,359.63,92025,-53625,9504.1
NIFTY,29-Jun-2017,29-Jun-2017,PE,9950,0,0,0,645.9,0,0,0,0,0,0,0,9504.1
NIFTY,29-Jun-2017,29-Jun-2017,PE,10000,473.2,490,409.15,479.75,484,0,5033,39442.72,1695.22,41400,-261225,9504.1
NIFTY,29-Jun-2017,29-Jun-2017,PE,10050,531.1,531.1,531.1,531.1,531.1,0,1,7.94,.4,225,-75,9504.1
NIFTY,29-Jun-2017,29-Jun-2017,PE,10100,565,596,520.3,594.25,595.85,0,109,872.88,47.21,10800,-525,9504.1
NIFTY,29-Jun-2017,29-Jun-2017,PE,10150,0,0,0,428.2,428.2,0,0,0,0,75,0,9504.1
NIFTY,29-Jun-2017,29-Jun-2017,PE,10200,658.05,675,639.8,675,675,0,203,1650.75,97.8,375,-14775,9504.1
