NIFTY,26-Oct-2017,30-Nov-2017,PE,10650,0,0,0,639.95,0,300.5,0,0,0,0,0,10343.8
NIFTY,26-Oct-2017,30-Nov-2017,PE,10700,390.75,394.1,345.65,355.3,357.8,355.3,1397,11595.62,384.69,104550,23775,10343.8
NIFTY,26-Oct-2017,30-Nov-2017,PE,10750,0,0,0,721.65,0,378.65,0,0,0,0,0,10343.8
NIFTY,26-Oct-2017,30-Nov-2017,PE,10800,518.25,518.3,436.9,442.45,448.55,442.45,222,1874.19,75.99,16125,11925,10343.8
NIFTY,26-Oct-2017,30-Nov-2017,PE,10850,0,0,0,806.65,0,463.45,0,0,0,0,0,10343.8
NIFTY,26-Oct-2017,30-Nov-2017,PE,10900,548.95,565,530.35,530.8,530.35,530.8,56,480.89,23.09,4200,4125,10343.8
NIFTY,26-Oct-2017,30-Nov-2017,PE,10950,0,0,0,894.45,0,553.3,0,0,0,0,0,10343.8
NIFTY,26-Oct-2017,30-Nov-2017,PE,11000,678.75,680.8,619.9,627.5,633,627.5,6782,59245.66,3294.16,945300,362850,10343.8
NIFTY,26-Oct-2017,30-Nov-2017,PE,9850,37.2,37.25,23.35,28.4,29,28.4,172,1274.43,3.78,9225,2025,10343.8
NIFTY,26-Oct-2017,30-Nov-2017,PE,9900,39.65,49.2,31.35,32.8,32.05,32.8,39681,295662.41,1030.99,2126475,725475,10343.8
NIFTY,26-Oct-2017,30-Nov-2017,PE,9950,48,48.95,36.8,37.9,40.85,37.9,380,2847.39,11.64,23550,11100,10343.8
NIFTY,26-Oct-2017,30-Nov-2017,PE,10000,55.05,58.45,44,45.7,46,45.7,64593,486778.52,2331.02,4404300,1159650,10343.8
NIFTY,26-Oct-2017,30-Nov-2017,PE,10050,67.9,67.9,50.7,52.8,53.65,52.8,589,4464.4,24.81,58125,5025,10343.8
NIFTY,26-Oct-2017,30-Nov-2017,PE,10100,73.8,76.85,59.2,61.55,62.5,61.55,48269,367996.87,2359.19,2382675,653475,10343.8
NIFTY,26-Oct-2017,30-Nov-2017,PE,10150,86.1,87.55,69.1,70.7,77.65,70.7,1305,10007.34,73.03,98325,35625,10343.8
NIFTY,26-Oct-2017,30-Nov-2017,PE,10200,97.35,103,81.7,85.55,86,85.55,71053,548376.77,4821.32,3056400,891750,10343.8
NIFTY,26-Oct-2017,30-Nov-2017,PE,10250,119.9,124.95,95.4,100.15,100.05,100.15,4957,38507.19,400.25,307725,165525,10343.8
NIFTY,26-Oct-2017,30-Nov-2017,PE,10300,143.85,143.85,111.35,116.05,118,116.05,58007,453429.69,5325.62,2229975,1081275,10343.8
NIFTY,26-Oct-2017,30-Nov-2017,PE,10350,160,160,130.05,134.65,138.4,134.65,1748,13754.78,185.93,69600,48825,10343.8
NIFTY,26-Oct-2017,30-Nov-2017,PE,10400,186.65,190.15,149.75,155.35,157.35,155.35,15528,123047.42,1929.02,648900,195225,10343.8
NIFTY,26-Oct-2017,30-Nov-2017,PE,10450,0,0,0,488.35,0,170.65,0,0,0,0,0,10343.8
NIFTY,26-Oct-2017,30-Nov-2017,PE,10500,246.2,248.35,202.1,208.55,211.8,208.55,16666,134037.83,2793.08,920775,501300,10343.8
NIFTY,26-Oct-2017,30-Nov-2017,PE,10550,0,0,0,562,0,230.8,0,0,0,0,0,10343.8
NIFTY,26-Oct-2017,30-Nov-2017,PE,10600,304.6,317,269.05,274.75,276.05,274.75,1672,13647.41,355.01,117300,40500,10343.8
NIFTY,26-Oct-2017,30-Nov-2017,PE,9600,16.7,17.45,12,12.75,12.6,12.75,12890,92936.51,128.51,1317300,267900,10343.8
NIFTY,26-Oct-2017,30-Nov-2017,PE,9650,0,0,0,97.5,0,2.3,0,0,0,0,0,10343.8
NIFTY,26-Oct-2017,30-Nov-2017,PE,9700,25,25,16.55,17.6,17.7,17.6,14180,103358.5,199,1424925,110100,10343.8
NIFTY,26-Oct-2017,30-Nov-2017,PE,9750,0,0,0,125.85,0,4.95,0,0,0,0,0,10343.8
NIFTY,26-Oct-2017,30-Nov-2017,PE,9800,30,31,22.75,24.15,23.7,24.15,23628,174110.56,444.76,1731675,136800,10343.8
NIFTY,27-Oct-2017,30-Nov-2017,PE,10650,0,0,0,639.95,0,312.65,0,0,0,0,0,10323.05
NIFTY,27-Oct-2017,30-Nov-2017,PE,10700,356,362.8,324.2,356.1,350.8,356.1,1618,13402.63,418.18,113100,8550,10323.05
NIFTY,27-Oct-2017,30-Nov-2017,PE,10750,0,0,0,721.65,0,393.35,0,0,0,0,0,10323.05
NIFTY,27-Oct-2017,30-Nov-2017,PE,10800,430,451.9,420,449.1,450.25,449.1,120,1011.07,39.07,17100,975,10323.05
NIFTY,27-Oct-2017,30-Nov-2017,PE,10850,0,0,0,806.65,0,480.45,0,0,0,0,0,10323.05
NIFTY,27-Oct-2017,30-Nov-2017,PE,10900,539.8,545,506.75,536.2,535,536.2,41,351.28,16.1,5550,1350,10323.05
NIFTY,27-Oct-2017,30-Nov-2017,PE,10950,0,0,0,894.45,0,572.1,0,0,0,0,0,10323.05
NIFTY,27-Oct-2017,30-Nov-2017,PE,11000,618,641.65,602,632.5,632,632.5,1509,13156.54,707.29,932700,-12600,10323.05
NIFTY,27-Oct-2017,30-Nov-2017,PE,9850,25.9,28.85,22,25.4,22,25.4,534,3955.44,10.52,14475,5250,10323.05
NIFTY,27-Oct-2017,30-Nov-2017,PE,9900,31.6,33.4,26.7,29.85,29.35,29.85,27805,207077.25,625.13,2316300,189825,10323.05
NIFTY,27-Oct-2017,30-Nov-2017,PE,9950,35.9,39.55,31.75,35.55,35.8,35.55,1814,13585.58,48.61,56700,33150,10323.05
NIFTY,27-Oct-2017,30-Nov-2017,PE,10000,44.4,46.95,38,42.4,41.7,42.4,61811,465541.98,1959.48,4645125,240825,10323.05
NIFTY,27-Oct-2017,30-Nov-2017,PE,10050,49.3,54.05,44.5,50.45,45.7,50.45,1838,13922.5,68.57,91275,33150,10323.05
NIFTY,27-Oct-2017,30-Nov-2017,PE,10100,55.45,64,52.5,58.95,58,58.95,53583,408227.32,2336.09,2428725,46050,10323.05
NIFTY,27-Oct-2017,30-Nov-2017,PE,10150,63.6,77.35,62.4,69.95,70,69.95,2183,16731.6,113.52,121125,22800,10323.05
NIFTY,27-Oct-2017,30-Nov-2017,PE,10200,80.35,87.9,73.25,82.25,82,82.25,87739,676524.27,5320.92,3470100,413700,10323.05
NIFTY,27-Oct-2017,30-Nov-2017,PE,10250,95.4,102.85,86.15,97.3,96.05,97.3,5188,40257.04,374.29,310875,3150,10323.05
NIFTY,27-Oct-2017,30-Nov-2017,PE,10300,112.05,120.2,100.1,113.55,113,113.55,102938,803799.78,8603.73,2923800,693825,10323.05
NIFTY,27-Oct-2017,30-Nov-2017,PE,10350,140,140,118.3,133.35,129.4,133.35,6321,49685.98,619.22,167100,97500,10323.05
NIFTY,27-Oct-2017,30-Nov-2017,PE,10400,153.55,161.5,136.55,154.6,152.35,154.6,32503,257205.52,3682.12,824475,175575,10323.05
NIFTY,27-Oct-2017,30-Nov-2017,PE,10450,174.55,186.95,167,179,182.9,179,389,3100.21,51.42,12600,12600,10323.05
NIFTY,27-Oct-2017,30-Nov-2017,PE,10500,200.15,217,183.6,207.05,205.1,207.05,11657,93544.81,1745.94,1058100,137325,10323.05
NIFTY,27-Oct-2017,30-Nov-2017,PE,10550,0,0,0,562,0,240,0,0,0,0,0,10323.05
NIFTY,27-Oct-2017,30-Nov-2017,PE,10600,267.05,284,247.45,273.05,272,273.05,2445,19929.17,491.42,173625,56325,10323.05
NIFTY,27-Oct-2017,30-Nov-2017,PE,9600,11.25,12.65,10,11.35,11.1,11.35,14842,106987.19,124.79,1398750,81450,10323.05
NIFTY,27-Oct-2017,30-Nov-2017,PE,9650,0,0,0,97.5,0,2.05,0,0,0,0,0,10323.05
NIFTY,27-Oct-2017,30-Nov-2017,PE,9700,18,18,13.9,15.45,15.45,15.45,14827,108040.46,174.03,1582950,158025,10323.05
NIFTY,27-Oct-2017,30-Nov-2017,PE,9750,0,0,0,125.85,0,4.55,0,0,0,0,0,10323.05
NIFTY,27-Oct-2017,30-Nov-2017,PE,9800,21.9,24.25,19.3,21.55,21.15,21.55,26676,196502.16,433.56,2206800,475125,10323.05
NIFTY,30-Oct-2017,30-Nov-2017,PE,10650,0,0,0,639.95,0,279.65,0,0,0,0,0,10363.65
NIFTY,30-Oct-2017,30-Nov-2017,PE,10700,335,338.05,317.8,328.4,323.65,328.4,1944,16081.79,481.19,164775,51675,10363.65
NIFTY,30-Oct-2017,30-Nov-2017,PE,10750,0,0,0,721.65,0,358.65,0,0,0,0,0,10363.65
NIFTY,30-Oct-2017,30-Nov-2017,PE,10800,429.75,429.75,386.3,407.3,414.25,407.3,630,5297.41,194.41,37350,20250,10363.65
NIFTY,30-Oct-2017,30-Nov-2017,PE,10850,0,0,0,806.65,0,445.05,0,0,0,0,0,10363.65
NIFTY,30-Oct-2017,30-Nov-2017,PE,10900,505,505.65,505,505.65,505.65,505.65,3,25.66,1.14,5775,225,10363.65
NIFTY,30-Oct-2017,30-Nov-2017,PE,10950,0,0,0,894.45,0,536.55,0,0,0,0,0,10363.65
NIFTY,30-Oct-2017,30-Nov-2017,PE,11000,612,616.5,590,603,602,603,638,5552.58,289.08,937200,4500,10363.65
NIFTY,30-Oct-2017,30-Nov-2017,PE,9850,23.25,24.65,19,22.95,19,22.95,413,3058.02,6.98,13725,-750,10363.65
NIFTY,30-Oct-2017,30-Nov-2017,PE,9900,26.3,28.55,24.05,27.25,26.8,27.25,37488,279100.53,752.13,2283375,-32925,10363.65
NIFTY,30-Oct-2017,30-Nov-2017,PE,9950,32.7,34.15,28.65,31.9,31.15,31.9,957,7164.08,22.46,69225,12525,10363.65
NIFTY,30-Oct-2017,30-Nov-2017,PE,10000,39.75,40,34.2,38.1,37,38.1,50263,378388.85,1416.35,4898625,253500,10363.65
NIFTY,30-Oct-2017,30-Nov-2017,PE,10050,45.7,46.95,40.5,44.55,43.55,44.55,1353,10242.94,44.71,113625,22350,10363.65
NIFTY,30-Oct-2017,30-Nov-2017,PE,10100,45.5,55.6,45.5,52.15,50.85,52.15,54988,418674.12,2140.02,3317475,888750,10363.65
NIFTY,30-Oct-2017,30-Nov-2017,PE,10150,64.95,65.45,57.1,62.15,60.75,62.15,1969,15079.87,90.86,135825,14700,10363.65
NIFTY,30-Oct-2017,30-Nov-2017,PE,10200,76,78,67.6,73.3,71.8,73.3,66121,509453.75,3628.1,3828600,358500,10363.65
NIFTY,30-Oct-2017,30-Nov-2017,PE,10250,89.5,92.8,80.5,86.45,85.05,86.45,4295,33296.85,279.03,324750,13875,10363.65
NIFTY,30-Oct-2017,30-Nov-2017,PE,10300,105,109.2,94.3,101.45,99.5,101.45,88601,691189.26,6746.53,3499425,575625,10363.65
NIFTY,30-Oct-2017,30-Nov-2017,PE,10350,131,131.1,111.1,118.65,116.95,118.65,5674,44551.28,506.86,236925,69825,10363.65
NIFTY,30-Oct-2017,30-Nov-2017,PE,10400,143.95,148.6,129.95,138.35,136,138.35,43571,344382.06,4528.26,1376400,551925,10363.65
NIFTY,30-Oct-2017,30-Nov-2017,PE,10450,172.95,173,151.3,160.65,155.1,160.65,658,5238.34,81.26,14100,1500,10363.65
NIFTY,30-Oct-2017,30-Nov-2017,PE,10500,193.95,199.35,177.45,187.35,185.75,187.35,15581,124904.08,2203.71,1084500,26400,10363.65
NIFTY,30-Oct-2017,30-Nov-2017,PE,10550,211,215,211,215,215,215,2,16.14,.32,150,150,10363.65
NIFTY,30-Oct-2017,30-Nov-2017,PE,10600,258.75,266.95,240,251,248,251,4657,37908.23,885.08,255225,81600,10363.65
NIFTY,30-Oct-2017,30-Nov-2017,PE,9600,10.9,10.95,8.95,10,9.85,10,4998,36023.21,37.61,1408725,9975,10363.65
NIFTY,30-Oct-2017,30-Nov-2017,PE,9650,0,0,0,97.5,0,0.95,0,0,0,0,0,10363.65
NIFTY,30-Oct-2017,30-Nov-2017,PE,9700,13.55,14.8,12.2,13.95,13.7,13.95,11039,80422.85,114.12,1598925,15975,10363.65
NIFTY,30-Oct-2017,30-Nov-2017,PE,9750,0,0,0,125.85,0,2.4,0,0,0,0,0,10363.65
NIFTY,30-Oct-2017,30-Nov-2017,PE,9800,19.5,20.55,17.2,19.5,19.45,19.5,15166,111688.28,218.18,2173350,-33450,10363.65
NIFTY,31-Oct-2017,30-Nov-2017,PE,10650,0,0,0,639.95,0,299.2,0,0,0,0,0,10335.3
NIFTY,31-Oct-2017,30-Nov-2017,PE,10700,335.85,360.7,333.05,345.25,344.85,345.25,288,2385.54,74.34,163350,-1425,10335.3
NIFTY,31-Oct-2017,30-Nov-2017,PE,10750,0,0,0,721.65,0,382,0,0,0,0,0,10335.3
NIFTY,31-Oct-2017,30-Nov-2017,PE,10800,426,449,422,431.75,429.45,431.75,238,2005.05,77.25,39525,2175,10335.3
NIFTY,31-Oct-2017,30-Nov-2017,PE,10850,499.5,499.5,499.5,499.5,499.5,499.5,1,8.51,.37,75,75,10335.3
NIFTY,31-Oct-2017,30-Nov-2017,PE,10900,538.75,538.75,520.5,520.5,520.5,520.5,3,25.71,1.18,5850,75,10335.3
NIFTY,31-Oct-2017,30-Nov-2017,PE,10950,0,0,0,894.45,0,564.8,0,0,0,0,0,10335.3
NIFTY,31-Oct-2017,30-Nov-2017,PE,11000,610,640.9,608.5,620.95,620,620.95,975,8497.77,454.02,924225,-12975,10335.3
NIFTY,31-Oct-2017,30-Nov-2017,PE,9850,24.95,25.55,22.6,23.7,23.65,23.7,423,3132.49,7.58,15825,2100,10335.3
NIFTY,31-Oct-2017,30-Nov-2017,PE,9900,25,30.4,25,28.3,27.65,28.3,21233,158112.54,457.52,2184150,-99225,10335.3
NIFTY,31-Oct-2017,30-Nov-2017,PE,9950,31.95,36.35,31.65,33.25,33,33.25,814,6095.23,20.76,78450,9225,10335.3
NIFTY,31-Oct-2017,30-Nov-2017,PE,10000,37,42.35,37,39.65,39.25,39.65,44131,332312.01,1329.51,5059050,160425,10335.3
NIFTY,31-Oct-2017,30-Nov-2017,PE,10050,46,49.45,44.1,46.5,45.5,46.5,810,6133.84,28.47,113550,-75,10335.3
NIFTY,31-Oct-2017,30-Nov-2017,PE,10100,53.2,58.2,52,54.75,54.05,54.75,43859,334050.67,1818.74,3499350,181875,10335.3
NIFTY,31-Oct-2017,30-Nov-2017,PE,10150,60.2,69.1,60.2,65.4,64.3,65.4,1040,7968.41,51.41,142425,6600,10335.3
NIFTY,31-Oct-2017,30-Nov-2017,PE,10200,73.3,81.95,70,77.4,77,77.4,65487,504793.76,3818.21,4190700,362100,10335.3
NIFTY,31-Oct-2017,30-Nov-2017,PE,10250,88.55,96.55,86.35,91.45,89.7,91.45,3502,27162.48,240.86,335025,10275,10335.3
NIFTY,31-Oct-2017,30-Nov-2017,PE,10300,102.25,113.65,101.2,106.85,104.95,106.85,86900,678308.12,7005.62,3656925,157500,10335.3
NIFTY,31-Oct-2017,30-Nov-2017,PE,10350,121.25,132.75,118.7,125.25,122,125.25,7199,56561.32,679.08,253350,16425,10335.3
NIFTY,31-Oct-2017,30-Nov-2017,PE,10400,136.3,154.8,135.1,146.1,143.85,146.1,42590,336884.32,4682.32,1532925,156525,10335.3
NIFTY,31-Oct-2017,30-Nov-2017,PE,10450,165.3,179.45,161.95,170.4,168.85,170.4,824,6562.9,104.8,9975,-4125,10335.3
NIFTY,31-Oct-2017,30-Nov-2017,PE,10500,184.7,209.8,184.1,197.6,196,197.6,14455,115982.61,2149.49,997050,-87450,10335.3
NIFTY,31-Oct-2017,30-Nov-2017,PE,10550,225,226,225,225,225,225,3,24.24,.51,300,150,10335.3
NIFTY,31-Oct-2017,30-Nov-2017,PE,10600,255.95,279.35,254,265.4,262.95,265.4,2082,16967.21,415.31,236100,-19125,10335.3
NIFTY,31-Oct-2017,30-Nov-2017,PE,9600,9.95,11,9.55,10.75,10.55,10.75,15797,113863.73,125.33,1633350,224625,10335.3
NIFTY,31-Oct-2017,30-Nov-2017,PE,9650,0,0,0,97.5,0,0.9,0,0,0,0,0,10335.3
NIFTY,31-Oct-2017,30-Nov-2017,PE,9700,13.2,15.3,13.2,14.6,14.2,14.6,12410,90417.81,135.06,1694850,95925,10335.3
NIFTY,31-Oct-2017,30-Nov-2017,PE,9750,0,0,0,125.85,0,2.35,0,0,0,0,0,10335.3
NIFTY,31-Oct-2017,30-Nov-2017,PE,9800,18.55,21.5,18.55,20.25,20,20.25,16106,118625.23,246.13,2286825,113475,10335.3
NIFTY,01-Nov-2017,30-Nov-2017,PE,10750,0,0,0,721.65,0,301.55,0,0,0,0,0,10440.5
NIFTY,01-Nov-2017,30-Nov-2017,PE,10800,390.95,390.95,300.35,326.35,338.85,326.35,862,7200.49,218.29,44775,5250,10440.5
NIFTY,01-Nov-2017,30-Nov-2017,PE,10850,0,0,0,499.5,499.5,382.85,0,0,0,75,0,10440.5
NIFTY,01-Nov-2017,30-Nov-2017,PE,10900,473.65,473.65,412.05,419.6,413.15,419.6,69,586.36,22.29,4650,-1200,10440.5
NIFTY,01-Nov-2017,30-Nov-2017,PE,10950,0,0,0,894.45,0,470.65,0,0,0,0,0,10440.5
NIFTY,01-Nov-2017,30-Nov-2017,PE,11000,588.7,588.7,505,515.95,520.35,515.95,1939,16772.38,775.63,931650,7425,10440.5
NIFTY,01-Nov-2017,30-Nov-2017,PE,10350,106.05,108.05,77.6,82.45,84,82.45,9093,71182.45,598.04,319875,66525,10440.5
NIFTY,01-Nov-2017,30-Nov-2017,PE,10400,125.4,129.65,92.05,96.75,98.55,96.75,119608,942113.71,9171.31,2659500,1126575,10440.5
NIFTY,01-Nov-2017,30-Nov-2017,PE,10450,146.6,146.9,109.75,115.15,119.55,115.15,7764,61551.55,701.2,133425,123450,10440.5
NIFTY,01-Nov-2017,30-Nov-2017,PE,10500,168.2,172.55,129,135.5,137,135.5,49041,391439.83,5241.96,1213200,216150,10440.5
NIFTY,01-Nov-2017,30-Nov-2017,PE,10550,187.95,187.95,156,159.2,161,159.2,141,1133.05,17.39,5175,4875,10440.5
NIFTY,01-Nov-2017,30-Nov-2017,PE,10600,235.25,235.25,178.7,187.7,191,187.7,11948,96768.18,1781.58,520050,283950,10440.5
NIFTY,01-Nov-2017,30-Nov-2017,PE,10650,240,240,240,240,240,240,2,16.34,.36,150,150,10440.5
NIFTY,01-Nov-2017,30-Nov-2017,PE,10700,306.3,306.35,247.15,256.1,260.1,256.1,6359,52322.92,1291.95,362925,199575,10440.5
NIFTY,01-Nov-2017,30-Nov-2017,PE,10000,36.15,36.15,24.5,26.7,27.25,26.7,76773,577381.17,1583.67,5251950,192900,10440.5
NIFTY,01-Nov-2017,30-Nov-2017,PE,10050,39.25,39.25,28.2,31.05,31.85,31.05,2500,18903.92,60.17,101625,-11925,10440.5
NIFTY,01-Nov-2017,30-Nov-2017,PE,10100,45.25,48.05,33,35.6,36.65,35.6,78296,595263.87,2171.67,3831000,331650,10440.5
NIFTY,01-Nov-2017,30-Nov-2017,PE,10150,55,55,39,42.05,43,42.05,3940,30125.65,132.4,159225,16800,10440.5
NIFTY,01-Nov-2017,30-Nov-2017,PE,10200,63,65.45,46.25,49.85,50.6,49.85,99971,768736.51,3958.36,4763550,572850,10440.5
NIFTY,01-Nov-2017,30-Nov-2017,PE,10250,80,82,54.8,58.9,61,58.9,4577,35400.55,214.86,354000,18975,10440.5
NIFTY,01-Nov-2017,30-Nov-2017,PE,10300,93.05,93.05,64.35,68.8,70.5,68.8,134667,1047721.63,7419.05,4173975,517050,10440.5
NIFTY,01-Nov-2017,30-Nov-2017,PE,9650,0,0,0,97.5,0,0.55,0,0,0,0,0,10440.5
NIFTY,01-Nov-2017,30-Nov-2017,PE,9700,12,12.5,9.45,10.15,10.6,10.15,14948,108863.73,117.03,1667700,-27150,10440.5
NIFTY,01-Nov-2017,30-Nov-2017,PE,9750,0,0,0,125.85,0,1.35,0,0,0,0,0,10440.5
NIFTY,01-Nov-2017,30-Nov-2017,PE,9800,16.05,17.55,12.75,13.8,14.65,13.8,24419,179740.6,260.95,2140950,-145875,10440.5
NIFTY,01-Nov-2017,30-Nov-2017,PE,9850,20,21,14.35,16.55,17,16.55,949,7022.31,11.57,22650,6825,10440.5
NIFTY,01-Nov-2017,30-Nov-2017,PE,9900,21.8,24.35,18,19.25,20.05,19.25,32122,238985.04,479.19,2108550,-75600,10440.5
NIFTY,01-Nov-2017,30-Nov-2017,PE,9950,30,37.65,5.65,22.65,21.7,22.65,1565,11705.28,26.46,88575,10125,10440.5
NIFTY,01-Nov-2017,30-Nov-2017,PE,9600,7.9,10,7,7.45,7.65,7.45,18527,133502.33,107.93,1473450,-159900,10440.5
NIFTY,02-Nov-2017,30-Nov-2017,PE,10750,0,0,0,721.65,0,311.6,0,0,0,0,0,10423.8
NIFTY,02-Nov-2017,30-Nov-2017,PE,10800,354,372.25,337.85,350.55,354.55,350.55,293,2450.42,77.12,43725,-1050,10423.8
NIFTY,02-Nov-2017,30-Nov-2017,PE,10850,0,0,0,499.5,499.5,395.35,0,0,0,75,0,10423.8
NIFTY,02-Nov-2017,30-Nov-2017,PE,10900,443,453.3,427,439.15,439.15,439.15,5,42.53,1.65,4650,0,10423.8
NIFTY,02-Nov-2017,30-Nov-2017,PE,10950,0,0,0,894.45,0,485.2,0,0,0,0,0,10423.8
NIFTY,02-Nov-2017,30-Nov-2017,PE,11000,540.75,559.1,523.15,538.05,540,538.05,760,6574.71,304.71,944325,12675,10423.8
NIFTY,02-Nov-2017,30-Nov-2017,PE,10400,96.05,107.65,90.1,97.6,97,97.6,96089,756640.29,7146.09,2889450,229950,10423.8
NIFTY,02-Nov-2017,30-Nov-2017,PE,10450,125.6,127.8,109.7,116.15,116.5,116.15,7735,61304.36,681.3,226200,92775,10423.8
NIFTY,02-Nov-2017,30-Nov-2017,PE,10500,144.9,152.95,130.45,138.8,139.8,138.8,39821,317764.13,4173.76,1261575,48375,10423.8
NIFTY,02-Nov-2017,30-Nov-2017,PE,10550,170.15,175.25,153.2,164.65,166,164.65,225,1808.01,27.7,10950,5775,10423.8
NIFTY,02-Nov-2017,30-Nov-2017,PE,10600,200,210.55,183.1,194.95,195.8,194.95,7917,64092.93,1152.78,628725,108675,10423.8
NIFTY,02-Nov-2017,30-Nov-2017,PE,10650,0,0,0,240,240,236,0,0,0,150,0,10423.8
NIFTY,02-Nov-2017,30-Nov-2017,PE,10700,276.4,288,255,267.2,269.15,267.2,4419,36344.57,882.09,244875,-118050,10423.8
NIFTY,02-Nov-2017,30-Nov-2017,PE,10000,26.95,28.55,23.75,25.35,25.3,25.35,43109,324165.47,847.97,5337600,85650,10423.8
NIFTY,02-Nov-2017,30-Nov-2017,PE,10050,31.1,33.3,28,29.25,29,29.25,1855,14024.5,42.44,110250,8625,10423.8
NIFTY,02-Nov-2017,30-Nov-2017,PE,10100,39.5,39.55,31.5,33.85,33.3,33.85,37016,281369.55,973.35,3842025,11025,10423.8
NIFTY,02-Nov-2017,30-Nov-2017,PE,10150,45.55,48,37.7,40.25,38.55,40.25,2920,22319.77,91.27,184875,25650,10423.8
NIFTY,02-Nov-2017,30-Nov-2017,PE,10200,54.5,54.5,45,48.15,47.5,48.15,64811,498210.86,2406.71,5114775,351225,10423.8
NIFTY,02-Nov-2017,30-Nov-2017,PE,10250,64.45,64.45,53.55,57.2,56.5,57.2,4654,35985.56,207.93,380925,26925,10423.8
NIFTY,02-Nov-2017,30-Nov-2017,PE,10300,78,79.25,63.25,67.75,67.35,67.75,78443,610061.98,4089.81,4421175,247200,10423.8
NIFTY,02-Nov-2017,30-Nov-2017,PE,10350,89.05,90.25,76.8,81.3,81,81.3,6450,50471.47,403.34,322500,2625,10423.8
NIFTY,02-Nov-2017,30-Nov-2017,PE,9650,0,0,0,97.5,0,0.4,0,0,0,0,0,10423.8
NIFTY,02-Nov-2017,30-Nov-2017,PE,9700,10.1,10.8,8.85,9.7,9.4,9.7,12833,93454.69,94.62,1613925,-53775,10423.8
NIFTY,02-Nov-2017,30-Nov-2017,PE,9750,0,0,0,125.85,0,1.15,0,0,0,0,0,10423.8
NIFTY,02-Nov-2017,30-Nov-2017,PE,9800,14,14.8,8.45,13.1,12.9,13.1,12646,93077.56,129.46,1913925,-227025,10423.8
NIFTY,02-Nov-2017,30-Nov-2017,PE,9850,13.5,19.55,13.5,15.6,15.4,15.6,568,4203,6.9,23100,450,10423.8
NIFTY,02-Nov-2017,30-Nov-2017,PE,9900,18.95,20.55,17.2,18.4,18,18.4,20601,153258.22,295.8,2141700,33150,10423.8
NIFTY,02-Nov-2017,30-Nov-2017,PE,9950,23.45,24.2,20.65,21.45,21.25,21.45,788,5893.81,13.36,87150,-1425,10423.8
NIFTY,02-Nov-2017,30-Nov-2017,PE,9600,7.05,8.6,6.7,7.1,7.3,7.1,5951,42879.85,32.65,1452825,-20625,10423.8
NIFTY,03-Nov-2017,30-Nov-2017,PE,10750,0,0,0,721.65,0,286.55,0,0,0,0,0,10452.5
NIFTY,03-Nov-2017,30-Nov-2017,PE,10800,337,374.95,316.15,322.35,323.35,322.35,253,2113.72,64.42,44250,525,10452.5
NIFTY,03-Nov-2017,30-Nov-2017,PE,10850,0,0,0,499.5,499.5,369.2,0,0,0,75,0,10452.5
NIFTY,03-Nov-2017,30-Nov-2017,PE,10900,434,473.15,409.95,414.25,414.7,414.25,76,645.79,24.49,5025,375,10452.5
NIFTY,03-Nov-2017,30-Nov-2017,PE,10950,0,0,0,894.45,0,458.5,0,0,0,0,0,10452.5
NIFTY,03-Nov-2017,30-Nov-2017,PE,11000,527.75,563.3,501.95,507.05,502.7,507.05,1074,9283.66,423.16,947400,3075,10452.5
NIFTY,03-Nov-2017,30-Nov-2017,PE,10400,93.95,109.85,79.9,84.05,82.45,84.05,117526,924838.16,8135.36,3438375,548925,10452.5
NIFTY,03-Nov-2017,30-Nov-2017,PE,10450,92.15,131,92.15,100.55,99.9,100.55,10679,84581.46,884.8,392775,166575,10452.5
NIFTY,03-Nov-2017,30-Nov-2017,PE,10500,125.8,155,115.45,119.8,118.55,119.8,47981,382570.55,4720.17,1402950,141375,10452.5
NIFTY,03-Nov-2017,30-Nov-2017,PE,10550,156.25,177.45,133,142.2,133,142.2,956,7674.31,109.96,27375,16425,10452.5
NIFTY,03-Nov-2017,30-Nov-2017,PE,10600,185.05,214.6,164.35,168.4,168.55,168.4,9008,72862.88,1249.28,635250,6525,10452.5
NIFTY,03-Nov-2017,30-Nov-2017,PE,10650,210.8,213.45,202.45,204.05,202.45,204.05,22,179.11,3.39,975,825,10452.5
NIFTY,03-Nov-2017,30-Nov-2017,PE,10700,256.7,290,233.1,239.6,236,239.6,3428,28191.5,681.8,229050,-15825,10452.5
NIFTY,03-Nov-2017,30-Nov-2017,PE,10050,26.4,33.35,25.05,26.9,25.5,26.9,1540,11640.23,32.48,125625,15375,10452.5
NIFTY,03-Nov-2017,30-Nov-2017,PE,10100,30.4,38.75,27.9,30.75,30.8,30.75,39290,298580.34,958.59,3840225,-1800,10452.5
NIFTY,03-Nov-2017,30-Nov-2017,PE,10150,35.75,45.9,34,36.15,35.75,36.15,2547,19461.18,72.15,170325,-14550,10452.5
NIFTY,03-Nov-2017,30-Nov-2017,PE,10200,41.95,55.1,40,42.6,41.95,42.6,71358,548331.75,2443.05,5257425,142650,10452.5
NIFTY,03-Nov-2017,30-Nov-2017,PE,10250,52.85,65.25,47.5,50,49.95,50,2813,21739.34,114.41,406050,25125,10452.5
NIFTY,03-Nov-2017,30-Nov-2017,PE,10300,67,77.95,55.75,58.8,58,58.8,81639,634614.12,3952.84,4674750,253575,10452.5
NIFTY,03-Nov-2017,30-Nov-2017,PE,10350,65.45,92,65.45,70.45,69.75,70.45,6257,48935.87,365.91,368925,46425,10452.5
NIFTY,03-Nov-2017,30-Nov-2017,PE,9700,8.55,10.5,8.5,9.45,9.5,9.45,9707,70686.58,68.15,1657875,43950,10452.5
NIFTY,03-Nov-2017,30-Nov-2017,PE,9750,4.2,4.2,4.2,4.2,4.2,4.2,1,7.32,0,75,75,10452.5
NIFTY,03-Nov-2017,30-Nov-2017,PE,9800,11.3,14.75,11.25,12.7,12.75,12.7,12006,88359.21,115.11,1920750,6825,10452.5
NIFTY,03-Nov-2017,30-Nov-2017,PE,9850,16.95,20,9.45,14.8,14.05,14.8,567,4195.22,6.51,23475,375,10452.5
NIFTY,03-Nov-2017,30-Nov-2017,PE,9900,16.6,20.6,16.1,17.3,17.2,17.3,14951,111210.1,198.93,2223675,81975,10452.5
NIFTY,03-Nov-2017,30-Nov-2017,PE,9950,19.35,35,18.85,20.25,22.4,20.25,1248,9332.73,19.53,92400,5250,10452.5
NIFTY,03-Nov-2017,30-Nov-2017,PE,10000,24.7,28.7,22,23.7,23.45,23.7,53301,400727.53,970.03,6222000,884400,10452.5
NIFTY,03-Nov-2017,30-Nov-2017,PE,9600,6.25,7.8,6.15,7.1,7.05,7.1,6432,46344.12,33.72,1492725,39900,10452.5
NIFTY,03-Nov-2017,30-Nov-2017,PE,9650,0,0,0,97.5,0,0.2,0,0,0,0,0,10452.5
NIFTY,06-Nov-2017,30-Nov-2017,PE,10750,0,0,0,721.65,0,283.9,0,0,0,0,0,10451.8
NIFTY,06-Nov-2017,30-Nov-2017,PE,10800,334.1,361.8,281.6,328.2,326.5,328.2,891,7431.53,214.43,53550,9300,10451.8
NIFTY,06-Nov-2017,30-Nov-2017,PE,10850,0,0,0,499.5,499.5,369.2,0,0,0,75,0,10451.8
NIFTY,06-Nov-2017,30-Nov-2017,PE,10900,442,450.9,373.9,410.5,416.6,410.5,120,1017.2,36.2,6900,1875,10451.8
NIFTY,06-Nov-2017,30-Nov-2017,PE,10950,0,0,0,894.45,0,460.75,0,0,0,0,0,10451.8
NIFTY,06-Nov-2017,30-Nov-2017,PE,11000,545.45,550,463.9,507.5,512.95,507.5,945,8152.52,356.27,960675,13275,10451.8
NIFTY,06-Nov-2017,30-Nov-2017,PE,10400,94.75,100.35,70.5,85.75,90.5,85.75,150897,1186607.83,9611.23,3657150,218775,10451.8
NIFTY,06-Nov-2017,30-Nov-2017,PE,10450,115,119.5,84.4,101.85,107.35,101.85,15145,119833.16,1134.22,293550,-99225,10451.8
NIFTY,06-Nov-2017,30-Nov-2017,PE,10500,126,143,101,121.35,127.95,121.35,77126,614277.86,6910.61,1640400,237450,10451.8
NIFTY,06-Nov-2017,30-Nov-2017,PE,10550,157.95,169.05,120.55,143.5,149.45,143.5,1941,15556.07,197.9,43125,15750,10451.8
NIFTY,06-Nov-2017,30-Nov-2017,PE,10600,175.95,200.7,144.6,169.9,178.9,169.9,11264,90952.1,1403.3,741675,106425,10451.8
NIFTY,06-Nov-2017,30-Nov-2017,PE,10650,219.9,230.85,185,205,205,205,10,81.45,1.58,975,0,10451.8
NIFTY,06-Nov-2017,30-Nov-2017,PE,10700,243.1,276,206.85,237.85,248.85,237.85,5618,46085.77,1001.32,397125,168075,10451.8
NIFTY,06-Nov-2017,30-Nov-2017,PE,10050,29.4,31.35,22.7,28.05,29.35,28.05,1574,11895.61,31.58,124950,-675,10451.8
NIFTY,06-Nov-2017,30-Nov-2017,PE,10100,34.1,36,26.05,32.15,33.3,32.15,36036,273807.9,835.2,3741750,-98475,10451.8
NIFTY,06-Nov-2017,30-Nov-2017,PE,10150,40,42.25,30.95,38.05,39.25,38.05,3616,27626.22,99.42,156225,-14100,10451.8
NIFTY,06-Nov-2017,30-Nov-2017,PE,10200,48.95,50.15,36.05,44.5,46.9,44.5,77192,593015.24,2496.44,5363850,106425,10451.8
NIFTY,06-Nov-2017,30-Nov-2017,PE,10250,58.25,59.3,42.15,51.3,54,51.3,5874,45380.46,224.09,412200,6150,10451.8
NIFTY,06-Nov-2017,30-Nov-2017,PE,10300,54.1,70,49.25,61.1,64,61.1,113636,882876.98,5038.88,4870800,196050,10451.8
NIFTY,06-Nov-2017,30-Nov-2017,PE,10350,75.65,83.65,59.15,71.9,75.95,71.9,7287,56952.19,386.85,364500,-4425,10451.8
NIFTY,06-Nov-2017,30-Nov-2017,PE,9700,10.2,10.75,8.35,10,10.2,10,11290,82215.97,81.22,1700250,42375,10451.8
NIFTY,06-Nov-2017,30-Nov-2017,PE,9750,0,0,0,4.2,4.2,0.3,0,0,0,75,0,10451.8
NIFTY,06-Nov-2017,30-Nov-2017,PE,9800,13.75,15.35,10.9,13.35,13.55,13.35,13065,96149.42,121.67,1809075,-111675,10451.8
NIFTY,06-Nov-2017,30-Nov-2017,PE,9850,15.55,17.05,12.05,15.45,16,15.45,562,4157.95,6.18,23475,0,10451.8
NIFTY,06-Nov-2017,30-Nov-2017,PE,9900,20.2,20.2,15.1,18.2,18.95,18.2,18449,137225.06,241.23,2215800,-7875,10451.8
NIFTY,06-Nov-2017,30-Nov-2017,PE,9950,22.6,23.4,15,21.3,21.95,21.3,1705,12750.13,26.56,96975,4575,10451.8
NIFTY,06-Nov-2017,30-Nov-2017,PE,10000,26,27.35,20.3,24.6,25.5,24.6,47581,357696.38,838.88,6254175,32175,10451.8
NIFTY,06-Nov-2017,30-Nov-2017,PE,9600,7.65,8.25,6.6,7.7,8,7.7,9188,66204.06,50.46,1597800,105075,10451.8
NIFTY,06-Nov-2017,30-Nov-2017,PE,9650,0,0,0,97.5,0,0.1,0,0,0,0,0,10451.8
NIFTY,07-Nov-2017,30-Nov-2017,PE,10750,0,0,0,721.65,0,374.25,0,0,0,0,0,10350.15
NIFTY,07-Nov-2017,30-Nov-2017,PE,10800,305.05,414.55,297,391.5,390.1,391.5,1185,9918.69,320.19,51450,-2100,10350.15
NIFTY,07-Nov-2017,30-Nov-2017,PE,10850,0,0,0,499.5,499.5,465.45,0,0,0,75,0,10350.15
NIFTY,07-Nov-2017,30-Nov-2017,PE,10900,396.25,507.95,393.5,485.95,484.75,485.95,196,1669.16,66.86,11850,4950,10350.15
NIFTY,07-Nov-2017,30-Nov-2017,PE,10950,0,0,0,894.45,0,560.6,0,0,0,0,0,10350.15
NIFTY,07-Nov-2017,30-Nov-2017,PE,11000,488.85,607.45,482,578.15,579.35,578.15,1849,16031.63,777.38,996075,35400,10350.15
NIFTY,07-Nov-2017,30-Nov-2017,PE,10400,76.05,124,75,113.55,114,113.55,211420,1665464.87,16388.87,3190275,-466875,10350.15
NIFTY,07-Nov-2017,30-Nov-2017,PE,10450,90,148,87.9,135.5,136.85,135.5,14715,116675.18,1346.37,262575,-30975,10350.15
NIFTY,07-Nov-2017,30-Nov-2017,PE,10500,112.45,176,105.3,162.25,162.65,162.25,98282,784540.29,10569.54,1407150,-233250,10350.15
NIFTY,07-Nov-2017,30-Nov-2017,PE,10550,132.8,205,130.05,192.1,190.8,192.1,2048,16454.73,249.93,34350,-8775,10350.15
NIFTY,07-Nov-2017,30-Nov-2017,PE,10600,157.7,242.55,153.8,225.2,222.7,225.2,17515,141877.94,2633.69,782775,41100,10350.15
NIFTY,07-Nov-2017,30-Nov-2017,PE,10650,200,280,200,280,280,280,16,130.68,2.88,1275,300,10350.15
NIFTY,07-Nov-2017,30-Nov-2017,PE,10700,222.55,325.9,220.3,304.35,306.15,304.35,4764,39199.98,968.88,306900,-90225,10350.15
NIFTY,07-Nov-2017,30-Nov-2017,PE,10050,25.45,38.85,25.25,34.35,34.95,34.35,3068,23200.73,75.68,125550,600,10350.15
NIFTY,07-Nov-2017,30-Nov-2017,PE,10100,28.1,45,28.1,40.35,40.9,40.35,78100,593851.68,2244.18,2935875,-805875,10350.15
NIFTY,07-Nov-2017,30-Nov-2017,PE,10150,33.3,52,33,47.35,47.7,47.35,4198,32099.48,142.21,138300,-17925,10350.15
NIFTY,07-Nov-2017,30-Nov-2017,PE,10200,43.6,61.9,39.15,56.35,57.3,56.35,157187,1208683.07,6202.52,5128875,-234975,10350.15
NIFTY,07-Nov-2017,30-Nov-2017,PE,10250,46,73.2,45.25,66.2,67.6,66.2,10610,82057.83,493.45,290100,-122100,10350.15
NIFTY,07-Nov-2017,30-Nov-2017,PE,10300,55,87.45,52.45,79.75,80.8,79.75,186174,1448475.06,10280.91,4240350,-630450,10350.15
NIFTY,07-Nov-2017,30-Nov-2017,PE,10350,65.05,103.55,63.1,95.25,96.5,95.25,13642,106812.35,916.32,315975,-48525,10350.15
NIFTY,07-Nov-2017,30-Nov-2017,PE,9650,0,0,0,97.5,0,0.4,0,0,0,0,0,10350.15
NIFTY,07-Nov-2017,30-Nov-2017,PE,9700,9.35,13.1,8.6,11.6,11.75,11.6,14169,103198.24,118.77,1666350,-33900,10350.15
NIFTY,07-Nov-2017,30-Nov-2017,PE,9750,0,0,0,4.2,4.2,1.2,0,0,0,75,0,10350.15
NIFTY,07-Nov-2017,30-Nov-2017,PE,9800,11.8,17.6,11.8,15.9,15.8,15.9,21852,160865.92,253.72,1642575,-166500,10350.15
NIFTY,07-Nov-2017,30-Nov-2017,PE,9850,15.9,20.35,14.15,18.5,15,18.5,734,5432.63,10.2,22800,-675,10350.15
NIFTY,07-Nov-2017,30-Nov-2017,PE,9900,17.2,24.3,15.9,21.95,22.2,21.95,28398,211304.78,449.63,2238900,23100,10350.15
NIFTY,07-Nov-2017,30-Nov-2017,PE,9950,19.45,28.65,19,25.6,26.1,25.6,2307,17258.33,42.35,102075,5100,10350.15
NIFTY,07-Nov-2017,30-Nov-2017,PE,10000,21.3,33.6,21,30.35,30.65,30.35,79550,598345.52,1720.52,5679675,-574500,10350.15
NIFTY,07-Nov-2017,30-Nov-2017,PE,9600,6.7,9.65,6.7,8.6,8.6,8.6,11733,84548.88,71.28,1524150,-73650,10350.15
NIFTY,08-Nov-2017,30-Nov-2017,PE,10750,0,0,0,721.65,0,416.6,0,0,0,0,0,10303.15
NIFTY,08-Nov-2017,30-Nov-2017,PE,10800,401,459.35,381.5,437,432.85,437,452,3802.78,141.58,37725,-13725,10303.15
NIFTY,08-Nov-2017,30-Nov-2017,PE,10850,0,0,0,499.5,499.5,510.7,0,0,0,75,0,10303.15
NIFTY,08-Nov-2017,30-Nov-2017,PE,10900,479.5,548.45,479.5,536.55,536.55,536.55,84,718.54,31.84,6900,-4950,10303.15
NIFTY,08-Nov-2017,30-Nov-2017,PE,10950,0,0,0,894.45,0,607.65,0,0,0,0,0,10303.15
NIFTY,08-Nov-2017,30-Nov-2017,PE,11000,580.1,654.95,574.95,632.4,623.95,632.4,1216,10589.86,557.86,1010100,14025,10303.15
NIFTY,08-Nov-2017,30-Nov-2017,PE,10400,98.15,145.75,98.15,133,128,133,134959,1065298.22,12618.02,2666025,-524250,10303.15
NIFTY,08-Nov-2017,30-Nov-2017,PE,10450,130,173,127.95,160.65,154.45,160.65,4519,35923.6,505.94,223725,-38850,10303.15
NIFTY,08-Nov-2017,30-Nov-2017,PE,10500,158.65,206.7,152.8,190.55,184,190.55,39578,316960.1,5283.35,1180650,-226500,10303.15
NIFTY,08-Nov-2017,30-Nov-2017,PE,10550,195.2,238.55,183.7,224.95,212.1,224.95,283,2283.6,44.36,34350,0,10303.15
NIFTY,08-Nov-2017,30-Nov-2017,PE,10600,222.5,281.35,214.55,263.2,255.75,263.2,9346,76027.77,1727.07,620025,-162750,10303.15
NIFTY,08-Nov-2017,30-Nov-2017,PE,10650,305,316.45,264.35,316.45,316.45,316.45,8,65.62,1.72,975,-300,10303.15
NIFTY,08-Nov-2017,30-Nov-2017,PE,10700,304.05,368,295,341.15,338.15,341.15,4023,33297.64,1013.06,259050,-47850,10303.15
NIFTY,08-Nov-2017,30-Nov-2017,PE,10000,29.4,34.95,26.65,32,30.1,32,72402,544696.08,1681.08,5534250,-145425,10303.15
NIFTY,08-Nov-2017,30-Nov-2017,PE,10050,34.75,40.05,30.55,36.8,34.5,36.8,2957,22367.87,79.49,151050,25500,10303.15
NIFTY,08-Nov-2017,30-Nov-2017,PE,10100,41.4,47.75,35.75,43.7,40.4,43.7,83304,633648.09,2620.29,3279825,343950,10303.15
NIFTY,08-Nov-2017,30-Nov-2017,PE,10150,45.4,56.8,43,52.05,48,52.05,4515,34539.34,168.91,163200,24900,10303.15
NIFTY,08-Nov-2017,30-Nov-2017,PE,10200,53.8,68.85,51.15,62.25,58.45,62.25,141903,1091892.04,6334.09,5064825,-64050,10303.15
NIFTY,08-Nov-2017,30-Nov-2017,PE,10250,67.6,82.4,61.35,75.45,71,75.45,10754,83258.29,586.91,276825,-13275,10303.15
NIFTY,08-Nov-2017,30-Nov-2017,PE,10300,78.25,100,73.95,91.2,86.5,91.2,169144,1317594.98,10957.58,4125975,-114375,10303.15
NIFTY,08-Nov-2017,30-Nov-2017,PE,10350,93,120.7,86.2,110,105.85,110,18740,146927.02,1457.77,325950,9975,10303.15
NIFTY,08-Nov-2017,30-Nov-2017,PE,9650,0,0,0,97.5,0,0.5,0,0,0,0,0,10303.15
NIFTY,08-Nov-2017,30-Nov-2017,PE,9700,11.75,12.95,10.2,11.75,11.25,11.75,14466,105365.42,125.27,1578150,-88200,10303.15
NIFTY,08-Nov-2017,30-Nov-2017,PE,9750,0,0,0,4.2,4.2,1.5,0,0,0,75,0,10303.15
NIFTY,08-Nov-2017,30-Nov-2017,PE,9800,15,17.8,13.75,16.4,15.35,16.4,19836,146031.44,236.84,1434000,-208575,10303.15
NIFTY,08-Nov-2017,30-Nov-2017,PE,9850,19.15,20.95,16.15,18.35,18.45,18.35,1028,7608.68,14.33,19575,-3225,10303.15
NIFTY,08-Nov-2017,30-Nov-2017,PE,9900,21.35,25,19.15,23.1,21.7,23.1,24286,180727.74,404.19,2195700,-43200,10303.15
NIFTY,08-Nov-2017,30-Nov-2017,PE,9950,26.4,29.4,22.5,27.25,26,27.25,1148,8589.7,22.75,108900,6825,10303.15
NIFTY,08-Nov-2017,30-Nov-2017,PE,9600,8.5,9.7,7.95,9,8.4,9,6839,49285.09,44.29,1490850,-33300,10303.15
NIFTY,09-Nov-2017,30-Nov-2017,PE,10750,0,0,0,721.65,0,410.8,0,0,0,0,0,10308.95
NIFTY,09-Nov-2017,30-Nov-2017,PE,10800,404,482.05,401.5,438.55,425,438.55,177,1491.25,57.55,37650,-75,10308.95
NIFTY,09-Nov-2017,30-Nov-2017,PE,10850,0,0,0,499.5,499.5,505.65,0,0,0,75,0,10308.95
NIFTY,09-Nov-2017,30-Nov-2017,PE,10900,564,564,555.9,555.9,555.9,555.9,2,17.19,.84,6750,-150,10308.95
NIFTY,09-Nov-2017,30-Nov-2017,PE,10950,0,0,0,894.45,0,603.1,0,0,0,0,0,10308.95
NIFTY,09-Nov-2017,30-Nov-2017,PE,11000,594.7,685,593.55,633.1,614.35,633.1,1461,12754.75,701.5,1003425,-6675,10308.95
NIFTY,09-Nov-2017,30-Nov-2017,PE,10400,105,159,105,123.6,114.35,123.6,101015,797820.58,9903.58,2430825,-235200,10308.95
NIFTY,09-Nov-2017,30-Nov-2017,PE,10450,142.65,188.25,131,152.9,142,152.9,2971,23633.92,348.71,217800,-5925,10308.95
NIFTY,09-Nov-2017,30-Nov-2017,PE,10500,154.7,225.2,154.55,183.05,170.2,183.05,25987,208301.59,3653.97,1136475,-44175,10308.95
NIFTY,09-Nov-2017,30-Nov-2017,PE,10550,195,262,190.1,213.45,209,213.45,389,3143.33,65.37,24975,-9375,10308.95
NIFTY,09-Nov-2017,30-Nov-2017,PE,10600,232.4,305,226.3,256.25,244,256.25,5023,40928.58,995.73,586500,-33525,10308.95
NIFTY,09-Nov-2017,30-Nov-2017,PE,10650,0,0,0,316.45,316.45,320.7,0,0,0,975,0,10308.95
NIFTY,09-Nov-2017,30-Nov-2017,PE,10700,310,392.15,304.35,340.8,328,340.8,1093,9053.36,282.04,264900,5850,10308.95
NIFTY,09-Nov-2017,30-Nov-2017,PE,10000,28.25,35,23,25.65,23.6,25.65,75990,571549.39,1624.39,5427150,-107100,10308.95
NIFTY,09-Nov-2017,30-Nov-2017,PE,10050,27.8,40.9,26.85,29.6,27,29.6,2412,18240.57,60.12,143775,-7275,10308.95
NIFTY,09-Nov-2017,30-Nov-2017,PE,10100,38.9,49.3,32.15,35.45,32.8,35.45,82137,624651.77,2463.99,3547350,267525,10308.95
NIFTY,09-Nov-2017,30-Nov-2017,PE,10150,39.95,59.6,38.05,43,40.8,43,5909,45200.06,217.8,164850,1650,10308.95
NIFTY,09-Nov-2017,30-Nov-2017,PE,10200,50,73.25,40.05,53.6,49.25,53.6,145998,1123454.19,6569.49,5496750,431925,10308.95
NIFTY,09-Nov-2017,30-Nov-2017,PE,10250,60,88.85,57.55,66.45,61.3,66.45,14723,113998.46,815.4,341625,64800,10308.95
NIFTY,09-Nov-2017,30-Nov-2017,PE,10300,79.5,108,69.8,81.3,76.4,81.3,195508,1523291.33,12992.03,4246050,120075,10308.95
NIFTY,09-Nov-2017,30-Nov-2017,PE,10350,83.65,131.05,83.65,102.3,94.1,102.3,14952,117259.11,1194.21,329925,3975,10308.95
NIFTY,09-Nov-2017,30-Nov-2017,PE,9700,10.15,12.45,7.6,8.85,7.75,8.85,14228,103616.39,107.69,1515525,-62625,10308.95
NIFTY,09-Nov-2017,30-Nov-2017,PE,9750,5.95,12.45,5.95,11.8,11.8,11.8,16,117.12,.12,600,525,10308.95
NIFTY,09-Nov-2017,30-Nov-2017,PE,9800,14,16.95,10.6,12.2,10.8,12.2,18444,135753.15,189.75,1402800,-31200,10308.95
NIFTY,09-Nov-2017,30-Nov-2017,PE,9850,15.25,20.1,13.15,14.4,13.15,14.4,1000,7399.9,12.4,26700,7125,10308.95
NIFTY,09-Nov-2017,30-Nov-2017,PE,9900,19.7,24.3,16,17.75,16.2,17.75,31037,230909.63,459.91,2146200,-49500,10308.95
NIFTY,09-Nov-2017,30-Nov-2017,PE,9950,21,29,18.2,21.7,18.2,21.7,1811,13546.46,31.87,128850,19950,10308.95
NIFTY,09-Nov-2017,30-Nov-2017,PE,9600,7.8,8.9,5.6,6.65,5.8,6.65,11982,86337.74,67.34,1516275,25425,10308.95
NIFTY,09-Nov-2017,30-Nov-2017,PE,9650,0,0,0,97.5,0,0.3,0,0,0,0,0,10308.95
NIFTY,10-Nov-2017,30-Nov-2017,PE,10700,367.55,410.15,325.65,371.05,351.8,371.05,1007,8360.41,279.24,276375,11475,10321.75
NIFTY,10-Nov-2017,30-Nov-2017,PE,10750,0,0,0,721.65,0,398.8,0,0,0,0,0,10321.75
NIFTY,10-Nov-2017,30-Nov-2017,PE,10800,463.7,503.75,417.2,446.15,443.65,446.15,81,684.17,28.07,37125,-525,10321.75
NIFTY,10-Nov-2017,30-Nov-2017,PE,10850,499.65,499.65,499.65,499.65,499.65,499.65,1,8.51,.37,0,-75,10321.75
NIFTY,10-Nov-2017,30-Nov-2017,PE,10900,549.15,610,544.45,584.7,550.7,584.7,30,258.59,13.34,6375,-375,10321.75
NIFTY,10-Nov-2017,30-Nov-2017,PE,10950,0,0,0,894.45,0,591.9,0,0,0,0,0,10321.75
NIFTY,10-Nov-2017,30-Nov-2017,PE,11000,657.7,705.25,616,646.6,641.65,646.6,1543,13490.67,760.92,1018950,15525,10321.75
NIFTY,10-Nov-2017,30-Nov-2017,PE,10350,111.45,140,91.85,112.7,107.55,112.7,15473,121439.28,1330.11,297300,-32625,10321.75
NIFTY,10-Nov-2017,30-Nov-2017,PE,10400,136,169.9,112,138.65,131.8,138.65,89223,705330.68,9391.28,2104275,-326550,10321.75
NIFTY,10-Nov-2017,30-Nov-2017,PE,10450,164.9,201.1,138.4,163.3,156,163.3,1142,9094.2,143.78,204600,-13200,10321.75
NIFTY,10-Nov-2017,30-Nov-2017,PE,10500,197.7,239,167.6,200.25,190,200.25,18256,146552.42,2786.42,1112625,-23850,10321.75
NIFTY,10-Nov-2017,30-Nov-2017,PE,10550,253.55,276,220.1,240.95,237.25,240.95,71,574.28,12.49,22800,-2175,10321.75
NIFTY,10-Nov-2017,30-Nov-2017,PE,10600,278.2,321.5,240,286.05,266.75,286.05,4022,32825.22,850.32,555450,-31050,10321.75
NIFTY,10-Nov-2017,30-Nov-2017,PE,10650,341,349,341,349,349,349,2,16.49,.52,975,0,10321.75
NIFTY,10-Nov-2017,30-Nov-2017,PE,10050,33.85,40.4,24.85,30.55,30.75,30.55,3476,26286.6,86.25,121125,-22650,10321.75
NIFTY,10-Nov-2017,30-Nov-2017,PE,10100,41.7,49.8,30.45,39.5,37.2,39.5,102192,777176.09,3071.69,4055625,508275,10321.75
NIFTY,10-Nov-2017,30-Nov-2017,PE,10150,36.55,62,36.55,48.95,46.7,48.95,5311,40631.33,201.34,159900,-4950,10321.75
NIFTY,10-Nov-2017,30-Nov-2017,PE,10200,55,77.65,45.85,62.25,58.05,62.25,176777,1360649.73,8305.68,5618700,121950,10321.75
NIFTY,10-Nov-2017,30-Nov-2017,PE,10250,86.35,94.65,59.45,74.6,72.45,74.6,16571,128347.13,957.57,251400,-90225,10321.75
NIFTY,10-Nov-2017,30-Nov-2017,PE,10300,87.25,116.3,72.3,93.6,88,93.6,217960,1699138.76,15397.76,4909050,663000,10321.75
NIFTY,10-Nov-2017,30-Nov-2017,PE,9700,11,11,7.05,7.9,8,7.9,10274,74807.56,64.21,1569975,54450,10321.75
NIFTY,10-Nov-2017,30-Nov-2017,PE,9750,9,9,9,9,9,9,4,29.28,.03,900,300,10321.75
NIFTY,10-Nov-2017,30-Nov-2017,PE,9800,13.75,14.8,10,11.75,11.65,11.75,17629,129734.28,161.13,1370475,-32325,10321.75
NIFTY,10-Nov-2017,30-Nov-2017,PE,9850,16.6,19.5,12.2,15.75,19.5,15.75,1022,7561.78,11.76,36375,9675,10321.75
NIFTY,10-Nov-2017,30-Nov-2017,PE,9900,20,22.6,14.25,17.85,17.45,17.85,32422,241180.96,447.61,2214150,67950,10321.75
NIFTY,10-Nov-2017,30-Nov-2017,PE,9950,23.55,28,18,22,21.5,22,1974,14764.97,34,149175,20325,10321.75
NIFTY,10-Nov-2017,30-Nov-2017,PE,10000,26.2,33.85,21.4,26.95,26,26.95,77753,584747.63,1600.13,4981875,-445275,10321.75
NIFTY,10-Nov-2017,30-Nov-2017,PE,9600,6.7,7.2,5.25,5.7,5.75,5.7,9287,66908.76,42.36,1566600,50325,10321.75
NIFTY,10-Nov-2017,30-Nov-2017,PE,9650,0,0,0,97.5,0,0.15,0,0,0,0,0,10321.75
NIFTY,13-Nov-2017,30-Nov-2017,PE,10700,365.5,433.15,349.8,424.35,427.45,424.35,702,5846.77,213.22,266100,-10275,10224.95
NIFTY,13-Nov-2017,30-Nov-2017,PE,10750,0,0,0,721.65,0,496.1,0,0,0,0,0,10224.95
NIFTY,13-Nov-2017,30-Nov-2017,PE,10800,445,530.85,445,520.8,526,520.8,408,3460.61,155.81,39900,2775,10224.95
NIFTY,13-Nov-2017,30-Nov-2017,PE,10850,0,0,0,499.65,499.65,594.3,0,0,0,0,0,10224.95
NIFTY,13-Nov-2017,30-Nov-2017,PE,10900,596,622,576.35,615.95,622,615.95,6,51.72,2.67,6600,225,10224.95
NIFTY,13-Nov-2017,30-Nov-2017,PE,10950,0,0,0,894.45,0,693.45,0,0,0,0,0,10224.95
NIFTY,13-Nov-2017,30-Nov-2017,PE,11000,656.75,727,644.75,717.15,722,717.15,1058,9277.1,548.6,1027125,8175,10224.95
NIFTY,13-Nov-2017,30-Nov-2017,PE,10350,125.05,151.95,102.3,146.85,147,146.85,7602,59742.95,732.42,244350,-52950,10224.95
NIFTY,13-Nov-2017,30-Nov-2017,PE,10400,136.95,183,125.75,176.3,179,176.3,59054,467550.16,6928.96,1886475,-217800,10224.95
NIFTY,13-Nov-2017,30-Nov-2017,PE,10450,167.1,220,153.15,206.35,208,206.35,1137,9072.3,161.06,186600,-18000,10224.95
NIFTY,13-Nov-2017,30-Nov-2017,PE,10500,195.4,257.25,185.55,248.85,252.5,248.85,10775,86653.13,1800.01,1070250,-42375,10224.95
NIFTY,13-Nov-2017,30-Nov-2017,PE,10550,230.05,297.5,228.05,295.2,295,295.2,43,348.94,8.7,21900,-900,10224.95
NIFTY,13-Nov-2017,30-Nov-2017,PE,10600,274,342,263.85,332.75,336,332.75,2217,18135.94,510.79,513750,-41700,10224.95
NIFTY,13-Nov-2017,30-Nov-2017,PE,10650,339.4,349,339.4,349,349,349,2,16.49,.52,900,-75,10224.95
NIFTY,13-Nov-2017,30-Nov-2017,PE,10050,31.6,43,27.3,40.4,43,40.4,2062,15598.85,56.53,126825,5700,10224.95
NIFTY,13-Nov-2017,30-Nov-2017,PE,10100,36.1,53.9,33,51,51.5,51,94875,721885.13,3207,3492300,-563325,10224.95
NIFTY,13-Nov-2017,30-Nov-2017,PE,10150,46.85,66.55,42.1,63.6,64.75,63.6,4150,31770.25,178.38,193800,33900,10224.95
NIFTY,13-Nov-2017,30-Nov-2017,PE,10200,65,82.9,52.55,79.4,80.3,79.4,143658,1106571.6,7587.9,4914900,-703800,10224.95
NIFTY,13-Nov-2017,30-Nov-2017,PE,10250,70.8,102,66.45,98.1,99.25,98.1,14452,112042.97,943.22,262200,10800,10224.95
NIFTY,13-Nov-2017,30-Nov-2017,PE,10300,89.5,125,82.75,120.25,120.5,120.25,155233,1211475.55,12300.62,4551750,-357300,10224.95
NIFTY,13-Nov-2017,30-Nov-2017,PE,9650,0,0,0,97.5,0,0.45,0,0,0,0,0,10224.95
NIFTY,13-Nov-2017,30-Nov-2017,PE,9700,7.8,10,6.7,9.4,9.7,9.4,10776,78465.17,69.77,1542450,-27525,10224.95
NIFTY,13-Nov-2017,30-Nov-2017,PE,9750,8,11.5,7.05,10.8,11.5,10.8,12,87.84,.09,1425,525,10224.95
NIFTY,13-Nov-2017,30-Nov-2017,PE,9800,11.4,15.05,9,14.1,14.5,14.1,14363,105705.72,137.67,1358400,-12075,10224.95
NIFTY,13-Nov-2017,30-Nov-2017,PE,9850,12.15,18.5,12.05,17.55,17.65,17.55,448,3314.98,5.38,43050,6675,10224.95
NIFTY,13-Nov-2017,30-Nov-2017,PE,9900,17.2,22.95,14.7,21.8,22.25,21.8,31855,236986.75,463.37,2163825,-50325,10224.95
NIFTY,13-Nov-2017,30-Nov-2017,PE,9950,21.05,28.85,18.35,27.05,27.95,27.05,2526,18896.96,46.69,157050,7875,10224.95
NIFTY,13-Nov-2017,30-Nov-2017,PE,10000,26.1,35.95,22.4,33.65,34.85,33.65,68819,517675.38,1532.88,4669050,-312825,10224.95
NIFTY,13-Nov-2017,30-Nov-2017,PE,9600,5.55,6.65,4.9,6.2,6.45,6.2,6770,48773.73,29.73,1614675,48075,10224.95
NIFTY,14-Nov-2017,30-Nov-2017,PE,9600,6.1,6.2,4.65,5.25,5.25,5.25,12373,89134.63,49.03,1663200,48525,10186.6
NIFTY,14-Nov-2017,30-Nov-2017,PE,9650,0,0,0,97.5,0,0.45,0,0,0,0,0,10186.6
NIFTY,14-Nov-2017,30-Nov-2017,PE,9700,9.05,9.4,6.15,7.75,7.85,7.75,14289,104032.5,80.02,1522425,-20025,10186.6
NIFTY,14-Nov-2017,30-Nov-2017,PE,9750,11,11,6,9,10.55,9,19,139.07,.13,1800,375,10186.6
NIFTY,14-Nov-2017,30-Nov-2017,PE,9800,13.9,14.45,9.4,12.3,12.3,12.3,22389,164756.93,197.78,1515900,157500,10186.6
NIFTY,14-Nov-2017,30-Nov-2017,PE,9850,16.9,17.65,11.8,15.45,15.3,15.45,1313,9714.42,14.63,43050,0,10186.6
NIFTY,14-Nov-2017,30-Nov-2017,PE,9900,21.85,22.6,15.1,19.6,19.8,19.6,54527,405629.58,766.61,2110350,-53475,10186.6
NIFTY,14-Nov-2017,30-Nov-2017,PE,9950,26.05,28.15,19.1,25.2,25.4,25.2,4117,30797.85,74.74,198975,41925,10186.6
NIFTY,14-Nov-2017,30-Nov-2017,PE,10000,36,36,25.2,32.3,33,32.3,123834,931619.82,2864.82,4431750,-237300,10186.6
NIFTY,14-Nov-2017,30-Nov-2017,PE,10050,41.4,43.4,31.95,41.2,41.5,41.2,5715,43244.99,168.18,145275,18450,10186.6
NIFTY,14-Nov-2017,30-Nov-2017,PE,10100,51.95,55.65,40.8,52.65,53.65,52.65,139688,1063343.36,5206.76,3022725,-469575,10186.6
NIFTY,14-Nov-2017,30-Nov-2017,PE,10150,65.65,70.3,52.3,67.45,68.25,67.45,12904,98846.42,614.72,315300,121500,10186.6
NIFTY,14-Nov-2017,30-Nov-2017,PE,10200,83.95,89.85,67.25,85.35,86.35,85.35,193165,1489403.95,11691.7,4581375,-333525,10186.6
NIFTY,14-Nov-2017,30-Nov-2017,PE,10250,102.6,111.9,86.05,107.55,107.4,107.55,16718,129782.39,1262.76,399825,137625,10186.6
NIFTY,14-Nov-2017,30-Nov-2017,PE,10300,120,138,106.5,132.1,132.9,132.1,117185,916209.31,10955.18,3883950,-667800,10186.6
NIFTY,14-Nov-2017,30-Nov-2017,PE,10350,150.55,168.7,135,162.9,161.55,162.9,3129,24647.96,359.09,198225,-46125,10186.6
NIFTY,14-Nov-2017,30-Nov-2017,PE,10400,187.85,203.2,165.35,196.7,195.3,196.7,30379,241196.22,4240.02,1564950,-321525,10186.6
NIFTY,14-Nov-2017,30-Nov-2017,PE,10450,215,238.5,199.75,233.1,234,233.1,364,2913.1,60.25,185175,-1425,10186.6
NIFTY,14-Nov-2017,30-Nov-2017,PE,10500,257.95,282,239.3,275.6,277,275.6,9219,74421.68,1822.05,978075,-92175,10186.6
NIFTY,14-Nov-2017,30-Nov-2017,PE,10550,308,323.25,292.3,322.45,323.25,322.45,29,236.1,6.64,20700,-1200,10186.6
NIFTY,14-Nov-2017,30-Nov-2017,PE,10600,345.35,371.9,324.8,361,363,361,5481,45021.25,1447.3,408225,-105525,10186.6
NIFTY,14-Nov-2017,30-Nov-2017,PE,10650,0,0,0,349,349,437.35,0,0,0,900,0,10186.6
NIFTY,14-Nov-2017,30-Nov-2017,PE,10700,435.25,464.65,420,459.95,461.1,459.95,953,7965.37,317.54,248550,-17550,10186.6
NIFTY,14-Nov-2017,30-Nov-2017,PE,10750,0,0,0,721.65,0,535.05,0,0,0,0,0,10186.6
NIFTY,14-Nov-2017,30-Nov-2017,PE,10800,518.15,556,517.1,556,556,556,24,203.97,9.57,38625,-1275,10186.6
NIFTY,14-Nov-2017,30-Nov-2017,PE,10850,0,0,0,499.65,499.65,634.05,0,0,0,0,0,10186.6
NIFTY,14-Nov-2017,30-Nov-2017,PE,10900,626.8,658.75,626.8,656.85,656,656.85,5,43.32,2.44,6600,0,10186.6
NIFTY,14-Nov-2017,30-Nov-2017,PE,10950,0,0,0,894.45,0,733.55,0,0,0,0,0,10186.6
NIFTY,14-Nov-2017,30-Nov-2017,PE,11000,735.05,760.5,710.85,747.9,754,747.9,1482,13048.69,822.19,1010100,-17025,10186.6
NIFTY,15-Nov-2017,30-Nov-2017,PE,9600,5.25,7.2,4.8,6.5,6.15,6.5,12502,90068.95,54.55,1604400,-58800,10118.05
NIFTY,15-Nov-2017,30-Nov-2017,PE,9650,0,0,0,97.5,0,1,0,0,0,0,0,10118.05
NIFTY,15-Nov-2017,30-Nov-2017,PE,9700,8.1,11.15,7.3,9.75,9.45,9.75,25885,188487.6,174.22,1578675,56250,10118.05
NIFTY,15-Nov-2017,30-Nov-2017,PE,9750,10,15.95,8.1,13,12.4,13,40,292.87,.37,3675,1875,10118.05
NIFTY,15-Nov-2017,30-Nov-2017,PE,9800,11.15,19.15,11.15,16.4,15.5,16.4,43503,320233.08,486.03,1761150,245250,10118.05
NIFTY,15-Nov-2017,30-Nov-2017,PE,9850,18.35,24.2,14.95,21,19.4,21,3194,23642.76,47.09,80700,37650,10118.05
NIFTY,15-Nov-2017,30-Nov-2017,PE,9900,20.45,32.15,19.4,27.55,26,27.55,92010,684886.88,1712.63,2202525,92175,10118.05
NIFTY,15-Nov-2017,30-Nov-2017,PE,9950,41.95,42.9,25.8,35.9,33.2,35.9,8551,64021.3,209.47,281850,82875,10118.05
NIFTY,15-Nov-2017,30-Nov-2017,PE,10000,35,53.95,34,46.05,43,46.05,190631,1435696.07,5963.57,4356075,-75675,10118.05
NIFTY,15-Nov-2017,30-Nov-2017,PE,10050,43,67.85,43,58.05,54.8,58.05,10611,80409.93,429.52,173325,28050,10118.05
NIFTY,15-Nov-2017,30-Nov-2017,PE,10100,58.15,86.65,56.2,74.3,69.4,74.3,191537,1460665.77,9773,3255150,232425,10118.05
NIFTY,15-Nov-2017,30-Nov-2017,PE,10150,77.55,108.15,73.25,93.85,88,93.85,23981,184101.8,1546.44,262950,-52350,10118.05
NIFTY,15-Nov-2017,30-Nov-2017,PE,10200,94.1,135,92.1,117.9,111,117.9,186573,1442379.22,15095.77,4545450,-35925,10118.05
NIFTY,15-Nov-2017,30-Nov-2017,PE,10250,120,166,118.1,144.8,138.95,144.8,6398,49833.74,649.11,317850,-81975,10118.05
NIFTY,15-Nov-2017,30-Nov-2017,PE,10300,141.5,201,141.5,180.6,171.1,180.6,72404,568310.83,8989.93,2935200,-948750,10118.05
NIFTY,15-Nov-2017,30-Nov-2017,PE,10350,184,238.6,180.25,213.55,205.6,213.55,1502,11885.04,225.77,161550,-36675,10118.05
NIFTY,15-Nov-2017,30-Nov-2017,PE,10400,218.8,280.8,215.95,258.2,247,258.2,19683,157076.63,3549.23,1385175,-179775,10118.05
NIFTY,15-Nov-2017,30-Nov-2017,PE,10450,255.1,314.4,254.95,295.85,287.4,295.85,350,2815.83,72.71,186075,900,10118.05
NIFTY,15-Nov-2017,30-Nov-2017,PE,10500,296,371,296,344.5,334.85,344.5,5187,42112.45,1264.83,924600,-53475,10118.05
NIFTY,15-Nov-2017,30-Nov-2017,PE,10550,340.35,385,340.35,385,385,385,22,180.08,6.01,19500,-1200,10118.05
NIFTY,15-Nov-2017,30-Nov-2017,PE,10600,392.75,466.05,391,441.3,432,441.3,3973,32813.29,1227.94,340425,-67800,10118.05
NIFTY,15-Nov-2017,30-Nov-2017,PE,10650,0,0,0,349,349,505.85,0,0,0,900,0,10118.05
NIFTY,15-Nov-2017,30-Nov-2017,PE,10700,485.95,561.85,485.95,535.3,526.3,535.3,627,5275.82,244.15,241050,-7500,10118.05
NIFTY,15-Nov-2017,30-Nov-2017,PE,10750,0,0,0,721.65,0,604.75,0,0,0,0,0,10118.05
NIFTY,15-Nov-2017,30-Nov-2017,PE,10800,588,657.3,588,640.6,624.7,640.6,32,273.93,14.73,37050,-1575,10118.05
NIFTY,15-Nov-2017,30-Nov-2017,PE,10850,0,0,0,499.65,499.65,704.2,0,0,0,0,0,10118.05
NIFTY,15-Nov-2017,30-Nov-2017,PE,10900,710,756.3,710,756.3,756.3,756.3,4,34.9,2.2,6825,225,10118.05
NIFTY,15-Nov-2017,30-Nov-2017,PE,10950,0,0,0,894.45,0,803.9,0,0,0,0,0,10118.05
NIFTY,15-Nov-2017,30-Nov-2017,PE,11000,786,860,781.8,832.5,824.8,832.5,1213,10747.76,740.51,988800,-21300,10118.05
NIFTY,16-Nov-2017,30-Nov-2017,PE,9600,5.4,5.9,3.1,3.4,3.15,3.4,14836,106867.43,48.23,1726650,122250,10214.75
NIFTY,16-Nov-2017,30-Nov-2017,PE,9650,0,0,0,97.5,0,0.35,0,0,0,0,0,10214.75
NIFTY,16-Nov-2017,30-Nov-2017,PE,9700,7.9,8.5,4,4.55,4.3,4.55,22502,163807.32,105.27,1499700,-78975,10214.75
NIFTY,16-Nov-2017,30-Nov-2017,PE,9750,10.95,11.85,5,5.55,5,5.55,204,1492.85,1.1,6675,3000,10214.75
NIFTY,16-Nov-2017,30-Nov-2017,PE,9800,12,14.15,6.6,7.5,6.85,7.5,36841,271049.13,267.78,1714725,-46425,10214.75
NIFTY,16-Nov-2017,30-Nov-2017,PE,9850,17.45,18.45,8.65,9.7,10,9.7,2458,18181.72,23.25,68400,-12300,10214.75
NIFTY,16-Nov-2017,30-Nov-2017,PE,9900,21.6,24.4,11.15,12.65,11.4,12.65,77018,572812.59,953.94,2356200,153675,10214.75
NIFTY,16-Nov-2017,30-Nov-2017,PE,9950,15,31.65,14.6,16.7,15.15,16.7,7345,54937.11,125.05,305325,23475,10214.75
NIFTY,16-Nov-2017,30-Nov-2017,PE,10000,37.4,41.45,19,21.95,19.8,21.95,128914,969641.86,2786.86,4913025,556950,10214.75
NIFTY,16-Nov-2017,30-Nov-2017,PE,10050,54.8,58.8,24.4,27.15,24.9,27.15,15157,114685.35,439.46,465150,291825,10214.75
NIFTY,16-Nov-2017,30-Nov-2017,PE,10100,61.4,68.05,32.75,37.4,33.75,37.4,171821,1307916.31,6372.23,3750375,495225,10214.75
NIFTY,16-Nov-2017,30-Nov-2017,PE,10150,74.75,86.85,43,47.75,43.6,47.75,26843,205598.79,1256.45,630000,367050,10214.75
NIFTY,16-Nov-2017,30-Nov-2017,PE,10200,98.9,109.5,57.55,64.1,58.9,64.1,205357,1583425.81,12444.76,5187075,641625,10214.75
NIFTY,16-Nov-2017,30-Nov-2017,PE,10250,124.55,138.5,76,82.8,78,82.8,9069,70381.5,663.56,383625,65775,10214.75
NIFTY,16-Nov-2017,30-Nov-2017,PE,10300,150.9,171.15,100.7,109.85,102,109.85,50652,396300.23,5013.53,2756775,-178425,10214.75
NIFTY,16-Nov-2017,30-Nov-2017,PE,10350,195.85,206.3,130.05,139.5,132.4,139.5,921,7260.29,111.02,159150,-2400,10214.75
NIFTY,16-Nov-2017,30-Nov-2017,PE,10400,239.7,247.9,164.05,175.05,165.55,175.05,13702,108992.14,2116.54,1262025,-123150,10214.75
NIFTY,16-Nov-2017,30-Nov-2017,PE,10450,272.55,288.45,205,221.25,205,221.25,1018,8158.09,179.51,120300,-65775,10214.75
NIFTY,16-Nov-2017,30-Nov-2017,PE,10500,320.05,336,244.1,256.55,245,256.55,6864,55545.43,1491.43,796725,-127875,10214.75
NIFTY,16-Nov-2017,30-Nov-2017,PE,10550,350,350,301.1,301.55,301.1,301.55,77,627.46,18.19,17775,-1725,10214.75
NIFTY,16-Nov-2017,30-Nov-2017,PE,10600,432,432,333.05,343.85,339.75,343.85,740,6096.25,213.25,331350,-9075,10214.75
NIFTY,16-Nov-2017,30-Nov-2017,PE,10650,460,460,417,417,417,417,4,33.23,1.28,600,-300,10214.75
NIFTY,16-Nov-2017,30-Nov-2017,PE,10700,514.05,525,430,447.55,430,447.55,668,5603.31,242.61,236475,-4575,10214.75
NIFTY,16-Nov-2017,30-Nov-2017,PE,10750,0,0,0,721.65,0,510.85,0,0,0,0,0,10214.75
NIFTY,16-Nov-2017,30-Nov-2017,PE,10800,611.25,613.95,534,534,534,534,73,621.82,30.52,37575,525,10214.75
NIFTY,16-Nov-2017,30-Nov-2017,PE,10850,0,0,0,499.65,499.65,609.7,0,0,0,0,0,10214.75
NIFTY,16-Nov-2017,30-Nov-2017,PE,10900,689.2,689.2,661.6,661.6,661.6,661.6,7,60.78,3.55,6975,150,10214.75
NIFTY,16-Nov-2017,30-Nov-2017,PE,10950,0,0,0,894.45,0,709.15,0,0,0,0,0,10214.75
NIFTY,16-Nov-2017,30-Nov-2017,PE,11000,819.15,824,723.1,740.55,723.1,740.55,1195,10554.22,695.47,964275,-24525,10214.75
NIFTY,17-Nov-2017,30-Nov-2017,PE,9600,2.9,3.05,2,2.85,2.7,2.85,16417,118235.61,33.21,1563150,-163500,10283.6
NIFTY,17-Nov-2017,30-Nov-2017,PE,9650,0,0,0,97.5,0,0.1,0,0,0,0,0,10283.6
NIFTY,17-Nov-2017,30-Nov-2017,PE,9700,3.5,3.75,2.2,3.45,3.3,3.45,18042,131298.7,43.15,1489800,-9900,10283.6
NIFTY,17-Nov-2017,30-Nov-2017,PE,9750,1.15,5.5,1.15,3.65,3.65,3.65,164,1199.63,.38,5850,-825,10283.6
NIFTY,17-Nov-2017,30-Nov-2017,PE,9800,4.65,5.4,3.35,4.7,4.6,4.7,28421,208985.79,91.44,1693200,-21525,10283.6
NIFTY,17-Nov-2017,30-Nov-2017,PE,9850,5.2,6.75,4.1,6,6.2,6,1426,10540.11,5.53,57300,-11100,10283.6
NIFTY,17-Nov-2017,30-Nov-2017,PE,9900,9.85,9.85,5.05,7.7,7.75,7.7,54400,404187.05,267.05,2276700,-79500,10283.6
NIFTY,17-Nov-2017,30-Nov-2017,PE,9950,10.1,11.6,7.15,10.4,10.35,10.4,5775,43134.41,38.47,229500,-75825,10283.6
NIFTY,17-Nov-2017,30-Nov-2017,PE,10000,9.95,15,9.1,13.25,13.65,13.25,118462,889464.17,999.17,4657800,-255225,10283.6
NIFTY,17-Nov-2017,30-Nov-2017,PE,10050,13.5,20,11.5,17.55,18.15,17.55,19697,148681.34,215.2,195450,-269700,10283.6
NIFTY,17-Nov-2017,30-Nov-2017,PE,10100,18.05,27.1,15.6,23.6,24.95,23.6,146510,1111965.2,2151.95,2820375,-930000,10283.6
NIFTY,17-Nov-2017,30-Nov-2017,PE,10150,20.05,36.15,20.05,32.25,33.1,32.25,32099,244994.92,641.28,833250,203250,10283.6
NIFTY,17-Nov-2017,30-Nov-2017,PE,10200,25,49.4,25,43.55,46.4,43.55,236792,1817788.73,6329.93,4631700,-555375,10283.6
NIFTY,17-Nov-2017,30-Nov-2017,PE,10250,70,70,38.7,58.2,60.7,58.2,34095,263316.56,1211.25,875700,492075,10283.6
NIFTY,17-Nov-2017,30-Nov-2017,PE,10300,66.1,87,52.1,77.85,82.45,77.85,269079,2091611.85,12976.58,4397100,1640325,10283.6
NIFTY,17-Nov-2017,30-Nov-2017,PE,10350,96.95,114,69.5,104.75,107.8,104.75,28515,223148.48,1800.8,778650,619500,10283.6
NIFTY,17-Nov-2017,30-Nov-2017,PE,10400,117.85,143.45,94.1,132.1,138,132.1,87872,692780.84,7379.24,1554225,292200,10283.6
NIFTY,17-Nov-2017,30-Nov-2017,PE,10450,151.25,179.15,123.05,168.45,172,168.45,1006,7991.36,106.83,126075,5775,10283.6
NIFTY,17-Nov-2017,30-Nov-2017,PE,10500,180,219.45,155,203.6,217.95,203.6,13203,105741.11,1767.49,710025,-86700,10283.6
NIFTY,17-Nov-2017,30-Nov-2017,PE,10550,219.45,248.15,207.9,244.4,248.15,244.4,21,169.61,3.45,17850,75,10283.6
NIFTY,17-Nov-2017,30-Nov-2017,PE,10600,250,307.25,230,294.8,301.5,294.8,8777,71457.56,1680.41,398250,66900,10283.6
NIFTY,17-Nov-2017,30-Nov-2017,PE,10650,0,0,0,417,417,349.6,0,0,0,600,0,10283.6
NIFTY,17-Nov-2017,30-Nov-2017,PE,10700,340,402,325,378.3,393.6,378.3,2432,20141.9,625.1,327900,91425,10283.6
NIFTY,17-Nov-2017,30-Nov-2017,PE,10750,0,0,0,721.65,0,444.95,0,0,0,0,0,10283.6
NIFTY,17-Nov-2017,30-Nov-2017,PE,10800,442.25,500,429.65,484.4,500,484.4,30,253.29,10.29,37875,300,10283.6
NIFTY,17-Nov-2017,30-Nov-2017,PE,10850,0,0,0,499.65,499.65,543.05,0,0,0,0,0,10283.6
NIFTY,17-Nov-2017,30-Nov-2017,PE,10900,558.2,594.45,558.2,576.9,594.45,576.9,6,51.63,2.58,7275,300,10283.6
NIFTY,17-Nov-2017,30-Nov-2017,PE,10950,0,0,0,894.45,0,642.3,0,0,0,0,0,10283.6
NIFTY,17-Nov-2017,30-Nov-2017,PE,11000,632.7,697.2,620.05,680.1,688.5,680.1,1883,16452.7,917.95,978150,13875,10283.6
NIFTY,20-Nov-2017,30-Nov-2017,PE,9600,2.8,2.8,1.9,1.95,2,1.95,10972,79016.71,18.31,1584900,21750,10298.75
NIFTY,20-Nov-2017,30-Nov-2017,PE,9650,0,0,0,97.5,0,0.05,0,0,0,0,0,10298.75
NIFTY,20-Nov-2017,30-Nov-2017,PE,9700,3.2,3.4,2.15,2.3,2.2,2.3,17793,129477.66,33.58,1486275,-3525,10298.75
NIFTY,20-Nov-2017,30-Nov-2017,PE,9750,4,4,2.65,2.7,2.85,2.7,31,226.75,.07,5025,-825,10298.75
NIFTY,20-Nov-2017,30-Nov-2017,PE,9800,3.25,4.65,2.65,3,3.1,3,23877,175558.58,62.63,1676625,-16575,10298.75
NIFTY,20-Nov-2017,30-Nov-2017,PE,9850,6.1,6.1,3.5,3.7,3.6,3.7,1189,8787.34,3.61,75375,18075,10298.75
NIFTY,20-Nov-2017,30-Nov-2017,PE,9900,7.05,7.75,4.55,5.45,5.4,5.45,45376,337115.07,198.27,2182350,-94350,10298.75
NIFTY,20-Nov-2017,30-Nov-2017,PE,9950,9.9,10.45,6.15,7.4,7.45,7.4,2249,16796.07,12.9,223950,-5550,10298.75
NIFTY,20-Nov-2017,30-Nov-2017,PE,10000,12.8,14.2,8.35,10,10.25,10,88185,662083.61,696.11,4958400,300600,10298.75
NIFTY,20-Nov-2017,30-Nov-2017,PE,10050,18,18.5,10.5,13.35,13.65,13.35,6807,51379.58,71.81,234600,39150,10298.75
NIFTY,20-Nov-2017,30-Nov-2017,PE,10100,24.1,25.75,15.6,18.55,18.75,18.55,94271,715486.86,1384.04,2763975,-56400,10298.75
NIFTY,20-Nov-2017,30-Nov-2017,PE,10150,31.6,35.05,21.2,25.1,25.2,25.1,14689,112115.74,295.73,633975,-199275,10298.75
NIFTY,20-Nov-2017,30-Nov-2017,PE,10200,43.1,47.9,29.6,35.05,35.05,35.05,171163,1314195.26,4798.31,5296650,664950,10298.75
NIFTY,20-Nov-2017,30-Nov-2017,PE,10250,60.1,63,39.8,47.15,47.05,47.15,33518,258930.09,1260.46,1228800,353100,10298.75
NIFTY,20-Nov-2017,30-Nov-2017,PE,10300,83.35,85.85,57.15,66.3,66.35,66.3,178496,1388264.22,9382.62,4641525,244425,10298.75
NIFTY,20-Nov-2017,30-Nov-2017,PE,10350,103.95,113.55,79.2,91.35,90.15,91.35,10542,82580.93,748.65,705300,-73350,10298.75
NIFTY,20-Nov-2017,30-Nov-2017,PE,10400,139.55,146.2,107.15,120.75,121.35,120.75,43969,347100.34,4142.14,1456200,-98025,10298.75
NIFTY,20-Nov-2017,30-Nov-2017,PE,10450,173,183.95,140,153.45,152.75,153.45,406,3231.73,49.71,136575,10500,10298.75
NIFTY,20-Nov-2017,30-Nov-2017,PE,10500,216,225.85,178,195.2,194,195.2,5748,46129.85,864.35,720300,10275,10298.75
NIFTY,20-Nov-2017,30-Nov-2017,PE,10550,262,266,221.8,221.8,221.8,221.8,13,105.3,2.44,18075,225,10298.75
NIFTY,20-Nov-2017,30-Nov-2017,PE,10600,300.3,312,261.7,283.9,278.85,283.9,1690,13799.16,363.66,393900,-4350,10298.75
NIFTY,20-Nov-2017,30-Nov-2017,PE,10650,0,0,0,417,417,336.65,0,0,0,600,0,10298.75
NIFTY,20-Nov-2017,30-Nov-2017,PE,10700,398.55,409,355.9,368,370.2,368,597,4955.83,164.9,296100,-31800,10298.75
NIFTY,20-Nov-2017,30-Nov-2017,PE,10750,0,0,0,721.65,0,433.85,0,0,0,0,0,10298.75
NIFTY,20-Nov-2017,30-Nov-2017,PE,10800,474.75,475,472.35,475,475,475,8,67.64,2.84,37650,-225,10298.75
NIFTY,20-Nov-2017,30-Nov-2017,PE,10850,0,0,0,499.65,499.65,532.9,0,0,0,0,0,10298.75
NIFTY,20-Nov-2017,30-Nov-2017,PE,10900,572.95,580,572.75,580,580,580,4,34.42,1.72,7200,-75,10298.75
NIFTY,20-Nov-2017,30-Nov-2017,PE,10950,0,0,0,894.45,0,632.55,0,0,0,0,0,10298.75
NIFTY,20-Nov-2017,30-Nov-2017,PE,11000,698.65,700.4,655.7,668.85,663,668.85,1083,9483.69,548.94,934350,-43800,10298.75
NIFTY,21-Nov-2017,30-Nov-2017,PE,9600,1.45,1.85,1.45,1.8,1.8,1.8,10524,75785.74,12.94,1327575,-257325,10326.9
NIFTY,21-Nov-2017,30-Nov-2017,PE,9650,0,0,0,97.5,0,0,0,0,0,0,0,10326.9
NIFTY,21-Nov-2017,30-Nov-2017,PE,9700,1.8,2.25,1.7,2.1,2.15,2.1,14988,109059.44,21.74,1642800,156525,10326.9
NIFTY,21-Nov-2017,30-Nov-2017,PE,9750,2,3.8,1.65,2.5,2.5,2.5,146,1067.85,.22,6300,1275,10326.9
NIFTY,21-Nov-2017,30-Nov-2017,PE,9800,2.6,2.75,2.1,2.65,2.7,2.65,21631,159027.09,39.24,1540800,-135825,10326.9
NIFTY,21-Nov-2017,30-Nov-2017,PE,9850,2.65,3.1,2.5,3,2.9,3,737,5446.14,1.55,78975,3600,10326.9
NIFTY,21-Nov-2017,30-Nov-2017,PE,9900,4.45,4.45,3.1,3.65,3.6,3.65,29282,217496.45,77.6,2333625,151275,10326.9
NIFTY,21-Nov-2017,30-Nov-2017,PE,9950,5.1,5.45,4,5,4.95,5,2608,19471.53,9.33,231525,7575,10326.9
NIFTY,21-Nov-2017,30-Nov-2017,PE,10000,8.25,8.35,5,6.75,6.5,6.75,63422,475965.78,300.78,5028525,70125,10326.9
NIFTY,21-Nov-2017,30-Nov-2017,PE,10050,9.65,9.65,7.15,9,8.75,9,4737,35735.39,30.25,207525,-27075,10326.9
NIFTY,21-Nov-2017,30-Nov-2017,PE,10100,13.65,14.55,9.9,12.65,12.3,12.65,94325,715336.62,824.74,2983050,219075,10326.9
NIFTY,21-Nov-2017,30-Nov-2017,PE,10150,19,20.05,5.05,17.7,17.2,17.7,19867,151478.1,240.56,425700,-208275,10326.9
NIFTY,21-Nov-2017,30-Nov-2017,PE,10200,29.8,29.8,19.05,25,24,25,160861,1233354.68,2768.03,4903875,-392775,10326.9
NIFTY,21-Nov-2017,30-Nov-2017,PE,10250,36.4,36.5,26.25,33.95,33,33.95,35996,277571.12,851.87,1105725,-123075,10326.9
NIFTY,21-Nov-2017,30-Nov-2017,PE,10300,57.25,57.25,38.1,49.4,48.95,49.4,223582,1734832.5,7661.55,5393850,752325,10326.9
NIFTY,21-Nov-2017,30-Nov-2017,PE,10350,75,75.2,53.35,69.15,67.9,69.15,30850,240931.86,1458.73,1075800,370500,10326.9
NIFTY,21-Nov-2017,30-Nov-2017,PE,10400,105.2,105.2,75.3,95.5,96.25,95.5,95970,754912.28,6346.28,1630875,174675,10326.9
NIFTY,21-Nov-2017,30-Nov-2017,PE,10450,127.55,138,102.8,126.75,127.05,126.75,1798,14247.54,155.71,161025,24450,10326.9
NIFTY,21-Nov-2017,30-Nov-2017,PE,10500,175.45,175.45,137.5,164,165.4,164,14901,119066.55,1721.17,681300,-39000,10326.9
NIFTY,21-Nov-2017,30-Nov-2017,PE,10550,198,212.3,178,209.75,208.45,209.75,49,394.89,7.17,17925,-150,10326.9
NIFTY,21-Nov-2017,30-Nov-2017,PE,10600,251.5,260.05,212.7,249.05,251,249.05,3302,26829.59,578.69,402450,8550,10326.9
NIFTY,21-Nov-2017,30-Nov-2017,PE,10650,0,0,0,417,417,310.15,0,0,0,600,0,10326.9
NIFTY,21-Nov-2017,30-Nov-2017,PE,10700,337.8,355.45,309.25,342.8,343.1,342.8,746,6169.47,182.82,267825,-28275,10326.9
NIFTY,21-Nov-2017,30-Nov-2017,PE,10750,0,0,0,721.65,0,407.4,0,0,0,0,0,10326.9
NIFTY,21-Nov-2017,30-Nov-2017,PE,10800,435,449.95,414.4,449.95,449.95,449.95,81,681.7,25.6,36600,-1050,10326.9
NIFTY,21-Nov-2017,30-Nov-2017,PE,10850,0,0,0,499.65,499.65,506.55,0,0,0,0,0,10326.9
NIFTY,21-Nov-2017,30-Nov-2017,PE,10900,537.1,537.3,537.1,537.3,537.3,537.3,4,34.31,1.61,7350,150,10326.9
NIFTY,21-Nov-2017,30-Nov-2017,PE,10950,0,0,0,894.45,0,606.3,0,0,0,0,0,10326.9
NIFTY,21-Nov-2017,30-Nov-2017,PE,11000,640,650,603.85,638.85,639,638.85,1461,12742.32,689.07,886875,-47475,10326.9
NIFTY,22-Nov-2017,30-Nov-2017,PE,9600,1.55,1.9,1.4,1.5,1.45,1.5,3475,25024.22,4.22,1318050,-9525,10342.3
NIFTY,22-Nov-2017,30-Nov-2017,PE,9650,0,0,0,97.5,0,0,0,0,0,0,0,10342.3
NIFTY,22-Nov-2017,30-Nov-2017,PE,9700,1.8,2.25,1.4,1.6,1.4,1.6,9986,72661.73,13.58,1662300,19500,10342.3
NIFTY,22-Nov-2017,30-Nov-2017,PE,9750,2,4,0.8,1.45,1.45,1.45,57,416.9,.08,4425,-1875,10342.3
NIFTY,22-Nov-2017,30-Nov-2017,PE,9800,2.1,3,1.8,2,1.85,2,16061,118075.48,27.13,1621950,81150,10342.3
NIFTY,22-Nov-2017,30-Nov-2017,PE,9850,2.5,3.75,2.25,2.45,2.25,2.45,523,3864.73,1.07,76050,-2925,10342.3
NIFTY,22-Nov-2017,30-Nov-2017,PE,9900,3.25,4.5,2.6,3,2.8,3,24806,184246.35,61.8,2393400,59775,10342.3
NIFTY,22-Nov-2017,30-Nov-2017,PE,9950,3.5,6.3,3.45,4.1,3.95,4.1,2248,16783.12,7.42,234675,3150,10342.3
NIFTY,22-Nov-2017,30-Nov-2017,PE,10000,4.05,8.45,4,5.6,5.15,5.6,56480,423861.75,261.75,4947000,-81525,10342.3
NIFTY,22-Nov-2017,30-Nov-2017,PE,10050,6.6,11.7,5.85,7.4,6.6,7.4,5748,43360.87,35.32,203400,-4125,10342.3
NIFTY,22-Nov-2017,30-Nov-2017,PE,10100,9.25,17,7.85,10.6,9.65,10.6,90141,683614.46,796.39,3238200,255150,10342.3
NIFTY,22-Nov-2017,30-Nov-2017,PE,10150,13.15,23.7,11.55,15.1,14.1,15.1,18803,143363.77,225.93,336750,-88950,10342.3
NIFTY,22-Nov-2017,30-Nov-2017,PE,10200,18.3,33.3,16.1,21.5,19.55,21.5,186888,1433013.21,3320.01,4676400,-227475,10342.3
NIFTY,22-Nov-2017,30-Nov-2017,PE,10250,27.1,44.9,22.7,29.7,27.5,29.7,46370,357609.86,1140.48,1024725,-81000,10342.3
NIFTY,22-Nov-2017,30-Nov-2017,PE,10300,38.7,62.85,34.15,43.95,41.8,43.95,269901,2094409.17,9423.94,5437275,43425,10342.3
NIFTY,22-Nov-2017,30-Nov-2017,PE,10350,54.2,84.85,49.05,62.3,60.4,62.3,29410,229682.62,1387.49,1150200,74400,10342.3
NIFTY,22-Nov-2017,30-Nov-2017,PE,10400,80.15,114.9,72.1,87.55,85.1,87.55,119766,942289.01,8114.21,1826175,195300,10342.3
NIFTY,22-Nov-2017,30-Nov-2017,PE,10450,106.35,146.55,100,117.3,115,117.3,2191,17361.29,189.33,177900,16875,10342.3
NIFTY,22-Nov-2017,30-Nov-2017,PE,10500,145.05,189.35,134.85,156.9,153.25,156.9,19813,158367.75,2340.37,676575,-4725,10342.3
NIFTY,22-Nov-2017,30-Nov-2017,PE,10550,182.45,230,180.95,203.4,202,203.4,53,427.38,8.02,17325,-600,10342.3
NIFTY,22-Nov-2017,30-Nov-2017,PE,10600,224.25,277.8,215.3,242.85,240.6,242.85,2456,19969.07,443.87,380700,-21750,10342.3
NIFTY,22-Nov-2017,30-Nov-2017,PE,10650,0,0,0,417,417,295.75,0,0,0,600,0,10342.3
NIFTY,22-Nov-2017,30-Nov-2017,PE,10700,316.6,371.9,309.3,334.4,336.35,334.4,1008,8352.73,263.53,225075,-42750,10342.3
NIFTY,22-Nov-2017,30-Nov-2017,PE,10750,0,0,0,721.65,0,393.5,0,0,0,0,0,10342.3
NIFTY,22-Nov-2017,30-Nov-2017,PE,10800,455.75,455.75,417.85,436.7,441,436.7,20,168.63,6.63,36600,0,10342.3
NIFTY,22-Nov-2017,30-Nov-2017,PE,10850,0,0,0,499.65,499.65,492.9,0,0,0,0,0,10342.3
NIFTY,22-Nov-2017,30-Nov-2017,PE,10900,556.3,556.3,530.05,530.05,530.05,530.05,3,25.75,1.23,7350,0,10342.3
NIFTY,22-Nov-2017,30-Nov-2017,PE,10950,0,0,0,894.45,0,592.7,0,0,0,0,0,10342.3
NIFTY,22-Nov-2017,30-Nov-2017,PE,11000,613,670,605,632.6,630,632.6,1197,10443.51,568.26,865800,-21075,10342.3
NIFTY,23-Nov-2017,30-Nov-2017,PE,9600,1.4,1.6,1.2,1.35,1.25,1.35,4879,35133.62,4.82,1314150,-3900,10348.75
NIFTY,23-Nov-2017,30-Nov-2017,PE,9650,0,0,0,97.5,0,0,0,0,0,0,0,10348.75
NIFTY,23-Nov-2017,30-Nov-2017,PE,9700,1.45,1.8,1.3,1.4,1.3,1.4,10834,78829.13,11.78,1679775,17475,10348.75
NIFTY,23-Nov-2017,30-Nov-2017,PE,9750,1.45,1.45,0.85,0.85,0.85,0.85,2,14.63,0,4425,0,10348.75
NIFTY,23-Nov-2017,30-Nov-2017,PE,9800,1.25,2.3,1.05,1.75,1.5,1.75,15431,113438.46,20.61,1628400,6450,10348.75
NIFTY,23-Nov-2017,30-Nov-2017,PE,9850,2.1,2.55,1.65,1.95,1.9,1.95,1009,7455.49,1.51,86025,9975,10348.75
NIFTY,23-Nov-2017,30-Nov-2017,PE,9900,2.75,3.75,2.1,2.65,2.45,2.65,45986,341540.26,94.21,2884650,491250,10348.75
NIFTY,23-Nov-2017,30-Nov-2017,PE,9950,3.8,5.25,2.6,3.15,2.9,3.15,3695,27583.35,9.41,300300,65625,10348.75
NIFTY,23-Nov-2017,30-Nov-2017,PE,10000,5.15,7.35,3.6,4.55,4.6,4.55,89338,670379.14,344.14,5361450,414450,10348.75
NIFTY,23-Nov-2017,30-Nov-2017,PE,10050,6.6,10.2,4.85,5.8,5.5,5.8,6031,45489.27,30.61,186750,-16650,10348.75
NIFTY,23-Nov-2017,30-Nov-2017,PE,10100,9.7,14.85,6.7,8.35,7.7,8.35,116235,881329.22,849.1,3262875,24675,10348.75
NIFTY,23-Nov-2017,30-Nov-2017,PE,10150,14,21.05,9.4,11.9,11.05,11.9,23034,175588.73,242.4,473850,137100,10348.75
NIFTY,23-Nov-2017,30-Nov-2017,PE,10200,19,30.8,14.5,17.65,16.15,17.65,218552,1675317.77,3394.97,5213775,537375,10348.75
NIFTY,23-Nov-2017,30-Nov-2017,PE,10250,24.95,43.35,20.8,24.65,22.5,24.65,55260,426070.95,1259.7,1109925,85200,10348.75
NIFTY,23-Nov-2017,30-Nov-2017,PE,10300,42.05,61.25,31.5,37.05,34,37.05,342899,2660085.27,11190.5,6025500,588225,10348.75
NIFTY,23-Nov-2017,30-Nov-2017,PE,10350,56.85,83.55,45.8,52.6,49.2,52.6,47077,367527.26,2092.05,1343325,193125,10348.75
NIFTY,23-Nov-2017,30-Nov-2017,PE,10400,85.1,115.5,68.05,77.65,73,77.65,151069,1188250.63,9912.43,1911000,84825,10348.75
NIFTY,23-Nov-2017,30-Nov-2017,PE,10450,114.8,150,95.45,108.05,103,108.05,4209,33355.88,367.84,155100,-22800,10348.75
NIFTY,23-Nov-2017,30-Nov-2017,PE,10500,164.15,194,131,145.95,141,145.95,20365,162761.82,2387.45,693450,16875,10348.75
NIFTY,23-Nov-2017,30-Nov-2017,PE,10550,197.05,232.6,172.9,186,182.75,186,214,1723.93,30.66,14100,-3225,10348.75
NIFTY,23-Nov-2017,30-Nov-2017,PE,10600,235.3,281.5,212.75,231.55,225.8,231.55,2089,16982.16,374.61,370950,-9750,10348.75
NIFTY,23-Nov-2017,30-Nov-2017,PE,10650,0,0,0,417,417,290.15,0,0,0,600,0,10348.75
NIFTY,23-Nov-2017,30-Nov-2017,PE,10700,342.55,376.7,310,323.05,321.1,323.05,911,7537.51,226.74,196575,-28500,10348.75
NIFTY,23-Nov-2017,30-Nov-2017,PE,10750,0,0,0,721.65,0,388.65,0,0,0,0,0,10348.75
NIFTY,23-Nov-2017,30-Nov-2017,PE,10800,438,474.75,419.05,419.05,419.05,419.05,42,354.61,14.41,36450,-150,10348.75
NIFTY,23-Nov-2017,30-Nov-2017,PE,10850,0,0,0,499.65,499.65,488.3,0,0,0,0,0,10348.75
NIFTY,23-Nov-2017,30-Nov-2017,PE,10900,522,573,522,573,573,573,7,60.11,2.88,7125,-225,10348.75
NIFTY,23-Nov-2017,30-Nov-2017,PE,10950,0,0,0,894.45,0,588.15,0,0,0,0,0,10348.75
NIFTY,23-Nov-2017,30-Nov-2017,PE,11000,634.1,675.3,610,621.25,619.25,621.25,1187,10360.9,568.15,842175,-23625,10348.75
NIFTY,24-Nov-2017,30-Nov-2017,PE,9600,1.1,1.25,0.95,1.05,1.05,1.05,7086,51025.05,5.85,1292925,-21225,10389.7
NIFTY,24-Nov-2017,30-Nov-2017,PE,9650,0,0,0,97.5,0,0,0,0,0,0,0,10389.7
NIFTY,24-Nov-2017,30-Nov-2017,PE,9700,1.05,1.45,1,1.2,1.15,1.2,19242,140003.14,17.59,1526625,-153150,10389.7
NIFTY,24-Nov-2017,30-Nov-2017,PE,9750,0,0,0,0.85,0.85,0,0,0,0,4425,0,10389.7
NIFTY,24-Nov-2017,30-Nov-2017,PE,9800,1.35,1.65,1.35,1.45,1.4,1.45,21268,156343.26,23.46,1627125,-1275,10389.7
NIFTY,24-Nov-2017,30-Nov-2017,PE,9850,1.75,1.9,1.15,1.6,1.15,1.6,711,5253.42,.9,76200,-9825,10389.7
NIFTY,24-Nov-2017,30-Nov-2017,PE,9900,2,2.35,1.75,2,1.8,2,42839,318143.99,64.42,2879400,-5250,10389.7
NIFTY,24-Nov-2017,30-Nov-2017,PE,9950,2.9,2.9,2.1,2.45,2.15,2.45,3901,29118.5,7.29,273300,-27000,10389.7
NIFTY,24-Nov-2017,30-Nov-2017,PE,10000,3.8,4.1,2.7,3.15,2.75,3.15,66245,496996.84,159.34,5726025,364575,10389.7
NIFTY,24-Nov-2017,30-Nov-2017,PE,10050,4.9,5.45,3.1,3.65,3.3,3.65,5381,40575.8,16.51,221325,34575,10389.7
NIFTY,24-Nov-2017,30-Nov-2017,PE,10100,7.55,7.75,4.3,5.3,4.45,5.3,88804,673069.48,379.18,3073800,-189075,10389.7
NIFTY,24-Nov-2017,30-Nov-2017,PE,10150,10.7,11.15,6.5,7.65,6.6,7.65,27350,208369.23,167.36,442275,-31575,10389.7
NIFTY,24-Nov-2017,30-Nov-2017,PE,10200,17,17,9,11.25,9.7,11.25,180196,1380108.78,1609.38,5640375,426600,10389.7
NIFTY,24-Nov-2017,30-Nov-2017,PE,10250,24.8,24.8,14,15.95,14.2,15.95,52930,407569.6,670.22,848700,-261225,10389.7
NIFTY,24-Nov-2017,30-Nov-2017,PE,10300,35,35.3,20.5,23.7,20.95,23.7,295863,2291242.49,5700.81,6174225,148725,10389.7
NIFTY,24-Nov-2017,30-Nov-2017,PE,10350,52.7,52.7,28.8,33.55,29.4,33.55,79054,615814.92,2158.24,1866225,522900,10389.7
NIFTY,24-Nov-2017,30-Nov-2017,PE,10400,72.1,75.95,44,50.15,44.6,50.15,218281,1711405.98,8814.18,3360450,1449450,10389.7
NIFTY,24-Nov-2017,30-Nov-2017,PE,10450,101.95,107.85,64.25,73.75,68.9,73.75,11526,90992.9,657.88,329550,174450,10389.7
NIFTY,24-Nov-2017,30-Nov-2017,PE,10500,139.05,145,94.05,106.15,100,106.15,43389,345302.39,3614.02,914925,221475,10389.7
NIFTY,24-Nov-2017,30-Nov-2017,PE,10550,176.45,176.45,135.05,146.25,142.8,146.25,358,2872.16,39.49,16950,2850,10389.7
NIFTY,24-Nov-2017,30-Nov-2017,PE,10600,226.3,230.25,174.5,189.15,181.5,189.15,3981,32227.81,578.86,364200,-6750,10389.7
NIFTY,24-Nov-2017,30-Nov-2017,PE,10650,0,0,0,417,417,251.35,0,0,0,600,0,10389.7
NIFTY,24-Nov-2017,30-Nov-2017,PE,10700,320,320,270.5,284.75,278.9,284.75,836,6889.58,180.68,160200,-36375,10389.7
NIFTY,24-Nov-2017,30-Nov-2017,PE,10750,0,0,0,721.65,0,349.55,0,0,0,0,0,10389.7
NIFTY,24-Nov-2017,30-Nov-2017,PE,10800,410.85,410.85,371.2,380.95,377.8,380.95,117,981.23,33.53,38100,1650,10389.7
NIFTY,24-Nov-2017,30-Nov-2017,PE,10850,0,0,0,499.65,499.65,449.2,0,0,0,0,0,10389.7
NIFTY,24-Nov-2017,30-Nov-2017,PE,10900,470.65,472,470,470,470,470,12,102.34,4.24,7575,450,10389.7
NIFTY,24-Nov-2017,30-Nov-2017,PE,10950,0,0,0,894.45,0,549.1,0,0,0,0,0,10389.7
NIFTY,24-Nov-2017,30-Nov-2017,PE,11000,624.7,626,566.55,581.95,576.45,581.95,836,7268.15,371.15,823275,-18900,10389.7
NIFTY,27-Nov-2017,30-Nov-2017,PE,9600,1,1,0.5,0.65,0.75,0.65,6124,44095.71,2.91,1297425,4500,10399.55
NIFTY,27-Nov-2017,30-Nov-2017,PE,9650,0,0,0,97.5,0,0,0,0,0,0,0,10399.55
NIFTY,27-Nov-2017,30-Nov-2017,PE,9700,1.15,1.5,0.55,0.75,0.7,0.75,9880,71883.1,6.1,1419450,-107175,10399.55
NIFTY,27-Nov-2017,30-Nov-2017,PE,9750,0.65,0.9,0.65,0.9,0.9,0.9,32,234.02,.02,6675,2250,10399.55
NIFTY,27-Nov-2017,30-Nov-2017,PE,9800,1.9,1.9,0.6,0.8,0.6,0.8,15849,116501.34,11.19,1387950,-239175,10399.55
NIFTY,27-Nov-2017,30-Nov-2017,PE,9850,1.5,1.5,0.85,0.95,0.9,0.95,632,4669.41,.51,77925,1725,10399.55
NIFTY,27-Nov-2017,30-Nov-2017,PE,9900,1.2,2.55,1.05,1.15,1.05,1.15,38927,289073.12,40.14,2761650,-117750,10399.55
NIFTY,27-Nov-2017,30-Nov-2017,PE,9950,2.25,2.75,1.2,1.35,1.3,1.35,2387,17816.36,3.37,271275,-2025,10399.55
NIFTY,27-Nov-2017,30-Nov-2017,PE,10000,3.8,3.8,1.4,1.6,1.5,1.6,97903,734438.47,165.97,5803800,77775,10399.55
NIFTY,27-Nov-2017,30-Nov-2017,PE,10050,3.3,4.45,1.3,1.85,1.3,1.85,6154,46399.02,13.24,195000,-26325,10399.55
NIFTY,27-Nov-2017,30-Nov-2017,PE,10100,5.95,6.6,1.9,2.2,1.9,2.2,87735,664861.67,269.04,3570525,496725,10399.55
NIFTY,27-Nov-2017,30-Nov-2017,PE,10150,7.95,9.25,2.65,3.2,2.75,3.2,25570,194769.6,117.98,400875,-41400,10399.55
NIFTY,27-Nov-2017,30-Nov-2017,PE,10200,12.5,14.35,4.4,5.05,4.6,5.05,204323,1564530.65,1459.7,5277150,-363225,10399.55
NIFTY,27-Nov-2017,30-Nov-2017,PE,10250,17.05,20.75,6.7,7.75,7.3,7.75,64097,493412.47,666.78,941250,92550,10399.55
NIFTY,27-Nov-2017,30-Nov-2017,PE,10300,24.85,31.5,11.25,12.7,11.95,12.7,355295,2750707.57,6053.69,6099525,-74700,10399.55
NIFTY,27-Nov-2017,30-Nov-2017,PE,10350,38.3,46.75,18.3,20.35,19.4,20.35,110894,863651.54,2836.87,2206125,339900,10399.55
NIFTY,27-Nov-2017,30-Nov-2017,PE,10400,52.1,71.6,31.4,34.4,32.35,34.4,255429,2002715.06,10368.86,4263600,903150,10399.55
NIFTY,27-Nov-2017,30-Nov-2017,PE,10450,86.05,104.8,53,56.55,55.6,56.55,16948,133827.61,997.66,381825,52275,10399.55
NIFTY,27-Nov-2017,30-Nov-2017,PE,10500,120.25,146.75,85.95,91,88.7,91,44804,356922.36,4090.86,798300,-116625,10399.55
NIFTY,27-Nov-2017,30-Nov-2017,PE,10550,184.95,187,124.75,130.4,124.75,130.4,165,1325.72,20.16,13500,-3450,10399.55
NIFTY,27-Nov-2017,30-Nov-2017,PE,10600,214.35,238,170.1,175.35,172,175.35,4871,39511.21,786.76,300450,-63750,10399.55
NIFTY,27-Nov-2017,30-Nov-2017,PE,10650,0,0,0,417,417,245.15,0,0,0,600,0,10399.55
NIFTY,27-Nov-2017,30-Nov-2017,PE,10700,314.1,339,271.9,278.35,275.1,278.35,1668,13781.05,395.35,103800,-56400,10399.55
NIFTY,27-Nov-2017,30-Nov-2017,PE,10750,0,0,0,721.65,0,344.95,0,0,0,0,0,10399.55
NIFTY,27-Nov-2017,30-Nov-2017,PE,10800,419,433,371.05,376.3,376.15,376.3,102,857.7,31.5,36825,-1275,10399.55
NIFTY,27-Nov-2017,30-Nov-2017,PE,10850,0,0,0,499.65,499.65,444.9,0,0,0,0,0,10399.55
NIFTY,27-Nov-2017,30-Nov-2017,PE,10900,525.9,526.25,520.15,520.15,520.15,520.15,3,25.7,1.18,7575,0,10399.55
NIFTY,27-Nov-2017,30-Nov-2017,PE,10950,0,0,0,894.45,0,544.85,0,0,0,0,0,10399.55
NIFTY,27-Nov-2017,30-Nov-2017,PE,11000,622.5,636.4,568.45,573.8,571.45,573.8,4324,37659.9,1986.9,646200,-177075,10399.55
NIFTY,28-Nov-2017,30-Nov-2017,PE,9600,0.4,0.55,0.35,0.5,0.45,0.5,1144,8237.21,.41,1289250,-8175,10370.25
NIFTY,28-Nov-2017,30-Nov-2017,PE,9650,0,0,0,97.5,0,0,0,0,0,0,0,10370.25
NIFTY,28-Nov-2017,30-Nov-2017,PE,9700,0.4,0.65,0.4,0.55,0.45,0.55,8192,59599.98,3.18,1216275,-203175,10370.25
NIFTY,28-Nov-2017,30-Nov-2017,PE,9750,0.65,0.65,0.65,0.65,0.65,0.65,30,219.39,.01,6675,0,10370.25
NIFTY,28-Nov-2017,30-Nov-2017,PE,9800,0.55,0.75,0.5,0.6,0.55,0.6,8596,63184.52,3.92,1224000,-163950,10370.25
NIFTY,28-Nov-2017,30-Nov-2017,PE,9850,0.75,0.95,0.55,0.7,0.7,0.7,433,3199.03,.24,78300,375,10370.25
NIFTY,28-Nov-2017,30-Nov-2017,PE,9900,1.15,1.2,0.7,0.85,0.8,0.85,25994,193022.68,17.23,2687400,-74250,10370.25
NIFTY,28-Nov-2017,30-Nov-2017,PE,9950,1.1,1.4,0.65,0.8,0.65,0.8,1820,13583.18,1.43,239850,-31425,10370.25
NIFTY,28-Nov-2017,30-Nov-2017,PE,10000,1.3,1.85,0.9,1.25,1.3,1.25,73997,555047.58,70.08,5680425,-123375,10370.25
NIFTY,28-Nov-2017,30-Nov-2017,PE,10050,1.45,2.2,1.05,1.5,1.35,1.5,6877,51843.07,7.68,177375,-17625,10370.25
NIFTY,28-Nov-2017,30-Nov-2017,PE,10100,2.4,2.9,1.35,1.9,1.75,1.9,79111,599377.3,111.48,3718875,148350,10370.25
NIFTY,28-Nov-2017,30-Nov-2017,PE,10150,1.05,4.45,1.05,2.75,2.7,2.75,16657,126838.95,37.54,478425,77550,10370.25
NIFTY,28-Nov-2017,30-Nov-2017,PE,10200,5,7.8,3.2,5.15,5.15,5.15,177522,1358753.6,710.3,4636050,-641100,10370.25
NIFTY,28-Nov-2017,30-Nov-2017,PE,10250,7.4,14.6,5.1,9,9,9,73897,568573.93,490.75,964800,23550,10370.25
NIFTY,28-Nov-2017,30-Nov-2017,PE,10300,12.35,22.85,8.4,16.55,17.65,16.55,389440,3012971.62,4547.62,5224275,-875250,10370.25
NIFTY,28-Nov-2017,30-Nov-2017,PE,10350,24.8,37.7,12.1,28.7,31.15,28.7,147553,1148210.57,2830.41,2055075,-151050,10370.25
NIFTY,28-Nov-2017,30-Nov-2017,PE,10400,42.45,62.3,26.1,49.3,53.25,49.3,376979,2952669.14,12232.94,3220725,-1042875,10370.25
NIFTY,28-Nov-2017,30-Nov-2017,PE,10450,65.75,94.5,47.4,81.15,85.7,81.15,27777,219148.28,1446.04,381075,-750,10370.25
NIFTY,28-Nov-2017,30-Nov-2017,PE,10500,97.6,138.5,81.25,122.6,126,122.6,56480,449385.56,4605.56,649500,-148800,10370.25
NIFTY,28-Nov-2017,30-Nov-2017,PE,10550,146,182,125.8,171.3,170.6,171.3,298,2391.66,33.73,11175,-2325,10370.25
NIFTY,28-Nov-2017,30-Nov-2017,PE,10600,195.5,233,168.7,217.05,220.65,217.05,6174,49996.37,913.07,170850,-129600,10370.25
NIFTY,28-Nov-2017,30-Nov-2017,PE,10650,224,224,224,224,224,224,1,8.16,.17,525,-75,10370.25
NIFTY,28-Nov-2017,30-Nov-2017,PE,10700,296.9,330,269.45,316.75,320.65,316.75,1131,9325.71,249.44,76950,-26850,10370.25
NIFTY,28-Nov-2017,30-Nov-2017,PE,10750,0,0,0,721.65,0,376.1,0,0,0,0,0,10370.25
NIFTY,28-Nov-2017,30-Nov-2017,PE,10800,398,415,381.35,415,415,415,38,319.08,11.28,34800,-2025,10370.25
NIFTY,28-Nov-2017,30-Nov-2017,PE,10850,0,0,0,499.65,499.65,476.05,0,0,0,0,0,10370.25
NIFTY,28-Nov-2017,30-Nov-2017,PE,10900,467.3,516.1,467.3,516.1,516.1,516.1,6,51.19,2.14,7500,-75,10370.25
NIFTY,28-Nov-2017,30-Nov-2017,PE,10950,0,0,0,894.45,0,576,0,0,0,0,0,10370.25
NIFTY,28-Nov-2017,30-Nov-2017,PE,11000,596.45,631.05,566.8,613.4,618,613.4,3997,34762.88,1787.63,488925,-157275,10370.25
NIFTY,29-Nov-2017,30-Nov-2017,PE,9600,0.4,0.4,0.25,0.35,0.35,0.35,2121,15271.72,.52,1262325,-26925,10361.3
NIFTY,29-Nov-2017,30-Nov-2017,PE,9650,0,0,0,97.5,0,0,0,0,0,0,0,10361.3
NIFTY,29-Nov-2017,30-Nov-2017,PE,9700,0.4,0.4,0.1,0.25,0.3,0.25,4297,31261.68,1.01,1020225,-196050,10361.3
NIFTY,29-Nov-2017,30-Nov-2017,PE,9750,0.25,0.55,0.25,0.55,0.55,0.55,8,58.5,0,6150,-525,10361.3
NIFTY,29-Nov-2017,30-Nov-2017,PE,9800,0.5,0.5,0.25,0.4,0.25,0.4,3874,28474.98,1.08,1141050,-82950,10361.3
NIFTY,29-Nov-2017,30-Nov-2017,PE,9850,0.55,0.65,0.45,0.5,0.5,0.5,246,1817.42,.09,70500,-7800,10361.3
NIFTY,29-Nov-2017,30-Nov-2017,PE,9900,0.65,0.7,0.35,0.5,0.4,0.5,29055,215745.94,12.56,2526225,-161175,10361.3
NIFTY,29-Nov-2017,30-Nov-2017,PE,9950,0.6,0.75,0.4,0.55,0.5,0.55,946,7059.93,.41,239325,-525,10361.3
NIFTY,29-Nov-2017,30-Nov-2017,PE,10000,1.2,1.2,0.4,0.6,0.4,0.6,61096,458254.09,34.09,5612025,-68400,10361.3
NIFTY,29-Nov-2017,30-Nov-2017,PE,10050,0.8,1.15,0.6,0.75,0.6,0.75,4819,36326.38,3.17,124500,-52875,10361.3
NIFTY,29-Nov-2017,30-Nov-2017,PE,10100,0.9,1.5,0.7,0.95,0.8,0.95,102703,778056.63,81.41,2929500,-789375,10361.3
NIFTY,29-Nov-2017,30-Nov-2017,PE,10150,2.25,2.3,1.05,1.35,1.2,1.35,20554,156491.51,24.19,670050,191625,10361.3
NIFTY,29-Nov-2017,30-Nov-2017,PE,10200,2.15,4.25,2,2.75,2.55,2.75,155891,1192904.59,338.44,4670325,34275,10361.3
NIFTY,29-Nov-2017,30-Nov-2017,PE,10250,3.05,7.85,3.05,4.75,5,4.75,109270,840437.33,424.2,1117575,152775,10361.3
NIFTY,29-Nov-2017,30-Nov-2017,PE,10300,15,15.5,6.65,10.8,12.05,10.8,456484,3529961.98,3623.08,4963800,-260475,10361.3
NIFTY,29-Nov-2017,30-Nov-2017,PE,10350,20.25,31.85,13.35,23.35,27.8,23.35,269464,2095954.17,4239.87,1729050,-326025,10361.3
NIFTY,29-Nov-2017,30-Nov-2017,PE,10400,44.4,62,28.35,47.7,55.9,47.7,411557,3222578.68,12434.08,2961525,-259200,10361.3
NIFTY,29-Nov-2017,30-Nov-2017,PE,10450,69.7,104,54.1,88.45,96.5,88.45,26892,212225.39,1459.34,334200,-46875,10361.3
NIFTY,29-Nov-2017,30-Nov-2017,PE,10500,108.55,149.8,92.7,131.75,141,131.75,38868,309397.83,3312.33,503625,-145875,10361.3
NIFTY,29-Nov-2017,30-Nov-2017,PE,10550,146.05,195.2,142.5,182.4,195.05,182.4,267,2146.38,33.74,4725,-6450,10361.3
NIFTY,29-Nov-2017,30-Nov-2017,PE,10600,203.65,247.1,184.5,223.8,236.8,223.8,3498,28356.88,547.78,125550,-45300,10361.3
NIFTY,29-Nov-2017,30-Nov-2017,PE,10650,294.05,294.05,294.05,294.05,294.05,294.05,1,8.21,.22,525,0,10361.3
NIFTY,29-Nov-2017,30-Nov-2017,PE,10700,311.35,348.4,287,327.4,341.2,327.4,888,7333.38,207.18,59250,-17700,10361.3
NIFTY,29-Nov-2017,30-Nov-2017,PE,10750,0,0,0,721.65,0,386.9,0,0,0,0,0,10361.3
NIFTY,29-Nov-2017,30-Nov-2017,PE,10800,401.2,445,391.85,424.15,436.45,424.15,281,2362.77,86.67,26775,-8025,10361.3
NIFTY,29-Nov-2017,30-Nov-2017,PE,10850,0,0,0,499.65,499.65,486.85,0,0,0,0,0,10361.3
NIFTY,29-Nov-2017,30-Nov-2017,PE,10900,491.45,539.35,491.45,537,539.35,537,9,77.13,3.56,7200,-300,10361.3
NIFTY,29-Nov-2017,30-Nov-2017,PE,10950,0,0,0,894.45,0,586.85,0,0,0,0,0,10361.3
NIFTY,29-Nov-2017,30-Nov-2017,PE,11000,603,644.5,583.75,627.7,635.7,627.7,3787,32959.36,1716.61,326100,-162825,10361.3
NIFTY,30-Nov-2017,30-Nov-2017,PE,9600,0.05,0.1,0.05,0.05,0.05,0,3426,24667.33,.13,1261875,-450,10226.55
NIFTY,30-Nov-2017,30-Nov-2017,PE,9650,0,0,0,97.5,0,0,0,0,0,0,0,10226.55
NIFTY,30-Nov-2017,30-Nov-2017,PE,9700,0.05,0.05,0.05,0.05,0.05,0,1625,11821.94,.06,1012350,-7875,10226.55
NIFTY,30-Nov-2017,30-Nov-2017,PE,9750,0.05,0.05,0.05,0.05,0.05,0,23,168.19,0,6150,0,10226.55
NIFTY,30-Nov-2017,30-Nov-2017,PE,9800,0.05,0.1,0.05,0.05,0.05,0,10564,77645.82,.42,1437150,296100,10226.55
NIFTY,30-Nov-2017,30-Nov-2017,PE,9850,0.1,0.15,0.05,0.05,0.05,0,345,2548.7,.02,73650,3150,10226.55
NIFTY,30-Nov-2017,30-Nov-2017,PE,9900,0.15,0.2,0.05,0.05,0.05,0,29350,217925.18,1.43,2557275,31050,10226.55
NIFTY,30-Nov-2017,30-Nov-2017,PE,9950,0.1,0.2,0.05,0.05,0.05,0,1442,10761,.08,270375,31050,10226.55
NIFTY,30-Nov-2017,30-Nov-2017,PE,10000,0.8,0.8,0.05,0.05,0.05,0,63703,477778.22,5.72,5296425,-315600,10226.55
NIFTY,30-Nov-2017,30-Nov-2017,PE,10050,0.45,0.45,0.05,0.1,0.1,0,3837,28921.88,.5,134550,10050,10226.55
NIFTY,30-Nov-2017,30-Nov-2017,PE,10100,1,1,0.05,0.1,0.05,0,67996,515081.14,11.44,2651775,-277725,10226.55
NIFTY,30-Nov-2017,30-Nov-2017,PE,10150,0.1,0.95,0.05,0.1,0.05,0,83652,636825.71,24.86,765675,95625,10226.55
NIFTY,30-Nov-2017,30-Nov-2017,PE,10200,2.6,3.6,0.05,0.75,0.05,0,506354,3874160.4,552.3,4993425,323100,10226.55
NIFTY,30-Nov-2017,30-Nov-2017,PE,10250,6,34.95,0.7,16.9,25,0,662175,5094847.82,4377.51,475275,-642300,10226.55
NIFTY,30-Nov-2017,30-Nov-2017,PE,10300,18.15,81.65,9.45,61.75,75.1,0,849474,6581822.32,19635.67,1787100,-3176700,10226.55
NIFTY,30-Nov-2017,30-Nov-2017,PE,10350,37,128.7,36.5,110.55,120.45,0,149311,1166234.21,7207.57,95625,-1633425,10226.55
NIFTY,30-Nov-2017,30-Nov-2017,PE,10400,72,179.9,72,163.8,168,0,154215,1216036.68,13159.68,269475,-2692050,10226.55
NIFTY,30-Nov-2017,30-Nov-2017,PE,10450,135.45,229.95,131.6,215.4,224.4,0,9043,71985.03,1110.51,25500,-308700,10226.55
NIFTY,30-Nov-2017,30-Nov-2017,PE,10500,179.95,273.65,174.9,259.05,263.25,0,17716,142282.59,2769.09,86625,-417000,10226.55
NIFTY,30-Nov-2017,30-Nov-2017,PE,10550,230,322,228,322,322,0,227,1840.39,44.25,375,-4350,10226.55
NIFTY,30-Nov-2017,30-Nov-2017,PE,10600,281.1,373.35,278.55,363.2,372.5,0,3006,24613.41,715.71,13425,-112125,10226.55
NIFTY,30-Nov-2017,30-Nov-2017,PE,10650,372.45,372.45,361.9,361.9,361.9,0,4,33.04,1.09,450,-75,10226.55
NIFTY,30-Nov-2017,30-Nov-2017,PE,10700,365,483.15,365,468.5,463,0,1260,10514.67,403.17,7725,-51525,10226.55
NIFTY,30-Nov-2017,30-Nov-2017,PE,10750,0,0,0,721.65,0,0,0,0,0,0,0,10226.55
NIFTY,30-Nov-2017,30-Nov-2017,PE,10800,480,572.8,480,560.6,569,0,556,4717.14,213.54,2250,-24525,10226.55
NIFTY,30-Nov-2017,30-Nov-2017,PE,10850,0,0,0,499.65,499.65,0,0,0,0,0,0,10226.55
NIFTY,30-Nov-2017,30-Nov-2017,PE,10900,587,664,579.85,650.15,664,0,94,811.97,43.52,825,-6375,10226.55
NIFTY,30-Nov-2017,30-Nov-2017,PE,10950,0,0,0,894.45,0,0,0,0,0,0,0,10226.55
NIFTY,30-Nov-2017,30-Nov-2017,PE,11000,679.9,775.2,678.5,764.6,764.95,0,4991,43872.86,2697.11,46575,-279525,10226.55
