NIFTY,26-Oct-2017,30-Nov-2017,CE,10650,20.05,29,19.7,26.85,27,26.85,621,4972.59,12.36,29475,29025,10343.8
NIFTY,26-Oct-2017,30-Nov-2017,CE,10700,17.05,20.3,13.8,18.5,18.8,18.5,43882,352732.06,579.01,1929600,888675,10343.8
NIFTY,26-Oct-2017,30-Nov-2017,CE,10750,11,30,9.55,16.85,14.05,16.85,83,670.16,.97,3900,3375,10343.8
NIFTY,26-Oct-2017,30-Nov-2017,CE,10800,10.1,14.95,6.8,8.75,8.95,8.75,13408,108688.95,84.15,638250,295575,10343.8
NIFTY,26-Oct-2017,30-Nov-2017,CE,10850,0,0,0,4,4,23,0,0,0,600,0,10343.8
NIFTY,26-Oct-2017,30-Nov-2017,CE,10900,5.6,5.6,3.8,4.35,4.3,4.35,4675,38233.06,14.93,217425,115425,10343.8
NIFTY,26-Oct-2017,30-Nov-2017,CE,10950,15,20,2,3.4,2.05,3.4,162,1331.14,.72,7425,6600,10343.8
NIFTY,26-Oct-2017,30-Nov-2017,CE,11000,2.85,3.2,2,2.5,2.45,2.5,16425,135535.37,29.12,1021875,277050,10343.8
NIFTY,26-Oct-2017,30-Nov-2017,CE,9850,508,508,505,505,505,505,2,15.53,.76,300,150,10343.8
NIFTY,26-Oct-2017,30-Nov-2017,CE,9900,436.85,492,436.85,481.8,483,481.8,3900,30293.39,1335.89,783450,137025,10343.8
NIFTY,26-Oct-2017,30-Nov-2017,CE,9950,418,435,418,426.7,430,426.7,18,140.15,5.83,3750,1200,10343.8
NIFTY,26-Oct-2017,30-Nov-2017,CE,10000,355.7,408.85,352.85,396.35,395,396.35,8647,67299.02,2446.52,1099200,205425,10343.8
NIFTY,26-Oct-2017,30-Nov-2017,CE,10050,332.75,358.05,322.1,353.8,348,353.8,249,1942.7,65.86,4350,3975,10343.8
NIFTY,26-Oct-2017,30-Nov-2017,CE,10100,269.25,322.1,268.5,313.15,314.9,313.15,9196,71723.3,2063.6,1318275,202500,10343.8
NIFTY,26-Oct-2017,30-Nov-2017,CE,10150,250,280.6,237.4,271.7,280.6,271.7,260,2029.61,50.36,22050,3900,10343.8
NIFTY,26-Oct-2017,30-Nov-2017,CE,10200,202.2,247,198.25,238.6,237,238.6,18366,143597.4,3097.5,1418325,103350,10343.8
NIFTY,26-Oct-2017,30-Nov-2017,CE,10250,180,211.25,172,201.75,200.05,201.75,1367,10703.74,194.93,51675,25875,10343.8
NIFTY,26-Oct-2017,30-Nov-2017,CE,10300,143.75,178,134.95,170.85,171.35,170.85,57815,453572.27,6951.4,2291775,583725,10343.8
NIFTY,26-Oct-2017,30-Nov-2017,CE,10350,135,170,114.05,141.05,142.7,141.05,5370,42226.88,542.25,211350,174150,10343.8
NIFTY,26-Oct-2017,30-Nov-2017,CE,10400,91.2,119.95,89.55,113.6,114.25,113.6,62175,489872.48,4907.48,2481975,870075,10343.8
NIFTY,26-Oct-2017,30-Nov-2017,CE,10450,65.9,96.15,65.9,90.7,89,90.7,2229,17614.9,145.11,94425,76350,10343.8
NIFTY,26-Oct-2017,30-Nov-2017,CE,10500,58.55,73.95,51.2,69.35,69.9,69.35,76408,605392.11,3679.11,2718525,928950,10343.8
NIFTY,26-Oct-2017,30-Nov-2017,CE,10550,42,55.6,39.95,51.95,52.3,51.95,524,4165.47,19.32,22875,13650,10343.8
NIFTY,26-Oct-2017,30-Nov-2017,CE,10600,31.15,40.9,27.35,38,38,38,53191,424260.96,1392.51,1979625,819150,10343.8
NIFTY,26-Oct-2017,30-Nov-2017,CE,9600,720.35,767.05,712,756,756.8,756,1798,13938.97,993.37,363975,77550,10343.8
NIFTY,26-Oct-2017,30-Nov-2017,CE,9650,0,0,0,515.3,0,754.6,0,0,0,0,0,10343.8
NIFTY,26-Oct-2017,30-Nov-2017,CE,9700,631,672.35,618,663.75,662,663.75,1376,10670.85,660.45,305175,78750,10343.8
NIFTY,26-Oct-2017,30-Nov-2017,CE,9750,0,0,0,523,523,657.85,0,0,0,225,0,10343.8
NIFTY,26-Oct-2017,30-Nov-2017,CE,9800,535,580.85,527.75,571.95,573.8,571.95,1828,14193.64,757.84,501000,72075,10343.8
NIFTY,27-Oct-2017,30-Nov-2017,CE,10650,29.5,29.75,22.05,25.05,23.75,25.05,2507,20073.03,48.36,74775,45300,10323.05
NIFTY,27-Oct-2017,30-Nov-2017,CE,10700,20.3,21.95,14.9,17.2,17.1,17.2,69012,554730.66,909.36,2505450,575850,10323.05
NIFTY,27-Oct-2017,30-Nov-2017,CE,10750,16,16,10.05,11.95,11.55,11.95,719,5803.57,6.64,29550,25650,10323.05
NIFTY,27-Oct-2017,30-Nov-2017,CE,10800,9.35,10.3,6.6,7.7,8.05,7.7,26218,212523.1,157.3,953925,315675,10323.05
NIFTY,27-Oct-2017,30-Nov-2017,CE,10850,7.75,7.75,4.3,6.35,6.4,6.35,38,309.4,.17,2250,1650,10323.05
NIFTY,27-Oct-2017,30-Nov-2017,CE,10900,4.75,5.15,3.45,3.95,4,3.95,10546,86245.32,31.77,318600,101175,10323.05
NIFTY,27-Oct-2017,30-Nov-2017,CE,10950,6.95,7,3.25,3.45,3.6,3.45,309,2538.59,.92,23475,16050,10323.05
NIFTY,27-Oct-2017,30-Nov-2017,CE,11000,3.2,10,2.15,2.6,2.65,2.6,28022,231233.64,52.14,1539375,517500,10323.05
NIFTY,27-Oct-2017,30-Nov-2017,CE,9850,0,0,0,505,505,540.55,0,0,0,300,0,10323.05
NIFTY,27-Oct-2017,30-Nov-2017,CE,9900,490.45,505,470.55,479,480,479,547,4261.4,199.92,784425,975,10323.05
NIFTY,27-Oct-2017,30-Nov-2017,CE,9950,445.2,445.2,431,431,431,431,8,62.34,2.64,3750,0,10323.05
NIFTY,27-Oct-2017,30-Nov-2017,CE,10000,407.3,419.8,383.85,390.45,391.4,390.45,5385,42002.08,1614.58,1093650,-5550,10323.05
NIFTY,27-Oct-2017,30-Nov-2017,CE,10050,357.8,373.2,346,347,349.35,347,12,93.65,3.2,4200,-150,10323.05
NIFTY,27-Oct-2017,30-Nov-2017,CE,10100,325.1,335,301.6,310.55,311.15,310.55,5832,45575.58,1398.18,1206300,-111975,10323.05
NIFTY,27-Oct-2017,30-Nov-2017,CE,10150,281.4,293,266.5,271.4,271.3,271.4,99,774.6,20.96,21450,-600,10323.05
NIFTY,27-Oct-2017,30-Nov-2017,CE,10200,248.85,257.65,228,236.3,235.1,236.3,13193,103336.9,2410.45,1363500,-54825,10323.05
NIFTY,27-Oct-2017,30-Nov-2017,CE,10250,221.9,221.95,194,199.3,199.5,199.3,806,6320.7,124.57,54900,3225,10323.05
NIFTY,27-Oct-2017,30-Nov-2017,CE,10300,183.9,185.95,161.05,166.75,165.95,166.75,41386,325111.47,5404.62,2364900,73125,10323.05
NIFTY,27-Oct-2017,30-Nov-2017,CE,10350,143.15,156.3,133.25,138.4,139,138.4,7809,61459.01,841.65,244050,32700,10323.05
NIFTY,27-Oct-2017,30-Nov-2017,CE,10400,122.85,125,105.2,111.1,110.5,111.1,96603,761864.03,8360.63,2978025,496050,10323.05
NIFTY,27-Oct-2017,30-Nov-2017,CE,10450,108.65,108.7,82.5,87.25,88.65,87.25,8826,69775.41,601.63,209775,115350,10323.05
NIFTY,27-Oct-2017,30-Nov-2017,CE,10500,75.3,77.7,62.3,66.4,65.85,66.4,101293,802953.18,5270.81,3167850,449325,10323.05
NIFTY,27-Oct-2017,30-Nov-2017,CE,10550,56.85,58.8,46.05,49.65,49.75,49.65,3465,27551.78,134.96,60375,37500,10323.05
NIFTY,27-Oct-2017,30-Nov-2017,CE,10600,42.4,43.05,32.85,36.25,36.4,36.25,72818,580936.91,2033.81,2238150,258525,10323.05
NIFTY,27-Oct-2017,30-Nov-2017,CE,9600,770.25,781.2,747.3,754.55,755.6,754.55,429,3334.81,246.01,340950,-23025,10323.05
NIFTY,27-Oct-2017,30-Nov-2017,CE,9650,0,0,0,515.3,0,732,0,0,0,0,0,10323.05
NIFTY,27-Oct-2017,30-Nov-2017,CE,9700,677.2,687.4,654,660.75,661.15,660.75,166,1290.65,83,302400,-2775,10323.05
NIFTY,27-Oct-2017,30-Nov-2017,CE,9750,0,0,0,523,523,635.1,0,0,0,225,0,10323.05
NIFTY,27-Oct-2017,30-Nov-2017,CE,9800,577.75,595.2,559,566.25,566.45,566.25,515,4008.09,222.84,497250,-3750,10323.05
NIFTY,30-Oct-2017,30-Nov-2017,CE,10650,26.5,31.6,25.8,29.55,29.9,29.55,2420,19383.54,53.79,83400,8625,10363.65
NIFTY,30-Oct-2017,30-Nov-2017,CE,10700,19.5,22.15,17.25,20.45,20.85,20.45,53357,429009.58,819.65,2427600,-77850,10363.65
NIFTY,30-Oct-2017,30-Nov-2017,CE,10750,19.95,19.95,8.2,14.2,14.7,14.2,886,7152.64,9.27,47250,17700,10363.65
NIFTY,30-Oct-2017,30-Nov-2017,CE,10800,8.55,10,8,9.1,9,9.1,18633,151055.63,128.33,1061850,107925,10363.65
NIFTY,30-Oct-2017,30-Nov-2017,CE,10850,6,7.4,6,6.45,6.2,6.45,378,3077.83,1.86,22950,20700,10363.65
NIFTY,30-Oct-2017,30-Nov-2017,CE,10900,4.9,5.15,3.85,4.3,4.2,4.3,10981,89805.54,35.87,426075,107475,10363.65
NIFTY,30-Oct-2017,30-Nov-2017,CE,10950,4.45,4.45,3.35,3.6,3.8,3.6,144,1183,.4,22725,-750,10363.65
NIFTY,30-Oct-2017,30-Nov-2017,CE,11000,3.85,3.9,2.5,2.75,2.75,2.75,18665,154024.99,38.74,1662000,122625,10363.65
NIFTY,30-Oct-2017,30-Nov-2017,CE,9850,0,0,0,505,505,572.2,0,0,0,300,0,10363.65
NIFTY,30-Oct-2017,30-Nov-2017,CE,9900,495.3,519.45,495,507.15,506.5,507.15,484,3777.78,184.08,766950,-17475,10363.65
NIFTY,30-Oct-2017,30-Nov-2017,CE,9950,482.75,482.75,482.75,482.75,482.75,482.75,1,7.82,.36,3750,0,10363.65
NIFTY,30-Oct-2017,30-Nov-2017,CE,10000,410,429,405.95,419.3,422,419.3,3897,30451.94,1224.44,1037850,-55800,10363.65
NIFTY,30-Oct-2017,30-Nov-2017,CE,10050,383.85,383.85,362,371.2,371.2,371.2,7,54.69,1.93,4425,225,10363.65
NIFTY,30-Oct-2017,30-Nov-2017,CE,10100,320,344,315.85,334.2,337.5,334.2,3266,25559.75,819.8,1109850,-96450,10363.65
NIFTY,30-Oct-2017,30-Nov-2017,CE,10150,295.8,305.55,289,291.4,291,291.4,98,767.74,21.72,20100,-1350,10363.65
NIFTY,30-Oct-2017,30-Nov-2017,CE,10200,249.7,264.95,240.5,256.95,258.5,256.95,5777,45303.38,1109.33,1329450,-34050,10363.65
NIFTY,30-Oct-2017,30-Nov-2017,CE,10250,214,225.5,211,218.15,221.5,218.15,323,2535.98,52.92,57075,2175,10363.65
NIFTY,30-Oct-2017,30-Nov-2017,CE,10300,178,192.55,170.9,183.9,186.6,183.9,27976,219967.11,3852.51,2379075,14175,10363.65
NIFTY,30-Oct-2017,30-Nov-2017,CE,10350,169,169,140.4,153.4,152.9,153.4,4582,36092.28,524.5,229350,-14700,10363.65
NIFTY,30-Oct-2017,30-Nov-2017,CE,10400,124.05,129.95,113.7,123.1,125.8,123.1,76284,602072.99,7057.79,3251250,273225,10363.65
NIFTY,30-Oct-2017,30-Nov-2017,CE,10450,96.05,103.45,89.45,97.55,98.55,97.55,7405,58580.49,543.8,206700,-3075,10363.65
NIFTY,30-Oct-2017,30-Nov-2017,CE,10500,79.35,80,68,75,76,75,82488,654257.91,4664.91,2983875,-183975,10363.65
NIFTY,30-Oct-2017,30-Nov-2017,CE,10550,51.2,60.2,50,56,57.2,56,2608,20746.49,110.69,74325,13950,10363.65
NIFTY,30-Oct-2017,30-Nov-2017,CE,10600,39.05,44.75,30.75,41.4,42.2,41.4,61817,493376.77,1931.62,2259525,21375,10363.65
NIFTY,30-Oct-2017,30-Nov-2017,CE,9600,776.05,794.25,776.05,782.55,789,782.55,233,1815,137.4,325350,-15600,10363.65
NIFTY,30-Oct-2017,30-Nov-2017,CE,9650,0,0,0,515.3,0,766.7,0,0,0,0,0,10363.65
NIFTY,30-Oct-2017,30-Nov-2017,CE,9700,685.5,704.6,680.5,696.5,689.75,696.5,203,1582.46,105.64,296250,-6150,10363.65
NIFTY,30-Oct-2017,30-Nov-2017,CE,9750,0,0,0,523,523,668.65,0,0,0,225,0,10363.65
NIFTY,30-Oct-2017,30-Nov-2017,CE,9800,584.15,607.8,583,595.65,594,595.65,419,3267.23,187.58,473400,-23850,10363.65
NIFTY,31-Oct-2017,30-Nov-2017,CE,10650,30.15,30.15,23.4,27,28.25,27,1415,11330.21,27.89,99450,16050,10335.3
NIFTY,31-Oct-2017,30-Nov-2017,CE,10700,20.85,20.85,16,18.9,19.3,18.9,41302,332009.54,560.99,2190525,-237075,10335.3
NIFTY,31-Oct-2017,30-Nov-2017,CE,10750,14.7,14.9,10.8,13,13.65,13,783,6320.23,7.29,64050,16800,10335.3
NIFTY,31-Oct-2017,30-Nov-2017,CE,10800,8.95,9.1,7.2,8.65,8.9,8.65,17941,145432.41,110.31,1127250,65400,10335.3
NIFTY,31-Oct-2017,30-Nov-2017,CE,10850,5.8,6.5,5,6.4,6.3,6.4,577,4697.88,2.55,27750,4800,10335.3
NIFTY,31-Oct-2017,30-Nov-2017,CE,10900,4.3,4.4,3.6,4.2,4.3,4.2,8084,66110.77,24.07,500400,74325,10335.3
NIFTY,31-Oct-2017,30-Nov-2017,CE,10950,2.15,3.65,2.15,3.65,3.65,3.65,9,73.93,.02,22950,225,10335.3
NIFTY,31-Oct-2017,30-Nov-2017,CE,11000,2.75,2.9,2.2,2.7,2.65,2.7,20894,172414.86,39.36,1656750,-5250,10335.3
NIFTY,31-Oct-2017,30-Nov-2017,CE,9850,0,0,0,505,505,541.25,0,0,0,300,0,10335.3
NIFTY,31-Oct-2017,30-Nov-2017,CE,9900,491.6,505.3,475,490.95,490.15,490.95,443,3452.66,163.38,754425,-12525,10335.3
NIFTY,31-Oct-2017,30-Nov-2017,CE,9950,383.1,383.1,383.1,383.1,383.1,383.1,1,7.75,.29,3750,0,10335.3
NIFTY,31-Oct-2017,30-Nov-2017,CE,10000,411,416,386.8,402.75,406.35,402.75,1184,9237.05,357.05,1022475,-15375,10335.3
NIFTY,31-Oct-2017,30-Nov-2017,CE,10050,0,0,0,371.2,371.2,359.85,0,0,0,4425,0,10335.3
NIFTY,31-Oct-2017,30-Nov-2017,CE,10100,334.5,334.5,303.15,317.9,319.4,317.9,1102,8610.12,262.47,1095450,-14400,10335.3
NIFTY,31-Oct-2017,30-Nov-2017,CE,10150,274.85,290,266,279.5,280,279.5,97,758.81,20.4,19275,-825,10335.3
NIFTY,31-Oct-2017,30-Nov-2017,CE,10200,256.4,257.5,227.45,241.6,242.25,241.6,6533,51159.72,1182.27,1290600,-38850,10335.3
NIFTY,31-Oct-2017,30-Nov-2017,CE,10250,209.1,215.5,193.85,205.2,207.15,205.2,151,1183.88,23.07,54900,-2175,10335.3
NIFTY,31-Oct-2017,30-Nov-2017,CE,10300,183,183,158.7,171.35,172.5,171.35,34406,270195.12,4408.77,2411775,32700,10335.3
NIFTY,31-Oct-2017,30-Nov-2017,CE,10350,145.95,151.2,131.2,141.75,142.5,141.75,5806,45684.86,615.79,252975,23625,10335.3
NIFTY,31-Oct-2017,30-Nov-2017,CE,10400,121.55,124.25,103.05,113.65,114.25,113.65,84646,667402.73,7163.93,3249450,-1800,10335.3
NIFTY,31-Oct-2017,30-Nov-2017,CE,10450,98.25,98.3,80.5,89.55,90.45,89.55,7600,60064.45,499.45,280050,73350,10335.3
NIFTY,31-Oct-2017,30-Nov-2017,CE,10500,76,76,61.35,68.8,69.25,68.8,89203,706995.72,4522.1,3065250,81375,10335.3
NIFTY,31-Oct-2017,30-Nov-2017,CE,10550,53.1,55.2,45.5,51.6,51.8,51.6,2298,18269.77,86.84,89400,15075,10335.3
NIFTY,31-Oct-2017,30-Nov-2017,CE,10600,41.5,41.65,33.25,38,38,38,50980,406707.65,1416.65,2329275,69750,10335.3
NIFTY,31-Oct-2017,30-Nov-2017,CE,9600,773.9,783,748.4,767.8,770,767.8,159,1236.1,91.3,319050,-6300,10335.3
NIFTY,31-Oct-2017,30-Nov-2017,CE,9650,0,0,0,515.3,0,735.6,0,0,0,0,0,10335.3
NIFTY,31-Oct-2017,30-Nov-2017,CE,9700,678.35,680,654.85,671.95,676,671.95,75,583.24,37.62,295425,-825,10335.3
NIFTY,31-Oct-2017,30-Nov-2017,CE,9750,0,0,0,523,523,637.55,0,0,0,225,0,10335.3
NIFTY,31-Oct-2017,30-Nov-2017,CE,9800,580,596.45,562.15,583.6,582.8,583.6,611,4757.3,266.45,468075,-5325,10335.3
NIFTY,01-Nov-2017,30-Nov-2017,CE,10950,4.75,6.75,4.05,5.95,5.8,5.95,307,2522.35,1.12,16800,-6150,10440.5
NIFTY,01-Nov-2017,30-Nov-2017,CE,11000,2.9,4.5,2.7,4.1,4.05,4.1,30861,254688.15,84.9,1469400,-187350,10440.5
NIFTY,01-Nov-2017,30-Nov-2017,CE,10700,22.25,39.1,21.6,35.9,35.65,35.9,84347,678874.92,1990.25,2561925,371400,10440.5
NIFTY,01-Nov-2017,30-Nov-2017,CE,10750,15.75,27.9,14.5,25.15,25.35,25.15,2315,18703.06,38.37,64950,900,10440.5
NIFTY,01-Nov-2017,30-Nov-2017,CE,10800,10.6,19.25,9.85,17.2,17.25,17.2,49324,400086.31,561.91,1278900,151650,10440.5
NIFTY,01-Nov-2017,30-Nov-2017,CE,10850,7.45,13.6,6.7,12.05,12.3,12.05,1121,9130.75,8.61,42375,14625,10440.5
NIFTY,01-Nov-2017,30-Nov-2017,CE,10900,6.1,8.9,4.6,7.85,7.9,7.85,25600,209410.35,130.35,838725,338325,10440.5
NIFTY,01-Nov-2017,30-Nov-2017,CE,10450,100.5,146.9,100.45,139.45,139.35,139.45,11687,92715.01,1118.15,245775,-34275,10440.5
NIFTY,01-Nov-2017,30-Nov-2017,CE,10500,78.9,118.9,74,112,110.95,112,137811,1095751.73,10490.11,3423225,357975,10440.5
NIFTY,01-Nov-2017,30-Nov-2017,CE,10550,60.45,92.55,50.6,86.6,85.4,86.6,6610,52693.88,392.25,137175,47775,10440.5
NIFTY,01-Nov-2017,30-Nov-2017,CE,10600,44,71.25,42.5,66.25,65.8,66.25,112020,895581.25,5022.25,2065125,-264150,10440.5
NIFTY,01-Nov-2017,30-Nov-2017,CE,10650,30.4,53.15,30.35,49.15,49.1,49.15,4029,32313.81,132.17,80925,-18525,10440.5
NIFTY,01-Nov-2017,30-Nov-2017,CE,10200,266.2,331.95,264.4,321.4,318,321.4,7729,60916.48,1789.63,1150725,-139875,10440.5
NIFTY,01-Nov-2017,30-Nov-2017,CE,10250,205.1,285.5,205.1,280.35,276.25,280.35,387,3050.22,75.15,48075,-6825,10440.5
NIFTY,01-Nov-2017,30-Nov-2017,CE,10300,196.55,249.55,190.1,239.45,237.6,239.45,31803,251056.57,5378.39,2425350,13575,10440.5
NIFTY,01-Nov-2017,30-Nov-2017,CE,10350,155,213.45,155,203.85,200.95,203.85,3004,23730.41,411.86,180900,-72075,10440.5
NIFTY,01-Nov-2017,30-Nov-2017,CE,10400,131.45,179.45,126.1,170.7,168.7,170.7,88454,700287.65,10346.45,3160575,-88875,10440.5
NIFTY,01-Nov-2017,30-Nov-2017,CE,10000,411.1,512,411.1,496.3,491.7,496.3,4265,33530.56,1543.06,1020675,-1800,10440.5
NIFTY,01-Nov-2017,30-Nov-2017,CE,10050,439.3,450,430.65,450,450,450,3,23.6,.99,4425,0,10440.5
NIFTY,01-Nov-2017,30-Nov-2017,CE,10100,349.5,418.3,347.65,408.65,403.45,408.65,6714,52882.7,2024.15,992025,-103425,10440.5
NIFTY,01-Nov-2017,30-Nov-2017,CE,10150,321.65,369.9,321.65,369.9,369.9,369.9,14,110.19,3.61,19350,75,10440.5
NIFTY,01-Nov-2017,30-Nov-2017,CE,9700,711.05,785.7,711.05,777.35,772,777.35,260,2037.4,145.9,283800,-11625,10440.5
NIFTY,01-Nov-2017,30-Nov-2017,CE,9750,0,0,0,523,523,740.1,0,0,0,225,0,10440.5
NIFTY,01-Nov-2017,30-Nov-2017,CE,9800,610,706.25,610,687.65,677.5,687.65,795,6242.83,399.58,460200,-7875,10440.5
NIFTY,01-Nov-2017,30-Nov-2017,CE,9850,600.85,600.85,600.85,600.85,600.85,600.85,2,15.68,.9,300,0,10440.5
NIFTY,01-Nov-2017,30-Nov-2017,CE,9900,503.15,601.15,503.15,590.2,584.2,590.2,847,6653.64,364.66,728475,-25950,10440.5
NIFTY,01-Nov-2017,30-Nov-2017,CE,9950,0,0,0,383.1,383.1,546.8,0,0,0,3750,0,10440.5
NIFTY,01-Nov-2017,30-Nov-2017,CE,9600,824.15,883.5,824.15,875.1,877.1,875.1,108,847.53,69.93,315075,-3975,10440.5
NIFTY,01-Nov-2017,30-Nov-2017,CE,9650,0,0,0,515.3,0,838.75,0,0,0,0,0,10440.5
NIFTY,02-Nov-2017,30-Nov-2017,CE,10950,6,6,3.55,4.7,4.6,4.7,130,1068.08,.45,21825,5025,10423.8
NIFTY,02-Nov-2017,30-Nov-2017,CE,11000,5,5,2.75,3.3,3.4,3.3,22502,185694.39,52.89,1705725,236325,10423.8
NIFTY,02-Nov-2017,30-Nov-2017,CE,10700,32.25,32.25,23.15,27.8,28,27.8,66778,537277.56,1384.11,2600775,38850,10423.8
NIFTY,02-Nov-2017,30-Nov-2017,CE,10750,22.55,27,15.25,19.4,20,19.4,2354,19012.69,33.57,88125,23175,10423.8
NIFTY,02-Nov-2017,30-Nov-2017,CE,10800,14.6,15.75,10.3,13,13.15,13,35935,291414.1,340.6,1390125,111225,10423.8
NIFTY,02-Nov-2017,30-Nov-2017,CE,10850,11.5,11.5,7.3,9.2,9.2,9.2,801,6523.47,5.34,58725,16350,10423.8
NIFTY,02-Nov-2017,30-Nov-2017,CE,10900,7.65,7.65,4.75,5.8,6.25,5.8,22762,186178.66,99.31,953700,114975,10423.8
NIFTY,02-Nov-2017,30-Nov-2017,CE,10450,144,144,107.85,120,118,120,10092,80013.17,917.12,351000,105225,10423.8
NIFTY,02-Nov-2017,30-Nov-2017,CE,10500,105.35,108.55,83.35,94.55,94,94.55,121030,961719.81,8608.56,3236400,-186825,10423.8
NIFTY,02-Nov-2017,30-Nov-2017,CE,10550,72.6,80.25,62.75,72.05,71.9,72.05,6704,53411.8,366.4,132750,-4425,10423.8
NIFTY,02-Nov-2017,30-Nov-2017,CE,10600,63.05,63.15,45.9,53.9,53.95,53.9,83476,666997.4,3363.2,2343300,278175,10423.8
NIFTY,02-Nov-2017,30-Nov-2017,CE,10650,63.9,63.9,32.55,38.95,39.05,38.95,4008,32129.91,116.01,116625,35700,10423.8
NIFTY,02-Nov-2017,30-Nov-2017,CE,10200,300,313,280.05,297.45,297.3,297.45,3391,26703.82,762.67,1105800,-44925,10423.8
NIFTY,02-Nov-2017,30-Nov-2017,CE,10250,264,270.65,238.05,256.95,254,256.95,116,914.05,22.3,47700,-375,10423.8
NIFTY,02-Nov-2017,30-Nov-2017,CE,10300,224.95,233.75,201.5,217.15,215.8,217.15,16233,128076.91,2676.98,2381325,-44025,10423.8
NIFTY,02-Nov-2017,30-Nov-2017,CE,10350,184.45,195,168.9,183.05,183,183.05,1002,7915.15,137.12,181500,600,10423.8
NIFTY,02-Nov-2017,30-Nov-2017,CE,10400,168.85,168.85,135.95,150.05,148.15,150.05,56249,445099.69,6357.49,2930250,-230325,10423.8
NIFTY,02-Nov-2017,30-Nov-2017,CE,10000,480,487.75,452,473.75,470.3,473.75,1535,12056.09,543.59,997575,-23100,10423.8
NIFTY,02-Nov-2017,30-Nov-2017,CE,10050,0,0,0,450,450,435.3,0,0,0,4425,0,10423.8
NIFTY,02-Nov-2017,30-Nov-2017,CE,10100,390.15,398.8,364,383.6,380.55,383.6,2129,16741.16,613.98,934125,-57900,10423.8
NIFTY,02-Nov-2017,30-Nov-2017,CE,10150,353.8,354.55,331.85,331.85,331.85,331.85,7,55.11,1.82,19275,-75,10423.8
NIFTY,02-Nov-2017,30-Nov-2017,CE,9700,757,765.5,734.65,757.25,757.25,757.25,75,588.15,42.53,280500,-3300,10423.8
NIFTY,02-Nov-2017,30-Nov-2017,CE,9750,0,0,0,523,523,721.5,0,0,0,225,0,10423.8
NIFTY,02-Nov-2017,30-Nov-2017,CE,9800,658.15,676.3,639.45,655.9,654.25,655.9,528,4140.44,259.64,442725,-17475,10423.8
NIFTY,02-Nov-2017,30-Nov-2017,CE,9850,0,0,0,600.85,600.85,623.65,0,0,0,300,0,10423.8
NIFTY,02-Nov-2017,30-Nov-2017,CE,9900,570.3,583.3,547.4,568.5,566,568.5,465,3650.82,198.2,717525,-10950,10423.8
NIFTY,02-Nov-2017,30-Nov-2017,CE,9950,0,0,0,383.1,383.1,527.8,0,0,0,3750,0,10423.8
NIFTY,02-Nov-2017,30-Nov-2017,CE,9600,856.4,867.4,833.3,852.55,850.65,852.55,337,2641.07,214.67,319500,4425,10423.8
NIFTY,02-Nov-2017,30-Nov-2017,CE,9650,0,0,0,515.3,0,820.3,0,0,0,0,0,10423.8
NIFTY,03-Nov-2017,30-Nov-2017,CE,10950,4.7,4.7,3.85,4.4,4.2,4.4,166,1363.79,.52,25200,3375,10452.5
NIFTY,03-Nov-2017,30-Nov-2017,CE,11000,3.3,3.75,2.75,3.1,3,3.1,25570,211010.12,57.62,1782375,76650,10452.5
NIFTY,03-Nov-2017,30-Nov-2017,CE,10700,30.95,31.45,22.5,28.35,28.95,28.35,59469,478430.99,1192.26,2570100,-30675,10452.5
NIFTY,03-Nov-2017,30-Nov-2017,CE,10750,21.4,21.5,15.6,18.9,18.3,18.9,1039,8391.05,14.11,97275,9150,10452.5
NIFTY,03-Nov-2017,30-Nov-2017,CE,10800,13.9,17.1,10.5,12.35,12.55,12.35,47846,387977.51,424.91,2069775,679650,10452.5
NIFTY,03-Nov-2017,30-Nov-2017,CE,10850,10,10.25,6.9,8.5,8.4,8.5,652,5309.65,4,62775,4050,10452.5
NIFTY,03-Nov-2017,30-Nov-2017,CE,10900,7.5,7.5,5,5.7,5.8,5.7,18723,153137.06,76.54,978975,25275,10452.5
NIFTY,03-Nov-2017,30-Nov-2017,CE,10450,128.85,135,105.4,131.55,134.95,131.55,9416,74664.07,866.17,334350,-16650,10452.5
NIFTY,03-Nov-2017,30-Nov-2017,CE,10500,106.05,106.2,80.65,103.2,105.25,103.2,132082,1049550.07,9404.32,3056175,-180225,10452.5
NIFTY,03-Nov-2017,30-Nov-2017,CE,10550,79.75,80.55,62.05,78,79.05,78,6567,52319.78,358.39,134700,1950,10452.5
NIFTY,03-Nov-2017,30-Nov-2017,CE,10600,60.05,60.7,45.65,57.5,58.7,57.5,86199,688732.01,3449.96,2543250,199950,10452.5
NIFTY,03-Nov-2017,30-Nov-2017,CE,10650,42.65,42.7,32.75,40.6,40.7,40.6,5057,40537.25,144.47,137775,21150,10452.5
NIFTY,03-Nov-2017,30-Nov-2017,CE,10200,306.3,326.95,275.15,321.75,322.3,321.75,2952,23259.58,676.78,1112925,7125,10452.5
NIFTY,03-Nov-2017,30-Nov-2017,CE,10250,267.95,282.7,237.65,278.5,282.7,278.5,137,1080.11,26.92,46350,-1350,10452.5
NIFTY,03-Nov-2017,30-Nov-2017,CE,10300,233.1,242.85,198.3,237.5,238.25,237.5,11223,88565.46,1867.78,2362575,-18750,10452.5
NIFTY,03-Nov-2017,30-Nov-2017,CE,10350,194.15,204.9,165.8,199.8,204.9,199.8,2707,21391.13,378.04,189975,8475,10452.5
NIFTY,03-Nov-2017,30-Nov-2017,CE,10400,165.85,169.35,134,164.3,168.5,164.3,49441,391333.72,5693.92,2957700,27450,10452.5
NIFTY,03-Nov-2017,30-Nov-2017,CE,10000,483.3,506,448.8,502.3,504.9,502.3,1332,10472.34,482.34,982200,-15375,10452.5
NIFTY,03-Nov-2017,30-Nov-2017,CE,10050,435,435,412.4,420,420,420,5,39.27,1.59,4200,-225,10452.5
NIFTY,03-Nov-2017,30-Nov-2017,CE,10100,394.8,414.1,359.8,407.6,411,407.6,1457,11465.33,428.56,906450,-27675,10452.5
NIFTY,03-Nov-2017,30-Nov-2017,CE,10150,350,356,324.15,355,355,355,15,118.13,3.94,19050,-225,10452.5
NIFTY,03-Nov-2017,30-Nov-2017,CE,9700,760,786.5,729.25,783.55,786.5,783.55,405,3177.49,231.11,288375,7875,10452.5
NIFTY,03-Nov-2017,30-Nov-2017,CE,9750,0,0,0,523,523,748.05,0,0,0,225,0,10452.5
NIFTY,03-Nov-2017,30-Nov-2017,CE,9800,664.3,698.05,638.1,690,692.1,690,302,2371.6,151.9,440100,-2625,10452.5
NIFTY,03-Nov-2017,30-Nov-2017,CE,9850,0,0,0,600.85,600.85,649.55,0,0,0,300,0,10452.5
NIFTY,03-Nov-2017,30-Nov-2017,CE,9900,575.8,600.15,546,593.4,597,593.4,691,5429.58,298.91,694050,-23475,10452.5
NIFTY,03-Nov-2017,30-Nov-2017,CE,9950,0,0,0,383.1,383.1,552.55,0,0,0,3750,0,10452.5
NIFTY,03-Nov-2017,30-Nov-2017,CE,9600,860.9,887.35,827.45,879.65,887.35,879.65,211,1653.74,134.54,320100,600,10452.5
NIFTY,03-Nov-2017,30-Nov-2017,CE,9650,0,0,0,515.3,0,847.15,0,0,0,0,0,10452.5
NIFTY,06-Nov-2017,30-Nov-2017,CE,10950,4,14.9,3.4,4.55,4.5,4.55,483,3968.58,1.94,37875,12675,10451.8
NIFTY,06-Nov-2017,30-Nov-2017,CE,11000,3.05,3.6,2.4,3.15,3.05,3.15,34999,288824.06,82.31,1737450,-44925,10451.8
NIFTY,06-Nov-2017,30-Nov-2017,CE,10700,22.9,38.9,20,31.05,29,31.05,107617,866039.4,2412.98,2613225,43125,10451.8
NIFTY,06-Nov-2017,30-Nov-2017,CE,10750,16.3,26.6,13.8,20.5,19.95,20.5,5284,42684.74,82.49,121500,24225,10451.8
NIFTY,06-Nov-2017,30-Nov-2017,CE,10800,10.6,17,8.65,13.05,12.85,13.05,65093,527889.56,636.26,2301450,231675,10451.8
NIFTY,06-Nov-2017,30-Nov-2017,CE,10850,7.25,11,6.35,8.55,8.85,8.55,1522,12395.46,10.19,69150,6375,10451.8
NIFTY,06-Nov-2017,30-Nov-2017,CE,10900,5.9,7.2,4.25,5.75,5.6,5.75,29752,243350.11,127.51,956475,-22500,10451.8
NIFTY,06-Nov-2017,30-Nov-2017,CE,10450,128.5,160,106.4,138.5,135.15,138.5,10412,82638.74,1034.69,323925,-10425,10451.8
NIFTY,06-Nov-2017,30-Nov-2017,CE,10500,97,129,70.35,109.8,105.55,109.8,139683,1110991.94,10988.31,3286575,230400,10451.8
NIFTY,06-Nov-2017,30-Nov-2017,CE,10550,55.05,100,55.05,84.6,81,84.6,10518,83865.42,641.74,164625,29925,10451.8
NIFTY,06-Nov-2017,30-Nov-2017,CE,10600,45.6,75.75,42.45,62.65,60,62.65,120488,963390.92,5511.32,2807925,264675,10451.8
NIFTY,06-Nov-2017,30-Nov-2017,CE,10650,30.95,54.9,29.15,44.05,43.2,44.05,6822,54717.54,226.81,151650,13875,10451.8
NIFTY,06-Nov-2017,30-Nov-2017,CE,10200,300.9,359.95,285,331.9,321,331.9,2488,19636.96,603.76,1121850,8925,10451.8
NIFTY,06-Nov-2017,30-Nov-2017,CE,10250,250.4,311,249,279.55,278.45,279.55,94,742.17,19.54,46125,-225,10451.8
NIFTY,06-Nov-2017,30-Nov-2017,CE,10300,225,273.1,204.5,240.75,236.75,240.75,14509,114704.84,2622.81,2167575,-195000,10451.8
NIFTY,06-Nov-2017,30-Nov-2017,CE,10350,172.1,232.95,170,208.25,203.45,208.25,1332,10535.89,196.24,173400,-16575,10451.8
NIFTY,06-Nov-2017,30-Nov-2017,CE,10400,163.35,197.25,137,172.1,166,172.1,56582,448401.85,7062.25,3020550,62850,10451.8
NIFTY,06-Nov-2017,30-Nov-2017,CE,10000,468.4,541,460.4,508.05,499.9,508.05,861,6785.35,327.85,978525,-3675,10451.8
NIFTY,06-Nov-2017,30-Nov-2017,CE,10050,445,445,445,445,445,445,1,7.87,.33,4125,-75,10451.8
NIFTY,06-Nov-2017,30-Nov-2017,CE,10100,399.9,450,371.8,413.75,409.2,413.75,1617,12754.62,505.85,888450,-18000,10451.8
NIFTY,06-Nov-2017,30-Nov-2017,CE,10150,355,401,355,364.35,356.9,364.35,11,86.81,3.07,18975,-75,10451.8
NIFTY,06-Nov-2017,30-Nov-2017,CE,9700,755.9,825,743,779.9,779.35,779.9,67,527.16,39.74,286575,-1800,10451.8
NIFTY,06-Nov-2017,30-Nov-2017,CE,9750,0,0,0,523,523,742,0,0,0,225,0,10451.8
NIFTY,06-Nov-2017,30-Nov-2017,CE,9800,662.8,730,650,689.05,697.3,689.05,286,2249.01,146.91,423300,-16800,10451.8
NIFTY,06-Nov-2017,30-Nov-2017,CE,9850,0,0,0,600.85,600.85,643.05,0,0,0,300,0,10451.8
NIFTY,06-Nov-2017,30-Nov-2017,CE,9900,577.2,636,557.1,612.35,590,612.35,597,4703.38,270.65,674025,-20025,10451.8
NIFTY,06-Nov-2017,30-Nov-2017,CE,9950,0,0,0,383.1,383.1,545.15,0,0,0,3750,0,10451.8
NIFTY,06-Nov-2017,30-Nov-2017,CE,9600,847.85,921.2,847.85,899.75,879.5,899.75,326,2568.03,220.83,298275,-21825,10451.8
NIFTY,06-Nov-2017,30-Nov-2017,CE,9650,0,0,0,515.3,0,841.4,0,0,0,0,0,10451.8
NIFTY,07-Nov-2017,30-Nov-2017,CE,10950,5.45,6,2.7,3.95,3.9,3.95,599,4921.06,1.78,51375,13500,10350.15
NIFTY,07-Nov-2017,30-Nov-2017,CE,11000,3.7,3.8,2.05,2.75,2.75,2.75,55287,456229.27,111.52,1976925,239475,10350.15
NIFTY,07-Nov-2017,30-Nov-2017,CE,10700,33,37.75,13.9,19.6,20.75,19.6,166965,1342788.35,2894.22,3131550,518325,10350.15
NIFTY,07-Nov-2017,30-Nov-2017,CE,10750,23.15,27,8.4,14.5,14.5,14.5,6428,51904.17,78.42,186975,65475,10350.15
NIFTY,07-Nov-2017,30-Nov-2017,CE,10800,13.85,16.85,5.8,8.9,9.4,8.9,96616,783321.72,732.12,2359275,57825,10350.15
NIFTY,07-Nov-2017,30-Nov-2017,CE,10850,10.75,11,4.5,6.6,6.6,6.6,2109,17172.79,10.8,86100,16950,10350.15
NIFTY,07-Nov-2017,30-Nov-2017,CE,10900,6.2,7.35,3.2,4.5,4.65,4.5,59280,484824.69,210.69,1187175,230700,10350.15
NIFTY,07-Nov-2017,30-Nov-2017,CE,10450,144.85,154.95,82.55,97.6,99.25,97.6,20467,162081.29,1671.18,391425,67500,10350.15
NIFTY,07-Nov-2017,30-Nov-2017,CE,10500,112.85,124.65,61.15,74.6,76.3,74.6,269048,2136082.3,17329.3,4198125,911550,10350.15
NIFTY,07-Nov-2017,30-Nov-2017,CE,10550,93,96,44.35,55.8,56.65,55.8,23281,185385.09,1174.18,372675,208050,10350.15
NIFTY,07-Nov-2017,30-Nov-2017,CE,10600,69.35,73,31.5,40.55,41.5,40.55,203876,1628117.94,7303.74,3498375,690450,10350.15
NIFTY,07-Nov-2017,30-Nov-2017,CE,10650,48.35,53,21.1,28.85,28.6,28.85,12249,98141.78,302.89,211350,59700,10350.15
NIFTY,07-Nov-2017,30-Nov-2017,CE,10200,340,348.8,241.8,259.85,264,259.85,6764,53113.88,1369.28,1073625,-48225,10350.15
NIFTY,07-Nov-2017,30-Nov-2017,CE,10250,301.85,305,203.8,220.05,225,220.05,224,1760.04,38.04,48675,2550,10350.15
NIFTY,07-Nov-2017,30-Nov-2017,CE,10300,255.05,263.45,166.35,187.15,188,187.15,24871,195950.95,3822.47,2099250,-68325,10350.15
NIFTY,07-Nov-2017,30-Nov-2017,CE,10350,214.3,223,136,156.45,158,156.45,7243,57102.34,878.55,338250,164850,10350.15
NIFTY,07-Nov-2017,30-Nov-2017,CE,10400,180,189.5,107.05,124.55,126.75,124.55,96845,765400.16,10009.16,3269400,248850,10350.15
NIFTY,07-Nov-2017,30-Nov-2017,CE,10000,527,527,410,435,432.8,435,1697,13297.85,570.35,965550,-12975,10350.15
NIFTY,07-Nov-2017,30-Nov-2017,CE,10050,0,0,0,445,445,356.4,0,0,0,4125,0,10350.15
NIFTY,07-Nov-2017,30-Nov-2017,CE,10100,431.1,435.3,322.45,344.85,347,344.85,1717,13499.42,493.15,874650,-13800,10350.15
NIFTY,07-Nov-2017,30-Nov-2017,CE,10150,380,381,293.6,296.5,293.6,296.5,8,62.91,2.01,18975,0,10350.15
NIFTY,07-Nov-2017,30-Nov-2017,CE,9700,801.65,806,693.1,717.15,710,717.15,280,2190.68,153.68,282675,-3900,10350.15
NIFTY,07-Nov-2017,30-Nov-2017,CE,9750,0,0,0,523,523,639.6,0,0,0,225,0,10350.15
NIFTY,07-Nov-2017,30-Nov-2017,CE,9800,702.2,711,595,622.6,620.85,622.6,2173,17013.91,1042.36,306900,-116400,10350.15
NIFTY,07-Nov-2017,30-Nov-2017,CE,9850,0,0,0,600.85,600.85,542.05,0,0,0,300,0,10350.15
NIFTY,07-Nov-2017,30-Nov-2017,CE,9900,626.3,626.3,503.4,529.25,531.35,529.25,744,5833.69,309.49,669750,-4275,10350.15
NIFTY,07-Nov-2017,30-Nov-2017,CE,9950,0,0,0,383.1,383.1,446.95,0,0,0,3750,0,10350.15
NIFTY,07-Nov-2017,30-Nov-2017,CE,9600,902,902,788,812.75,811.85,812.75,1077,8395.05,640.65,236250,-62025,10350.15
NIFTY,07-Nov-2017,30-Nov-2017,CE,9650,0,0,0,515.3,0,738.45,0,0,0,0,0,10350.15
NIFTY,08-Nov-2017,30-Nov-2017,CE,10950,3.8,3.8,2.55,3,3,3,238,1955.15,.57,48900,-2475,10303.15
NIFTY,08-Nov-2017,30-Nov-2017,CE,11000,2.4,2.75,2.1,2.25,2.25,2.25,21743,179418.35,38.6,2043375,66450,10303.15
NIFTY,08-Nov-2017,30-Nov-2017,CE,10700,19.75,20.5,11,12.55,13.7,12.55,102547,824154.7,1215.02,2949825,-181725,10303.15
NIFTY,08-Nov-2017,30-Nov-2017,CE,10750,13.75,14,7.65,8.9,9.35,8.9,3752,30281.09,30.59,206400,19425,10303.15
NIFTY,08-Nov-2017,30-Nov-2017,CE,10800,9.35,9.5,5.15,5.8,5.95,5.8,56245,455886.96,302.46,2513325,154050,10303.15
NIFTY,08-Nov-2017,30-Nov-2017,CE,10850,5.95,7.4,4,4.55,4.95,4.55,1141,9289.72,4.83,100650,14550,10303.15
NIFTY,08-Nov-2017,30-Nov-2017,CE,10900,4.6,4.7,3,3.4,3.55,3.4,24867,203358.3,70.57,1327200,140025,10303.15
NIFTY,08-Nov-2017,30-Nov-2017,CE,10450,100.05,101.1,62,68.7,72.15,68.7,14418,113867.51,866.44,462525,71100,10303.15
NIFTY,08-Nov-2017,30-Nov-2017,CE,10500,76.5,78,45.3,50.75,54.6,50.75,202927,1607450.03,9399.91,4681725,483600,10303.15
NIFTY,08-Nov-2017,30-Nov-2017,CE,10550,55.05,58.35,32.1,36.75,39.8,36.75,10055,79897.93,337.74,434775,62100,10303.15
NIFTY,08-Nov-2017,30-Nov-2017,CE,10600,40.65,42.65,23,26.35,28.3,26.35,134594,1073293.83,3271.53,3799350,300975,10303.15
NIFTY,08-Nov-2017,30-Nov-2017,CE,10650,28.55,29.95,16,17.75,19.9,17.75,5838,46728.49,97.46,220950,9600,10303.15
NIFTY,08-Nov-2017,30-Nov-2017,CE,10200,262.25,271,200.5,214.4,222.85,214.4,5330,41680,905.5,1110750,37125,10303.15
NIFTY,08-Nov-2017,30-Nov-2017,CE,10250,217.95,230.5,166.8,177.95,184.45,177.95,430,3366.08,60.45,59175,10500,10303.15
NIFTY,08-Nov-2017,30-Nov-2017,CE,10300,185.7,193.5,133.05,143.55,149.4,143.55,40161,315012.09,4768.36,2501775,402525,10303.15
NIFTY,08-Nov-2017,30-Nov-2017,CE,10350,165,165,106.8,116.15,120.8,116.15,9345,73450.21,909.65,417300,79050,10303.15
NIFTY,08-Nov-2017,30-Nov-2017,CE,10400,125.85,129.5,82.3,90.95,95.85,90.95,142716,1124317.21,11132.41,3778500,509100,10303.15
NIFTY,08-Nov-2017,30-Nov-2017,CE,10000,432.1,442,363.5,380.25,390,380.25,2722,21220.64,805.64,959850,-5700,10303.15
NIFTY,08-Nov-2017,30-Nov-2017,CE,10050,378.8,389,352,352,352,352,5,39.1,1.41,4200,75,10303.15
NIFTY,08-Nov-2017,30-Nov-2017,CE,10100,350,355,278.65,291.55,298.15,291.55,2893,22575.34,660.86,874800,150,10303.15
NIFTY,08-Nov-2017,30-Nov-2017,CE,10150,288,295,273,273,273,273,5,39.13,1.07,18750,-225,10303.15
NIFTY,08-Nov-2017,30-Nov-2017,CE,9700,710.05,711,636,641.55,661,641.55,157,1221.47,79.3,278025,-4650,10303.15
NIFTY,08-Nov-2017,30-Nov-2017,CE,9750,0,0,0,523,523,591.25,0,0,0,225,0,10303.15
NIFTY,08-Nov-2017,30-Nov-2017,CE,9800,610.7,631.7,548.5,568,574.2,568,385,3001.46,171.71,298350,-8550,10303.15
NIFTY,08-Nov-2017,30-Nov-2017,CE,9850,0,0,0,600.85,600.85,494.2,0,0,0,300,0,10303.15
NIFTY,08-Nov-2017,30-Nov-2017,CE,9900,518.75,534.6,457.25,470.75,483,470.75,1467,11423.85,531.37,669000,-750,10303.15
NIFTY,08-Nov-2017,30-Nov-2017,CE,9950,0,0,0,383.1,383.1,400.3,0,0,0,3750,0,10303.15
NIFTY,08-Nov-2017,30-Nov-2017,CE,9600,791.25,806.7,742.15,750.05,767.15,750.05,205,1595.25,119.25,224475,-11775,10303.15
NIFTY,08-Nov-2017,30-Nov-2017,CE,9650,0,0,0,515.3,0,689.9,0,0,0,0,0,10303.15
NIFTY,09-Nov-2017,30-Nov-2017,CE,10950,2.75,3.25,2.05,2.65,2.6,2.65,136,1117.17,.27,50925,2025,10308.95
NIFTY,09-Nov-2017,30-Nov-2017,CE,11000,2.25,2.5,1.9,2.15,2.15,2.15,14598,120455.98,22.48,2015775,-27600,10308.95
NIFTY,09-Nov-2017,30-Nov-2017,CE,10700,14,15,8.55,11.75,12.75,11.75,74778,600711.23,617.78,3059250,109425,10308.95
NIFTY,09-Nov-2017,30-Nov-2017,CE,10750,10.25,11.05,6.05,8.15,8.95,8.15,2777,22406.01,16.45,214200,7800,10308.95
NIFTY,09-Nov-2017,30-Nov-2017,CE,10800,6.45,6.5,3.8,5.25,5.6,5.25,51373,416311.87,190.57,3020475,507150,10308.95
NIFTY,09-Nov-2017,30-Nov-2017,CE,10850,5.45,5.95,2.55,4.05,4.35,4.05,671,5462.21,1.95,104025,3375,10308.95
NIFTY,09-Nov-2017,30-Nov-2017,CE,10900,3.65,3.8,2.45,3.15,3.25,3.15,25465,208233.36,56.99,1446675,119475,10308.95
NIFTY,09-Nov-2017,30-Nov-2017,CE,10450,80,82.85,48.65,65.05,69.65,65.05,12512,98667.64,604.84,527700,65175,10308.95
NIFTY,09-Nov-2017,30-Nov-2017,CE,10500,62.5,62.55,35.1,47.5,50.6,47.5,172767,1366590.88,6050.76,4525875,-155850,10308.95
NIFTY,09-Nov-2017,30-Nov-2017,CE,10550,39.75,45.15,24.7,35.15,37,35.15,11355,90137.62,291.18,407250,-27525,10308.95
NIFTY,09-Nov-2017,30-Nov-2017,CE,10600,33.9,33.9,17.5,24.05,26.25,24.05,118568,944722.77,2107.17,3602325,-197025,10308.95
NIFTY,09-Nov-2017,30-Nov-2017,CE,10650,27.4,27.4,12.3,16.6,18.5,16.6,3703,29623.4,45.68,230400,9450,10308.95
NIFTY,09-Nov-2017,30-Nov-2017,CE,10200,240.05,243,175.15,211.85,223,211.85,8354,65171.52,1263.42,1113225,2475,10308.95
NIFTY,09-Nov-2017,30-Nov-2017,CE,10250,197,204.45,142.5,175.2,184.05,175.2,666,5201.96,82.08,56925,-2250,10308.95
NIFTY,09-Nov-2017,30-Nov-2017,CE,10300,159.75,171.3,112.1,140.45,149.75,140.45,63222,494798.89,6408.94,2581950,80175,10308.95
NIFTY,09-Nov-2017,30-Nov-2017,CE,10350,123.75,137,87.9,111.7,120,111.7,12421,97421.66,1003.65,493725,76425,10308.95
NIFTY,09-Nov-2017,30-Nov-2017,CE,10400,103,108.6,66,86.5,93.95,86.5,177387,1394886.24,11267.64,3859425,80925,10308.95
NIFTY,09-Nov-2017,30-Nov-2017,CE,9950,405,405,405,405,405,405,1,7.77,.3,3675,-75,10308.95
NIFTY,09-Nov-2017,30-Nov-2017,CE,10000,415,416.95,336,379.9,390.05,379.9,1732,13468.37,478.37,937275,-22575,10308.95
NIFTY,09-Nov-2017,30-Nov-2017,CE,10050,360,360,300,300,300,300,30,233.19,7.06,3450,-750,10308.95
NIFTY,09-Nov-2017,30-Nov-2017,CE,10100,319.8,327.3,250.55,294.95,303.45,294.95,3186,24821.44,687.49,872175,-2625,10308.95
NIFTY,09-Nov-2017,30-Nov-2017,CE,10150,279.25,279.25,215,262,262,262,35,272.73,6.29,18825,75,10308.95
NIFTY,09-Nov-2017,30-Nov-2017,CE,9750,0,0,0,523,523,594.95,0,0,0,225,0,10308.95
NIFTY,09-Nov-2017,30-Nov-2017,CE,9800,591.25,605.7,520,566.7,580.45,566.7,159,1236.34,67.69,291225,-7125,10308.95
NIFTY,09-Nov-2017,30-Nov-2017,CE,9850,0,0,0,600.85,600.85,497.2,0,0,0,300,0,10308.95
NIFTY,09-Nov-2017,30-Nov-2017,CE,9900,503.05,509.55,425,474.25,487.35,474.25,764,5935.56,262.86,672150,3150,10308.95
NIFTY,09-Nov-2017,30-Nov-2017,CE,9600,796.75,796.75,710.45,756.4,769.75,756.4,60,465.4,33.4,223050,-1425,10308.95
NIFTY,09-Nov-2017,30-Nov-2017,CE,9650,0,0,0,515.3,0,693.9,0,0,0,0,0,10308.95
NIFTY,09-Nov-2017,30-Nov-2017,CE,9700,696,696.6,607,653.2,665.5,653.2,201,1559.51,97.23,283800,5775,10308.95
NIFTY,10-Nov-2017,30-Nov-2017,CE,10950,2.4,2.55,2,2.4,2.4,2.4,62,509.28,.11,49800,-1125,10321.75
NIFTY,10-Nov-2017,30-Nov-2017,CE,11000,2.05,2.15,1.7,1.95,1.95,1.95,19628,161959.91,28.91,1859850,-155925,10321.75
NIFTY,10-Nov-2017,30-Nov-2017,CE,10700,10.85,12.7,7.2,9.4,9.8,9.4,74742,600337.64,533.09,3145800,86550,10321.75
NIFTY,10-Nov-2017,30-Nov-2017,CE,10750,6.9,8.65,3.1,6.55,6.55,6.55,2192,17683.91,10.91,228525,14325,10321.75
NIFTY,10-Nov-2017,30-Nov-2017,CE,10800,4.75,5.25,3.35,4,4.05,4,34293,277881.77,108.47,2959725,-60750,10321.75
NIFTY,10-Nov-2017,30-Nov-2017,CE,10850,3.3,4,2.75,3.4,3.4,3.4,649,5282.91,1.67,97800,-6225,10321.75
NIFTY,10-Nov-2017,30-Nov-2017,CE,10900,2.85,3.1,2.3,2.7,2.7,2.7,25416,207827.28,51.48,1337550,-109125,10321.75
NIFTY,10-Nov-2017,30-Nov-2017,CE,10450,50.95,70.3,41.55,56.2,58.4,56.2,26584,209466.19,1114.09,902400,374700,10321.75
NIFTY,10-Nov-2017,30-Nov-2017,CE,10500,48.95,52.2,30,40.4,42.65,40.4,210475,1663851.31,6360.69,4574625,48750,10321.75
NIFTY,10-Nov-2017,30-Nov-2017,CE,10550,39.25,39.25,21.35,29.4,30.4,29.4,11933,94684.62,264.75,372150,-35100,10321.75
NIFTY,10-Nov-2017,30-Nov-2017,CE,10600,20.8,26.7,14.85,19.65,20.9,19.65,135630,1080296.48,2037.98,3801525,199200,10321.75
NIFTY,10-Nov-2017,30-Nov-2017,CE,10650,15,18.45,9.45,12.9,14.15,12.9,4282,34246.66,44.19,242100,11700,10321.75
NIFTY,10-Nov-2017,30-Nov-2017,CE,10200,190.05,224,158.7,184.5,200.85,184.5,19048,148362.65,2645.45,1318350,205125,10321.75
NIFTY,10-Nov-2017,30-Nov-2017,CE,10250,164.5,183.95,128,155.55,167.65,155.55,2625,20481.98,302.3,63450,6525,10321.75
NIFTY,10-Nov-2017,30-Nov-2017,CE,10300,139.95,151,100.05,124.6,134,124.6,128273,1002798.4,11889.47,3270075,688125,10321.75
NIFTY,10-Nov-2017,30-Nov-2017,CE,10350,92.05,121,77,97.45,104.65,97.45,20939,164078.63,1539.64,535800,42075,10321.75
NIFTY,10-Nov-2017,30-Nov-2017,CE,10400,81.65,94.2,56.8,74.3,80.15,74.3,265699,2087252.8,14800.6,3754200,-105225,10321.75
NIFTY,10-Nov-2017,30-Nov-2017,CE,9950,0,0,0,405,405,411.05,0,0,0,3675,0,10321.75
NIFTY,10-Nov-2017,30-Nov-2017,CE,10000,371,393.6,313.7,358.5,367,358.5,3878,30097.14,1012.14,915525,-21750,10321.75
NIFTY,10-Nov-2017,30-Nov-2017,CE,10050,315,315,315,315,315,315,1,7.77,.24,3450,0,10321.75
NIFTY,10-Nov-2017,30-Nov-2017,CE,10100,264.25,305,231.05,268.05,280,268.05,2338,18174.12,463.77,854250,-17925,10321.75
NIFTY,10-Nov-2017,30-Nov-2017,CE,10150,220.55,248,195.05,228.4,240,228.4,34,264.67,5.85,18975,150,10321.75
NIFTY,10-Nov-2017,30-Nov-2017,CE,9750,0,0,0,523,523,605.6,0,0,0,225,0,10321.75
NIFTY,10-Nov-2017,30-Nov-2017,CE,9800,540,572,502,549.2,554.55,549.2,623,4826.12,247.07,271725,-19500,10321.75
NIFTY,10-Nov-2017,30-Nov-2017,CE,9850,0,0,0,600.85,600.85,507.25,0,0,0,300,0,10321.75
NIFTY,10-Nov-2017,30-Nov-2017,CE,9900,449.1,490.1,406.5,449.2,464.5,449.2,984,7632.94,326.74,668550,-3600,10321.75
NIFTY,10-Nov-2017,30-Nov-2017,CE,9600,735.3,779.95,692,748.4,748.4,748.4,150,1163.3,83.3,218100,-4950,10321.75
NIFTY,10-Nov-2017,30-Nov-2017,CE,9650,0,0,0,515.3,0,704.85,0,0,0,0,0,10321.75
NIFTY,10-Nov-2017,30-Nov-2017,CE,9700,635,676.05,598.85,639.55,646.8,639.55,152,1177.67,71.87,275700,-8100,10321.75
NIFTY,13-Nov-2017,30-Nov-2017,CE,10950,2,2.4,1.6,2,2.35,2,46,377.85,.07,50250,450,10224.95
NIFTY,13-Nov-2017,30-Nov-2017,CE,11000,1.9,2.05,1.7,1.75,1.8,1.75,12113,99948.59,16.34,1849725,-10125,10224.95
NIFTY,13-Nov-2017,30-Nov-2017,CE,10700,9.65,10.8,6.05,6.65,6.15,6.65,54563,438178.96,310.88,3559575,413775,10224.95
NIFTY,13-Nov-2017,30-Nov-2017,CE,10750,4.55,7.25,4,4.7,4.05,4.7,1797,14495.54,7.23,244725,16200,10224.95
NIFTY,13-Nov-2017,30-Nov-2017,CE,10800,4.45,4.65,2.95,3.15,3,3.15,21562,174708.7,56.5,2927475,-32250,10224.95
NIFTY,13-Nov-2017,30-Nov-2017,CE,10850,3.4,3.6,2,2.6,2.35,2.6,982,7993.1,2.07,89475,-8325,10224.95
NIFTY,13-Nov-2017,30-Nov-2017,CE,10900,2.75,2.9,2.15,2.25,2.2,2.25,13355,109201.05,23.93,1326300,-11250,10224.95
NIFTY,13-Nov-2017,30-Nov-2017,CE,10450,53.9,60.55,35.7,38,36,38,15539,122321.95,535.04,1038975,136575,10224.95
NIFTY,13-Nov-2017,30-Nov-2017,CE,10500,30.05,44.65,26,28.1,26.45,28.1,167271,1321471.35,4212.23,5523525,948900,10224.95
NIFTY,13-Nov-2017,30-Nov-2017,CE,10550,27.35,32,18.35,19.6,18.6,19.6,9085,72046.68,161.62,421275,49125,10224.95
NIFTY,13-Nov-2017,30-Nov-2017,CE,10600,19.05,22.55,12.3,13.5,12.5,13.5,97162,773623.25,1185.35,3819000,17475,10224.95
NIFTY,13-Nov-2017,30-Nov-2017,CE,10650,13.35,15.25,9,9.5,9.1,9.5,3114,24899.17,26.09,272175,30075,10224.95
NIFTY,13-Nov-2017,30-Nov-2017,CE,10250,155.4,168.7,115,119.1,116.65,119.1,4287,33382.63,426.32,150675,87225,10224.95
NIFTY,13-Nov-2017,30-Nov-2017,CE,10300,110.1,136.9,88.1,93.4,89.6,93.4,123169,961402.16,9921.63,4002900,732825,10224.95
NIFTY,13-Nov-2017,30-Nov-2017,CE,10350,90,106.75,67.1,72.05,67.3,72.05,18709,146395,1166.39,675375,139575,10224.95
NIFTY,13-Nov-2017,30-Nov-2017,CE,10400,65.3,82,50,53.15,50.05,53.15,196456,1541574.19,9217.39,4838850,1084650,10224.95
NIFTY,13-Nov-2017,30-Nov-2017,CE,9950,0,0,0,405,405,315.75,0,0,0,3675,0,10224.95
NIFTY,13-Nov-2017,30-Nov-2017,CE,10000,360.25,368.05,292.7,300.35,297,300.35,2971,23011.88,729.38,905400,-10125,10224.95
NIFTY,13-Nov-2017,30-Nov-2017,CE,10050,281,281,281,281,281,281,1,7.75,.21,3375,-75,10224.95
NIFTY,13-Nov-2017,30-Nov-2017,CE,10100,268.2,281.45,213,219.1,216.75,219.1,2618,20296.61,465.26,862350,8100,10224.95
NIFTY,13-Nov-2017,30-Nov-2017,CE,10150,239.95,240,178.5,184.4,181,184.4,41,318.01,5.9,18900,-75,10224.95
NIFTY,13-Nov-2017,30-Nov-2017,CE,10200,171,202.4,143.5,148.8,145.55,148.8,18596,144591.97,2332.57,1343925,25575,10224.95
NIFTY,13-Nov-2017,30-Nov-2017,CE,9750,0,0,0,523,523,504.8,0,0,0,225,0,10224.95
NIFTY,13-Nov-2017,30-Nov-2017,CE,9800,546.4,552.8,473,480.4,474.75,480.4,273,2109.42,102.87,271050,-675,10224.95
NIFTY,13-Nov-2017,30-Nov-2017,CE,9850,0,0,0,600.85,600.85,408.15,0,0,0,300,0,10224.95
NIFTY,13-Nov-2017,30-Nov-2017,CE,9900,452.75,452.75,380,386.55,386.15,386.55,740,5725.17,230.67,681000,12450,10224.95
NIFTY,13-Nov-2017,30-Nov-2017,CE,9600,726,726,675,675,675,675,144,1113.47,76.67,213525,-4575,10224.95
NIFTY,13-Nov-2017,30-Nov-2017,CE,9650,0,0,0,515.3,0,603.45,0,0,0,0,0,10224.95
NIFTY,13-Nov-2017,30-Nov-2017,CE,9700,633.75,645.85,563.6,573.9,564.65,573.9,159,1228.04,71.32,267975,-7725,10224.95
NIFTY,14-Nov-2017,30-Nov-2017,CE,11000,1.7,1.85,1.35,1.5,1.35,1.5,15689,129451.91,17.66,1779975,-69750,10186.6
NIFTY,14-Nov-2017,30-Nov-2017,CE,10700,5.3,5.95,4.15,4.5,4.25,4.5,48486,389275.08,174.93,3539475,-20100,10186.6
NIFTY,14-Nov-2017,30-Nov-2017,CE,10750,4.1,4.3,3.2,3.35,3.2,3.35,1632,13162.37,4.37,240150,-4575,10186.6
NIFTY,14-Nov-2017,30-Nov-2017,CE,10800,2.85,3,2.15,2.4,2.2,2.4,25988,210552.26,49.46,2537325,-390150,10186.6
NIFTY,14-Nov-2017,30-Nov-2017,CE,10850,2.35,2.35,1.8,2.15,2.05,2.15,1108,9018.15,1.8,61875,-27600,10186.6
NIFTY,14-Nov-2017,30-Nov-2017,CE,10900,2.05,2.1,1.65,1.85,1.75,1.85,14484,118426.65,19.95,1333125,6825,10186.6
NIFTY,14-Nov-2017,30-Nov-2017,CE,10950,1.2,2.3,1.2,1.8,1.8,1.8,59,484.61,.07,49500,-750,10186.6
NIFTY,14-Nov-2017,30-Nov-2017,CE,10500,25.4,26,17.55,19,18.15,19,157047,1239224.93,2479.81,5631975,108450,10186.6
NIFTY,14-Nov-2017,30-Nov-2017,CE,10550,18.1,18.1,12.05,12.9,12.5,12.9,7484,59297.86,80.71,423150,1875,10186.6
NIFTY,14-Nov-2017,30-Nov-2017,CE,10600,12.35,12.65,8.1,8.75,8.35,8.75,62126,494357.82,456.12,3598200,-220800,10186.6
NIFTY,14-Nov-2017,30-Nov-2017,CE,10650,8.3,8.5,6.05,6.45,6.4,6.45,4766,38093.5,25.07,283575,11400,10186.6
NIFTY,14-Nov-2017,30-Nov-2017,CE,10250,110.1,116,90.95,95.7,94,95.7,14272,110808.54,1092.54,249675,99000,10186.6
NIFTY,14-Nov-2017,30-Nov-2017,CE,10300,88.65,89.9,68.55,72.1,70.05,72.1,206974,1610996.75,12122.6,4375650,372750,10186.6
NIFTY,14-Nov-2017,30-Nov-2017,CE,10350,60.2,67.35,50.6,52.9,51.65,52.9,17550,137003.32,771.45,837000,161625,10186.6
NIFTY,14-Nov-2017,30-Nov-2017,CE,10400,50.9,50.9,36.55,38.35,37.45,38.35,199888,1565484.51,6358.11,4916700,77850,10186.6
NIFTY,14-Nov-2017,30-Nov-2017,CE,10450,33.95,34.95,25.1,26.1,25.4,26.1,26154,205563.65,581.67,920625,-118350,10186.6
NIFTY,14-Nov-2017,30-Nov-2017,CE,9950,327,327,300,300,300,300,5,38.48,1.17,3525,-150,10186.6
NIFTY,14-Nov-2017,30-Nov-2017,CE,10000,287.6,300.9,260,263.9,265.2,263.9,4087,31497.82,845.32,872175,-33225,10186.6
NIFTY,14-Nov-2017,30-Nov-2017,CE,10050,248,248,222.4,227.6,237.9,227.6,5,38.56,.87,3075,-300,10186.6
NIFTY,14-Nov-2017,30-Nov-2017,CE,10100,207.7,217.55,180.9,185.95,185.65,185.95,8249,63691.68,1205.51,875550,13200,10186.6
NIFTY,14-Nov-2017,30-Nov-2017,CE,10150,169.35,180.7,146.55,150.75,147.85,150.75,1281,9904.56,152.94,26625,7725,10186.6
NIFTY,14-Nov-2017,30-Nov-2017,CE,10200,140,146.25,116.85,121.55,120,121.55,63861,494745.46,6208.81,1633500,289575,10186.6
NIFTY,14-Nov-2017,30-Nov-2017,CE,9750,0,0,0,523,523,465,0,0,0,225,0,10186.6
NIFTY,14-Nov-2017,30-Nov-2017,CE,9800,459.95,481.4,439.3,443.25,442,443.25,310,2383.38,104.88,261375,-9675,10186.6
NIFTY,14-Nov-2017,30-Nov-2017,CE,9850,0,0,0,600.85,600.85,368.9,0,0,0,300,0,10186.6
NIFTY,14-Nov-2017,30-Nov-2017,CE,9900,376.75,391,346.7,352.15,351.75,352.15,1166,8975.4,317.85,667575,-13425,10186.6
NIFTY,14-Nov-2017,30-Nov-2017,CE,9600,663,671.65,632,632,632,632,302,2320.12,145.72,199800,-13725,10186.6
NIFTY,14-Nov-2017,30-Nov-2017,CE,9650,0,0,0,515.3,0,563.45,0,0,0,0,0,10186.6
NIFTY,14-Nov-2017,30-Nov-2017,CE,9700,555.65,571,530,534.85,537,534.85,394,3030.24,163.89,257400,-10575,10186.6
NIFTY,15-Nov-2017,30-Nov-2017,CE,10950,2,2,0.75,1.55,1.5,1.55,136,1117.05,.15,48675,-825,10118.05
NIFTY,15-Nov-2017,30-Nov-2017,CE,11000,1.45,1.45,1.3,1.35,1.35,1.35,10474,86421.32,10.82,1716825,-63150,10118.05
NIFTY,15-Nov-2017,30-Nov-2017,CE,10750,3,3,2.05,2.25,2.2,2.25,3149,25394.48,5.67,236025,-4125,10118.05
NIFTY,15-Nov-2017,30-Nov-2017,CE,10800,1.8,2.1,1.7,1.9,1.85,1.9,14460,117146.52,20.52,2367075,-170250,10118.05
NIFTY,15-Nov-2017,30-Nov-2017,CE,10850,0.4,2.65,0.35,1.75,1.8,1.75,456,3711.3,.6,60000,-1875,10118.05
NIFTY,15-Nov-2017,30-Nov-2017,CE,10900,1.6,1.75,1.5,1.75,1.65,1.75,8904,72801.16,10.96,1186200,-146925,10118.05
NIFTY,15-Nov-2017,30-Nov-2017,CE,10500,14.35,16,7.65,9.15,9.8,9.15,132043,1040906.99,1068.37,5825100,193125,10118.05
NIFTY,15-Nov-2017,30-Nov-2017,CE,10550,10.1,10.5,5.65,6.7,6.95,6.7,8530,67543.26,49.63,436725,13575,10118.05
NIFTY,15-Nov-2017,30-Nov-2017,CE,10600,6.05,9.8,3.8,4.35,4.6,4.35,65378,520007.5,252.4,3602400,4200,10118.05
NIFTY,15-Nov-2017,30-Nov-2017,CE,10650,5.4,5.4,3.05,3.45,3.75,3.45,3820,30523.75,11.5,273000,-10575,10118.05
NIFTY,15-Nov-2017,30-Nov-2017,CE,10700,3.6,4,2.55,2.8,2.8,2.8,45916,368579.6,103.7,3126450,-413025,10118.05
NIFTY,15-Nov-2017,30-Nov-2017,CE,10250,90,90,46.65,54.85,58.45,54.85,22936,177404.26,1083.76,410100,160425,10118.05
NIFTY,15-Nov-2017,30-Nov-2017,CE,10300,61,64.4,32.95,39.5,42,39.5,248937,1931641.57,8603.24,4832025,456375,10118.05
NIFTY,15-Nov-2017,30-Nov-2017,CE,10350,44,44,22.9,27.55,29.7,27.55,22021,171479.25,541.24,893175,56175,10118.05
NIFTY,15-Nov-2017,30-Nov-2017,CE,10400,31.05,34.1,15.8,19.05,20.45,19.05,206089,1611037.8,3543.6,5045850,129150,10118.05
NIFTY,15-Nov-2017,30-Nov-2017,CE,10450,22.05,22.05,10.9,13.45,14.15,13.45,23049,180928.89,282.35,806700,-113925,10118.05
NIFTY,15-Nov-2017,30-Nov-2017,CE,9950,230,230,223,223.05,223.05,223.05,11,83.95,1.87,3600,75,10118.05
NIFTY,15-Nov-2017,30-Nov-2017,CE,10000,242,242,178,195.2,204.1,195.2,9968,76322.86,1562.86,960225,88050,10118.05
NIFTY,15-Nov-2017,30-Nov-2017,CE,10050,195.85,195.85,149.95,154.8,170,154.8,381,2916.36,44.57,8925,5850,10118.05
NIFTY,15-Nov-2017,30-Nov-2017,CE,10100,161,164.9,112.75,127.9,134,127.9,45676,350684.86,4689.16,1282500,406950,10118.05
NIFTY,15-Nov-2017,30-Nov-2017,CE,10150,131,132.25,86.75,99.9,104.9,99.9,12143,93420.57,981.98,183975,157350,10118.05
NIFTY,15-Nov-2017,30-Nov-2017,CE,10200,109.75,109.75,63.9,74.3,79.1,74.3,225722,1740904.36,14131.06,3393225,1759725,10118.05
NIFTY,15-Nov-2017,30-Nov-2017,CE,9750,410,411.45,410,410.75,411.45,410.75,2,15.24,.62,375,150,10118.05
NIFTY,15-Nov-2017,30-Nov-2017,CE,9800,412,414.25,344.9,371.95,378.05,371.95,912,6972.02,268.82,252300,-9075,10118.05
NIFTY,15-Nov-2017,30-Nov-2017,CE,9850,0,0,0,600.85,600.85,303.1,0,0,0,300,0,10118.05
NIFTY,15-Nov-2017,30-Nov-2017,CE,9900,319.9,326.75,257.55,279.4,294.55,279.4,2720,20806.23,610.23,657975,-9600,10118.05
NIFTY,15-Nov-2017,30-Nov-2017,CE,9600,604.4,604.4,540,557.65,561,557.65,171,1304.05,72.85,198750,-1050,10118.05
NIFTY,15-Nov-2017,30-Nov-2017,CE,9650,0,0,0,515.3,0,493.8,0,0,0,0,0,10118.05
NIFTY,15-Nov-2017,30-Nov-2017,CE,9700,502.1,505,435,455,468.75,455,854,6522.93,310.08,265500,8100,10118.05
NIFTY,16-Nov-2017,30-Nov-2017,CE,11000,1.35,1.55,1.2,1.45,1.55,1.45,7580,62542.64,7.64,1604325,-112500,10214.75
NIFTY,16-Nov-2017,30-Nov-2017,CE,10750,2.25,3.1,2,2.65,2.8,2.65,1433,11556.13,2.57,246975,10950,10214.75
NIFTY,16-Nov-2017,30-Nov-2017,CE,10800,2.1,4.5,1.65,2.25,2.3,2.25,12876,104313.7,18.1,2361900,-5175,10214.75
NIFTY,16-Nov-2017,30-Nov-2017,CE,10850,1.2,2.15,1.05,2.15,2.1,2.15,86,699.94,.12,60300,300,10214.75
NIFTY,16-Nov-2017,30-Nov-2017,CE,10900,1.75,1.9,1.5,1.85,1.9,1.85,6227,50913.5,7.77,1216350,30150,10214.75
NIFTY,16-Nov-2017,30-Nov-2017,CE,10950,1.5,1.8,1.5,1.8,1.8,1.8,30,246.41,.04,49425,750,10214.75
NIFTY,16-Nov-2017,30-Nov-2017,CE,10500,9.1,17,8.5,15.25,17,15.25,104595,824652.41,966.79,5448975,-376125,10214.75
NIFTY,16-Nov-2017,30-Nov-2017,CE,10550,7.05,11.6,5.9,10.4,11.5,10.4,6860,54321.59,41.84,385800,-50925,10214.75
NIFTY,16-Nov-2017,30-Nov-2017,CE,10600,4.6,7.45,3.85,6.75,7.45,6.75,42950,341623.59,171.09,3463650,-138750,10214.75
NIFTY,16-Nov-2017,30-Nov-2017,CE,10650,3.75,5.45,3.15,5.05,5.4,5.05,2457,19632.78,7.49,289875,16875,10214.75
NIFTY,16-Nov-2017,30-Nov-2017,CE,10700,2.25,3.9,2.05,3.6,3.8,3.6,28638,229883.33,63.38,3022875,-103575,10214.75
NIFTY,16-Nov-2017,30-Nov-2017,CE,10250,60.3,92.45,54.7,84,92.25,84,27029,209222.52,1437.09,593775,183675,10214.75
NIFTY,16-Nov-2017,30-Nov-2017,CE,10300,42.85,69,38.65,62.7,68.8,62.7,236863,1838942.3,9175.63,4145925,-686100,10214.75
NIFTY,16-Nov-2017,30-Nov-2017,CE,10350,30.25,50,26.4,45.35,50,45.35,30042,234022.92,821.89,814050,-79125,10214.75
NIFTY,16-Nov-2017,30-Nov-2017,CE,10400,22.3,35.8,18.3,32.05,35.05,32.05,177787,1390167.08,3428.48,4457250,-588600,10214.75
NIFTY,16-Nov-2017,30-Nov-2017,CE,10450,14.15,25,12.45,22.65,25,22.65,16582,130173.22,211.8,571350,-235350,10214.75
NIFTY,16-Nov-2017,30-Nov-2017,CE,9950,304.7,324,304.7,320.15,324,320.15,5,38.51,1.2,3600,0,10214.75
NIFTY,16-Nov-2017,30-Nov-2017,CE,10000,212.8,283.7,201.4,267.25,280.45,267.25,8174,62752.44,1447.44,867000,-93225,10214.75
NIFTY,16-Nov-2017,30-Nov-2017,CE,10050,169.85,233.65,167.9,222.4,233,222.4,133,1021.58,19.1,3900,-5025,10214.75
NIFTY,16-Nov-2017,30-Nov-2017,CE,10100,130.15,196,129.55,182.85,194.5,182.85,45632,351053.56,5391.16,1117200,-165300,10214.75
NIFTY,16-Nov-2017,30-Nov-2017,CE,10150,112.9,156.5,98.5,146.15,155.65,146.15,10901,83949.63,965.77,192825,8850,10214.75
NIFTY,16-Nov-2017,30-Nov-2017,CE,10200,78.65,122.85,75.05,112.85,122.45,112.85,219442,1694327.94,15596.64,3201975,-191250,10214.75
NIFTY,16-Nov-2017,30-Nov-2017,CE,9750,521.6,521.6,521.6,521.6,521.6,521.6,1,7.7,.39,375,0,10214.75
NIFTY,16-Nov-2017,30-Nov-2017,CE,9800,387.4,468.35,379.4,451.05,466.65,451.05,1100,8436.72,351.72,236475,-15825,10214.75
NIFTY,16-Nov-2017,30-Nov-2017,CE,9850,0,0,0,600.85,600.85,392.4,0,0,0,300,0,10214.75
NIFTY,16-Nov-2017,30-Nov-2017,CE,9900,298.85,374,285,361.05,373.25,361.05,2125,16275.27,497.15,663750,5775,10214.75
NIFTY,16-Nov-2017,30-Nov-2017,CE,9600,581,665.3,573.55,663.2,665.3,663.2,60,459.03,27.03,198075,-675,10214.75
NIFTY,16-Nov-2017,30-Nov-2017,CE,9650,0,0,0,515.3,0,588.2,0,0,0,0,0,10214.75
NIFTY,16-Nov-2017,30-Nov-2017,CE,9700,485,560,470,540.45,560,540.45,348,2661.51,129.81,250050,-15450,10214.75
NIFTY,17-Nov-2017,30-Nov-2017,CE,10950,2.45,2.45,1.7,1.75,1.7,1.75,142,1166.39,.22,50325,900,10283.6
NIFTY,17-Nov-2017,30-Nov-2017,CE,11000,4.4,4.4,1.5,1.7,1.65,1.7,15589,128629.75,20.5,1633425,29100,10283.6
NIFTY,17-Nov-2017,30-Nov-2017,CE,10750,6.65,6.65,2.55,3.9,2.55,3.9,2271,18317.68,7.74,226125,-20850,10283.6
NIFTY,17-Nov-2017,30-Nov-2017,CE,10800,2.3,3.95,1.1,2.85,2.5,2.85,25180,204018.36,60.36,2409600,47700,10283.6
NIFTY,17-Nov-2017,30-Nov-2017,CE,10850,3.1,3.15,2.2,2.3,2.25,2.3,370,3011.66,.78,68700,8400,10283.6
NIFTY,17-Nov-2017,30-Nov-2017,CE,10900,2.55,2.95,1.95,2.1,2.05,2.1,16053,131259.82,26.55,1300575,84225,10283.6
NIFTY,17-Nov-2017,30-Nov-2017,CE,10500,28,35.2,18.55,22.5,19.4,22.5,220740,1743135.22,4807.72,5995650,546675,10283.6
NIFTY,17-Nov-2017,30-Nov-2017,CE,10550,16,33.45,12.8,15.6,13.5,15.6,11415,90491.06,169.87,419400,33600,10283.6
NIFTY,17-Nov-2017,30-Nov-2017,CE,10600,11,24.4,8.1,10.25,8.85,10.25,117604,936145.5,1193.7,4274850,811200,10283.6
NIFTY,17-Nov-2017,30-Nov-2017,CE,10650,10.65,11.45,6,7.2,6.1,7.2,4923,39357.11,34.65,278775,-11100,10283.6
NIFTY,17-Nov-2017,30-Nov-2017,CE,10700,5.1,9.9,4.35,5.2,4.5,5.2,65481,525792.92,307.89,3134475,111600,10283.6
NIFTY,17-Nov-2017,30-Nov-2017,CE,10250,150,158.3,105.1,114.5,108,114.5,9978,77767.72,1061.85,390975,-202800,10283.6
NIFTY,17-Nov-2017,30-Nov-2017,CE,10300,94.15,124.8,79,88.35,80.5,88.35,191834,1497343.67,15426.02,3724275,-421650,10283.6
NIFTY,17-Nov-2017,30-Nov-2017,CE,10350,80,94.25,56.75,63.85,58.85,63.85,38541,301477.9,2303.39,847050,33000,10283.6
NIFTY,17-Nov-2017,30-Nov-2017,CE,10400,59.7,70.9,39,46.85,40.55,46.85,302675,2374142.26,13277.26,4879950,422700,10283.6
NIFTY,17-Nov-2017,30-Nov-2017,CE,10450,46.35,55,27.4,31.75,28.3,31.75,19807,155851.55,614.19,565425,-5925,10283.6
NIFTY,17-Nov-2017,30-Nov-2017,CE,9950,428.4,428.4,428.4,428.4,428.4,428.4,1,7.78,.32,3525,-75,10283.6
NIFTY,17-Nov-2017,30-Nov-2017,CE,10000,352.65,380.35,303.1,322.45,307.4,322.45,6736,52319.77,1799.77,678300,-188700,10283.6
NIFTY,17-Nov-2017,30-Nov-2017,CE,10050,299.05,327.1,255.25,271.4,255.25,271.4,31,240.75,7.09,3600,-300,10283.6
NIFTY,17-Nov-2017,30-Nov-2017,CE,10100,240.4,287.05,218.15,233.05,220.95,233.05,11814,91825.86,2334.81,819225,-297975,10283.6
NIFTY,17-Nov-2017,30-Nov-2017,CE,10150,208,238.15,174.9,186.3,178.05,186.3,1715,13334.86,279.42,161325,-31500,10283.6
NIFTY,17-Nov-2017,30-Nov-2017,CE,10200,180,199.95,140.65,152.65,144.3,152.65,76916,598759.64,10352.24,2056200,-1145775,10283.6
NIFTY,17-Nov-2017,30-Nov-2017,CE,9750,560.6,560.6,560.6,560.6,560.6,560.6,2,15.47,.84,300,-75,10283.6
NIFTY,17-Nov-2017,30-Nov-2017,CE,9800,560.8,570.4,499,515.4,499,515.4,320,2484.32,132.32,223125,-13350,10283.6
NIFTY,17-Nov-2017,30-Nov-2017,CE,9850,0,0,0,600.85,600.85,457.1,0,0,0,300,0,10283.6
NIFTY,17-Nov-2017,30-Nov-2017,CE,9900,440.25,478,399.05,412.25,403.7,412.25,1207,9375.89,413.92,628350,-35400,10283.6
NIFTY,17-Nov-2017,30-Nov-2017,CE,9600,755,761.05,693.5,706.5,693.5,706.5,90,697.91,49.91,193275,-4800,10283.6
NIFTY,17-Nov-2017,30-Nov-2017,CE,9650,0,0,0,515.3,0,655.15,0,0,0,0,0,10283.6
NIFTY,17-Nov-2017,30-Nov-2017,CE,9700,655.75,668.85,594.5,611.9,598.85,611.9,627,4865.75,304.32,218700,-31350,10283.6
NIFTY,20-Nov-2017,30-Nov-2017,CE,9600,716.4,725,700,725,725,725,6,46.41,3.21,193125,-150,10298.75
NIFTY,20-Nov-2017,30-Nov-2017,CE,9650,0,0,0,515.3,0,665.3,0,0,0,0,0,10298.75
NIFTY,20-Nov-2017,30-Nov-2017,CE,9700,603.55,636.45,600.9,620.25,617,620.25,68,526.23,31.53,216150,-2550,10298.75
NIFTY,20-Nov-2017,30-Nov-2017,CE,9750,0,0,0,560.6,560.6,565.5,0,0,0,300,0,10298.75
NIFTY,20-Nov-2017,30-Nov-2017,CE,9800,490.55,534.65,490.55,523.1,523,523.1,149,1152.6,57.45,216450,-6675,10298.75
NIFTY,20-Nov-2017,30-Nov-2017,CE,9850,0,0,0,600.85,600.85,466.05,0,0,0,300,0,10298.75
NIFTY,20-Nov-2017,30-Nov-2017,CE,9900,415.15,441.7,394,422.1,425.2,422.1,1791,13864.46,566.28,583725,-44625,10298.75
NIFTY,20-Nov-2017,30-Nov-2017,CE,9950,380,380,380,380,380,380,1,7.75,.29,3450,-75,10298.75
NIFTY,20-Nov-2017,30-Nov-2017,CE,10000,302.85,347,295.45,326.8,329,326.8,2281,17657.39,549.89,663450,-14850,10298.75
NIFTY,20-Nov-2017,30-Nov-2017,CE,10050,256.5,284.15,252.75,283.6,283,283.6,8,61.92,1.62,3525,-75,10298.75
NIFTY,20-Nov-2017,30-Nov-2017,CE,10100,223.25,254,206.65,236.4,240.5,236.4,5449,42214.94,938.77,717225,-102000,10298.75
NIFTY,20-Nov-2017,30-Nov-2017,CE,10150,172.85,207.05,164.5,195.75,195.45,195.75,668,5181.01,95.86,133425,-27900,10298.75
NIFTY,20-Nov-2017,30-Nov-2017,CE,10200,141.9,169.05,129.6,155.5,154.65,155.5,43748,339577.61,4905.41,1923525,-132675,10298.75
NIFTY,20-Nov-2017,30-Nov-2017,CE,10250,106.15,129,95.55,118.95,118.45,118.95,7132,55434.16,606.91,276975,-114000,10298.75
NIFTY,20-Nov-2017,30-Nov-2017,CE,10300,77.85,98.95,68.75,88.1,89.4,88.1,195502,1522705.44,12452.49,4031025,306750,10298.75
NIFTY,20-Nov-2017,30-Nov-2017,CE,10350,56.5,72.6,48.35,63.6,64.65,63.6,24899,194408.81,1130.32,991350,144300,10298.75
NIFTY,20-Nov-2017,30-Nov-2017,CE,10400,42.35,52.85,33,45.45,46.6,45.45,230993,1809280.96,7535.56,5104050,224100,10298.75
NIFTY,20-Nov-2017,30-Nov-2017,CE,10450,29.95,36.8,22.55,31.7,31.75,31.7,10728,84315.99,235.29,580875,15450,10298.75
NIFTY,20-Nov-2017,30-Nov-2017,CE,10500,19.3,25.2,15,21.6,22,21.6,154121,1216029.35,2326.48,6404400,408750,10298.75
NIFTY,20-Nov-2017,30-Nov-2017,CE,10550,13.3,17,10,14.05,15.2,14.05,8308,65821.31,84.26,449850,30450,10298.75
NIFTY,20-Nov-2017,30-Nov-2017,CE,10600,9.45,11.3,6.5,9.55,9.75,9.55,89912,715393.95,593.55,4250850,-24000,10298.75
NIFTY,20-Nov-2017,30-Nov-2017,CE,10650,5.45,7.85,4.35,6.15,6.8,6.15,3369,26924.81,14.92,309075,30300,10298.75
NIFTY,20-Nov-2017,30-Nov-2017,CE,10700,6.35,6.35,3.05,4.25,4.45,4.25,45251,363280.78,141.5,3062550,-71925,10298.75
NIFTY,20-Nov-2017,30-Nov-2017,CE,10750,2.95,4.2,2.55,3.4,4,3.4,2195,17702.68,5.49,244725,18600,10298.75
NIFTY,20-Nov-2017,30-Nov-2017,CE,10800,3,3.05,1.9,2.5,2.55,2.5,16510,133761.07,30.07,2504400,94800,10298.75
NIFTY,20-Nov-2017,30-Nov-2017,CE,10850,1.75,2.4,1.75,2.25,2.2,2.25,185,1505.74,.3,66075,-2625,10298.75
NIFTY,20-Nov-2017,30-Nov-2017,CE,10900,1.8,2.2,1.3,1.8,1.9,1.8,8423,68869.29,11.27,1366950,66375,10298.75
NIFTY,20-Nov-2017,30-Nov-2017,CE,10950,1.7,2.45,0.8,1.85,1.7,1.85,18,147.85,.02,50625,300,10298.75
NIFTY,20-Nov-2017,30-Nov-2017,CE,11000,1.35,1.7,1.3,1.55,1.6,1.55,10046,82890.43,10.93,1593300,-40125,10298.75
NIFTY,21-Nov-2017,30-Nov-2017,CE,9600,759,780.7,740,756.1,756.05,756.1,38,295.49,21.89,190800,-2325,10326.9
NIFTY,21-Nov-2017,30-Nov-2017,CE,9650,0,0,0,515.3,0,691.8,0,0,0,0,0,10326.9
NIFTY,21-Nov-2017,30-Nov-2017,CE,9700,657.85,686.3,636.55,647,647,647,74,575.37,37.02,212025,-4125,10326.9
NIFTY,21-Nov-2017,30-Nov-2017,CE,9750,0,0,0,560.6,560.6,591.95,0,0,0,300,0,10326.9
NIFTY,21-Nov-2017,30-Nov-2017,CE,9800,556.8,585.95,538.45,548.35,546.9,548.35,474,3686.65,202.75,190575,-25875,10326.9
NIFTY,21-Nov-2017,30-Nov-2017,CE,9850,0,0,0,600.85,600.85,492.2,0,0,0,300,0,10326.9
NIFTY,21-Nov-2017,30-Nov-2017,CE,9900,482.2,490.3,439.55,453.1,452.55,453.1,1000,7774.27,349.27,543525,-40200,10326.9
NIFTY,21-Nov-2017,30-Nov-2017,CE,9950,430,430,430,430,430,430,2,15.57,.65,3450,0,10326.9
NIFTY,21-Nov-2017,30-Nov-2017,CE,10000,359,390,343,355.7,359.25,355.7,1453,11302.75,405.25,647850,-15600,10326.9
NIFTY,21-Nov-2017,30-Nov-2017,CE,10050,338,338,297.1,297.1,297.1,297.1,3,23.31,.7,3450,-75,10326.9
NIFTY,21-Nov-2017,30-Nov-2017,CE,10100,263,294,247,264.95,257.6,264.95,4378,34059.07,895.72,658575,-58650,10326.9
NIFTY,21-Nov-2017,30-Nov-2017,CE,10150,218.1,244.95,203.85,216.05,213.5,216.05,341,2653.81,57.95,130050,-3375,10326.9
NIFTY,21-Nov-2017,30-Nov-2017,CE,10200,170.1,205,162.5,175.95,173,175.95,29660,231021.41,4122.41,1470000,-453525,10326.9
NIFTY,21-Nov-2017,30-Nov-2017,CE,10250,135,161,122.3,133.2,134.85,133.2,2821,21990.2,303.77,240675,-36300,10326.9
NIFTY,21-Nov-2017,30-Nov-2017,CE,10300,101,125,90.5,101,99,101,135670,1059210.48,11159.73,3343125,-687900,10326.9
NIFTY,21-Nov-2017,30-Nov-2017,CE,10350,75.05,92.5,63.7,72.9,70.95,72.9,28829,225515.5,1730.38,914775,-76575,10326.9
NIFTY,21-Nov-2017,30-Nov-2017,CE,10400,52,67,43.1,51.2,50,51.2,245522,1925536.92,10465.32,5000100,-103950,10326.9
NIFTY,21-Nov-2017,30-Nov-2017,CE,10450,37,46.1,28.8,34.5,33.95,34.5,19578,154006.66,564.08,673500,92625,10326.9
NIFTY,21-Nov-2017,30-Nov-2017,CE,10500,24.1,31.15,18.9,22.6,21.75,22.6,170534,1346261.76,3306.51,6163500,-240900,10326.9
NIFTY,21-Nov-2017,30-Nov-2017,CE,10550,17.65,19.9,11.75,14.1,13.55,14.1,14411,114204.8,177.76,463050,13200,10326.9
NIFTY,21-Nov-2017,30-Nov-2017,CE,10600,12.45,13,7.25,8.65,8.2,8.65,90087,716885.99,694.34,3996975,-253875,10326.9
NIFTY,21-Nov-2017,30-Nov-2017,CE,10650,7.95,8,4.8,5.45,5.45,5.45,5823,46539.34,28.13,303150,-5925,10326.9
NIFTY,21-Nov-2017,30-Nov-2017,CE,10700,4.8,5.3,3.1,3.55,3.65,3.55,55095,442311.96,174.59,2794875,-267675,10326.9
NIFTY,21-Nov-2017,30-Nov-2017,CE,10750,4.05,4.1,2.3,2.65,2.7,2.65,1852,14936.1,4.35,239700,-5025,10326.9
NIFTY,21-Nov-2017,30-Nov-2017,CE,10800,2.25,2.9,1.75,1.95,1.9,1.95,18120,146801.78,29.78,2404275,-100125,10326.9
NIFTY,21-Nov-2017,30-Nov-2017,CE,10850,2.75,2.8,1.45,1.7,1.65,1.7,320,2604.44,.44,60150,-5925,10326.9
NIFTY,21-Nov-2017,30-Nov-2017,CE,10900,1.95,2.15,1.3,1.55,1.35,1.55,9119,74558.54,10.71,1432650,65700,10326.9
NIFTY,21-Nov-2017,30-Nov-2017,CE,10950,0.65,1.65,0.45,1.1,1.1,1.1,40,328.53,.03,48750,-1875,10326.9
NIFTY,21-Nov-2017,30-Nov-2017,CE,11000,1.95,1.95,1.05,1.2,1.1,1.2,10408,85875.93,9.93,1598400,5100,10326.9
NIFTY,22-Nov-2017,30-Nov-2017,CE,9600,760,765.2,733.8,753.25,755.45,753.25,32,248.48,18.08,189225,-1575,10342.3
NIFTY,22-Nov-2017,30-Nov-2017,CE,9650,0,0,0,515.3,0,705.55,0,0,0,0,0,10342.3
NIFTY,22-Nov-2017,30-Nov-2017,CE,9700,685.15,685.15,630.3,652.95,653.85,652.95,188,1460.26,92.56,207225,-4800,10342.3
NIFTY,22-Nov-2017,30-Nov-2017,CE,9750,0,0,0,560.6,560.6,605.7,0,0,0,300,0,10342.3
NIFTY,22-Nov-2017,30-Nov-2017,CE,9800,580,582.5,524.2,555.7,556,555.7,760,5906.76,320.76,176175,-14400,10342.3
NIFTY,22-Nov-2017,30-Nov-2017,CE,9850,516.8,516.8,515.95,515.95,515.95,515.95,2,15.55,.77,150,-150,10342.3
NIFTY,22-Nov-2017,30-Nov-2017,CE,9900,481,481,425,460.8,459.05,460.8,209,1623.57,71.75,537900,-5625,10342.3
NIFTY,22-Nov-2017,30-Nov-2017,CE,9950,0,0,0,430,430,406.3,0,0,0,3450,0,10342.3
NIFTY,22-Nov-2017,30-Nov-2017,CE,10000,380,389.95,327.45,359,364.4,359,945,7342.74,255.24,633900,-13950,10342.3
NIFTY,22-Nov-2017,30-Nov-2017,CE,10050,307,310,307,310,310,310,2,15.54,.46,3450,0,10342.3
NIFTY,22-Nov-2017,30-Nov-2017,CE,10100,283.45,293.25,235.05,266.05,265.85,266.05,2619,20356.75,517.83,625200,-33375,10342.3
NIFTY,22-Nov-2017,30-Nov-2017,CE,10150,232.85,241.75,190,217.75,219.8,217.75,257,1997.54,41.13,126825,-3225,10342.3
NIFTY,22-Nov-2017,30-Nov-2017,CE,10200,193,203,152.25,177.9,179,177.9,21796,169636.49,2897.09,1299375,-170625,10342.3
NIFTY,22-Nov-2017,30-Nov-2017,CE,10250,150.45,157.85,115,134.15,135,134.15,2970,23132.43,300.55,242400,1725,10342.3
NIFTY,22-Nov-2017,30-Nov-2017,CE,10300,114.95,121.1,83.65,100.7,100.95,100.7,151122,1178901.45,11484,2994000,-349125,10342.3
NIFTY,22-Nov-2017,30-Nov-2017,CE,10350,83.85,88.35,57.6,70.7,70.15,70.7,35055,273998.27,1883.83,975075,60300,10342.3
NIFTY,22-Nov-2017,30-Nov-2017,CE,10400,61.05,62.95,38.15,48,47,48,301863,2365581.5,11050.1,5237325,237225,10342.3
NIFTY,22-Nov-2017,30-Nov-2017,CE,10450,40.1,44.4,23.9,30.45,29.7,30.45,39148,307765.05,942.6,1113300,439800,10342.3
NIFTY,22-Nov-2017,30-Nov-2017,CE,10500,26.75,29.25,15.8,19.9,19.35,19.9,195302,1541000.43,2997.18,6133425,-30075,10342.3
NIFTY,22-Nov-2017,30-Nov-2017,CE,10550,19.5,20,9.7,12.15,11.65,12.15,17309,137118.81,161.35,541275,78225,10342.3
NIFTY,22-Nov-2017,30-Nov-2017,CE,10600,9.9,11.85,5.8,7.2,6.75,7.2,90514,720095.34,509.04,4133625,136650,10342.3
NIFTY,22-Nov-2017,30-Nov-2017,CE,10650,4.35,6.4,3.6,4.25,4,4.25,6465,51661.55,22.36,282825,-20325,10342.3
NIFTY,22-Nov-2017,30-Nov-2017,CE,10700,3.85,3.95,2.05,2.7,2.55,2.7,45485,365116.64,99.51,2705850,-89025,10342.3
NIFTY,22-Nov-2017,30-Nov-2017,CE,10750,2.7,2.8,1.5,1.75,1.5,1.75,1176,9483.27,1.77,234225,-5475,10342.3
NIFTY,22-Nov-2017,30-Nov-2017,CE,10800,1.8,1.9,1.05,1.4,1.3,1.4,18296,148218.37,20.77,2258025,-146250,10342.3
NIFTY,22-Nov-2017,30-Nov-2017,CE,10850,1.35,1.55,0.8,1.3,1.3,1.3,99,805.72,.1,58575,-1575,10342.3
NIFTY,22-Nov-2017,30-Nov-2017,CE,10900,1.45,1.5,0.95,1.15,1.05,1.15,9973,81538.66,9.39,1411950,-20700,10342.3
NIFTY,22-Nov-2017,30-Nov-2017,CE,10950,1.1,1.1,1,1,1,1,43,353.17,.03,46650,-2100,10342.3
NIFTY,22-Nov-2017,30-Nov-2017,CE,11000,0.75,1.3,0.75,0.9,0.85,0.9,7731,63786.5,5.75,1503750,-94650,10342.3
NIFTY,23-Nov-2017,30-Nov-2017,CE,9600,750.8,781.5,713.6,760,767,760,110,853.21,61.21,184125,-5100,10348.75
NIFTY,23-Nov-2017,30-Nov-2017,CE,9650,0,0,0,515.3,0,710.35,0,0,0,0,0,10348.75
NIFTY,23-Nov-2017,30-Nov-2017,CE,9700,659.15,677.6,617.5,666.75,666.75,666.75,207,1607.77,101.85,195300,-11925,10348.75
NIFTY,23-Nov-2017,30-Nov-2017,CE,9750,0,0,0,560.6,560.6,610.45,0,0,0,300,0,10348.75
NIFTY,23-Nov-2017,30-Nov-2017,CE,9800,544.35,579.75,513,567.15,568.45,567.15,176,1367.25,73.65,170700,-5475,10348.75
NIFTY,23-Nov-2017,30-Nov-2017,CE,9850,0,0,0,515.95,515.95,510.6,0,0,0,150,0,10348.75
NIFTY,23-Nov-2017,30-Nov-2017,CE,9900,450.25,488.45,417,468.15,470.7,468.15,1065,8275.14,367.52,499575,-38325,10348.75
NIFTY,23-Nov-2017,30-Nov-2017,CE,9950,0,0,0,430,430,410.8,0,0,0,3450,0,10348.75
NIFTY,23-Nov-2017,30-Nov-2017,CE,10000,361.45,386,318,367.85,374.75,367.85,1227,9519.85,317.35,610875,-23025,10348.75
NIFTY,23-Nov-2017,30-Nov-2017,CE,10050,272.2,312,272.2,309.4,306.75,309.4,3,23.28,.67,3375,-75,10348.75
NIFTY,23-Nov-2017,30-Nov-2017,CE,10100,267,290.25,224.95,269.05,276.8,269.05,4704,36528.05,895.25,546375,-78825,10348.75
NIFTY,23-Nov-2017,30-Nov-2017,CE,10150,218.9,240,177,218.85,229.55,218.85,1473,11451.84,238.63,45525,-81300,10348.75
NIFTY,23-Nov-2017,30-Nov-2017,CE,10200,178.9,199,140,180.95,185.9,180.95,21169,164619.51,2676.66,1223025,-76350,10348.75
NIFTY,23-Nov-2017,30-Nov-2017,CE,10250,142.2,153.75,101.55,137.15,140,137.15,3421,26613.45,314.51,255300,12900,10348.75
NIFTY,23-Nov-2017,30-Nov-2017,CE,10300,105.7,116.9,65.75,101,103.95,101,167084,1302454.53,11730.63,2988450,-5550,10348.75
NIFTY,23-Nov-2017,30-Nov-2017,CE,10350,72.2,82.6,45.45,68.35,71,68.35,59313,463256.03,2838.87,1300650,325575,10348.75
NIFTY,23-Nov-2017,30-Nov-2017,CE,10400,48.95,56,28.55,46.55,47.5,46.55,339792,2661180.86,10803.26,5043900,-193425,10348.75
NIFTY,23-Nov-2017,30-Nov-2017,CE,10450,29.75,35.95,16,29.1,29,29.1,62727,492862.91,1240.05,1129575,16275,10348.75
NIFTY,23-Nov-2017,30-Nov-2017,CE,10500,19.9,22.2,9.5,17.75,17.95,17.75,229324,1808688.81,2762.31,6298875,165450,10348.75
NIFTY,23-Nov-2017,30-Nov-2017,CE,10550,6.9,12.5,5.2,9.75,9.55,9.75,35335,279826.29,238.1,677625,136350,10348.75
NIFTY,23-Nov-2017,30-Nov-2017,CE,10600,5.1,7,3,5.35,5.3,5.35,96085,764243.08,367.33,4544625,411000,10348.75
NIFTY,23-Nov-2017,30-Nov-2017,CE,10650,3.5,4,1.8,2.8,2.5,2.8,7188,57429.22,15.07,342300,59475,10348.75
NIFTY,23-Nov-2017,30-Nov-2017,CE,10700,1.25,2.4,1.25,1.95,1.85,1.95,40872,328055.93,58.13,2569650,-136200,10348.75
NIFTY,23-Nov-2017,30-Nov-2017,CE,10750,1.3,1.5,0.9,1.2,1,1.2,1414,11401.69,1.31,226275,-7950,10348.75
NIFTY,23-Nov-2017,30-Nov-2017,CE,10800,1.25,1.35,0.7,0.9,0.7,0.9,13176,106735.12,9.52,2124600,-133425,10348.75
NIFTY,23-Nov-2017,30-Nov-2017,CE,10850,0.55,1.25,0.55,0.85,1,0.85,123,1000.99,.08,53250,-5325,10348.75
NIFTY,23-Nov-2017,30-Nov-2017,CE,10900,0.95,1,0.65,0.8,0.65,0.8,6770,55349.01,4.26,1335150,-76800,10348.75
NIFTY,23-Nov-2017,30-Nov-2017,CE,10950,0.25,0.75,0.15,0.65,0.65,0.65,65,533.84,.03,42075,-4575,10348.75
NIFTY,23-Nov-2017,30-Nov-2017,CE,11000,0.8,0.9,0.6,0.7,0.6,0.7,8892,73363.69,4.69,1359075,-144675,10348.75
NIFTY,24-Nov-2017,30-Nov-2017,CE,9600,775.9,818.6,775.9,804.95,812.3,804.95,507,3954.3,303.9,158475,-25650,10389.7
NIFTY,24-Nov-2017,30-Nov-2017,CE,9650,0,0,0,515.3,0,749.6,0,0,0,0,0,10389.7
NIFTY,24-Nov-2017,30-Nov-2017,CE,9700,682.05,716,681,704.95,704.95,704.95,119,928.72,63,188700,-6600,10389.7
NIFTY,24-Nov-2017,30-Nov-2017,CE,9750,0,0,0,560.6,560.6,649.7,0,0,0,300,0,10389.7
NIFTY,24-Nov-2017,30-Nov-2017,CE,9800,561.85,614.95,561.8,602.1,601.95,602.1,130,1013.58,58.08,165300,-5400,10389.7
NIFTY,24-Nov-2017,30-Nov-2017,CE,9850,0,0,0,515.95,515.95,549.8,0,0,0,150,0,10389.7
NIFTY,24-Nov-2017,30-Nov-2017,CE,9900,471.8,522,471.8,507.7,514.9,507.7,768,5994.45,292.05,464025,-35550,10389.7
NIFTY,24-Nov-2017,30-Nov-2017,CE,9950,461.2,461.2,461.2,461.2,461.2,461.2,20,156.17,6.92,3450,0,10389.7
NIFTY,24-Nov-2017,30-Nov-2017,CE,10000,368.8,425,368.8,410.8,413,410.8,969,7561.76,294.26,590625,-20250,10389.7
NIFTY,24-Nov-2017,30-Nov-2017,CE,10050,371,371,370.95,370.95,370.95,370.95,6,46.89,1.67,3375,0,10389.7
NIFTY,24-Nov-2017,30-Nov-2017,CE,10100,272.8,327.3,271.7,313.45,317.7,313.45,4178,32605.12,956.77,522900,-23475,10389.7
NIFTY,24-Nov-2017,30-Nov-2017,CE,10150,227.1,277.8,227.1,262.75,270.1,262.75,244,1904.25,46.8,40275,-5250,10389.7
NIFTY,24-Nov-2017,30-Nov-2017,CE,10200,185.05,232,178.95,217.15,224.2,217.15,15204,118709.93,2399.33,1042650,-180375,10389.7
NIFTY,24-Nov-2017,30-Nov-2017,CE,10250,145.45,184.65,136.55,170.3,175,170.3,3107,24268.35,383.28,205800,-49500,10389.7
NIFTY,24-Nov-2017,30-Nov-2017,CE,10300,100.05,144.95,99.15,129.4,133,129.4,117957,922172.52,10954.7,2133000,-855450,10389.7
NIFTY,24-Nov-2017,30-Nov-2017,CE,10350,70.6,102,67.55,90.1,93.5,90.1,37103,290426.68,2414.64,698700,-601950,10389.7
NIFTY,24-Nov-2017,30-Nov-2017,CE,10400,47,69,44,59.7,61.6,59.7,297466,2333261.67,13026.87,4695750,-348150,10389.7
NIFTY,24-Nov-2017,30-Nov-2017,CE,10450,27,42.2,26.4,36.45,37.2,36.45,59357,466813.42,1602.93,1036425,-93150,10389.7
NIFTY,24-Nov-2017,30-Nov-2017,CE,10500,15.4,24.5,15.4,20.8,21.5,20.8,246865,1947925.09,3863.21,5950725,-348150,10389.7
NIFTY,24-Nov-2017,30-Nov-2017,CE,10550,9.7,12.65,8.55,10.7,11.25,10.7,37309,295509.72,302.26,907650,230025,10389.7
NIFTY,24-Nov-2017,30-Nov-2017,CE,10600,4.4,6.45,4.4,5.55,5.6,5.55,117574,935206.1,492.8,4280475,-264150,10389.7
NIFTY,24-Nov-2017,30-Nov-2017,CE,10650,2,3.25,2,2.8,2.65,2.8,7782,62174.84,16.11,348825,6525,10389.7
NIFTY,24-Nov-2017,30-Nov-2017,CE,10700,1.6,1.9,1.3,1.7,1.75,1.7,48292,387604.63,61.33,2405850,-163800,10389.7
NIFTY,24-Nov-2017,30-Nov-2017,CE,10750,0.2,1.5,0.2,1.05,1.2,1.05,1823,14699.52,1.58,230250,3975,10389.7
NIFTY,24-Nov-2017,30-Nov-2017,CE,10800,0.65,0.85,0.6,0.7,0.7,0.7,15567,126100.83,8.13,2070750,-53850,10389.7
NIFTY,24-Nov-2017,30-Nov-2017,CE,10850,0.55,0.8,0.5,0.65,0.8,0.65,80,651.04,.04,50850,-2400,10389.7
NIFTY,24-Nov-2017,30-Nov-2017,CE,10900,0.8,0.8,0.35,0.5,0.4,0.5,13485,110245.42,5.55,826425,-508725,10389.7
NIFTY,24-Nov-2017,30-Nov-2017,CE,10950,0.45,0.8,0.2,0.35,0.35,0.35,102,837.7,.03,36375,-5700,10389.7
NIFTY,24-Nov-2017,30-Nov-2017,CE,11000,0.7,0.75,0.35,0.4,0.35,0.4,7486,61762.05,2.55,1317825,-41250,10389.7
NIFTY,27-Nov-2017,30-Nov-2017,CE,9600,763,820.65,755.55,817.2,818.1,817.2,331,2575.73,192.53,144075,-14400,10399.55
NIFTY,27-Nov-2017,30-Nov-2017,CE,9650,0,0,0,515.3,0,754.55,0,0,0,0,0,10399.55
NIFTY,27-Nov-2017,30-Nov-2017,CE,9700,660,716.75,651.6,714.25,711.85,714.25,1266,9840.16,630.01,138150,-50550,10399.55
NIFTY,27-Nov-2017,30-Nov-2017,CE,9750,0,0,0,560.6,560.6,654.6,0,0,0,300,0,10399.55
NIFTY,27-Nov-2017,30-Nov-2017,CE,9800,560.5,620,555,613,616.35,613,482,3748.38,205.68,142650,-22650,10399.55
NIFTY,27-Nov-2017,30-Nov-2017,CE,9850,0,0,0,515.95,515.95,554.65,0,0,0,150,0,10399.55
NIFTY,27-Nov-2017,30-Nov-2017,CE,9900,465.4,521.45,453.2,514.8,518,514.8,2085,16214.87,733.75,396225,-67800,10399.55
NIFTY,27-Nov-2017,30-Nov-2017,CE,9950,0,0,0,461.2,461.2,454.7,0,0,0,3450,0,10399.55
NIFTY,27-Nov-2017,30-Nov-2017,CE,10000,385,423,355.5,414.65,418,414.65,2957,23017.06,839.56,460125,-130500,10399.55
NIFTY,27-Nov-2017,30-Nov-2017,CE,10050,322,322,322,322,322,322,6,46.67,1.45,2925,-450,10399.55
NIFTY,27-Nov-2017,30-Nov-2017,CE,10100,282.8,324.15,257.3,318.25,323.35,318.25,3848,29940.29,791.69,451500,-71400,10399.55
NIFTY,27-Nov-2017,30-Nov-2017,CE,10150,231.25,275.65,210.95,270.5,275.65,270.5,170,1323.47,29.34,34575,-5700,10399.55
NIFTY,27-Nov-2017,30-Nov-2017,CE,10200,195.45,228.55,164.05,222.45,225.95,222.45,15598,121504.95,2180.25,903300,-139350,10399.55
NIFTY,27-Nov-2017,30-Nov-2017,CE,10250,142.6,176.55,119.85,171.45,174.5,171.45,1373,10700.7,145.76,194550,-11250,10399.55
NIFTY,27-Nov-2017,30-Nov-2017,CE,10300,104.5,134.45,82.15,128.45,131.55,128.45,134083,1045773.96,9982.78,2084700,-48300,10399.55
NIFTY,27-Nov-2017,30-Nov-2017,CE,10350,66.65,92.75,50.6,88.35,89.9,88.35,68514,535121.67,3281.74,811950,113250,10399.55
NIFTY,27-Nov-2017,30-Nov-2017,CE,10400,42.35,58.5,27.35,54.9,56,54.9,409889,3208866.53,11732.33,4747425,51675,10399.55
NIFTY,27-Nov-2017,30-Nov-2017,CE,10450,24,33.45,12.95,31.3,32,31.3,129344,1015711.56,1977.96,1269600,233175,10399.55
NIFTY,27-Nov-2017,30-Nov-2017,CE,10500,12.25,17.45,5.75,16,16.1,16,379309,2989658.39,2600.02,6142275,191550,10399.55
NIFTY,27-Nov-2017,30-Nov-2017,CE,10550,9.8,9.8,2,6.7,7,6.7,70593,558769.02,201.91,1250625,342975,10399.55
NIFTY,27-Nov-2017,30-Nov-2017,CE,10600,3.15,3.55,1,3.1,3.2,3.1,177893,1414464.91,215.56,4829625,549150,10399.55
NIFTY,27-Nov-2017,30-Nov-2017,CE,10650,1.7,1.7,0.65,1.4,1.5,1.4,11840,94580.94,8.94,369750,20925,10399.55
NIFTY,27-Nov-2017,30-Nov-2017,CE,10700,1.1,1.4,0.55,0.9,0.9,0.9,67572,542300.93,35.63,2094300,-311550,10399.55
NIFTY,27-Nov-2017,30-Nov-2017,CE,10750,0.6,0.85,0.4,0.75,0.85,0.75,1610,12981.31,.68,214575,-15675,10399.55
NIFTY,27-Nov-2017,30-Nov-2017,CE,10800,0.5,0.55,0.35,0.45,0.4,0.45,9984,80873.57,3.17,2084550,13800,10399.55
NIFTY,27-Nov-2017,30-Nov-2017,CE,10850,0.3,0.55,0.05,0.5,0.4,0.5,103,838.19,.03,48000,-2850,10399.55
NIFTY,27-Nov-2017,30-Nov-2017,CE,10900,0.45,0.55,0.3,0.5,0.35,0.5,4523,36976.97,1.44,771675,-54750,10399.55
NIFTY,27-Nov-2017,30-Nov-2017,CE,10950,0.25,0.35,0.05,0.3,0.3,0.3,61,500.97,.01,33300,-3075,10399.55
NIFTY,27-Nov-2017,30-Nov-2017,CE,11000,0.2,0.45,0.2,0.4,0.35,0.4,8176,67454.38,2.38,1153800,-164025,10399.55
NIFTY,28-Nov-2017,30-Nov-2017,CE,9600,807,815,760,771.5,766.15,771.5,225,1753.87,133.87,130200,-13875,10370.25
NIFTY,28-Nov-2017,30-Nov-2017,CE,9650,0,0,0,515.3,0,723.55,0,0,0,0,0,10370.25
NIFTY,28-Nov-2017,30-Nov-2017,CE,9700,702.7,719.75,658.75,673.15,665.25,673.15,628,4896.87,328.17,106875,-31275,10370.25
NIFTY,28-Nov-2017,30-Nov-2017,CE,9750,0,0,0,560.6,560.6,623.6,0,0,0,300,0,10370.25
NIFTY,28-Nov-2017,30-Nov-2017,CE,9800,600,620.05,561,576.6,570.5,576.6,454,3539.6,202.7,114300,-28350,10370.25
NIFTY,28-Nov-2017,30-Nov-2017,CE,9850,0,0,0,515.95,515.95,523.65,0,0,0,150,0,10370.25
NIFTY,28-Nov-2017,30-Nov-2017,CE,9900,510.45,522.65,460,471.4,469.2,471.4,1299,10124.41,479.33,323475,-72750,10370.25
NIFTY,28-Nov-2017,30-Nov-2017,CE,9950,0,0,0,461.2,461.2,423.7,0,0,0,3450,0,10370.25
NIFTY,28-Nov-2017,30-Nov-2017,CE,10000,397.8,421.9,360,373.35,369.2,373.35,2399,18699.52,707.02,346125,-114000,10370.25
NIFTY,28-Nov-2017,30-Nov-2017,CE,10050,349.05,349.05,349.05,349.05,349.05,349.05,1,7.8,.26,2850,-75,10370.25
NIFTY,28-Nov-2017,30-Nov-2017,CE,10100,297.05,324.55,261.6,277.4,272,277.4,1935,15088.5,430.88,380025,-71475,10370.25
NIFTY,28-Nov-2017,30-Nov-2017,CE,10150,265.05,268.8,212.9,223.2,219.55,223.2,150,1169.05,27.18,32100,-2475,10370.25
NIFTY,28-Nov-2017,30-Nov-2017,CE,10200,202,226.25,165.35,180.95,176,180.95,13471,105043.97,1990.82,718350,-184950,10370.25
NIFTY,28-Nov-2017,30-Nov-2017,CE,10250,152.2,175.85,120.25,132.6,129.35,132.6,2810,21912.57,310.69,86325,-108225,10370.25
NIFTY,28-Nov-2017,30-Nov-2017,CE,10300,112.8,132.45,80,93.1,88.8,93.1,105014,819495.94,8262.79,2086950,2250,10370.25
NIFTY,28-Nov-2017,30-Nov-2017,CE,10350,73.3,89.9,47.4,56,53.55,56,62101,485156.98,3097.97,1130175,318225,10370.25
NIFTY,28-Nov-2017,30-Nov-2017,CE,10400,41.2,54.95,24.3,31.1,29.25,31.1,450941,3530456.94,13117.14,5735550,988125,10370.25
NIFTY,28-Nov-2017,30-Nov-2017,CE,10450,29.7,29.7,10.2,14.25,14.2,14.25,165435,1298945.15,2348.33,2065800,796200,10370.25
NIFTY,28-Nov-2017,30-Nov-2017,CE,10500,10.85,14.25,4.25,6.4,6.2,6.4,412598,3251867.79,2658.54,6783450,641175,10370.25
NIFTY,28-Nov-2017,30-Nov-2017,CE,10550,4.15,5.85,1.6,2.4,2.25,2.4,96250,761814.77,236.64,1362750,112125,10370.25
NIFTY,28-Nov-2017,30-Nov-2017,CE,10600,2,2.65,0.7,1.15,0.95,1.15,244523,1944194.32,236.47,5711550,881925,10370.25
NIFTY,28-Nov-2017,30-Nov-2017,CE,10650,1.1,1.1,0.4,0.65,0.7,0.65,17544,140141.66,8.96,355800,-13950,10370.25
NIFTY,28-Nov-2017,30-Nov-2017,CE,10700,0.8,0.8,0.4,0.6,0.55,0.6,53068,425892.84,22.14,2344650,250350,10370.25
NIFTY,28-Nov-2017,30-Nov-2017,CE,10750,0.4,0.6,0.3,0.5,0.4,0.5,1306,10530.07,.44,201600,-12975,10370.25
NIFTY,28-Nov-2017,30-Nov-2017,CE,10800,0.3,0.4,0.2,0.25,0.2,0.25,11450,92747.66,2.66,1946550,-138000,10370.25
NIFTY,28-Nov-2017,30-Nov-2017,CE,10850,0.3,0.4,0.25,0.25,0.25,0.25,55,447.57,.01,44925,-3075,10370.25
NIFTY,28-Nov-2017,30-Nov-2017,CE,10900,0.3,0.8,0.3,0.35,0.4,0.35,4384,35840.49,1.29,720075,-51600,10370.25
NIFTY,28-Nov-2017,30-Nov-2017,CE,10950,0.3,1.45,0.2,0.35,0.35,0.35,104,854.15,.05,30825,-2475,10370.25
NIFTY,28-Nov-2017,30-Nov-2017,CE,11000,0.35,0.4,0.25,0.3,0.3,0.3,5723,47216.18,1.43,1161300,7500,10370.25
NIFTY,29-Nov-2017,30-Nov-2017,CE,9600,781,800,744,761.8,748,761.8,612,4764.24,357.84,97200,-33000,10361.3
NIFTY,29-Nov-2017,30-Nov-2017,CE,9650,0,0,0,515.3,0,712.95,0,0,0,0,0,10361.3
NIFTY,29-Nov-2017,30-Nov-2017,CE,9700,679.1,700.05,641.4,658.7,649.6,658.7,374,2912.2,191.35,94200,-12675,10361.3
NIFTY,29-Nov-2017,30-Nov-2017,CE,9750,635.4,635.4,635.4,635.4,635.4,635.4,3,23.37,1.43,75,-225,10361.3
NIFTY,29-Nov-2017,30-Nov-2017,CE,9800,598.75,605,544.6,569.25,547.95,569.25,621,4838.75,274.4,91500,-22800,10361.3
NIFTY,29-Nov-2017,30-Nov-2017,CE,9850,0,0,0,515.95,515.95,513,0,0,0,150,0,10361.3
NIFTY,29-Nov-2017,30-Nov-2017,CE,9900,482.8,503.55,440.95,455.1,448.3,455.1,1761,13712.87,637.44,253425,-70050,10361.3
NIFTY,29-Nov-2017,30-Nov-2017,CE,9950,423.3,423.3,409,409,409,409,15,116.56,4.62,2475,-975,10361.3
NIFTY,29-Nov-2017,30-Nov-2017,CE,10000,387.55,403.55,340,358.3,350,358.3,1905,14834.37,546.87,288975,-57150,10361.3
NIFTY,29-Nov-2017,30-Nov-2017,CE,10050,312.1,312.1,297.85,300.7,297.85,300.7,15,116.45,3.39,2700,-150,10361.3
NIFTY,29-Nov-2017,30-Nov-2017,CE,10100,286.75,306.5,243,257.8,243.5,257.8,1875,14594.66,391.54,335775,-44250,10361.3
NIFTY,29-Nov-2017,30-Nov-2017,CE,10150,226.7,246.45,191.65,206.45,200.35,206.45,308,2395.92,51.27,25575,-6525,10361.3
NIFTY,29-Nov-2017,30-Nov-2017,CE,10200,187.4,208.5,145.05,161.55,152.5,161.55,11472,89318.98,1558.18,566100,-152250,10361.3
NIFTY,29-Nov-2017,30-Nov-2017,CE,10250,140.3,158,97.65,113.9,103.3,113.9,1285,10001.53,123.09,75675,-10650,10361.3
NIFTY,29-Nov-2017,30-Nov-2017,CE,10300,94.8,114.35,57,72.6,63.05,72.6,138581,1079945.95,9407.73,1899075,-187875,10361.3
NIFTY,29-Nov-2017,30-Nov-2017,CE,10350,59.8,73.35,26.6,36.1,30.95,36.1,88945,693740.33,3304.77,1551225,421050,10361.3
NIFTY,29-Nov-2017,30-Nov-2017,CE,10400,35.1,40.85,11,17.85,13.3,17.85,574734,4494636.26,11711.06,5896350,160800,10361.3
NIFTY,29-Nov-2017,30-Nov-2017,CE,10450,16,19.35,3.6,6.35,4.15,6.35,236502,1855488.55,1904.12,3041250,975450,10361.3
NIFTY,29-Nov-2017,30-Nov-2017,CE,10500,5.9,8.45,1.5,2.45,1.55,2.45,447207,3523268.26,1513.13,7393725,610275,10361.3
NIFTY,29-Nov-2017,30-Nov-2017,CE,10550,1.85,2.95,0.3,0.7,0.3,0.7,115544,914357.33,115.43,1627875,265125,10361.3
NIFTY,29-Nov-2017,30-Nov-2017,CE,10600,0.85,1,0.25,0.45,0.3,0.45,200661,1595347.34,92.39,4656900,-1054650,10361.3
NIFTY,29-Nov-2017,30-Nov-2017,CE,10650,0.9,0.95,0.25,0.35,0.25,0.35,5849,46720.6,1.72,336375,-19425,10361.3
NIFTY,29-Nov-2017,30-Nov-2017,CE,10700,0.55,0.55,0.15,0.3,0.15,0.3,31530,253037.1,8.85,2356200,11550,10361.3
NIFTY,29-Nov-2017,30-Nov-2017,CE,10750,0.25,0.3,0.2,0.25,0.2,0.25,376,3031.57,.07,181875,-19725,10361.3
NIFTY,29-Nov-2017,30-Nov-2017,CE,10800,0.05,0.25,0.05,0.15,0.1,0.15,6767,54813.55,.85,1895025,-51525,10361.3
NIFTY,29-Nov-2017,30-Nov-2017,CE,10850,0.25,0.25,0.1,0.1,0.1,0.1,27,219.72,0,43125,-1800,10361.3
NIFTY,29-Nov-2017,30-Nov-2017,CE,10900,0.35,0.35,0.15,0.2,0.25,0.2,846,6916.2,.15,706800,-13275,10361.3
NIFTY,29-Nov-2017,30-Nov-2017,CE,10950,0.35,0.35,0.1,0.1,0.1,0.1,14,114.98,0,30225,-600,10361.3
NIFTY,29-Nov-2017,30-Nov-2017,CE,11000,0.1,0.35,0.1,0.2,0.15,0.2,4710,38858.34,.84,1184625,23325,10361.3
NIFTY,30-Nov-2017,30-Nov-2017,CE,9600,710,710,619.95,633.95,625.6,0,1632,12586.81,836.41,13350,-83850,10226.55
NIFTY,30-Nov-2017,30-Nov-2017,CE,9650,0,0,0,515.3,0,0,0,0,0,0,0,10226.55
NIFTY,30-Nov-2017,30-Nov-2017,CE,9700,614.05,614.05,517.3,541.6,523,0,1966,15161.16,858.51,750,-93450,10226.55
NIFTY,30-Nov-2017,30-Nov-2017,CE,9750,0,0,0,635.4,635.4,0,0,0,0,75,0,10226.55
NIFTY,30-Nov-2017,30-Nov-2017,CE,9800,508.1,512,416.9,428.45,422.8,0,1854,14289.04,662.14,11400,-80100,10226.55
NIFTY,30-Nov-2017,30-Nov-2017,CE,9850,442,442,442,442,442,0,2,15.44,.66,150,0,10226.55
NIFTY,30-Nov-2017,30-Nov-2017,CE,9900,403,408.5,311.65,324.45,323,0,3781,29110.35,1036.42,36825,-216600,10226.55
NIFTY,30-Nov-2017,30-Nov-2017,CE,9950,331.7,344,331.7,333.65,333.65,0,34,262.4,8.68,150,-2325,10226.55
NIFTY,30-Nov-2017,30-Nov-2017,CE,10000,306.85,311.1,206.35,224.4,222.8,0,6249,48138.08,1270.58,35175,-253800,10226.55
NIFTY,30-Nov-2017,30-Nov-2017,CE,10050,249.2,254.9,172,173.8,175.5,0,125,963.06,20.87,1350,-1350,10226.55
NIFTY,30-Nov-2017,30-Nov-2017,CE,10100,206.65,212.45,112.9,127.05,125.7,0,10587,81486.34,1289.82,51225,-284550,10226.55
NIFTY,30-Nov-2017,30-Nov-2017,CE,10150,160.05,161.75,64.25,82.05,76.5,0,1362,10487.58,119.36,9300,-16275,10226.55
NIFTY,30-Nov-2017,30-Nov-2017,CE,10200,120.55,120.55,14.3,28.2,23.95,0,138130,1063232.54,6538.04,208125,-357975,10226.55
NIFTY,30-Nov-2017,30-Nov-2017,CE,10250,70.4,71.7,0.05,2.5,0.05,0,292739,2256168.49,5737.43,1666725,1591050,10226.55
NIFTY,30-Nov-2017,30-Nov-2017,CE,10300,38,40,0.05,0.4,0.05,0,1105867,8552827.75,10005.18,4728075,2829000,10226.55
NIFTY,30-Nov-2017,30-Nov-2017,CE,10350,15.15,15.25,0.05,0.1,0.05,0,587485,4561805.23,1452.92,3124425,1573200,10226.55
NIFTY,30-Nov-2017,30-Nov-2017,CE,10400,5,5,0.05,0.1,0.05,0,729366,5689672.6,617.8,6130125,233775,10226.55
NIFTY,30-Nov-2017,30-Nov-2017,CE,10450,0.95,1.7,0.05,0.05,0.05,0,225747,1769350.73,58.62,4575225,1533975,10226.55
NIFTY,30-Nov-2017,30-Nov-2017,CE,10500,0.4,0.65,0.05,0.05,0.05,0,203639,1603672.98,15.85,7873125,479400,10226.55
NIFTY,30-Nov-2017,30-Nov-2017,CE,10550,0.15,0.2,0.05,0.05,0.05,0,31399,248446.02,1.43,1447125,-180750,10226.55
NIFTY,30-Nov-2017,30-Nov-2017,CE,10600,0.1,0.2,0.05,0.05,0.05,0,54356,432132.76,2.56,4245525,-411375,10226.55
NIFTY,30-Nov-2017,30-Nov-2017,CE,10650,0.1,0.1,0.05,0.05,0.05,0,5104,40768.43,.23,357825,21450,10226.55
NIFTY,30-Nov-2017,30-Nov-2017,CE,10700,0.1,0.1,0.05,0.05,0.05,0,17328,139057.88,.68,2288550,-67650,10226.55
NIFTY,30-Nov-2017,30-Nov-2017,CE,10750,0.1,0.1,0.05,0.05,0.05,0,73,588.57,0,180225,-1650,10226.55
NIFTY,30-Nov-2017,30-Nov-2017,CE,10800,0.05,0.15,0.05,0.05,0.05,0,3851,31193.26,.16,1881525,-13500,10226.55
NIFTY,30-Nov-2017,30-Nov-2017,CE,10850,0.1,0.1,0.05,0.05,0.05,0,21,170.89,0,43125,0,10226.55
NIFTY,30-Nov-2017,30-Nov-2017,CE,10900,0.05,0.1,0.05,0.05,0.05,0,4153,33950.93,.16,698925,-7875,10226.55
NIFTY,30-Nov-2017,30-Nov-2017,CE,10950,0.05,0.05,0.05,0.05,0.05,0,68,558.45,0,30225,0,10226.55
NIFTY,30-Nov-2017,30-Nov-2017,CE,11000,0.1,0.1,0.05,0.05,0.05,0,5108,42141.19,.19,1127475,-57150,10226.55
