NIFTY,29-Jun-2017,27-Jul-2017,CE,9150,0,0,0,548.5,548.5,402.4,0,0,0,225,0,9504.1
NIFTY,29-Jun-2017,27-Jul-2017,CE,9200,363.45,404.65,336.1,340.5,346,340.5,3825,27460.16,1067.66,477975,177000,9504.1
NIFTY,29-Jun-2017,27-Jul-2017,CE,9250,0,0,0,337.5,0,308.6,0,0,0,0,0,9504.1
NIFTY,29-Jun-2017,27-Jul-2017,CE,9300,278.3,317.35,251.5,258.6,260.35,258.6,6070,43626.78,1288.53,601050,240750,9504.1
NIFTY,29-Jun-2017,27-Jul-2017,CE,9350,242.6,258,242.55,251.4,251.4,251.4,8,57.6,1.5,3075,450,9504.1
NIFTY,29-Jun-2017,27-Jul-2017,CE,9400,177.1,234.8,176.75,183.5,185,183.5,12012,86482.32,1797.72,784125,270675,9504.1
NIFTY,29-Jun-2017,27-Jul-2017,CE,9450,169.8,195.45,144,147.7,150,147.7,764,5507.69,92.84,36975,14325,9504.1
NIFTY,29-Jun-2017,27-Jul-2017,CE,9500,148.35,160.65,114,117.55,121,117.55,55840,403456.88,5596.88,2443950,1107825,9504.1
NIFTY,29-Jun-2017,27-Jul-2017,CE,9550,122.5,128.7,88.05,91.1,92.85,91.1,4875,35305.31,388.12,109875,45150,9504.1
NIFTY,29-Jun-2017,27-Jul-2017,CE,9600,89,100,66.1,69.45,70.5,69.45,74047,537653.61,4515.21,2404950,450900,9504.1
NIFTY,29-Jun-2017,27-Jul-2017,CE,9650,58.05,75.95,47,49.75,50,49.75,3814,27773.39,169.57,163800,49275,9504.1
NIFTY,29-Jun-2017,27-Jul-2017,CE,9700,50.2,56.05,32.5,35.3,34.7,35.3,86899,634984.15,2793.93,2715750,462450,9504.1
NIFTY,29-Jun-2017,27-Jul-2017,CE,9750,41,41,22.05,24.35,22.7,24.35,4176,30634.42,97.42,163125,76725,9504.1
NIFTY,29-Jun-2017,27-Jul-2017,CE,9800,25.8,27.9,15,16.55,15.9,16.55,65016,478927.39,1059.79,2676825,424725,9504.1
NIFTY,29-Jun-2017,27-Jul-2017,CE,9850,18,20.5,11,11.25,11.6,11.25,613,4535.32,6.78,40275,17325,9504.1
NIFTY,29-Jun-2017,27-Jul-2017,CE,9900,13,13.4,7.15,7.95,7.15,7.95,30802,228944.48,239.63,1383225,41175,9504.1
NIFTY,29-Jun-2017,27-Jul-2017,CE,9950,10,11.4,5.5,7.15,5.9,7.15,94,702.08,.61,15450,4125,9504.1
NIFTY,29-Jun-2017,27-Jul-2017,CE,10000,5.65,7.1,3.5,3.95,3.75,3.95,32202,241639.4,124.4,2554950,563475,9504.1
NIFTY,29-Jun-2017,27-Jul-2017,CE,10050,0,0,0,35.95,0,1.2,0,0,0,0,0,9504.1
NIFTY,29-Jun-2017,27-Jul-2017,CE,10100,3.75,4.4,2,2.25,2.1,2.25,6933,52533.52,16.04,622575,36675,9504.1
NIFTY,29-Jun-2017,27-Jul-2017,CE,10150,0,0,0,24.65,0,0.35,0,0,0,0,0,9504.1
NIFTY,29-Jun-2017,27-Jul-2017,CE,10200,1.15,5.5,1.1,1.55,1.1,1.55,2956,22618.05,4.65,582300,28500,9504.1
NIFTY,29-Jun-2017,27-Jul-2017,CE,10250,0,0,0,16.5,0,0.1,0,0,0,0,0,9504.1
NIFTY,29-Jun-2017,27-Jul-2017,CE,10300,1.7,1.7,0.95,1.1,0.95,1.1,1085,8382.73,1.1,78000,20850,9504.1
NIFTY,29-Jun-2017,27-Jul-2017,CE,10350,0,0,0,10.8,0,0.05,0,0,0,0,0,9504.1
NIFTY,29-Jun-2017,27-Jul-2017,CE,10400,1,1.05,0.7,0.8,0.7,0.8,1365,10647.95,.95,127500,37800,9504.1
NIFTY,29-Jun-2017,27-Jul-2017,CE,10450,0,0,0,6.9,0,0,0,0,0,0,0,9504.1
NIFTY,29-Jun-2017,27-Jul-2017,CE,10500,0.65,1,0.6,0.7,0.7,0.7,6925,54538.41,4.03,610650,155475,9504.1
NIFTY,29-Jun-2017,27-Jul-2017,CE,10550,0,0,0,4.35,0,0,0,0,0,0,0,9504.1
NIFTY,29-Jun-2017,27-Jul-2017,CE,10600,0,0,0,3.4,0,0,0,0,0,0,0,9504.1
NIFTY,29-Jun-2017,27-Jul-2017,CE,8950,0,0,0,568,0,598.75,0,0,0,0,0,9504.1
NIFTY,29-Jun-2017,27-Jul-2017,CE,9000,545,591.6,517.05,522.6,529,522.6,4016,28801.02,1693.02,1058025,207000,9504.1
NIFTY,29-Jun-2017,27-Jul-2017,CE,9050,0,0,0,485.35,0,499.85,0,0,0,0,0,9504.1
NIFTY,29-Jun-2017,27-Jul-2017,CE,9100,453.05,499.7,425,432.4,435,432.4,1076,7712.04,368.34,160350,40725,9504.1
NIFTY,30-Jun-2017,27-Jul-2017,CE,9400,163.7,186.35,140.5,180.45,179.8,180.45,26471,189828.37,3207.82,1056975,272850,9520.9
NIFTY,30-Jun-2017,27-Jul-2017,CE,9450,130.05,153.15,113.3,145.1,143.7,145.1,5173,37159.5,495.86,71700,34725,9520.9
NIFTY,30-Jun-2017,27-Jul-2017,CE,9500,104.7,121,87,115.3,113.3,115.3,131166,944485.61,9927.86,3252825,808875,9520.9
NIFTY,30-Jun-2017,27-Jul-2017,CE,9550,80.05,94.15,66.75,89.6,89.05,89.6,9708,70106.19,572.64,147150,37275,9520.9
NIFTY,30-Jun-2017,27-Jul-2017,CE,9600,60,71.35,49.15,67.85,66.9,67.85,136544,989043.84,5927.04,2468700,63750,9520.9
NIFTY,30-Jun-2017,27-Jul-2017,CE,9650,35.25,51.4,35.1,48.85,47.9,48.85,6285,45687.11,199.42,225300,61500,9520.9
NIFTY,30-Jun-2017,27-Jul-2017,CE,9700,33.9,36.6,25,34.5,33.7,34.5,133255,972344.87,2914.75,3524850,809100,9520.9
NIFTY,30-Jun-2017,27-Jul-2017,CE,9750,21.9,25.15,15.3,23.55,23.45,23.55,4068,29807.83,60.58,206625,43500,9520.9
NIFTY,30-Jun-2017,27-Jul-2017,CE,9800,12.65,17.6,11.1,16.55,16.35,16.55,78925,580918.66,819.91,2935500,258675,9520.9
NIFTY,30-Jun-2017,27-Jul-2017,CE,9850,13,13,8.15,10.85,9.8,10.85,1657,12253.27,12.18,71550,31275,9520.9
NIFTY,30-Jun-2017,27-Jul-2017,CE,9900,6.6,8.35,5.45,7.75,7.8,7.75,38328,284773.02,187.62,1589250,206025,9520.9
NIFTY,30-Jun-2017,27-Jul-2017,CE,9950,5.75,7,4.15,5.25,5.95,5.25,257,1918.8,.94,21675,6225,9520.9
NIFTY,30-Jun-2017,27-Jul-2017,CE,10000,3.5,4.3,2.8,3.85,3.8,3.85,37032,277831.81,91.81,3005250,450300,9520.9
NIFTY,30-Jun-2017,27-Jul-2017,CE,10050,3,3,3,3,3,3,2,15.08,0,150,150,9520.9
NIFTY,30-Jun-2017,27-Jul-2017,CE,10100,2.45,2.45,1.75,2.25,2.3,2.25,4245,32162.11,6.23,612750,-9825,9520.9
NIFTY,30-Jun-2017,27-Jul-2017,CE,10150,0,0,0,24.65,0,0.3,0,0,0,0,0,9520.9
NIFTY,30-Jun-2017,27-Jul-2017,CE,10200,1.1,1.75,1.05,1.6,1.5,1.6,2959,22639.28,2.93,587775,5475,9520.9
NIFTY,30-Jun-2017,27-Jul-2017,CE,10250,0,0,0,16.5,0,0.1,0,0,0,0,0,9520.9
NIFTY,30-Jun-2017,27-Jul-2017,CE,10300,0.65,1.35,0.65,1.3,1.3,1.3,2794,21585.76,2.11,148650,70650,9520.9
NIFTY,30-Jun-2017,27-Jul-2017,CE,10350,0,0,0,10.8,0,0.05,0,0,0,0,0,9520.9
NIFTY,30-Jun-2017,27-Jul-2017,CE,10400,0.8,1,0.6,0.9,0.95,0.9,1322,10312.36,.76,181950,54450,9520.9
NIFTY,30-Jun-2017,27-Jul-2017,CE,10450,0,0,0,6.9,0,0,0,0,0,0,0,9520.9
NIFTY,30-Jun-2017,27-Jul-2017,CE,10500,0.75,0.75,0.5,0.6,0.55,0.6,5427,42740.03,2.41,720150,109500,9520.9
NIFTY,30-Jun-2017,27-Jul-2017,CE,10550,0,0,0,4.35,0,0,0,0,0,0,0,9520.9
NIFTY,30-Jun-2017,27-Jul-2017,CE,10600,1,1,1,1,1,1,2,15.9,0,150,150,9520.9
NIFTY,30-Jun-2017,27-Jul-2017,CE,8950,0,0,0,568,0,613.85,0,0,0,0,0,9520.9
NIFTY,30-Jun-2017,27-Jul-2017,CE,9000,500,530,462,523,519.4,523,1813,12904.03,666.28,1134225,76200,9520.9
NIFTY,30-Jun-2017,27-Jul-2017,CE,9050,0,0,0,485.35,0,514.7,0,0,0,0,0,9520.9
NIFTY,30-Jun-2017,27-Jul-2017,CE,9100,386.55,437,371.95,425.95,425.15,425.95,1142,8143.46,349.31,173325,12975,9520.9
NIFTY,30-Jun-2017,27-Jul-2017,CE,9150,0,0,0,548.5,548.5,416.55,0,0,0,225,0,9520.9
NIFTY,30-Jun-2017,27-Jul-2017,CE,9200,303.55,348,285,339.4,335.25,339.4,2829,20173.41,653.31,507075,29100,9520.9
NIFTY,30-Jun-2017,27-Jul-2017,CE,9250,253,295.6,250,293.3,293.7,293.3,47,335.64,9.58,2850,2850,9520.9
NIFTY,30-Jun-2017,27-Jul-2017,CE,9300,229.45,262.45,208,256.05,252.05,256.05,6219,44438.1,1060.57,732675,131625,9520.9
NIFTY,30-Jun-2017,27-Jul-2017,CE,9350,185.6,220,176.85,217.45,203.5,217.45,58,415.03,8.3,4800,1725,9520.9
NIFTY,03-Jul-2017,27-Jul-2017,CE,10550,0,0,0,4.35,0,0,0,0,0,0,0,9615
NIFTY,03-Jul-2017,27-Jul-2017,CE,10600,0,0,0,1,1,0,0,0,0,150,0,9615
NIFTY,03-Jul-2017,27-Jul-2017,CE,10100,2.75,2.8,1.9,2.65,2.65,2.65,9703,73517.93,17.7,714525,101775,9615
NIFTY,03-Jul-2017,27-Jul-2017,CE,10150,0,0,0,24.65,0,1.45,0,0,0,0,0,9615
NIFTY,03-Jul-2017,27-Jul-2017,CE,10200,1.6,1.8,1.35,1.65,1.6,1.65,3342,25570.31,4.01,606300,18525,9615
NIFTY,03-Jul-2017,27-Jul-2017,CE,10250,0,0,0,16.5,0,0.45,0,0,0,0,0,9615
NIFTY,03-Jul-2017,27-Jul-2017,CE,10300,1.1,1.25,1,1.1,1.05,1.1,362,2796.76,.31,147225,-1425,9615
NIFTY,03-Jul-2017,27-Jul-2017,CE,10350,0,0,0,10.8,0,0.15,0,0,0,0,0,9615
NIFTY,03-Jul-2017,27-Jul-2017,CE,10400,0.95,0.95,0.6,0.65,0.6,0.65,175,1365.11,.11,180075,-1875,9615
NIFTY,03-Jul-2017,27-Jul-2017,CE,10450,0,0,0,6.9,0,0.05,0,0,0,0,0,9615
NIFTY,03-Jul-2017,27-Jul-2017,CE,10500,0.55,0.65,0.45,0.5,0.55,0.5,5351,42141.27,2.14,819450,99300,9615
NIFTY,03-Jul-2017,27-Jul-2017,CE,9650,61.85,86.35,51.45,80.95,84.95,80.95,15330,111774.89,824.01,277425,52125,9615
NIFTY,03-Jul-2017,27-Jul-2017,CE,9700,42,63.35,35.55,58.7,61.9,58.7,183373,1340943.99,6905.41,3380850,-144000,9615
NIFTY,03-Jul-2017,27-Jul-2017,CE,9750,29.5,43.9,23.7,40.7,43,40.7,9988,73297.44,260.19,297300,90675,9615
NIFTY,03-Jul-2017,27-Jul-2017,CE,9800,19.85,29.9,15.6,27.15,29.4,27.15,142571,1050364.6,2467.75,3433800,498300,9615
NIFTY,03-Jul-2017,27-Jul-2017,CE,9850,14.95,19.5,10.2,17.95,19,17.95,4666,34522.83,52.76,81225,9675,9615
NIFTY,03-Jul-2017,27-Jul-2017,CE,9900,5.4,12.6,5.4,11.5,12.3,11.5,66824,496656.37,488.17,1627200,37950,9615
NIFTY,03-Jul-2017,27-Jul-2017,CE,9950,6,8.15,4.65,7.7,7.85,7.7,654,4883.73,3.25,23700,2025,9615
NIFTY,03-Jul-2017,27-Jul-2017,CE,10000,4.15,5.45,3.3,5.1,5.3,5.1,43270,324669.73,144.73,3324375,319125,9615
NIFTY,03-Jul-2017,27-Jul-2017,CE,10050,3.5,3.7,2.8,3.6,3.5,3.6,27,203.58,.06,525,375,9615
NIFTY,03-Jul-2017,27-Jul-2017,CE,9200,362.65,439.2,355.6,430.6,432.65,430.6,974,7013.09,292.49,516975,9900,9615
NIFTY,03-Jul-2017,27-Jul-2017,CE,9250,328.8,328.8,328.8,328.8,328.8,328.8,1,7.18,.25,2850,0,9615
NIFTY,03-Jul-2017,27-Jul-2017,CE,9300,275.65,347.4,270,334.8,343,334.8,2742,19763.91,638.46,729375,-3300,9615
NIFTY,03-Jul-2017,27-Jul-2017,CE,9350,239.95,299.9,232,293.25,299.9,293.25,44,317.36,8.81,4725,-75,9615
NIFTY,03-Jul-2017,27-Jul-2017,CE,9400,198.05,262.25,192.45,252.85,255.85,252.85,9591,69253.42,1636.87,985050,-71925,9615
NIFTY,03-Jul-2017,27-Jul-2017,CE,9450,176.95,220,157.5,213.25,217,213.25,815,5892.92,116.61,66450,-5250,9615
NIFTY,03-Jul-2017,27-Jul-2017,CE,9500,139,183.75,124.25,175.6,179.1,175.6,76633,554907.72,8897.59,2726625,-526200,9615
NIFTY,03-Jul-2017,27-Jul-2017,CE,9550,102.1,146.75,96,140.05,144.6,140.05,8073,58533.53,710.67,132900,-14250,9615
NIFTY,03-Jul-2017,27-Jul-2017,CE,9600,87,114.9,71.6,108.35,112,108.35,199466,1450326.89,14171.69,3329325,860625,9615
NIFTY,03-Jul-2017,27-Jul-2017,CE,8950,0,0,0,568,0,703.15,0,0,0,0,0,9615
NIFTY,03-Jul-2017,27-Jul-2017,CE,9000,553.55,628.5,540.45,618.55,625,618.55,604,4346.61,269.61,1123875,-10350,9615
NIFTY,03-Jul-2017,27-Jul-2017,CE,9050,0,0,0,485.35,0,603.75,0,0,0,0,0,9615
NIFTY,03-Jul-2017,27-Jul-2017,CE,9100,471.05,532.25,450.5,525.7,531,525.7,342,2463.88,129.73,178575,5250,9615
NIFTY,03-Jul-2017,27-Jul-2017,CE,9150,0,0,0,548.5,548.5,504.85,0,0,0,225,0,9615
NIFTY,04-Jul-2017,27-Jul-2017,CE,10550,0,0,0,4.35,0,0,0,0,0,0,0,9613.3
NIFTY,04-Jul-2017,27-Jul-2017,CE,10600,0,0,0,1,1,0,0,0,0,150,0,9613.3
NIFTY,04-Jul-2017,27-Jul-2017,CE,10100,4.8,4.8,2.15,2.35,2.25,2.35,13852,104954.16,25.26,819675,105150,9613.3
NIFTY,04-Jul-2017,27-Jul-2017,CE,10150,0,0,0,24.65,0,1,0,0,0,0,0,9613.3
NIFTY,04-Jul-2017,27-Jul-2017,CE,10200,1.65,1.65,1.35,1.6,1.6,1.6,1741,13320.67,2.02,614175,7875,9613.3
NIFTY,04-Jul-2017,27-Jul-2017,CE,10250,0,0,0,16.5,0,0.25,0,0,0,0,0,9613.3
NIFTY,04-Jul-2017,27-Jul-2017,CE,10300,0.75,1.2,0.75,1.05,1,1.05,397,3067.13,.3,152550,5325,9613.3
NIFTY,04-Jul-2017,27-Jul-2017,CE,10350,0.25,0.25,0.25,0.25,0.25,0.25,8,62.1,0,600,600,9613.3
NIFTY,04-Jul-2017,27-Jul-2017,CE,10400,0.65,0.75,0.55,0.7,0.7,0.7,872,6802.05,.45,184050,3975,9613.3
NIFTY,04-Jul-2017,27-Jul-2017,CE,10450,0,0,0,6.9,0,0.05,0,0,0,0,0,9613.3
NIFTY,04-Jul-2017,27-Jul-2017,CE,10500,0.5,0.55,0.45,0.55,0.5,0.55,6510,51268.85,2.6,730650,-88800,9613.3
NIFTY,04-Jul-2017,27-Jul-2017,CE,9650,83.65,91.45,71.3,80.95,78.55,80.95,20637,150624.23,1263.94,390075,112650,9613.3
NIFTY,04-Jul-2017,27-Jul-2017,CE,9700,59.9,67.3,50.1,58.45,56.25,58.45,178967,1309905.9,7920.97,3871500,490650,9613.3
NIFTY,04-Jul-2017,27-Jul-2017,CE,9750,40.25,46.8,34.4,39.9,38.1,39.9,8421,61835.18,256.61,366150,68850,9613.3
NIFTY,04-Jul-2017,27-Jul-2017,CE,9800,30.9,32,23,27.2,25.65,27.2,115396,850537.9,2377.3,3422925,-10875,9613.3
NIFTY,04-Jul-2017,27-Jul-2017,CE,9850,19,21,14.65,17.1,15.7,17.1,5529,40917.44,71.95,138000,56775,9613.3
NIFTY,04-Jul-2017,27-Jul-2017,CE,9900,12.3,13.6,9.35,11.1,10.3,11.1,64500,479452.95,540.45,1793325,166125,9613.3
NIFTY,04-Jul-2017,27-Jul-2017,CE,9950,7.3,8.6,6.45,7,6.7,7,900,6721.31,5.06,43050,19350,9613.3
NIFTY,04-Jul-2017,27-Jul-2017,CE,10000,5.1,5.85,4.15,4.7,4.4,4.7,36395,273092.34,129.84,3354900,30525,9613.3
NIFTY,04-Jul-2017,27-Jul-2017,CE,10050,3.6,3.7,3.6,3.7,3.7,3.7,5,37.7,.01,900,375,9613.3
NIFTY,04-Jul-2017,27-Jul-2017,CE,9200,426.2,447.9,406.1,430,428.1,430,1529,11038.37,488.27,462450,-54525,9613.3
NIFTY,04-Jul-2017,27-Jul-2017,CE,9250,0,0,0,328.8,328.8,403.4,0,0,0,2850,0,9613.3
NIFTY,04-Jul-2017,27-Jul-2017,CE,9300,336.7,355.45,316.25,338.15,336.35,338.15,1368,9887.82,346.02,721875,-7500,9613.3
NIFTY,04-Jul-2017,27-Jul-2017,CE,9350,320.55,320.55,296.4,296.45,296.4,296.45,5,36.21,1.15,4500,-225,9613.3
NIFTY,04-Jul-2017,27-Jul-2017,CE,9400,250.3,271,231.5,253.45,250.7,253.45,4558,32997.37,863.47,1022700,37650,9613.3
NIFTY,04-Jul-2017,27-Jul-2017,CE,9450,216.95,228,195.2,211.5,205.05,211.5,259,1876.54,40.88,63375,-3075,9613.3
NIFTY,04-Jul-2017,27-Jul-2017,CE,9500,174,190.25,159.05,176,171,176,32147,233296.28,4248.91,2695725,-30900,9613.3
NIFTY,04-Jul-2017,27-Jul-2017,CE,9550,141.4,153.8,125.7,140.05,135.5,140.05,2107,15313.77,222.38,123375,-9525,9613.3
NIFTY,04-Jul-2017,27-Jul-2017,CE,9600,108.05,121,93.95,108.9,105.1,108.9,125107,910983.65,10213.25,3408375,79050,9613.3
NIFTY,04-Jul-2017,27-Jul-2017,CE,8950,0,0,0,568,0,699.85,0,0,0,0,0,9613.3
NIFTY,04-Jul-2017,27-Jul-2017,CE,9000,629.85,640,595,620,614.6,620,577,4160.46,265.71,1147575,23700,9613.3
NIFTY,04-Jul-2017,27-Jul-2017,CE,9050,0,0,0,485.35,0,600.4,0,0,0,0,0,9613.3
NIFTY,04-Jul-2017,27-Jul-2017,CE,9100,524.2,542,500.25,527.4,523,527.4,140,1010.68,55.18,178200,-375,9613.3
NIFTY,04-Jul-2017,27-Jul-2017,CE,9150,0,0,0,548.5,548.5,501.25,0,0,0,225,0,9613.3
NIFTY,05-Jul-2017,27-Jul-2017,CE,10550,0,0,0,4.35,0,0,0,0,0,0,0,9637.6
NIFTY,05-Jul-2017,27-Jul-2017,CE,10600,1.45,1.45,1.45,1.45,1.45,1.45,1,7.95,0,225,75,9637.6
NIFTY,05-Jul-2017,27-Jul-2017,CE,10100,2,2.55,1.85,2.45,2.4,2.45,4843,36694.24,8.52,794175,-25500,9637.6
NIFTY,05-Jul-2017,27-Jul-2017,CE,10150,0,0,0,24.65,0,0.95,0,0,0,0,0,9637.6
NIFTY,05-Jul-2017,27-Jul-2017,CE,10200,1.55,1.65,1.45,1.6,1.65,1.6,1186,9074.28,1.38,614925,750,9637.6
NIFTY,05-Jul-2017,27-Jul-2017,CE,10250,0,0,0,16.5,0,0.25,0,0,0,0,0,9637.6
NIFTY,05-Jul-2017,27-Jul-2017,CE,10300,1,1.05,0.85,0.95,0.95,0.95,185,1429.25,.13,150525,-2025,9637.6
NIFTY,05-Jul-2017,27-Jul-2017,CE,10350,0,0,0,0.25,0.25,0.05,0,0,0,600,0,9637.6
NIFTY,05-Jul-2017,27-Jul-2017,CE,10400,0.6,0.75,0.6,0.7,0.7,0.7,1479,11536.97,.77,181950,-2100,9637.6
NIFTY,05-Jul-2017,27-Jul-2017,CE,10450,0,0,0,6.9,0,0.05,0,0,0,0,0,9637.6
NIFTY,05-Jul-2017,27-Jul-2017,CE,10500,0.45,0.55,0.45,0.55,0.55,0.55,1220,9607.99,.49,727350,-3300,9637.6
NIFTY,05-Jul-2017,27-Jul-2017,CE,9650,84.55,91.8,76.95,88.75,90.8,88.75,16286,118904.91,1034.98,386175,-3900,9637.6
NIFTY,05-Jul-2017,27-Jul-2017,CE,9700,58.95,66,54.75,63.85,64.7,63.85,110991,812517.75,5058.23,3758025,-113475,9637.6
NIFTY,05-Jul-2017,27-Jul-2017,CE,9750,40.8,45.1,37.5,43.9,44.15,43.9,7208,52935.3,226.8,360675,-5475,9637.6
NIFTY,05-Jul-2017,27-Jul-2017,CE,9800,26.95,30.5,25,29.35,29.7,29.35,70362,518639.98,1479.28,3363750,-59175,9637.6
NIFTY,05-Jul-2017,27-Jul-2017,CE,9850,15.4,19.25,15.4,18.05,18,18.05,3564,26376,46.95,158775,20775,9637.6
NIFTY,05-Jul-2017,27-Jul-2017,CE,9900,9.9,12.35,9.85,11.55,11.8,11.55,38736,287938.2,323.4,1872825,79500,9637.6
NIFTY,05-Jul-2017,27-Jul-2017,CE,9950,6.7,8,6.5,7.15,7.25,7.15,741,5533.68,3.97,51525,8475,9637.6
NIFTY,05-Jul-2017,27-Jul-2017,CE,10000,4.25,5.15,4,4.8,4.85,4.8,22422,168243.52,78.52,3487725,132825,9637.6
NIFTY,05-Jul-2017,27-Jul-2017,CE,10050,3.35,3.35,3.35,3.35,3.35,3.35,2,15.08,.01,1050,150,9637.6
NIFTY,05-Jul-2017,27-Jul-2017,CE,9200,436,453,423.05,443.75,440.3,443.75,562,4061.82,184.02,465750,3300,9637.6
NIFTY,05-Jul-2017,27-Jul-2017,CE,9250,402,402,402,402,402,402,1,7.24,.3,2775,-75,9637.6
NIFTY,05-Jul-2017,27-Jul-2017,CE,9300,346.1,362.35,330.95,355.6,359.05,355.6,743,5376.41,193.98,732000,10125,9637.6
NIFTY,05-Jul-2017,27-Jul-2017,CE,9350,313.2,313.2,310.95,312.05,310.95,312.05,3,21.74,.7,4425,-75,9637.6
NIFTY,05-Jul-2017,27-Jul-2017,CE,9400,260.05,274.3,245.05,267.6,270,267.6,1768,12809.98,345.58,1016775,-5925,9637.6
NIFTY,05-Jul-2017,27-Jul-2017,CE,9450,213.8,232.35,207.45,228.85,229.05,228.85,120,870.47,19.97,61200,-2175,9637.6
NIFTY,05-Jul-2017,27-Jul-2017,CE,9500,181.5,193.65,168.95,188.6,191.05,188.6,16708,121321.26,2276.76,2564025,-131700,9637.6
NIFTY,05-Jul-2017,27-Jul-2017,CE,9550,139,155.55,133.7,151.2,151.9,151.2,830,6035.65,90.78,120000,-3375,9637.6
NIFTY,05-Jul-2017,27-Jul-2017,CE,9600,105.1,121.75,104,118.5,119.75,118.5,78503,571869.86,6648.26,3494625,86250,9637.6
NIFTY,05-Jul-2017,27-Jul-2017,CE,8950,0,0,0,568,0,722.45,0,0,0,0,0,9637.6
NIFTY,05-Jul-2017,27-Jul-2017,CE,9000,628.55,645,612.7,641.5,645,641.5,293,2116.58,138.83,1142400,-5175,9637.6
NIFTY,05-Jul-2017,27-Jul-2017,CE,9050,0,0,0,485.35,0,622.9,0,0,0,0,0,9637.6
NIFTY,05-Jul-2017,27-Jul-2017,CE,9100,527.1,567.65,517.65,552.9,549.55,552.9,217,1568.49,87.47,181800,3600,9637.6
NIFTY,05-Jul-2017,27-Jul-2017,CE,9150,0,0,0,548.5,548.5,523.55,0,0,0,225,0,9637.6
NIFTY,06-Jul-2017,27-Jul-2017,CE,10550,0,0,0,4.35,0,0,0,0,0,0,0,9674.55
NIFTY,06-Jul-2017,27-Jul-2017,CE,10600,1.45,1.5,1.45,1.5,1.5,1.5,7,55.66,.01,750,525,9674.55
NIFTY,06-Jul-2017,27-Jul-2017,CE,10100,2.4,2.9,2.2,2.55,2.35,2.55,9053,68594.39,17.92,785775,-8400,9674.55
NIFTY,06-Jul-2017,27-Jul-2017,CE,10150,0,0,0,24.65,0,1.25,0,0,0,0,0,9674.55
NIFTY,06-Jul-2017,27-Jul-2017,CE,10200,1.65,1.8,1.5,1.6,1.55,1.6,2141,16381.27,2.62,637875,22950,9674.55
NIFTY,06-Jul-2017,27-Jul-2017,CE,10250,0,0,0,16.5,0,0.3,0,0,0,0,0,9674.55
NIFTY,06-Jul-2017,27-Jul-2017,CE,10300,0.95,1.1,0.95,1.05,1.05,1.05,320,2472.25,.25,161925,11400,9674.55
NIFTY,06-Jul-2017,27-Jul-2017,CE,10350,0,0,0,0.25,0.25,0.1,0,0,0,600,0,9674.55
NIFTY,06-Jul-2017,27-Jul-2017,CE,10400,0.7,0.8,0.65,0.75,0.75,0.75,874,6817.69,.49,179850,-2100,9674.55
NIFTY,06-Jul-2017,27-Jul-2017,CE,10450,0,0,0,6.9,0,0.05,0,0,0,0,0,9674.55
NIFTY,06-Jul-2017,27-Jul-2017,CE,10500,0.5,0.6,0.5,0.6,0.55,0.6,3547,27934.15,1.52,708075,-19275,9674.55
NIFTY,06-Jul-2017,27-Jul-2017,CE,9650,90.05,115,85.75,98.9,96,98.9,16516,120785.11,1250.56,396600,10425,9674.55
NIFTY,06-Jul-2017,27-Jul-2017,CE,9700,65.2,85.9,60.55,72.45,70,72.45,163282,1197074.29,9197.74,3726750,-31275,9674.55
NIFTY,06-Jul-2017,27-Jul-2017,CE,9750,43,62,41.75,50.1,48.45,50.1,23990,176386.48,959.6,738975,378300,9674.55
NIFTY,06-Jul-2017,27-Jul-2017,CE,9800,29.9,41.5,27.55,33.45,31.8,33.45,116013,855804.94,3109.39,3453600,89850,9674.55
NIFTY,06-Jul-2017,27-Jul-2017,CE,9850,17.1,26.75,17.1,20.85,19.75,20.85,10839,80259.58,186.47,250200,91425,9674.55
NIFTY,06-Jul-2017,27-Jul-2017,CE,9900,12.05,17.2,10.85,13.5,12.55,13.5,60028,446358.04,650.14,2070150,197325,9674.55
NIFTY,06-Jul-2017,27-Jul-2017,CE,9950,9,12.6,7,8.7,7.5,8.7,2427,18128.09,16.6,112875,61350,9674.55
NIFTY,06-Jul-2017,27-Jul-2017,CE,10000,5.15,6.65,4.5,5.5,5.1,5.5,37058,278094.11,159.11,3567900,80175,9674.55
NIFTY,06-Jul-2017,27-Jul-2017,CE,10050,4,4.95,3.05,3.9,3.05,3.9,65,490.15,.21,4275,3225,9674.55
NIFTY,06-Jul-2017,27-Jul-2017,CE,9150,0,0,0,548.5,548.5,558.65,0,0,0,225,0,9674.55
NIFTY,06-Jul-2017,27-Jul-2017,CE,9200,448.5,498.65,446.4,471.45,470.85,471.45,524,3801.13,185.53,467400,1650,9674.55
NIFTY,06-Jul-2017,27-Jul-2017,CE,9250,0,0,0,402,402,459.5,0,0,0,2775,0,9674.55
NIFTY,06-Jul-2017,27-Jul-2017,CE,9300,357.5,404.1,355,377.4,373.35,377.4,1363,9905.54,398.62,691350,-40650,9674.55
NIFTY,06-Jul-2017,27-Jul-2017,CE,9350,349.3,349.3,330.5,344.9,344.9,344.9,4,29.08,1.03,4575,150,9674.55
NIFTY,06-Jul-2017,27-Jul-2017,CE,9400,268.3,313.9,266.5,288.55,285.05,288.55,2471,17958.96,538.41,986325,-30450,9674.55
NIFTY,06-Jul-2017,27-Jul-2017,CE,9450,227.5,266.45,227.5,246.55,243.95,246.55,94,684.05,17.82,59775,-1425,9674.55
NIFTY,06-Jul-2017,27-Jul-2017,CE,9500,189.85,229,185.75,205.95,202.2,205.95,19411,141353.11,3049.73,2292675,-271350,9674.55
NIFTY,06-Jul-2017,27-Jul-2017,CE,9550,152.3,186,149.25,165.85,161.5,165.85,1081,7881.32,138.66,120600,600,9674.55
NIFTY,06-Jul-2017,27-Jul-2017,CE,9600,122.2,150,115,131.6,128.45,131.6,78674,574327.48,7874.68,3369300,-125325,9674.55
NIFTY,06-Jul-2017,27-Jul-2017,CE,8950,0,0,0,568,0,757.75,0,0,0,0,0,9674.55
NIFTY,06-Jul-2017,27-Jul-2017,CE,9000,641.3,694.5,640.8,667.15,662.2,667.15,650,4716.82,329.32,1127100,-15300,9674.55
NIFTY,06-Jul-2017,27-Jul-2017,CE,9050,0,0,0,485.35,0,658.15,0,0,0,0,0,9674.55
NIFTY,06-Jul-2017,27-Jul-2017,CE,9100,548.9,596.65,540,569.35,567.9,569.35,233,1688.82,98.59,178800,-3000,9674.55
NIFTY,07-Jul-2017,27-Jul-2017,CE,10550,0,0,0,4.35,0,0,0,0,0,0,0,9665.8
NIFTY,07-Jul-2017,27-Jul-2017,CE,10600,0,0,0,1.5,1.5,0,0,0,0,750,0,9665.8
NIFTY,07-Jul-2017,27-Jul-2017,CE,10100,2.25,2.6,2.05,2.35,2.25,2.35,7828,59310.73,13.63,832875,47100,9665.8
NIFTY,07-Jul-2017,27-Jul-2017,CE,10150,3.9,4.15,3.25,3.55,3.25,3.55,26,198,.08,1200,1200,9665.8
NIFTY,07-Jul-2017,27-Jul-2017,CE,10200,1.2,1.65,1.2,1.4,1.35,1.4,4103,31392.41,4.46,616425,-21450,9665.8
NIFTY,07-Jul-2017,27-Jul-2017,CE,10250,0,0,0,16.5,0,0.15,0,0,0,0,0,9665.8
NIFTY,07-Jul-2017,27-Jul-2017,CE,10300,0.9,1.05,0.85,1,1,1,940,7262.16,.66,196950,35025,9665.8
NIFTY,07-Jul-2017,27-Jul-2017,CE,10350,0,0,0,0.25,0.25,0.05,0,0,0,600,0,9665.8
NIFTY,07-Jul-2017,27-Jul-2017,CE,10400,0.65,0.7,0.65,0.65,0.65,0.65,1500,11700.76,.76,187050,7200,9665.8
NIFTY,07-Jul-2017,27-Jul-2017,CE,10450,0,0,0,6.9,0,0,0,0,0,0,0,9665.8
NIFTY,07-Jul-2017,27-Jul-2017,CE,10500,0.5,0.65,0.5,0.55,0.6,0.55,4449,35037.69,1.82,748725,40650,9665.8
NIFTY,07-Jul-2017,27-Jul-2017,CE,9600,125,133.6,111.6,125,123,125,61303,447020.89,5639.29,3156450,-212850,9665.8
NIFTY,07-Jul-2017,27-Jul-2017,CE,9650,90,101,83,93.6,92.15,93.6,14370,104993.59,990.72,412500,15900,9665.8
NIFTY,07-Jul-2017,27-Jul-2017,CE,9700,63.5,72.85,58.6,67.15,65.65,67.15,133992,981391.94,6600.14,4078125,351375,9665.8
NIFTY,07-Jul-2017,27-Jul-2017,CE,9750,43.2,50,39.3,45.6,44.05,45.6,15351,112767.14,512.95,864750,125775,9665.8
NIFTY,07-Jul-2017,27-Jul-2017,CE,9800,29.15,33.4,26,30.25,28.95,30.25,95853,706637.93,2118.38,3854100,400500,9665.8
NIFTY,07-Jul-2017,27-Jul-2017,CE,9850,17.1,21,15.95,19.1,18.5,19.1,4981,36865.7,68.56,267450,17250,9665.8
NIFTY,07-Jul-2017,27-Jul-2017,CE,9900,11.35,13.45,10.1,12.05,11.3,12.05,62730,466316.57,546.32,2178675,108525,9665.8
NIFTY,07-Jul-2017,27-Jul-2017,CE,9950,6.5,8.35,6.25,7.35,7.05,7.35,1361,10163.71,7.25,131700,18825,9665.8
NIFTY,07-Jul-2017,27-Jul-2017,CE,10000,6.8,6.8,4.2,5,4.7,5,30248,226969.04,109.04,3800775,232875,9665.8
NIFTY,07-Jul-2017,27-Jul-2017,CE,10050,3.9,4.5,3.05,3.35,3.35,3.35,53,399.63,.14,6000,1725,9665.8
NIFTY,07-Jul-2017,27-Jul-2017,CE,9150,0,0,0,548.5,548.5,548.25,0,0,0,225,0,9665.8
NIFTY,07-Jul-2017,27-Jul-2017,CE,9200,456.4,479.6,450,468.6,467,468.6,528,3826.22,183.02,444375,-23025,9665.8
NIFTY,07-Jul-2017,27-Jul-2017,CE,9250,411,423.3,411,417.5,418.7,417.5,35,253.7,10.89,375,-2400,9665.8
NIFTY,07-Jul-2017,27-Jul-2017,CE,9300,370.55,382,355,371.8,369.25,371.8,418,3030.68,115.13,688875,-2475,9665.8
NIFTY,07-Jul-2017,27-Jul-2017,CE,9350,325,325,325,325,325,325,1,7.26,.24,4575,0,9665.8
NIFTY,07-Jul-2017,27-Jul-2017,CE,9400,270.9,293,265.45,281.3,281.65,281.3,1772,12862.19,369.59,971550,-14775,9665.8
NIFTY,07-Jul-2017,27-Jul-2017,CE,9450,232.4,251.7,225,239.25,236,239.25,227,1648.88,40.02,54525,-5250,9665.8
NIFTY,07-Jul-2017,27-Jul-2017,CE,9500,193.9,209.9,183,199.35,198,199.35,9430,68578.92,1390.17,2244600,-48075,9665.8
NIFTY,07-Jul-2017,27-Jul-2017,CE,9550,160,167.65,145.9,159.6,159.5,159.6,474,3451.22,56.2,112200,-8400,9665.8
NIFTY,07-Jul-2017,27-Jul-2017,CE,8950,0,0,0,568,0,747.45,0,0,0,0,0,9665.8
NIFTY,07-Jul-2017,27-Jul-2017,CE,9000,651,676,645,661.6,663.4,661.6,496,3594.17,246.17,1103775,-23325,9665.8
NIFTY,07-Jul-2017,27-Jul-2017,CE,9050,0,0,0,485.35,0,647.8,0,0,0,0,0,9665.8
NIFTY,07-Jul-2017,27-Jul-2017,CE,9100,551.45,574.55,545.95,564.6,560.9,564.6,179,1296.73,75.06,180675,1875,9665.8
NIFTY,10-Jul-2017,27-Jul-2017,CE,10550,0,0,0,4.35,0,0.05,0,0,0,0,0,9771.05
NIFTY,10-Jul-2017,27-Jul-2017,CE,10600,0.1,0.1,0.1,0.1,0.1,0.1,1,7.95,0,750,0,9771.05
NIFTY,10-Jul-2017,27-Jul-2017,CE,10050,4.1,8,4.1,6.95,6.7,6.95,1041,7851.51,4.97,29625,23625,9771.05
NIFTY,10-Jul-2017,27-Jul-2017,CE,10100,1.65,4.65,1.65,4.2,4.2,4.2,23244,176135.22,61.92,892125,59250,9771.05
NIFTY,10-Jul-2017,27-Jul-2017,CE,10150,3.4,4.45,3,3,3,3,13,99,.04,1875,675,9771.05
NIFTY,10-Jul-2017,27-Jul-2017,CE,10200,1.45,2.25,1.45,2.1,2.05,2.1,9147,69987.69,13.14,780300,163875,9771.05
NIFTY,10-Jul-2017,27-Jul-2017,CE,10250,0,0,0,16.5,0,1.15,0,0,0,0,0,9771.05
NIFTY,10-Jul-2017,27-Jul-2017,CE,10300,0.8,1.55,0.8,1.5,1.5,1.5,4124,31862.25,4.35,291675,94725,9771.05
NIFTY,10-Jul-2017,27-Jul-2017,CE,10350,0,0,0,0.25,0.25,0.3,0,0,0,600,0,9771.05
NIFTY,10-Jul-2017,27-Jul-2017,CE,10400,0.8,1.15,0.75,1.15,1.15,1.15,723,5639.93,.53,209400,22350,9771.05
NIFTY,10-Jul-2017,27-Jul-2017,CE,10450,0,0,0,6.9,0,0.1,0,0,0,0,0,9771.05
NIFTY,10-Jul-2017,27-Jul-2017,CE,10500,0.5,0.95,0.5,0.7,0.7,0.7,3185,25083.71,1.83,805500,56775,9771.05
NIFTY,10-Jul-2017,27-Jul-2017,CE,9600,137.7,215.5,130.65,203.65,200,203.65,53203,390067.92,7006.32,2479725,-676725,9771.05
NIFTY,10-Jul-2017,27-Jul-2017,CE,9650,100.1,172.35,100,162.7,161.8,162.7,7950,58319.14,781.02,336825,-75675,9771.05
NIFTY,10-Jul-2017,27-Jul-2017,CE,9700,74.45,134.9,70.7,126.35,124.65,126.35,160485,1180203.64,12675.27,3845325,-232800,9771.05
NIFTY,10-Jul-2017,27-Jul-2017,CE,9750,55,101.6,52.7,94.5,92.95,94.5,26668,196540.07,1530.32,706425,-158325,9771.05
NIFTY,10-Jul-2017,27-Jul-2017,CE,9800,35,73.4,33.5,68.05,66.45,68.05,198479,1467360.77,8540.12,4014150,160050,9771.05
NIFTY,10-Jul-2017,27-Jul-2017,CE,9850,22.4,50.4,22.4,46.35,45.05,46.35,18662,138420.1,554.58,515175,247725,9771.05
NIFTY,10-Jul-2017,27-Jul-2017,CE,9900,14.55,33.4,12.8,30.45,29.5,30.45,122788,914038.77,2337.87,2640000,461325,9771.05
NIFTY,10-Jul-2017,27-Jul-2017,CE,9950,8.65,20.55,8.15,18.55,18,18.55,8312,62130.21,101.91,321525,189825,9771.05
NIFTY,10-Jul-2017,27-Jul-2017,CE,10000,4.55,12.85,4.55,11.65,11.5,11.65,80437,603858.55,581.05,3693600,-107175,9771.05
NIFTY,10-Jul-2017,27-Jul-2017,CE,9150,0,0,0,548.5,548.5,648.6,0,0,0,225,0,9771.05
NIFTY,10-Jul-2017,27-Jul-2017,CE,9200,501.2,590,499.7,573.25,566.4,573.25,502,3672.71,208.91,430500,-13875,9771.05
NIFTY,10-Jul-2017,27-Jul-2017,CE,9250,0,0,0,417.5,418.7,549,0,0,0,375,0,9771.05
NIFTY,10-Jul-2017,27-Jul-2017,CE,9300,399.6,490,399.6,478.15,472,478.15,1112,8123.31,367.11,644025,-44850,9771.05
NIFTY,10-Jul-2017,27-Jul-2017,CE,9350,0,0,0,325,325,449.95,0,0,0,4575,0,9771.05
NIFTY,10-Jul-2017,27-Jul-2017,CE,9400,306.5,396.5,304,380.25,376,380.25,3249,23769.65,864.2,904125,-67425,9771.05
NIFTY,10-Jul-2017,27-Jul-2017,CE,9450,269.05,350.2,268.05,336.4,327.95,336.4,176,1290.29,42.89,49425,-5100,9771.05
NIFTY,10-Jul-2017,27-Jul-2017,CE,9500,216,303.4,216,291.65,286.55,291.65,13385,98016.08,2647.95,1918575,-326025,9771.05
NIFTY,10-Jul-2017,27-Jul-2017,CE,9550,182,256.45,179.25,244.7,239.8,244.7,554,4062.1,94.08,102300,-9900,9771.05
NIFTY,10-Jul-2017,27-Jul-2017,CE,8950,0,0,0,568,0,847.95,0,0,0,0,0,9771.05
NIFTY,10-Jul-2017,27-Jul-2017,CE,9000,698.4,787,698,769.55,764.6,769.55,528,3862.16,298.16,1095150,-8625,9771.05
NIFTY,10-Jul-2017,27-Jul-2017,CE,9050,0,0,0,485.35,0,748.25,0,0,0,0,0,9771.05
NIFTY,10-Jul-2017,27-Jul-2017,CE,9100,603,684.8,603,673.3,663.05,673.3,116,848.71,57.01,175425,-5250,9771.05
NIFTY,11-Jul-2017,27-Jul-2017,CE,10500,0.55,1,0.55,0.9,0.95,0.9,5807,45733.74,3.61,837300,31800,9786.05
NIFTY,11-Jul-2017,27-Jul-2017,CE,10550,0,0,0,4.35,0,0.05,0,0,0,0,0,9786.05
NIFTY,11-Jul-2017,27-Jul-2017,CE,10600,0.15,0.15,0.15,0.15,0.15,0.15,2,15.9,0,600,-150,9786.05
NIFTY,11-Jul-2017,27-Jul-2017,CE,10050,7.95,11.3,6.65,7.25,7.7,7.25,4750,35835.89,32.76,82050,52425,9786.05
NIFTY,11-Jul-2017,27-Jul-2017,CE,10100,4.65,7.05,4.35,4.6,4.75,4.6,52997,401676.5,224.23,1161525,269400,9786.05
NIFTY,11-Jul-2017,27-Jul-2017,CE,10150,4,4.55,2,2.95,3.5,2.95,172,1309.84,.49,3900,2025,9786.05
NIFTY,11-Jul-2017,27-Jul-2017,CE,10200,1.8,3,1.8,2.25,2.25,2.25,32789,250896.64,60.79,915975,135675,9786.05
NIFTY,11-Jul-2017,27-Jul-2017,CE,10250,2.1,2.1,2.1,2.1,2.1,2.1,12,92.27,.02,900,900,9786.05
NIFTY,11-Jul-2017,27-Jul-2017,CE,10300,1.95,1.95,1.1,1.55,1.55,1.55,7341,56717.42,8.2,324750,33075,9786.05
NIFTY,11-Jul-2017,27-Jul-2017,CE,10350,0,0,0,0.25,0.25,0.2,0,0,0,600,0,9786.05
NIFTY,11-Jul-2017,27-Jul-2017,CE,10400,1.5,1.5,1,1.1,1.2,1.1,2336,18222.81,2.01,226050,16650,9786.05
NIFTY,11-Jul-2017,27-Jul-2017,CE,10450,0,0,0,6.9,0,0.05,0,0,0,0,0,9786.05
NIFTY,11-Jul-2017,27-Jul-2017,CE,9600,220.5,246.35,203.5,210.75,213.6,210.75,18891,139227.8,3212.6,2274525,-205200,9786.05
NIFTY,11-Jul-2017,27-Jul-2017,CE,9650,204.9,204.9,163.25,168,171.15,168,2900,21393.6,404.85,246000,-90825,9786.05
NIFTY,11-Jul-2017,27-Jul-2017,CE,9700,140,161.1,125.35,131.05,135,131.05,77302,570731.92,8359.87,3329175,-516150,9786.05
NIFTY,11-Jul-2017,27-Jul-2017,CE,9750,109.55,123.9,92.95,97.3,101.65,97.3,11527,85230.35,939.16,674625,-31800,9786.05
NIFTY,11-Jul-2017,27-Jul-2017,CE,9800,77.25,92,65.55,70.15,72.7,70.15,204906,1518302.6,12243.5,4244100,229950,9786.05
NIFTY,11-Jul-2017,27-Jul-2017,CE,9850,37.75,65.45,37.75,47.6,49.6,47.6,37140,275927.32,1555.57,809475,294300,9786.05
NIFTY,11-Jul-2017,27-Jul-2017,CE,9900,33,44.7,28.9,31.55,33.3,31.55,178493,1330360.86,5050.33,2961900,321900,9786.05
NIFTY,11-Jul-2017,27-Jul-2017,CE,9950,25,28.9,17.7,19.35,19.8,19.35,12925,96683.68,230.87,412725,91200,9786.05
NIFTY,11-Jul-2017,27-Jul-2017,CE,10000,11.8,18.7,11.05,12.15,12.65,12.15,163846,1230701.06,1856.06,4210650,517050,9786.05
NIFTY,11-Jul-2017,27-Jul-2017,CE,9150,0,0,0,548.5,548.5,662,0,0,0,225,0,9786.05
NIFTY,11-Jul-2017,27-Jul-2017,CE,9200,590,625.4,580,582.8,589,582.8,836,6145.2,376.8,398175,-32325,9786.05
NIFTY,11-Jul-2017,27-Jul-2017,CE,9250,0,0,0,417.5,418.7,562.35,0,0,0,375,0,9786.05
NIFTY,11-Jul-2017,27-Jul-2017,CE,9300,489.6,526,483.6,487.45,491,487.45,1820,13389.93,695.43,544650,-99375,9786.05
NIFTY,11-Jul-2017,27-Jul-2017,CE,9350,450,450,450,450,450,450,2,14.7,.68,4650,75,9786.05
NIFTY,11-Jul-2017,27-Jul-2017,CE,9400,401.2,429.35,387,392.05,396.7,392.05,3983,29304.04,1223.89,731100,-173025,9786.05
NIFTY,11-Jul-2017,27-Jul-2017,CE,9450,353.7,385,342.4,342.55,342.65,342.55,303,2228.6,81.08,44550,-4875,9786.05
NIFTY,11-Jul-2017,27-Jul-2017,CE,9500,309,336.55,291.65,298.55,304.5,298.55,7305,53773.3,1725.17,1642725,-275850,9786.05
NIFTY,11-Jul-2017,27-Jul-2017,CE,9550,258.85,291,247,254.1,257.95,254.1,529,3894.49,105.53,86850,-15450,9786.05
NIFTY,11-Jul-2017,27-Jul-2017,CE,8950,0,0,0,568,0,861.4,0,0,0,0,0,9786.05
NIFTY,11-Jul-2017,27-Jul-2017,CE,9000,793.3,820.3,778.2,781.3,784,781.3,920,6762.86,552.86,1082925,-12225,9786.05
NIFTY,11-Jul-2017,27-Jul-2017,CE,9050,0,0,0,485.35,0,761.7,0,0,0,0,0,9786.05
NIFTY,11-Jul-2017,27-Jul-2017,CE,9100,692.45,724.2,681.9,683.7,686,683.7,398,2924.72,208.37,156825,-18600,9786.05
NIFTY,12-Jul-2017,27-Jul-2017,CE,8950,0,0,0,568,0,889.85,0,0,0,0,0,9816.1
NIFTY,12-Jul-2017,27-Jul-2017,CE,9000,794.9,822.9,782.05,813.35,822.9,813.35,457,3359.88,275.13,1081125,-1800,9816.1
NIFTY,12-Jul-2017,27-Jul-2017,CE,9050,0,0,0,485.35,0,790.1,0,0,0,0,0,9816.1
NIFTY,12-Jul-2017,27-Jul-2017,CE,9100,703.55,726.6,684.6,721.25,726.6,721.25,59,433.87,31.2,154875,-1950,9816.1
NIFTY,12-Jul-2017,27-Jul-2017,CE,9150,0,0,0,548.5,548.5,690.4,0,0,0,225,0,9816.1
NIFTY,12-Jul-2017,27-Jul-2017,CE,9200,598,621.4,585.8,614,621.4,614,349,2566.51,158.41,382575,-15600,9816.1
NIFTY,12-Jul-2017,27-Jul-2017,CE,9250,0,0,0,417.5,418.7,590.65,0,0,0,375,0,9816.1
NIFTY,12-Jul-2017,27-Jul-2017,CE,9300,500.15,527.15,482.35,522.2,527.15,522.2,243,1786.56,91.63,542850,-1800,9816.1
NIFTY,12-Jul-2017,27-Jul-2017,CE,9350,431.45,480,431.45,480,480,480,6,44.12,2.05,4575,-75,9816.1
NIFTY,12-Jul-2017,27-Jul-2017,CE,9400,401.4,430.5,391,422.4,430.5,422.4,1310,9635.32,399.82,690075,-41025,9816.1
NIFTY,12-Jul-2017,27-Jul-2017,CE,9450,359.4,368.15,354.9,368.15,368.15,368.15,17,125.1,4.61,43950,-600,9816.1
NIFTY,12-Jul-2017,27-Jul-2017,CE,9500,311.1,340.25,299,329.4,335.5,329.4,2698,19860.64,637.39,1589775,-52950,9816.1
NIFTY,12-Jul-2017,27-Jul-2017,CE,9550,262.75,288,253.6,282.35,288,282.35,108,795.23,21.68,86025,-825,9816.1
NIFTY,12-Jul-2017,27-Jul-2017,CE,9600,224.4,246.8,211.35,238.1,246.8,238.1,9866,72710.61,1675.41,2185650,-88875,9816.1
NIFTY,12-Jul-2017,27-Jul-2017,CE,9650,182,201,170.15,197.35,201,197.35,759,5597.55,104.29,239700,-6300,9816.1
NIFTY,12-Jul-2017,27-Jul-2017,CE,9700,142.25,161.8,132.55,154.4,160.15,154.4,46401,342576.9,5009.62,3176850,-152325,9816.1
NIFTY,12-Jul-2017,27-Jul-2017,CE,9750,106.6,123.95,99.05,117.75,123.85,117.75,7668,56696.3,624.05,691350,16725,9816.1
NIFTY,12-Jul-2017,27-Jul-2017,CE,9800,77.55,92.9,71.45,87.3,92.8,87.3,156715,1161219.58,9364.33,4183125,-60975,9816.1
NIFTY,12-Jul-2017,27-Jul-2017,CE,9850,54.85,65.3,49.3,61.55,65.1,61.55,30527,226791.23,1273.02,787275,-22200,9816.1
NIFTY,12-Jul-2017,27-Jul-2017,CE,9900,34.85,44.65,32.7,41.5,44.5,41.5,127627,951189.35,3558.88,3169875,207975,9816.1
NIFTY,12-Jul-2017,27-Jul-2017,CE,9950,12.55,34.9,12.55,25.9,28.2,25.9,10419,77933.13,181.34,426450,13725,9816.1
NIFTY,12-Jul-2017,27-Jul-2017,CE,10000,13.1,17.95,12.75,16.6,17.9,16.6,99505,747388.53,1101.03,4306500,95850,9816.1
NIFTY,12-Jul-2017,27-Jul-2017,CE,10050,19.9,19.9,7.75,9.95,10.5,9.95,3379,25492.18,22.96,96975,14925,9816.1
NIFTY,12-Jul-2017,27-Jul-2017,CE,10100,4.55,6.5,4.55,6.1,6.45,6.1,27789,210615.73,114.06,1238700,77175,9816.1
NIFTY,12-Jul-2017,27-Jul-2017,CE,10150,4,4.45,3.35,4.2,4.1,4.2,218,1660.16,.64,10650,6750,9816.1
NIFTY,12-Jul-2017,27-Jul-2017,CE,10200,2.25,3.05,2.2,2.8,2.9,2.8,14445,110532.12,27.87,921075,5100,9816.1
NIFTY,12-Jul-2017,27-Jul-2017,CE,10250,1.85,2.2,1.85,2.2,2.15,2.2,59,453.65,.09,1800,900,9816.1
NIFTY,12-Jul-2017,27-Jul-2017,CE,10300,1.7,1.8,1.5,1.8,1.8,1.8,3388,26176.46,4.16,329175,4425,9816.1
NIFTY,12-Jul-2017,27-Jul-2017,CE,10350,1.25,1.3,1.2,1.3,1.3,1.3,27,209.61,.03,2475,1875,9816.1
NIFTY,12-Jul-2017,27-Jul-2017,CE,10400,1.15,1.3,1,1.3,1.3,1.3,2974,23199.76,2.56,213750,-12300,9816.1
NIFTY,12-Jul-2017,27-Jul-2017,CE,10450,0,0,0,6.9,0,0.05,0,0,0,0,0,9816.1
NIFTY,12-Jul-2017,27-Jul-2017,CE,10500,0.75,0.95,0.75,0.85,0.85,0.85,2433,19161.33,1.45,866700,29400,9816.1
NIFTY,12-Jul-2017,27-Jul-2017,CE,10550,1.5,1.5,1.5,1.5,1.5,1.5,1,7.91,0,75,75,9816.1
NIFTY,12-Jul-2017,27-Jul-2017,CE,10600,1.75,1.75,1.7,1.7,1.7,1.7,2,15.9,0,675,75,9816.1
NIFTY,13-Jul-2017,27-Jul-2017,CE,8950,0,0,0,568,0,963.85,0,0,0,0,0,9891.7
NIFTY,13-Jul-2017,27-Jul-2017,CE,9000,860,885.45,855,882.2,879,882.2,1008,7461.13,657.13,1032150,-48975,9891.7
NIFTY,13-Jul-2017,27-Jul-2017,CE,9050,0,0,0,485.35,0,864.1,0,0,0,0,0,9891.7
NIFTY,13-Jul-2017,27-Jul-2017,CE,9100,769.95,786.15,758,784.45,782.55,784.45,149,1102.91,85.98,150675,-4200,9891.7
NIFTY,13-Jul-2017,27-Jul-2017,CE,9150,0,0,0,548.5,548.5,764.35,0,0,0,225,0,9891.7
NIFTY,13-Jul-2017,27-Jul-2017,CE,9200,670.8,687.8,658,683.15,681.8,683.15,480,3553.45,241.45,360150,-22425,9891.7
NIFTY,13-Jul-2017,27-Jul-2017,CE,9250,0,0,0,417.5,418.7,664.6,0,0,0,375,0,9891.7
NIFTY,13-Jul-2017,27-Jul-2017,CE,9300,591.3,591.3,557.7,584.8,582.9,584.8,564,4174.65,240.75,516750,-26100,9891.7
NIFTY,13-Jul-2017,27-Jul-2017,CE,9350,524,524,524,524,524,524,1,7.41,.39,4575,0,9891.7
NIFTY,13-Jul-2017,27-Jul-2017,CE,9400,465,492,460,488.9,486,488.9,1155,8555.61,412.86,633450,-56625,9891.7
NIFTY,13-Jul-2017,27-Jul-2017,CE,9450,426,448,416.35,441,448,441,112,829.43,35.63,40950,-3000,9891.7
NIFTY,13-Jul-2017,27-Jul-2017,CE,9500,370.25,396,364,390.45,389.1,390.45,4951,36685.38,1409.51,1389375,-200400,9891.7
NIFTY,13-Jul-2017,27-Jul-2017,CE,9550,326.25,346,317.15,342.05,339.1,342.05,1012,7500.71,252.26,82275,-3750,9891.7
NIFTY,13-Jul-2017,27-Jul-2017,CE,9600,280.05,306,270.15,298.1,296.6,298.1,14746,109328.79,3157.59,1918425,-267225,9891.7
NIFTY,13-Jul-2017,27-Jul-2017,CE,9650,236.7,254.9,226.55,250.45,249,250.45,701,5198.23,124.74,227850,-11850,9891.7
NIFTY,13-Jul-2017,27-Jul-2017,CE,9700,188,212,180,207.05,206.2,207.05,32625,242130.77,4783.9,2242275,-934575,9891.7
NIFTY,13-Jul-2017,27-Jul-2017,CE,9750,142.2,183.9,142.2,165.5,164,165.5,3917,29098.78,455.72,587175,-104175,9891.7
NIFTY,13-Jul-2017,27-Jul-2017,CE,9800,114.95,131.2,108.9,126.65,125.15,126.65,124737,927893.25,11076.3,3637875,-545250,9891.7
NIFTY,13-Jul-2017,27-Jul-2017,CE,9850,75,97,72.8,91.5,92,91.5,30614,228128.43,1967.5,985125,197850,9891.7
NIFTY,13-Jul-2017,27-Jul-2017,CE,9900,50.2,67.3,50.2,64.25,64.75,64.25,195568,1460896.95,8804.55,3927750,757875,9891.7
NIFTY,13-Jul-2017,27-Jul-2017,CE,9950,38,47.9,34.3,42.75,43.05,42.75,27428,205486.37,804.92,731775,305325,9891.7
NIFTY,13-Jul-2017,27-Jul-2017,CE,10000,22.2,28.9,21.4,27.35,27.9,27.35,170852,1284621.84,3231.84,4447350,140850,9891.7
NIFTY,13-Jul-2017,27-Jul-2017,CE,10050,15.4,17,12,16.1,16.5,16.1,10823,81700,121.64,207825,110850,9891.7
NIFTY,13-Jul-2017,27-Jul-2017,CE,10100,9.5,10.95,7.6,10.15,10.7,10.15,76654,581180.77,526.72,1782075,543375,9891.7
NIFTY,13-Jul-2017,27-Jul-2017,CE,10150,5.7,7.3,4.55,6.15,6.5,6.15,1832,13953.71,7.61,49575,38925,9891.7
NIFTY,13-Jul-2017,27-Jul-2017,CE,10200,4.45,4.45,3.15,4.05,4.3,4.05,31501,241069.86,87.21,1315800,394725,9891.7
NIFTY,13-Jul-2017,27-Jul-2017,CE,10250,2.95,3.2,2.25,3,3.05,3,452,3475.65,.9,7575,5775,9891.7
NIFTY,13-Jul-2017,27-Jul-2017,CE,10300,3.8,3.8,1.75,2.35,2.55,2.35,9468,73155.39,15.09,422925,93750,9891.7
NIFTY,13-Jul-2017,27-Jul-2017,CE,10350,1.55,1.9,1.55,1.9,1.9,1.9,121,939.41,.15,4050,1575,9891.7
NIFTY,13-Jul-2017,27-Jul-2017,CE,10400,1.5,1.85,1.2,1.6,1.85,1.6,2456,19159.45,2.65,276900,63150,9891.7
NIFTY,13-Jul-2017,27-Jul-2017,CE,10450,0,0,0,6.9,0,0.15,0,0,0,0,0,9891.7
NIFTY,13-Jul-2017,27-Jul-2017,CE,10500,0.9,1.3,0.85,1.15,1.3,1.15,5302,41757.34,4.09,924225,57525,9891.7
NIFTY,13-Jul-2017,27-Jul-2017,CE,10550,0,0,0,1.5,1.5,0.05,0,0,0,75,0,9891.7
NIFTY,13-Jul-2017,27-Jul-2017,CE,10600,0,0,0,1.7,1.7,0.05,0,0,0,675,0,9891.7
NIFTY,14-Jul-2017,27-Jul-2017,CE,8950,0,0,0,568,0,956.95,0,0,0,0,0,9886.35
NIFTY,14-Jul-2017,27-Jul-2017,CE,9000,882.7,898.3,853.1,893.95,898.3,893.95,698,5172.74,461.24,1011150,-21000,9886.35
NIFTY,14-Jul-2017,27-Jul-2017,CE,9050,0,0,0,485.35,0,857.15,0,0,0,0,0,9886.35
NIFTY,14-Jul-2017,27-Jul-2017,CE,9100,949.6,949.6,763,792.35,794,792.35,74,548.28,43.23,147000,-3675,9886.35
NIFTY,14-Jul-2017,27-Jul-2017,CE,9150,0,0,0,548.5,548.5,757.4,0,0,0,225,0,9886.35
NIFTY,14-Jul-2017,27-Jul-2017,CE,9200,677.95,700.05,660,697.2,697.2,697.2,968,7171.53,492.33,300300,-59850,9886.35
NIFTY,14-Jul-2017,27-Jul-2017,CE,9250,0,0,0,417.5,418.7,657.65,0,0,0,375,0,9886.35
NIFTY,14-Jul-2017,27-Jul-2017,CE,9300,590.95,601.1,557,599.1,599.45,599.1,455,3372.53,198.91,489300,-27450,9886.35
NIFTY,14-Jul-2017,27-Jul-2017,CE,9350,517.4,517.4,517.4,517.4,517.4,517.4,2,14.8,.78,4575,0,9886.35
NIFTY,14-Jul-2017,27-Jul-2017,CE,9400,484,503.9,461,499.85,503.9,499.85,967,7160.86,343.51,588600,-44850,9886.35
NIFTY,14-Jul-2017,27-Jul-2017,CE,9450,439.5,453,413.25,453,453,453,33,244.63,10.75,39450,-1500,9886.35
NIFTY,14-Jul-2017,27-Jul-2017,CE,9500,404.75,406.95,364,402.25,406.95,402.25,3496,25921.15,1012.15,1232100,-157275,9886.35
NIFTY,14-Jul-2017,27-Jul-2017,CE,9550,334.4,356,318,354.8,356,354.8,239,1772.83,61,77925,-4350,9886.35
NIFTY,14-Jul-2017,27-Jul-2017,CE,9600,308.15,312.95,271.1,308,312.95,308,6434,47734.14,1409.34,1726500,-191925,9886.35
NIFTY,14-Jul-2017,27-Jul-2017,CE,9650,261.25,263,227,260.3,263,260.3,372,2760.66,68.31,220575,-7275,9886.35
NIFTY,14-Jul-2017,27-Jul-2017,CE,9700,213.75,220.2,182.2,215.45,219,215.45,12383,91959.59,1873.26,2163075,-79200,9886.35
NIFTY,14-Jul-2017,27-Jul-2017,CE,9750,189.4,189.4,142,175.05,180,175.05,4083,30378.59,521.65,532500,-54675,9886.35
NIFTY,14-Jul-2017,27-Jul-2017,CE,9800,126,138.25,106,131.75,134.25,131.75,88020,654957.53,8010.53,3120675,-517200,9886.35
NIFTY,14-Jul-2017,27-Jul-2017,CE,9850,99.8,99.95,74,93.35,96,93.35,17863,133107.48,1144.57,985050,-75,9886.35
NIFTY,14-Jul-2017,27-Jul-2017,CE,9900,67.2,73.95,49.6,64.35,65.2,64.35,204248,1525575.54,9034.14,4502700,574950,9886.35
NIFTY,14-Jul-2017,27-Jul-2017,CE,9950,47.45,49.2,30.25,41.65,42.6,41.65,33067,247694.93,932.44,855375,123600,9886.35
NIFTY,14-Jul-2017,27-Jul-2017,CE,10000,31.85,32.5,19.3,26.35,26.3,26.35,162865,1224417.27,2929.77,4564425,117075,9886.35
NIFTY,14-Jul-2017,27-Jul-2017,CE,10050,18.55,19.3,11,15.35,14.6,15.35,12164,91812.12,125.97,265575,57750,9886.35
NIFTY,14-Jul-2017,27-Jul-2017,CE,10100,11.65,12,6.9,9.5,9.3,9.5,75117,569497.45,486.18,1697550,-84525,9886.35
NIFTY,14-Jul-2017,27-Jul-2017,CE,10150,7.35,7.35,4.45,5.75,5.55,5.75,2506,19086.99,10.07,70350,20775,9886.35
NIFTY,14-Jul-2017,27-Jul-2017,CE,10200,4.55,4.85,3.1,3.85,3.7,3.85,35183,269245.35,95.4,1364925,49125,9886.35
NIFTY,14-Jul-2017,27-Jul-2017,CE,10250,3.05,3.05,2.35,2.8,2.65,2.8,506,3890.89,1.01,12000,4425,9886.35
NIFTY,14-Jul-2017,27-Jul-2017,CE,10300,3.1,3.1,1.75,2,1.85,2,9942,76817.25,15.3,397050,-25875,9886.35
NIFTY,14-Jul-2017,27-Jul-2017,CE,10350,1.6,1.85,1.5,1.75,1.65,1.75,68,527.94,.09,3825,-225,9886.35
NIFTY,14-Jul-2017,27-Jul-2017,CE,10400,1.15,1.7,1.15,1.4,1.25,1.4,2209,17232.52,2.32,265500,-11400,9886.35
NIFTY,14-Jul-2017,27-Jul-2017,CE,10450,0,0,0,6.9,0,0.1,0,0,0,0,0,9886.35
NIFTY,14-Jul-2017,27-Jul-2017,CE,10500,1.5,1.5,0.8,1.15,1.1,1.15,7306,57540.37,5.62,941850,17625,9886.35
NIFTY,14-Jul-2017,27-Jul-2017,CE,10550,0,0,0,1.5,1.5,0.05,0,0,0,75,0,9886.35
NIFTY,14-Jul-2017,27-Jul-2017,CE,10600,0.2,0.2,0.2,0.2,0.2,0.2,1,7.95,0,675,0,9886.35
NIFTY,17-Jul-2017,27-Jul-2017,CE,8950,0,0,0,568,0,981.8,0,0,0,0,0,9915.95
NIFTY,17-Jul-2017,27-Jul-2017,CE,9000,910.5,935,903.1,927.05,926,927.05,496,3689.37,341.37,987300,-23850,9915.95
NIFTY,17-Jul-2017,27-Jul-2017,CE,9050,0,0,0,485.35,0,881.95,0,0,0,0,0,9915.95
NIFTY,17-Jul-2017,27-Jul-2017,CE,9100,812,834.85,808.25,828.9,828.9,828.9,84,624.83,51.53,143400,-3600,9915.95
NIFTY,17-Jul-2017,27-Jul-2017,CE,9150,0,0,0,548.5,548.5,782.15,0,0,0,225,0,9915.95
NIFTY,17-Jul-2017,27-Jul-2017,CE,9200,712.95,738.3,708.85,730.75,730.45,730.75,407,3027.95,219.65,275325,-24975,9915.95
NIFTY,17-Jul-2017,27-Jul-2017,CE,9250,0,0,0,417.5,418.7,682.35,0,0,0,375,0,9915.95
NIFTY,17-Jul-2017,27-Jul-2017,CE,9300,617,639.35,607,630.3,629.7,630.3,429,3193.26,200.99,461475,-27825,9915.95
NIFTY,17-Jul-2017,27-Jul-2017,CE,9350,0,0,0,517.4,517.4,582.5,0,0,0,4575,0,9915.95
NIFTY,17-Jul-2017,27-Jul-2017,CE,9400,513.45,538.15,510,531.1,530.65,531.1,287,2135.25,111.9,572850,-15750,9915.95
NIFTY,17-Jul-2017,27-Jul-2017,CE,9450,461.4,485.6,457.4,485.6,485.6,485.6,11,81.85,3.89,38850,-600,9915.95
NIFTY,17-Jul-2017,27-Jul-2017,CE,9500,423.65,441,409.15,432.95,432.55,432.95,1678,12491.17,535.42,1173975,-58125,9915.95
NIFTY,17-Jul-2017,27-Jul-2017,CE,9550,362.25,388.85,360.55,380,377.85,380,692,5151.3,194.85,77400,-525,9915.95
NIFTY,17-Jul-2017,27-Jul-2017,CE,9600,327.15,346.85,313.35,338,336.8,338,5495,40920.05,1356.05,1540650,-185850,9915.95
NIFTY,17-Jul-2017,27-Jul-2017,CE,9650,275,295,264,287,287.75,287,337,2509.57,70.53,215100,-5475,9915.95
NIFTY,17-Jul-2017,27-Jul-2017,CE,9700,239.65,250.1,220,241.85,241,241.85,9478,70616.39,1663.94,2091075,-72000,9915.95
NIFTY,17-Jul-2017,27-Jul-2017,CE,9750,187.65,204.5,176.55,197.6,196.2,197.6,2188,16313.69,313.94,442950,-89550,9915.95
NIFTY,17-Jul-2017,27-Jul-2017,CE,9800,151.75,161.6,134.5,154.7,155,154.7,44315,330630.88,4915.63,2668500,-452175,9915.95
NIFTY,17-Jul-2017,27-Jul-2017,CE,9850,102.2,117.9,95.65,112.9,112.4,112.9,14069,105053.27,1118.53,692550,-292500,9915.95
NIFTY,17-Jul-2017,27-Jul-2017,CE,9900,74.95,83,65.05,78.9,78.7,78.9,152488,1140619.62,8396.22,4419075,-83625,9915.95
NIFTY,17-Jul-2017,27-Jul-2017,CE,9950,45.65,54.7,41.4,51.8,51.5,51.8,47850,358804.24,1723.61,1245675,390300,9915.95
NIFTY,17-Jul-2017,27-Jul-2017,CE,10000,32,34.6,25,32.45,32.75,32.45,189199,1423174.33,4181.83,4693950,129525,9915.95
NIFTY,17-Jul-2017,27-Jul-2017,CE,10050,23,23,13.95,18.5,18.3,18.5,17176,129680.64,216.54,445275,179700,9915.95
NIFTY,17-Jul-2017,27-Jul-2017,CE,10100,12.05,12.05,8.05,10.8,10.55,10.8,97640,740329.34,706.34,2063775,366225,9915.95
NIFTY,17-Jul-2017,27-Jul-2017,CE,10150,6.55,6.65,4.8,5.9,5.85,5.9,3318,25272.13,13.86,102375,32025,9915.95
NIFTY,17-Jul-2017,27-Jul-2017,CE,10200,4.6,4.6,3.25,3.8,3.7,3.8,32974,252339.51,88.41,1582275,217350,9915.95
NIFTY,17-Jul-2017,27-Jul-2017,CE,10250,2.75,3.5,1.2,2.75,2.2,2.75,714,5490.32,1.44,13575,1575,9915.95
NIFTY,17-Jul-2017,27-Jul-2017,CE,10300,2.1,2.1,1.45,2,1.95,2,7252,56032.05,10.35,387975,-9075,9915.95
NIFTY,17-Jul-2017,27-Jul-2017,CE,10350,1.55,1.75,1.4,1.7,1.55,1.7,148,1149.02,.17,5850,2025,9915.95
NIFTY,17-Jul-2017,27-Jul-2017,CE,10400,1.25,1.35,1.1,1.3,1.2,1.3,3581,27935.13,3.33,270600,5100,9915.95
NIFTY,17-Jul-2017,27-Jul-2017,CE,10450,0,0,0,6.9,0,0.05,0,0,0,0,0,9915.95
NIFTY,17-Jul-2017,27-Jul-2017,CE,10500,1,1.1,0.8,1,1,1,5105,40205.43,3.55,916575,-25275,9915.95
NIFTY,17-Jul-2017,27-Jul-2017,CE,10550,0,0,0,1.5,1.5,0,0,0,0,75,0,9915.95
NIFTY,17-Jul-2017,27-Jul-2017,CE,10600,0,0,0,0.2,0.2,0,0,0,0,675,0,9915.95
NIFTY,18-Jul-2017,27-Jul-2017,CE,8950,0,0,0,568,0,891.35,0,0,0,0,0,9827.15
NIFTY,18-Jul-2017,27-Jul-2017,CE,9000,867.8,899.35,829.3,840.15,843,840.15,662,4899.05,430.55,954525,-32775,9827.15
NIFTY,18-Jul-2017,27-Jul-2017,CE,9050,0,0,0,485.35,0,791.5,0,0,0,0,0,9827.15
NIFTY,18-Jul-2017,27-Jul-2017,CE,9100,775.3,797,734.3,743.65,744,743.65,144,1066.59,83.79,136200,-7200,9827.15
NIFTY,18-Jul-2017,27-Jul-2017,CE,9150,0,0,0,548.5,548.5,691.65,0,0,0,225,0,9827.15
NIFTY,18-Jul-2017,27-Jul-2017,CE,9200,681.05,697.8,632.65,645.4,646,645.4,248,1836.68,125.48,267750,-7575,9827.15
NIFTY,18-Jul-2017,27-Jul-2017,CE,9250,0,0,0,417.5,418.7,591.8,0,0,0,375,0,9827.15
NIFTY,18-Jul-2017,27-Jul-2017,CE,9300,575,597,531.1,543.4,546,543.4,552,4088.21,238.01,441900,-19575,9827.15
NIFTY,18-Jul-2017,27-Jul-2017,CE,9350,521.7,521.7,521.7,521.7,521.7,521.7,1,7.4,.39,4500,-75,9827.15
NIFTY,18-Jul-2017,27-Jul-2017,CE,9400,469.4,500.75,432.25,446.25,448.1,446.25,1070,7924.16,380.66,532800,-40050,9827.15
NIFTY,18-Jul-2017,27-Jul-2017,CE,9450,447.75,447.85,389.7,397.35,400.3,397.35,182,1344.43,54.5,29550,-9300,9827.15
NIFTY,18-Jul-2017,27-Jul-2017,CE,9500,397.65,404.7,335.65,349.05,354,349.05,4089,30290.84,1156.71,1046325,-127650,9827.15
NIFTY,18-Jul-2017,27-Jul-2017,CE,9550,340.05,353,287.6,296.8,301.45,296.8,618,4578.15,151.73,73350,-4050,9827.15
NIFTY,18-Jul-2017,27-Jul-2017,CE,9600,300.05,308.45,243.15,253.8,259.7,253.8,9483,70310.6,2033,1213800,-326850,9827.15
NIFTY,18-Jul-2017,27-Jul-2017,CE,9650,240.85,259.65,197.85,206.95,211.55,206.95,345,2555.9,58.96,202650,-12450,9827.15
NIFTY,18-Jul-2017,27-Jul-2017,CE,9700,190.25,214.05,153.05,163.6,166.55,163.6,17241,127847.61,2419.34,1934475,-156600,9827.15
NIFTY,18-Jul-2017,27-Jul-2017,CE,9750,169.85,173.35,113.75,124.4,133,124.4,3095,22980.4,348.21,381900,-61050,9827.15
NIFTY,18-Jul-2017,27-Jul-2017,CE,9800,141.75,141.75,79,87.9,91.55,87.9,129202,959795.86,10161.16,3073425,404925,9827.15
NIFTY,18-Jul-2017,27-Jul-2017,CE,9850,96.9,96.9,50.05,55.85,59.4,55.85,51525,383259.58,2618.64,1530975,838425,9827.15
NIFTY,18-Jul-2017,27-Jul-2017,CE,9900,62.6,62.6,31.2,35.65,37.85,35.65,395298,2948931.95,13844.3,6180150,1761075,9827.15
NIFTY,18-Jul-2017,27-Jul-2017,CE,9950,33.55,39.8,15.35,21.1,23,21.1,91620,685616.97,1902.72,1578750,333075,9827.15
NIFTY,18-Jul-2017,27-Jul-2017,CE,10000,16.15,24.9,10.5,12.45,13.75,12.45,293736,2206777.46,3757.46,6717525,2023575,9827.15
NIFTY,18-Jul-2017,27-Jul-2017,CE,10050,14.4,15.2,5.55,7.05,7.8,7.05,29427,222006.28,200.26,467625,22350,9827.15
NIFTY,18-Jul-2017,27-Jul-2017,CE,10100,5.65,8.6,3.35,4.2,4.8,4.2,108108,819358.53,440.43,2537550,473775,9827.15
NIFTY,18-Jul-2017,27-Jul-2017,CE,10150,4.45,5,2.15,2.6,2.85,2.6,6529,49717.77,15.76,181950,79575,9827.15
NIFTY,18-Jul-2017,27-Jul-2017,CE,10200,2.85,3.4,1.55,2,2.25,2,51324,392713.59,84.99,1669575,87300,9827.15
NIFTY,18-Jul-2017,27-Jul-2017,CE,10250,1.9,2.2,1.4,1.9,1.95,1.9,340,2614.22,.47,10875,-2700,9827.15
NIFTY,18-Jul-2017,27-Jul-2017,CE,10300,0.65,1.65,0.65,1.3,1.55,1.3,7931,61275.09,8.12,355875,-32100,9827.15
NIFTY,18-Jul-2017,27-Jul-2017,CE,10350,1.3,1.4,1,1.25,1.4,1.25,147,1141.21,.12,8400,2550,9827.15
NIFTY,18-Jul-2017,27-Jul-2017,CE,10400,1.1,1.3,0.75,1.05,1.25,1.05,3182,24821.86,2.26,307125,36525,9827.15
NIFTY,18-Jul-2017,27-Jul-2017,CE,10450,0,0,0,6.9,0,0,0,0,0,0,0,9827.15
NIFTY,18-Jul-2017,27-Jul-2017,CE,10500,0.65,0.9,0.6,0.75,0.9,0.75,8594,67682.23,4.48,992850,76275,9827.15
NIFTY,18-Jul-2017,27-Jul-2017,CE,10550,0,0,0,1.5,1.5,0,0,0,0,75,0,9827.15
NIFTY,18-Jul-2017,27-Jul-2017,CE,10600,0,0,0,0.2,0.2,0,0,0,0,675,0,9827.15
NIFTY,19-Jul-2017,27-Jul-2017,CE,8950,0,0,0,568,0,962.2,0,0,0,0,0,9899.6
NIFTY,19-Jul-2017,27-Jul-2017,CE,9000,865,918,862.55,911.9,914,911.9,604,4476.75,399.75,914700,-39825,9899.6
NIFTY,19-Jul-2017,27-Jul-2017,CE,9050,0,0,0,485.35,0,862.35,0,0,0,0,0,9899.6
NIFTY,19-Jul-2017,27-Jul-2017,CE,9100,765.75,821,764.35,813.3,821,813.3,186,1379.19,109.74,125700,-10500,9899.6
NIFTY,19-Jul-2017,27-Jul-2017,CE,9150,0,0,0,548.5,548.5,762.45,0,0,0,225,0,9899.6
NIFTY,19-Jul-2017,27-Jul-2017,CE,9200,674.3,713.8,673.5,711,711,711,61,452.17,31.27,264900,-2850,9899.6
NIFTY,19-Jul-2017,27-Jul-2017,CE,9250,0,0,0,417.5,418.7,662.6,0,0,0,375,0,9899.6
NIFTY,19-Jul-2017,27-Jul-2017,CE,9300,566.15,617.45,563.25,612.25,617.45,612.25,178,1319.5,77.95,438675,-3225,9899.6
NIFTY,19-Jul-2017,27-Jul-2017,CE,9350,0,0,0,521.7,521.7,562.75,0,0,0,4500,0,9899.6
NIFTY,19-Jul-2017,27-Jul-2017,CE,9400,470.7,518.3,464.1,512.85,515.75,512.85,264,1957.85,96.65,522825,-9975,9899.6
NIFTY,19-Jul-2017,27-Jul-2017,CE,9450,420,470.45,420,465.7,470.45,465.7,118,875.54,39.22,21750,-7800,9899.6
NIFTY,19-Jul-2017,27-Jul-2017,CE,9500,359,424,359,417.25,422.8,417.25,1174,8711.27,346.52,1024950,-21375,9899.6
NIFTY,19-Jul-2017,27-Jul-2017,CE,9550,321.2,370.95,316,362.25,368,362.25,439,3259.91,115.58,71850,-1500,9899.6
NIFTY,19-Jul-2017,27-Jul-2017,CE,9600,273.85,327.1,272.6,322.1,324.1,322.1,3694,27413.73,816.93,1116225,-97575,9899.6
NIFTY,19-Jul-2017,27-Jul-2017,CE,9650,230,272.15,227,268.75,272.15,268.75,230,1706.33,41.7,194625,-8025,9899.6
NIFTY,19-Jul-2017,27-Jul-2017,CE,9700,182,229,179.1,222.95,227.55,222.95,13764,102171.71,2038.61,1802475,-132000,9899.6
NIFTY,19-Jul-2017,27-Jul-2017,CE,9750,141.25,184.55,137.8,178.9,181.5,178.9,1514,11251.68,180.55,353550,-28350,9899.6
NIFTY,19-Jul-2017,27-Jul-2017,CE,9800,98.7,141,96.9,136.1,139,136.1,89101,662610.27,7717.92,2747400,-326025,9899.6
NIFTY,19-Jul-2017,27-Jul-2017,CE,9850,64.7,99,64,94.55,97.4,94.55,30197,224840.32,1759.99,1435950,-95025,9899.6
NIFTY,19-Jul-2017,27-Jul-2017,CE,9900,40,67.5,36.5,64.2,66.35,64.2,278861,2081378.28,10835.35,4271775,-1908375,9899.6
NIFTY,19-Jul-2017,27-Jul-2017,CE,9950,26.4,41.45,25.25,39.2,40.2,39.2,72211,540577.68,1703.09,1694100,115350,9899.6
NIFTY,19-Jul-2017,27-Jul-2017,CE,10000,18,24.2,15,23.1,24,23.1,210474,1581472.78,2917.78,5745450,-972075,9899.6
NIFTY,19-Jul-2017,27-Jul-2017,CE,10050,8.6,13,8.05,12.35,12.7,12.35,17338,130814.06,128.88,541125,73500,9899.6
NIFTY,19-Jul-2017,27-Jul-2017,CE,10100,5.45,6.7,4.25,6.4,6.5,6.4,61241,464140.33,239.76,2403975,-133575,9899.6
NIFTY,19-Jul-2017,27-Jul-2017,CE,10150,2.95,3.7,2.6,3.45,3.55,3.45,4233,32233.22,9.51,219600,37650,9899.6
NIFTY,19-Jul-2017,27-Jul-2017,CE,10200,2.3,2.5,1.75,2.4,2.3,2.4,28022,214411.99,43.69,1621650,-47925,9899.6
NIFTY,19-Jul-2017,27-Jul-2017,CE,10250,1.85,2,1.45,2,1.95,2,411,3160.1,.54,8175,-2700,9899.6
NIFTY,19-Jul-2017,27-Jul-2017,CE,10300,1.25,1.55,1.1,1.4,1.3,1.4,5219,40322.13,5.36,377550,21675,9899.6
NIFTY,19-Jul-2017,27-Jul-2017,CE,10350,1,1.45,1,1.35,1.25,1.35,37,287.25,.03,9600,1200,9899.6
NIFTY,19-Jul-2017,27-Jul-2017,CE,10400,1.1,1.25,0.9,1.2,1.05,1.2,3044,23745.81,2.61,312150,5025,9899.6
NIFTY,19-Jul-2017,27-Jul-2017,CE,10450,0,0,0,6.9,0,0.05,0,0,0,0,0,9899.6
NIFTY,19-Jul-2017,27-Jul-2017,CE,10500,0.8,1.05,0.7,1.05,0.95,1.05,8256,65021.65,5.65,929325,-63525,9899.6
NIFTY,19-Jul-2017,27-Jul-2017,CE,10550,0.85,0.85,0.85,0.85,0.85,0.85,1,7.91,0,75,0,9899.6
NIFTY,19-Jul-2017,27-Jul-2017,CE,10600,0,0,0,0.2,0.2,0,0,0,0,675,0,9899.6
NIFTY,20-Jul-2017,27-Jul-2017,CE,8950,0,0,0,568,0,934.25,0,0,0,0,0,9873.3
NIFTY,20-Jul-2017,27-Jul-2017,CE,9000,920.25,920.25,865,885.15,880,885.15,427,3166.55,284.3,888900,-25800,9873.3
NIFTY,20-Jul-2017,27-Jul-2017,CE,9050,0,0,0,485.35,0,834.4,0,0,0,0,0,9873.3
NIFTY,20-Jul-2017,27-Jul-2017,CE,9100,810.4,810.4,769.6,783.95,782.55,783.95,135,1001.37,79.99,118275,-7425,9873.3
NIFTY,20-Jul-2017,27-Jul-2017,CE,9150,0,0,0,548.5,548.5,734.5,0,0,0,225,0,9873.3
NIFTY,20-Jul-2017,27-Jul-2017,CE,9200,715,715,666.3,685.75,684.05,685.75,86,637.94,44.54,262575,-2325,9873.3
NIFTY,20-Jul-2017,27-Jul-2017,CE,9250,0,0,0,417.5,418.7,634.65,0,0,0,375,0,9873.3
NIFTY,20-Jul-2017,27-Jul-2017,CE,9300,607.45,620.8,567.1,581.25,581.1,581.25,76,563.77,33.67,436575,-2100,9873.3
NIFTY,20-Jul-2017,27-Jul-2017,CE,9350,530,530,530,530,530,530,1,7.41,.4,4425,-75,9873.3
NIFTY,20-Jul-2017,27-Jul-2017,CE,9400,509.2,514.9,465,484.65,480.2,484.65,428,3173.48,156.08,502875,-19950,9873.3
NIFTY,20-Jul-2017,27-Jul-2017,CE,9450,440,443.9,423.55,440,440,440,11,81.55,3.58,21075,-675,9873.3
NIFTY,20-Jul-2017,27-Jul-2017,CE,9500,423.65,433.25,369,388.2,389,388.2,3444,25534.53,996.03,936375,-88575,9873.3
NIFTY,20-Jul-2017,27-Jul-2017,CE,9550,365.3,370.65,311.7,332.05,331.9,332.05,169,1254.3,43.84,72450,600,9873.3
NIFTY,20-Jul-2017,27-Jul-2017,CE,9600,325.65,327,270.5,289.65,287.1,289.65,3034,22512.53,667.73,1072875,-43350,9873.3
NIFTY,20-Jul-2017,27-Jul-2017,CE,9650,275.45,275.45,226.25,244.5,239.6,244.5,670,4970.17,121.05,161400,-33225,9873.3
NIFTY,20-Jul-2017,27-Jul-2017,CE,9700,222.65,229.85,176,193.05,192.5,193.05,10028,74453.61,1499.91,1735275,-67200,9873.3
NIFTY,20-Jul-2017,27-Jul-2017,CE,9750,181.5,186.75,135,150.85,151.5,150.85,2504,18620.66,310.16,287700,-65850,9873.3
NIFTY,20-Jul-2017,27-Jul-2017,CE,9800,138.05,142.5,93.45,109.15,107.5,109.15,78007,579975.03,6623.58,2664600,-82800,9873.3
NIFTY,20-Jul-2017,27-Jul-2017,CE,9850,101.2,101.2,60,70.8,70,70.8,33660,250586.3,1923.05,1438050,2100,9873.3
NIFTY,20-Jul-2017,27-Jul-2017,CE,9900,65.05,68.2,36.65,45.35,44.95,45.35,304480,2271780.15,11016.15,5181450,909675,9873.3
NIFTY,20-Jul-2017,27-Jul-2017,CE,9950,40.25,42,20.95,26.65,26.35,26.65,77853,582643.69,1665.68,2182500,488400,9873.3
NIFTY,20-Jul-2017,27-Jul-2017,CE,10000,25.25,25.3,11.45,15.25,15.15,15.25,266977,2005643.9,3316.4,7087725,1342275,9873.3
NIFTY,20-Jul-2017,27-Jul-2017,CE,10050,12.3,13.3,5.35,7.75,7.8,7.75,34502,260270.4,211.57,705900,164775,9873.3
NIFTY,20-Jul-2017,27-Jul-2017,CE,10100,6.85,6.95,2.8,4,4.05,4,96167,728767.37,302.35,3289350,885375,9873.3
NIFTY,20-Jul-2017,27-Jul-2017,CE,10150,3.25,3.65,1.65,2.4,2.3,2.4,7011,53383.3,12.07,300450,80850,9873.3
NIFTY,20-Jul-2017,27-Jul-2017,CE,10200,2.2,2.45,1.3,1.65,1.65,1.65,31086,237844.51,36.61,1569150,-52500,9873.3
NIFTY,20-Jul-2017,27-Jul-2017,CE,10250,1.75,1.85,1.2,1.4,1.35,1.4,433,3329.14,.45,14625,6450,9873.3
NIFTY,20-Jul-2017,27-Jul-2017,CE,10300,1.2,1.25,0.85,1.1,0.9,1.1,7481,57796.47,5.74,404550,27000,9873.3
NIFTY,20-Jul-2017,27-Jul-2017,CE,10350,1.1,1.15,0.75,0.75,0.75,0.75,101,784.08,.06,6225,-3375,9873.3
NIFTY,20-Jul-2017,27-Jul-2017,CE,10400,1.05,1.05,0.75,0.85,0.75,0.85,1923,15000.61,1.21,293850,-18300,9873.3
NIFTY,20-Jul-2017,27-Jul-2017,CE,10450,0,0,0,6.9,0,0,0,0,0,0,0,9873.3
NIFTY,20-Jul-2017,27-Jul-2017,CE,10500,0.85,0.95,0.6,0.7,0.6,0.7,4876,38401.32,2.82,933450,4125,9873.3
NIFTY,20-Jul-2017,27-Jul-2017,CE,10550,0.85,0.85,0.85,0.85,0.85,0.85,1,7.91,0,75,0,9873.3
NIFTY,20-Jul-2017,27-Jul-2017,CE,10600,0,0,0,0.2,0.2,0,0,0,0,675,0,9873.3
NIFTY,21-Jul-2017,27-Jul-2017,CE,8950,0,0,0,568,0,974.6,0,0,0,0,0,9915.25
NIFTY,21-Jul-2017,27-Jul-2017,CE,9000,887.45,913.4,840,902.4,905.95,902.4,1276,9472.97,859.97,815850,-73050,9915.25
NIFTY,21-Jul-2017,27-Jul-2017,CE,9050,0,0,0,485.35,0,874.75,0,0,0,0,0,9915.25
NIFTY,21-Jul-2017,27-Jul-2017,CE,9100,785,812,729.65,800.7,808,800.7,103,763.97,60.99,114300,-3975,9915.25
NIFTY,21-Jul-2017,27-Jul-2017,CE,9150,0,0,0,548.5,548.5,774.85,0,0,0,225,0,9915.25
NIFTY,21-Jul-2017,27-Jul-2017,CE,9200,699.8,715,632,706.55,706.65,706.55,651,4829.76,337.86,230400,-32175,9915.25
NIFTY,21-Jul-2017,27-Jul-2017,CE,9250,0,0,0,417.5,418.7,674.95,0,0,0,375,0,9915.25
NIFTY,21-Jul-2017,27-Jul-2017,CE,9300,580.85,612.9,532.1,602.9,603.5,602.9,386,2856.99,164.64,416325,-20250,9915.25
NIFTY,21-Jul-2017,27-Jul-2017,CE,9350,501.3,501.3,501.3,501.3,501.3,501.3,2,14.78,.75,4425,0,9915.25
NIFTY,21-Jul-2017,27-Jul-2017,CE,9400,485.05,515.75,431.05,506.65,509.2,506.65,371,2750.99,135.44,487725,-15150,9915.25
NIFTY,21-Jul-2017,27-Jul-2017,CE,9450,411,411,390.8,397.5,397.5,397.5,11,81.26,3.3,20850,-225,9915.25
NIFTY,21-Jul-2017,27-Jul-2017,CE,9500,399.95,417.35,337,410.75,409.8,410.75,1783,13222.42,518.55,895500,-40875,9915.25
NIFTY,21-Jul-2017,27-Jul-2017,CE,9550,332.05,362,285.05,352.9,356,352.9,417,3089.5,102.73,60225,-12225,9915.25
NIFTY,21-Jul-2017,27-Jul-2017,CE,9600,294.65,317.1,238,309.9,311.65,309.9,3348,24822.64,717.04,989625,-83250,9915.25
NIFTY,21-Jul-2017,27-Jul-2017,CE,9650,243.8,270.15,192.85,258.2,270.15,258.2,522,3873.86,95.89,142125,-19275,9915.25
NIFTY,21-Jul-2017,27-Jul-2017,CE,9700,203.5,218.95,148,211.4,211,211.4,15725,116659.06,2259.68,1406700,-328575,9915.25
NIFTY,21-Jul-2017,27-Jul-2017,CE,9750,156.65,175.8,110,169.3,167.95,169.3,1736,12895.31,200.81,239550,-48150,9915.25
NIFTY,21-Jul-2017,27-Jul-2017,CE,9800,107.5,130.8,72.7,122.3,122.8,122.3,149473,1110162.62,11536.07,2364600,-300000,9915.25
NIFTY,21-Jul-2017,27-Jul-2017,CE,9850,76.75,87.9,41.55,79.5,78.05,79.5,66016,490902.33,3209.13,1497000,58950,9915.25
NIFTY,21-Jul-2017,27-Jul-2017,CE,9900,48.55,57.7,23.85,49.75,49.5,49.75,489326,3648685.14,15439.59,4701450,-480000,9915.25
NIFTY,21-Jul-2017,27-Jul-2017,CE,9950,26.9,33.9,12.2,28.6,28.25,28.6,166877,1248229.77,2910.16,2091075,-91425,9915.25
NIFTY,21-Jul-2017,27-Jul-2017,CE,10000,15.4,19,6.5,15.45,15.4,15.45,408676,3069055.86,3985.86,6784725,-303000,9915.25
NIFTY,21-Jul-2017,27-Jul-2017,CE,10050,9.2,9.25,3.05,7,6.7,7,59153,446137.47,271.73,805800,99900,9915.25
NIFTY,21-Jul-2017,27-Jul-2017,CE,10100,5,5,1.9,3.4,3.05,3.4,134457,1018814.82,303.04,3103200,-186150,9915.25
NIFTY,21-Jul-2017,27-Jul-2017,CE,10150,2.4,2.5,1.15,1.85,1.7,1.85,10381,79039.41,14.05,386175,85725,9915.25
NIFTY,21-Jul-2017,27-Jul-2017,CE,10200,1.85,1.85,0.8,1.4,1.35,1.4,46291,354169.85,43.7,1718925,149775,9915.25
NIFTY,21-Jul-2017,27-Jul-2017,CE,10250,1.25,1.35,0.8,1.25,1.25,1.25,135,1037.92,.1,13575,-1050,9915.25
NIFTY,21-Jul-2017,27-Jul-2017,CE,10300,0.85,0.95,0.7,0.85,0.8,0.85,6440,49752.92,3.92,303000,-101550,9915.25
NIFTY,21-Jul-2017,27-Jul-2017,CE,10350,0.65,0.8,0.6,0.75,0.75,0.75,48,372.62,.02,7125,900,9915.25
NIFTY,21-Jul-2017,27-Jul-2017,CE,10400,0.7,0.75,0.5,0.65,0.6,0.65,1452,11326.3,.7,288600,-5250,9915.25
NIFTY,21-Jul-2017,27-Jul-2017,CE,10450,0,0,0,6.9,0,0,0,0,0,0,0,9915.25
NIFTY,21-Jul-2017,27-Jul-2017,CE,10500,0.55,0.75,0.5,0.6,0.6,0.6,7321,57656.28,3.41,936225,2775,9915.25
NIFTY,21-Jul-2017,27-Jul-2017,CE,10550,3.85,3.85,0.05,0.55,0.55,0.55,5,39.57,0,0,-75,9915.25
NIFTY,21-Jul-2017,27-Jul-2017,CE,10600,0.1,0.9,0.05,0.8,0.8,0.8,16,127.21,.01,975,300,9915.25
NIFTY,24-Jul-2017,27-Jul-2017,CE,8950,0,0,0,568,0,1021.1,0,0,0,0,0,9966.4
NIFTY,24-Jul-2017,27-Jul-2017,CE,9000,912.5,981.8,912.25,955.7,952.25,955.7,6581,49118.75,4697,400275,-415575,9966.4
NIFTY,24-Jul-2017,27-Jul-2017,CE,9050,0,0,0,485.35,0,921.15,0,0,0,0,0,9966.4
NIFTY,24-Jul-2017,27-Jul-2017,CE,9100,836,867.35,834,851.35,854.2,851.35,438,3270.14,280.79,88575,-25725,9966.4
NIFTY,24-Jul-2017,27-Jul-2017,CE,9150,800,800,800,800,800,800,2,14.93,1.2,75,-150,9966.4
NIFTY,24-Jul-2017,27-Jul-2017,CE,9200,722.95,766.7,722.95,744.7,752.1,744.7,502,3747.88,284.08,204075,-26325,9966.4
NIFTY,24-Jul-2017,27-Jul-2017,CE,9250,0,0,0,417.5,418.7,721.25,0,0,0,375,0,9966.4
NIFTY,24-Jul-2017,27-Jul-2017,CE,9300,615,667.5,615,649.15,658.3,649.15,1182,8825.72,581.27,338400,-77925,9966.4
NIFTY,24-Jul-2017,27-Jul-2017,CE,9350,580,590,580,590,590,590,2,14.9,.88,4575,150,9966.4
NIFTY,24-Jul-2017,27-Jul-2017,CE,9400,511.25,565.8,511.25,549.85,553.5,549.85,1574,11741.36,644.66,425775,-61950,9966.4
NIFTY,24-Jul-2017,27-Jul-2017,CE,9450,480,515.05,480,503.25,503.25,503.25,19,141.88,7.22,20475,-375,9966.4
NIFTY,24-Jul-2017,27-Jul-2017,CE,9500,424.45,470.5,416.05,451.75,457.55,451.75,3985,29747.56,1354.43,675150,-220350,9966.4
NIFTY,24-Jul-2017,27-Jul-2017,CE,9550,363,416.2,363,397.95,405.15,397.95,186,1387.05,54.82,56550,-3675,9966.4
NIFTY,24-Jul-2017,27-Jul-2017,CE,9600,334.9,369.05,308.5,351.15,357.8,351.15,3607,26915.74,945.34,887925,-101700,9966.4
NIFTY,24-Jul-2017,27-Jul-2017,CE,9650,267,320,267,307.25,311.65,307.25,289,2156.33,64.69,126825,-15300,9966.4
NIFTY,24-Jul-2017,27-Jul-2017,CE,9700,221.65,274.6,216,251.75,260.4,251.75,9260,69123.81,1757.31,1203525,-203175,9966.4
NIFTY,24-Jul-2017,27-Jul-2017,CE,9750,176.25,225.5,168.15,207.45,212.55,207.45,1381,10306.14,207.58,217125,-22425,9966.4
NIFTY,24-Jul-2017,27-Jul-2017,CE,9800,128.15,177.35,125.2,160.4,166.25,160.4,42122,314514.34,4917.64,1814925,-549675,9966.4
NIFTY,24-Jul-2017,27-Jul-2017,CE,9850,84.05,129.45,80,111.7,118.55,111.7,29372,219339.43,2353.78,676350,-820650,9966.4
NIFTY,24-Jul-2017,27-Jul-2017,CE,9900,50,86.8,46.6,72.7,77.35,72.7,263424,1969948.38,14025.18,2988825,-1712625,9966.4
NIFTY,24-Jul-2017,27-Jul-2017,CE,9950,30.1,51.05,28.3,40.15,44,40.15,153037,1146676.63,4638.02,2567475,476400,9966.4
NIFTY,24-Jul-2017,27-Jul-2017,CE,10000,16.5,27.55,13.55,20.15,22,20.15,442625,3326751.38,7063.88,6501000,-283725,9966.4
NIFTY,24-Jul-2017,27-Jul-2017,CE,10050,8.2,12.9,6,8.65,9.95,8.65,109832,828633.54,774.84,1836300,1030500,9966.4
NIFTY,24-Jul-2017,27-Jul-2017,CE,10100,4.9,5.7,2.85,3.95,4.25,3.95,140856,1067416.42,432.22,3572025,468825,9966.4
NIFTY,24-Jul-2017,27-Jul-2017,CE,10150,1.6,2.5,1.2,2,2,2,20493,156032.26,29.3,443625,57450,9966.4
NIFTY,24-Jul-2017,27-Jul-2017,CE,10200,1.8,1.8,0.95,1.3,1.35,1.3,77089,589800.85,70,1972125,253200,9966.4
NIFTY,24-Jul-2017,27-Jul-2017,CE,10250,0.9,1.15,0.7,1,1.15,1,903,6942.44,.63,34575,21000,9966.4
NIFTY,24-Jul-2017,27-Jul-2017,CE,10300,0.75,0.9,0.6,0.85,0.85,0.85,6717,51892.52,3.69,289050,-13950,9966.4
NIFTY,24-Jul-2017,27-Jul-2017,CE,10350,0.6,0.85,0.55,0.8,0.85,0.8,116,900.51,.06,5325,-1800,9966.4
NIFTY,24-Jul-2017,27-Jul-2017,CE,10400,0.65,0.8,0.5,0.75,0.75,0.75,2014,15710.15,.95,281850,-6750,9966.4
NIFTY,24-Jul-2017,27-Jul-2017,CE,10450,0,0,0,6.9,0,0,0,0,0,0,0,9966.4
NIFTY,24-Jul-2017,27-Jul-2017,CE,10500,0.4,0.7,0.4,0.65,0.7,0.65,7376,58089.34,3.34,879075,-57150,9966.4
NIFTY,24-Jul-2017,27-Jul-2017,CE,10550,0,0,0,0.55,0.55,0,0,0,0,0,0,9966.4
NIFTY,24-Jul-2017,27-Jul-2017,CE,10600,0.45,0.45,0.2,0.45,0.45,0.45,9,71.55,0,1500,525,9966.4
NIFTY,25-Jul-2017,27-Jul-2017,CE,8950,0,0,0,568,0,1017.7,0,0,0,0,0,9964.55
NIFTY,25-Jul-2017,27-Jul-2017,CE,9000,967.3,976,942.75,965.45,964.15,965.45,1136,8484.15,816.15,365775,-34500,9964.55
NIFTY,25-Jul-2017,27-Jul-2017,CE,9050,0,0,0,485.35,0,917.75,0,0,0,0,0,9964.55
NIFTY,25-Jul-2017,27-Jul-2017,CE,9100,874,874,845.1,868.95,869.7,868.95,194,1448.74,124.69,78000,-10575,9964.55
NIFTY,25-Jul-2017,27-Jul-2017,CE,9150,0,0,0,800,800,817.75,0,0,0,75,0,9964.55
NIFTY,25-Jul-2017,27-Jul-2017,CE,9200,779.4,779.9,745.65,769.35,767.15,769.35,317,2367.74,180.44,185550,-18525,9964.55
NIFTY,25-Jul-2017,27-Jul-2017,CE,9250,0,0,0,417.5,418.7,717.8,0,0,0,375,0,9964.55
NIFTY,25-Jul-2017,27-Jul-2017,CE,9300,676.5,677.75,645.75,667.45,668.35,667.45,466,3481.63,231.28,309300,-29100,9964.55
NIFTY,25-Jul-2017,27-Jul-2017,CE,9350,0,0,0,590,590,617.85,0,0,0,4575,0,9964.55
NIFTY,25-Jul-2017,27-Jul-2017,CE,9400,568.75,576.8,544.75,567,566.85,567,896,6691.64,374.84,377550,-48225,9964.55
NIFTY,25-Jul-2017,27-Jul-2017,CE,9450,506.35,522.9,493.45,522.9,522.9,522.9,38,283.77,14.45,18225,-2250,9964.55
NIFTY,25-Jul-2017,27-Jul-2017,CE,9500,469.9,484.95,447,469.35,466.75,469.35,2581,19280.88,891.25,565125,-110025,9964.55
NIFTY,25-Jul-2017,27-Jul-2017,CE,9550,423.2,425,396,413.95,417.1,413.95,228,1703.43,70.38,42750,-13800,9964.55
NIFTY,25-Jul-2017,27-Jul-2017,CE,9600,362.9,380.7,346,367.4,368.25,367.4,1499,11202.01,409.21,842100,-45825,9964.55
NIFTY,25-Jul-2017,27-Jul-2017,CE,9650,327.8,327.85,297.5,316.65,318.3,316.65,150,1120.56,34.93,123450,-3375,9964.55
NIFTY,25-Jul-2017,27-Jul-2017,CE,9700,278.05,281.9,247.25,268.1,267.05,268.1,5036,37628.04,991.14,1088700,-114825,9964.55
NIFTY,25-Jul-2017,27-Jul-2017,CE,9750,248.85,248.85,205.4,223.55,222.2,223.55,395,2954.43,65.99,212250,-4875,9964.55
NIFTY,25-Jul-2017,27-Jul-2017,CE,9800,183.1,188.2,154.1,175.2,174.55,175.2,23640,176776.29,3022.29,1513725,-301200,9964.55
NIFTY,25-Jul-2017,27-Jul-2017,CE,9850,137.7,145.8,107.5,124.75,125,124.75,11561,86457.88,1050.99,486525,-189825,9964.55
NIFTY,25-Jul-2017,27-Jul-2017,CE,9900,89,94.95,65,81.3,79.85,81.3,175280,1311776.4,10322.4,2698875,-289950,9964.55
NIFTY,25-Jul-2017,27-Jul-2017,CE,9950,56,57.15,36.5,46.1,45.15,46.1,117475,880573.01,3915.83,2666550,99075,9964.55
NIFTY,25-Jul-2017,27-Jul-2017,CE,10000,28,31.3,16.95,24,22.85,24,519356,3903958.29,8788.29,7386900,885900,9964.55
NIFTY,25-Jul-2017,27-Jul-2017,CE,10050,15.05,15.1,6.2,10.35,9.9,10.35,140924,1063192.84,978.19,2463675,627375,9964.55
NIFTY,25-Jul-2017,27-Jul-2017,CE,10100,7,7,2.65,4.35,4,4.35,147494,1117709.45,442.4,3378075,-193950,9964.55
NIFTY,25-Jul-2017,27-Jul-2017,CE,10150,3.25,3.35,1.3,1.8,1.65,1.8,19354,147360.71,28.39,446625,3000,9964.55
NIFTY,25-Jul-2017,27-Jul-2017,CE,10200,1.85,2.05,0.8,1.15,1,1.15,50615,387246.67,41.92,1904475,-67650,9964.55
NIFTY,25-Jul-2017,27-Jul-2017,CE,10250,1.25,1.25,0.7,0.85,0.8,0.85,1080,8303.2,.7,44475,9900,9964.55
NIFTY,25-Jul-2017,27-Jul-2017,CE,10300,1.2,1.2,0.45,0.6,0.5,0.6,5039,38928.83,2.56,336000,46950,9964.55
NIFTY,25-Jul-2017,27-Jul-2017,CE,10350,0.8,0.8,0.55,0.6,0.6,0.6,36,279.47,.02,3750,-1575,9964.55
NIFTY,25-Jul-2017,27-Jul-2017,CE,10400,1.2,1.2,0.4,0.5,0.4,0.5,978,7628.84,.44,275175,-6675,9964.55
NIFTY,25-Jul-2017,27-Jul-2017,CE,10450,0,0,0,6.9,0,0,0,0,0,0,0,9964.55
NIFTY,25-Jul-2017,27-Jul-2017,CE,10500,0.55,0.7,0.35,0.45,0.35,0.45,4161,32769.68,1.8,871125,-7950,9964.55
NIFTY,25-Jul-2017,27-Jul-2017,CE,10550,0,0,0,0.55,0.55,0,0,0,0,0,0,9964.55
NIFTY,25-Jul-2017,27-Jul-2017,CE,10600,0.95,0.95,0.3,0.3,0.3,0.3,13,103.36,.01,1275,-225,9964.55
NIFTY,26-Jul-2017,27-Jul-2017,CE,8950,0,0,0,568,0,1072.25,0,0,0,0,0,10020.65
NIFTY,26-Jul-2017,27-Jul-2017,CE,9000,966.15,1027.55,959,1018.95,1024.55,1018.95,3342,25040.02,2481.52,149550,-216225,10020.65
NIFTY,26-Jul-2017,27-Jul-2017,CE,9050,0,0,0,485.35,0,972.25,0,0,0,0,0,10020.65
NIFTY,26-Jul-2017,27-Jul-2017,CE,9100,880,928.3,877,918.6,928.3,918.6,600,4499.04,404.04,47025,-30975,10020.65
NIFTY,26-Jul-2017,27-Jul-2017,CE,9150,0,0,0,800,800,872.25,0,0,0,75,0,10020.65
NIFTY,26-Jul-2017,27-Jul-2017,CE,9200,773.7,825,767.95,817.4,825,817.4,964,7222.03,570.43,132300,-53250,10020.65
NIFTY,26-Jul-2017,27-Jul-2017,CE,9250,0,0,0,417.5,418.7,772.3,0,0,0,375,0,10020.65
NIFTY,26-Jul-2017,27-Jul-2017,CE,9300,660,724.7,660,720.3,720.85,720.3,990,7418.3,513.05,248325,-60975,10020.65
NIFTY,26-Jul-2017,27-Jul-2017,CE,9350,631.5,634.4,631.5,634.15,634.15,634.15,33,247.05,15.64,3000,-1575,10020.65
NIFTY,26-Jul-2017,27-Jul-2017,CE,9400,562.1,626.8,562.1,615.85,624.25,615.85,1795,13456.85,802.1,269625,-107925,10020.65
NIFTY,26-Jul-2017,27-Jul-2017,CE,9450,534.2,574,525,567,574,567,26,194.77,10.49,16275,-1950,10020.65
NIFTY,26-Jul-2017,27-Jul-2017,CE,9500,462.2,525.6,460,515.95,523.25,515.95,3848,28845.61,1428.61,378600,-186525,10020.65
NIFTY,26-Jul-2017,27-Jul-2017,CE,9550,411.05,475.6,411.05,473.15,475,473.15,185,1388.66,63.6,30975,-11775,10020.65
NIFTY,26-Jul-2017,27-Jul-2017,CE,9600,365.3,425.05,362,417.8,425,417.8,4895,36708.67,1464.67,583350,-258750,10020.65
NIFTY,26-Jul-2017,27-Jul-2017,CE,9650,315,375,314.95,371.95,375,371.95,523,3927.57,142.36,90000,-33450,10020.65
NIFTY,26-Jul-2017,27-Jul-2017,CE,9700,271,326.1,259.95,319.15,325,319.15,5814,43585.1,1288.25,897450,-191250,10020.65
NIFTY,26-Jul-2017,27-Jul-2017,CE,9750,222.75,280.9,219.65,271.15,278.55,271.15,972,7285.58,177.83,177150,-35100,10020.65
NIFTY,26-Jul-2017,27-Jul-2017,CE,9800,176.15,229.85,166.05,219.65,228,219.65,16910,126774.75,2486.25,1111575,-402150,10020.65
NIFTY,26-Jul-2017,27-Jul-2017,CE,9850,124.95,180.6,118,168.7,177.25,168.7,7671,57496.98,827.47,380025,-106500,10020.65
NIFTY,26-Jul-2017,27-Jul-2017,CE,9900,80.2,129.25,73.2,118.6,128,118.6,153460,1150685.7,11245.2,1324800,-1374075,10020.65
NIFTY,26-Jul-2017,27-Jul-2017,CE,9950,44.6,82,38.75,73.85,81.3,73.85,119767,898905.06,5143.82,1370250,-1296300,10020.65
NIFTY,26-Jul-2017,27-Jul-2017,CE,10000,24,45.45,18,38.95,44.5,38.95,576121,4333102.34,12194.84,5373675,-2013225,10020.65
NIFTY,26-Jul-2017,27-Jul-2017,CE,10050,11.8,19.25,6,16.05,18.25,16.05,289423,2183738.37,2212.5,2677950,214275,10020.65
NIFTY,26-Jul-2017,27-Jul-2017,CE,10100,4.65,6.95,1.9,5.75,6.15,5.75,303124,2296958.93,794.63,4171350,793275,10020.65
NIFTY,26-Jul-2017,27-Jul-2017,CE,10150,1.85,2.45,0.9,1.9,1.75,1.9,41899,319001.39,45.25,572325,125700,10020.65
NIFTY,26-Jul-2017,27-Jul-2017,CE,10200,1,1.65,0.6,1.1,0.85,1.1,64401,492707.94,40.29,1818825,-85650,10020.65
NIFTY,26-Jul-2017,27-Jul-2017,CE,10250,0.4,0.9,0.35,0.7,0.45,0.7,966,7426.58,.45,55425,10950,10020.65
NIFTY,26-Jul-2017,27-Jul-2017,CE,10300,0.4,0.6,0.3,0.45,0.35,0.45,3352,25895.28,1.08,272775,-63225,10020.65
NIFTY,26-Jul-2017,27-Jul-2017,CE,10350,0.3,0.5,0.3,0.5,0.35,0.5,144,1117.85,.05,6825,3075,10020.65
NIFTY,26-Jul-2017,27-Jul-2017,CE,10400,0.95,0.95,0.3,0.4,0.3,0.4,1610,12558.48,.48,281400,6225,10020.65
NIFTY,26-Jul-2017,27-Jul-2017,CE,10450,0,0,0,6.9,0,0,0,0,0,0,0,10020.65
NIFTY,26-Jul-2017,27-Jul-2017,CE,10500,0.35,0.45,0.15,0.35,0.3,0.35,4742,37344.44,1.19,809100,-62025,10020.65
NIFTY,26-Jul-2017,27-Jul-2017,CE,10550,0,0,0,0.55,0.55,0,0,0,0,0,0,10020.65
NIFTY,26-Jul-2017,27-Jul-2017,CE,10600,0.15,0.7,0.05,0.55,0.55,0.55,49,389.57,.02,1875,600,10020.65
NIFTY,27-Jul-2017,27-Jul-2017,CE,8950,0,0,0,568,0,0,0,0,0,0,0,10020.55
NIFTY,27-Jul-2017,27-Jul-2017,CE,9000,1052.45,1111.9,1008,1023.75,1018.25,0,1897,14326.48,1521.73,20700,-128850,10020.55
NIFTY,27-Jul-2017,27-Jul-2017,CE,9050,0,0,0,485.35,0,0,0,0,0,0,0,10020.55
NIFTY,27-Jul-2017,27-Jul-2017,CE,9100,955,1014.75,913,924.35,921.3,0,741,5595.89,538.56,36375,-10650,10020.55
NIFTY,27-Jul-2017,27-Jul-2017,CE,9150,911.75,911.75,911.75,911.75,911.75,0,1,7.55,.68,75,0,10020.55
NIFTY,27-Jul-2017,27-Jul-2017,CE,9200,850,908,800,814.75,812.9,0,3024,22862.76,1997.16,4275,-128025,10020.55
NIFTY,27-Jul-2017,27-Jul-2017,CE,9250,841.05,841.05,841.05,841.05,841.05,0,4,30.27,2.52,300,-75,10020.55
NIFTY,27-Jul-2017,27-Jul-2017,CE,9300,750,810.15,709.95,720.65,721.4,0,3865,29225.07,2266.69,5175,-243150,10020.55
NIFTY,27-Jul-2017,27-Jul-2017,CE,9350,735,756.05,670,670.05,670,0,43,324.77,23.23,750,-2250,10020.55
NIFTY,27-Jul-2017,27-Jul-2017,CE,9400,649.1,706.5,604,616.85,614.7,0,4024,30390.03,2020.83,24300,-245325,10020.55
NIFTY,27-Jul-2017,27-Jul-2017,CE,9450,622,653.15,555.45,581.1,565,0,226,1704.41,102.63,2775,-13500,10020.55
NIFTY,27-Jul-2017,27-Jul-2017,CE,9500,562.55,609,500.6,517.3,520,0,6339,47881.17,2715.79,69150,-309450,10020.55
NIFTY,27-Jul-2017,27-Jul-2017,CE,9550,505.5,560.5,465,471.6,468,0,351,2648.08,134.04,8175,-22800,10020.55
NIFTY,27-Jul-2017,27-Jul-2017,CE,9600,468.95,508.3,404.05,417.55,407,0,8996,67878.79,3107.59,114750,-468600,10020.55
NIFTY,27-Jul-2017,27-Jul-2017,CE,9650,408.1,456.55,355.1,367.9,364.35,0,1149,8671.98,356.09,18075,-71925,10020.55
NIFTY,27-Jul-2017,27-Jul-2017,CE,9700,335.2,411.3,308,319.35,317.25,0,10918,82399.95,2971.5,412500,-484950,10020.55
NIFTY,27-Jul-2017,27-Jul-2017,CE,9750,313.1,363.15,259,272.65,262,0,2880,21755.8,695.8,47100,-130050,10020.55
NIFTY,27-Jul-2017,27-Jul-2017,CE,9800,241.45,313.75,206.1,220.95,217.1,0,21258,160456.37,4210.07,176850,-934725,10020.55
NIFTY,27-Jul-2017,27-Jul-2017,CE,9850,213.8,264.95,157,174.9,170.5,0,7452,56342.75,1291.1,108375,-271650,10020.55
NIFTY,27-Jul-2017,27-Jul-2017,CE,9900,127.4,210.75,101.25,116.05,117,0,46287,349520.12,5839.15,155325,-1169475,10020.55
NIFTY,27-Jul-2017,27-Jul-2017,CE,9950,83.2,163.6,55,70,67,0,40730,307521.93,3574.31,96525,-1273725,10020.55
NIFTY,27-Jul-2017,27-Jul-2017,CE,10000,58,114.5,3.2,14.6,9.2,0,435133,3284650.06,21152.56,346275,-5027400,10020.55
NIFTY,27-Jul-2017,27-Jul-2017,CE,10050,25.1,71.45,0.05,1.3,0.05,0,467737,3535822.23,10254.59,1988400,-689550,10020.55
NIFTY,27-Jul-2017,27-Jul-2017,CE,10100,8.35,32.5,0.05,0.2,0.05,0,1013273,7685322.67,9779.7,5081700,910350,10020.55
NIFTY,27-Jul-2017,27-Jul-2017,CE,10150,2.3,8.25,0.05,0.1,0.05,0,405881,3090674.6,905.48,1922700,1350375,10020.55
NIFTY,27-Jul-2017,27-Jul-2017,CE,10200,0.9,2.25,0.05,0.05,0.05,0,245913,1881382.42,147.97,2894100,1075275,10020.55
NIFTY,27-Jul-2017,27-Jul-2017,CE,10250,0.8,0.8,0.05,0.05,0.05,0,34666,266498.33,3.45,208800,153375,10020.55
NIFTY,27-Jul-2017,27-Jul-2017,CE,10300,0.1,0.2,0.05,0.05,0.05,0,8118,62712.12,.57,389325,116550,10020.55
NIFTY,27-Jul-2017,27-Jul-2017,CE,10350,0.05,0.15,0.05,0.05,0.05,0,31,240.64,0,5700,-1125,10020.55
NIFTY,27-Jul-2017,27-Jul-2017,CE,10400,0.1,0.15,0.05,0.05,0.05,0,1051,8197.85,.05,264900,-16500,10020.55
NIFTY,27-Jul-2017,27-Jul-2017,CE,10450,0,0,0,6.9,0,0,0,0,0,0,0,10020.55
NIFTY,27-Jul-2017,27-Jul-2017,CE,10500,0.05,0.1,0.05,0.1,0.05,0,5010,39453.96,.21,816375,7275,10020.55
NIFTY,27-Jul-2017,27-Jul-2017,CE,10550,0.95,0.95,0.75,0.8,0.8,0,12,94.96,.01,900,900,10020.55
NIFTY,27-Jul-2017,27-Jul-2017,CE,10600,0.35,0.35,0.05,0.05,0.05,0,17,135.15,0,2025,150,10020.55
