NIFTY,29-Jun-2017,27-Jul-2017,PE,9400,70,75,47,66.55,64.65,66.55,70820,502461.94,3180.94,4161600,341925,9504.1
NIFTY,29-Jun-2017,27-Jul-2017,PE,9450,80,88.4,58.55,82.3,80.6,82.3,2764,19745.22,155.37,52050,18675,9504.1
NIFTY,29-Jun-2017,27-Jul-2017,PE,9500,112,112,71.55,100.15,97.95,100.15,101156,727533.65,6797.15,3210150,1146900,9504.1
NIFTY,29-Jun-2017,27-Jul-2017,PE,9550,80.55,128,80.55,121.15,118.4,121.15,4672,33837.62,374.42,150075,81975,9504.1
NIFTY,29-Jun-2017,27-Jul-2017,PE,9600,165.75,165.75,108.4,148.3,147.45,148.3,49861,363998.69,4999.49,2348625,673875,9504.1
NIFTY,29-Jun-2017,27-Jul-2017,PE,9650,166.6,184,133.15,175.45,177.5,175.45,604,4441.56,70.11,88500,12150,9504.1
NIFTY,29-Jun-2017,27-Jul-2017,PE,9700,201.1,220.95,162.05,209.75,211,209.75,14774,109602.61,2121.76,932325,363150,9504.1
NIFTY,29-Jun-2017,27-Jul-2017,PE,9750,230.35,245,200,231.35,231.15,231.35,150,1123.22,26.35,38175,10650,9504.1
NIFTY,29-Jun-2017,27-Jul-2017,PE,9800,277.95,300.85,232.05,290.2,288.55,290.2,6977,52668.8,1387.85,846600,106275,9504.1
NIFTY,29-Jun-2017,27-Jul-2017,PE,9850,0,0,0,258,258,306.95,0,0,0,0,0,9504.1
NIFTY,29-Jun-2017,27-Jul-2017,PE,9900,364.9,392.1,315.05,381.9,375,381.9,1542,11851.74,402.39,268725,48525,9504.1
NIFTY,29-Jun-2017,27-Jul-2017,PE,9950,0,0,0,433.95,433.95,400.2,0,0,0,900,0,9504.1
NIFTY,29-Jun-2017,27-Jul-2017,PE,10000,452.2,481.5,405,474.25,467.75,474.25,7503,58784.75,2512.25,1426650,458700,9504.1
NIFTY,29-Jun-2017,27-Jul-2017,PE,10050,0,0,0,581,0,497.2,0,0,0,0,0,9504.1
NIFTY,29-Jun-2017,27-Jul-2017,PE,10100,545,575,524,565.85,575,565.85,62,495.34,25.69,16425,3675,9504.1
NIFTY,29-Jun-2017,27-Jul-2017,PE,10150,0,0,0,668.1,0,595.85,0,0,0,0,0,9504.1
NIFTY,29-Jun-2017,27-Jul-2017,PE,10200,601.95,669.9,601.95,668.55,667.15,668.55,41,333.68,20.03,7725,2925,9504.1
NIFTY,29-Jun-2017,27-Jul-2017,PE,10250,0,0,0,758.3,0,695.1,0,0,0,0,0,9504.1
NIFTY,29-Jun-2017,27-Jul-2017,PE,10300,716.7,768.25,701.35,766.5,767.1,766.5,224,1851.41,121.01,15450,15075,9504.1
NIFTY,29-Jun-2017,27-Jul-2017,PE,10350,0,0,0,851,0,794.55,0,0,0,0,0,9504.1
NIFTY,29-Jun-2017,27-Jul-2017,PE,10400,0,0,0,730,730,844.3,0,0,0,75,0,9504.1
NIFTY,29-Jun-2017,27-Jul-2017,PE,10450,0,0,0,945.5,0,894.05,0,0,0,0,0,9504.1
NIFTY,29-Jun-2017,27-Jul-2017,PE,10500,929.25,971.55,897,966.95,959.65,966.95,2515,21556.34,1750.72,743250,147600,9504.1
NIFTY,29-Jun-2017,27-Jul-2017,PE,10550,0,0,0,1041.3,0,993.55,0,0,0,0,0,9504.1
NIFTY,29-Jun-2017,27-Jul-2017,PE,10600,1000,1065,998,1063.65,1062.3,1063.65,19,165.46,14.41,1650,1425,9504.1
NIFTY,29-Jun-2017,27-Jul-2017,PE,8950,0,0,0,30.9,0,0.2,0,0,0,0,0,9504.1
NIFTY,29-Jun-2017,27-Jul-2017,PE,9000,14.55,14.55,8.2,12.7,12.8,12.7,18763,126811.46,161.21,1848675,283725,9504.1
NIFTY,29-Jun-2017,27-Jul-2017,PE,9050,0,0,0,46.6,0,0.8,0,0,0,0,0,9504.1
NIFTY,29-Jun-2017,27-Jul-2017,PE,9100,20.5,21.85,12.9,19.4,18.9,19.4,32158,219910.52,432.17,1283400,565800,9504.1
NIFTY,29-Jun-2017,27-Jul-2017,PE,9150,0,0,0,67.9,0,2.85,0,0,0,0,0,9504.1
NIFTY,29-Jun-2017,27-Jul-2017,PE,9200,29.2,32.5,20.05,28.65,27.5,28.65,49031,339292.36,978.46,2501250,489750,9504.1
NIFTY,29-Jun-2017,27-Jul-2017,PE,9250,33,42.7,30.1,34.45,35,34.45,88,612.77,2.27,2250,2250,9504.1
NIFTY,29-Jun-2017,27-Jul-2017,PE,9300,43.55,48.5,30.4,43.95,43,43.95,57124,400159.03,1719.13,2538600,570600,9504.1
NIFTY,29-Jun-2017,27-Jul-2017,PE,9350,52.15,58.4,36.95,53.95,53.15,53.95,1826,12869.6,64.78,73125,60075,9504.1
NIFTY,30-Jun-2017,27-Jul-2017,PE,9150,0,0,0,67.9,0,1.85,0,0,0,0,0,9520.9
NIFTY,30-Jun-2017,27-Jul-2017,PE,9200,34.5,42,27.05,29.65,29.25,29.65,82649,572445.82,2167.72,2944425,443175,9520.9
NIFTY,30-Jun-2017,27-Jul-2017,PE,9250,39.95,50.15,34.05,36.2,36.25,36.2,1181,8230.16,36.98,22800,20550,9520.9
NIFTY,30-Jun-2017,27-Jul-2017,PE,9300,45.8,63.15,41.7,45.15,45,45.15,103399,725306.43,4098.41,3098550,559950,9520.9
NIFTY,30-Jun-2017,27-Jul-2017,PE,9350,66,77,52,55.25,56,55.25,4465,31526.17,215.36,120600,47475,9520.9
NIFTY,30-Jun-2017,27-Jul-2017,PE,9400,71.15,94,64.15,68.55,69,68.55,136985,973938.67,8194.42,5042325,880725,9520.9
NIFTY,30-Jun-2017,27-Jul-2017,PE,9450,101.25,114.2,79.1,85.15,84.3,85.15,15284,109438.24,1112.89,244425,192375,9520.9
NIFTY,30-Jun-2017,27-Jul-2017,PE,9500,110,137,96.35,101.85,102.35,101.85,113510,818753.05,9994.3,3515100,304950,9520.9
NIFTY,30-Jun-2017,27-Jul-2017,PE,9550,142.6,164.2,117.65,122.5,125,122.5,3445,25040.62,365.81,101100,-48975,9520.9
NIFTY,30-Jun-2017,27-Jul-2017,PE,9600,167.95,197.4,144.5,150.55,153.2,150.55,32313,236844.3,4190.7,2257200,-91425,9520.9
NIFTY,30-Jun-2017,27-Jul-2017,PE,9650,216.3,227.35,170.75,176.85,181.2,176.85,540,3987.92,79.67,89400,900,9520.9
NIFTY,30-Jun-2017,27-Jul-2017,PE,9700,229,271.45,206.4,214.5,216.95,214.5,7642,56993.53,1397.98,819600,-112725,9520.9
NIFTY,30-Jun-2017,27-Jul-2017,PE,9750,296.5,307.25,245.75,251.15,249.1,251.15,248,1866.84,53.34,35325,-2850,9520.9
NIFTY,30-Jun-2017,27-Jul-2017,PE,9800,319.65,355,286.2,294.35,296.6,294.35,3050,23166.12,748.62,809400,-37200,9520.9
NIFTY,30-Jun-2017,27-Jul-2017,PE,9850,0,0,0,258,258,291.7,0,0,0,0,0,9520.9
NIFTY,30-Jun-2017,27-Jul-2017,PE,9900,417.75,445,372.8,385.05,387.15,385.05,926,7166.65,291.1,237825,-30900,9520.9
NIFTY,30-Jun-2017,27-Jul-2017,PE,9950,0,0,0,433.95,433.95,384.95,0,0,0,900,0,9520.9
NIFTY,30-Jun-2017,27-Jul-2017,PE,10000,508.9,539.1,468,477.15,477.25,477.15,1124,8860.22,430.22,1468800,42150,9520.9
NIFTY,30-Jun-2017,27-Jul-2017,PE,10050,0,0,0,581,0,482.05,0,0,0,0,0,9520.9
NIFTY,30-Jun-2017,27-Jul-2017,PE,10100,625.6,638.65,591.1,591.1,591.1,591.1,17,136.74,7.97,16875,450,9520.9
NIFTY,30-Jun-2017,27-Jul-2017,PE,10150,0,0,0,668.1,0,580.8,0,0,0,0,0,9520.9
NIFTY,30-Jun-2017,27-Jul-2017,PE,10200,727.8,733,686,686,686,686,97,794.31,52.26,14700,6975,9520.9
NIFTY,30-Jun-2017,27-Jul-2017,PE,10250,0,0,0,758.3,0,680.1,0,0,0,0,0,9520.9
NIFTY,30-Jun-2017,27-Jul-2017,PE,10300,823.7,823.7,781.7,781.7,781.7,781.7,13,108.29,7.86,15825,375,9520.9
NIFTY,30-Jun-2017,27-Jul-2017,PE,10350,0,0,0,851,0,779.55,0,0,0,0,0,9520.9
NIFTY,30-Jun-2017,27-Jul-2017,PE,10400,905.3,905.3,880.8,880.8,880.8,880.8,2,16.94,1.34,225,150,9520.9
NIFTY,30-Jun-2017,27-Jul-2017,PE,10450,0,0,0,945.5,0,879.05,0,0,0,0,0,9520.9
NIFTY,30-Jun-2017,27-Jul-2017,PE,10500,1011.35,1033,958.7,969.4,964.3,969.4,761,6564.92,572.05,738900,-4350,9520.9
NIFTY,30-Jun-2017,27-Jul-2017,PE,10550,0,0,0,1041.3,0,978.6,0,0,0,0,0,9520.9
NIFTY,30-Jun-2017,27-Jul-2017,PE,10600,1091.05,1091.05,1091.05,1091.05,1091.05,1091.05,2,17.54,1.64,1800,150,9520.9
NIFTY,30-Jun-2017,27-Jul-2017,PE,8950,0,0,0,30.9,0,0.1,0,0,0,0,0,9520.9
NIFTY,30-Jun-2017,27-Jul-2017,PE,9000,15.6,18,11.8,12.8,12.75,12.8,55274,373719.35,619.85,3007275,1158600,9520.9
NIFTY,30-Jun-2017,27-Jul-2017,PE,9050,0,0,0,46.6,0,0.45,0,0,0,0,0,9520.9
NIFTY,30-Jun-2017,27-Jul-2017,PE,9100,21.55,27.6,17.9,19.4,19.25,19.4,53179,363847.81,901.14,1453425,170025,9520.9
NIFTY,03-Jul-2017,27-Jul-2017,PE,10350,0,0,0,851,0,691.05,0,0,0,0,0,9615
NIFTY,03-Jul-2017,27-Jul-2017,PE,10400,768.25,768.25,764.45,766.35,764.45,766.35,2,16.75,1.15,375,150,9615
NIFTY,03-Jul-2017,27-Jul-2017,PE,10450,0,0,0,945.5,0,790.55,0,0,0,0,0,9615
NIFTY,03-Jul-2017,27-Jul-2017,PE,10500,925,946.6,857.5,868.95,859.35,868.95,936,7997.85,626.85,738450,-450,9615
NIFTY,03-Jul-2017,27-Jul-2017,PE,10550,0,0,0,1041.3,0,890.1,0,0,0,0,0,9615
NIFTY,03-Jul-2017,27-Jul-2017,PE,10600,0,0,0,1091.05,1091.05,939.9,0,0,0,1800,0,9615
NIFTY,03-Jul-2017,27-Jul-2017,PE,10000,436.85,455.9,366,377.95,371.85,377.95,1271,9913.69,381.19,1452225,-16575,9615
NIFTY,03-Jul-2017,27-Jul-2017,PE,10050,0,0,0,581,0,396.55,0,0,0,0,0,9615
NIFTY,03-Jul-2017,27-Jul-2017,PE,10100,537.4,537.4,475.5,477.9,477.9,477.9,13,103.31,4.84,16950,75,9615
NIFTY,03-Jul-2017,27-Jul-2017,PE,10150,0,0,0,668.1,0,493.25,0,0,0,0,0,9615
NIFTY,03-Jul-2017,27-Jul-2017,PE,10200,586,586,562,562,562,562,7,56.59,3.04,15000,300,9615
NIFTY,03-Jul-2017,27-Jul-2017,PE,10250,0,0,0,758.3,0,591.8,0,0,0,0,0,9615
NIFTY,03-Jul-2017,27-Jul-2017,PE,10300,690,690,658.6,658.6,658.6,658.6,7,57.67,3.59,16125,300,9615
NIFTY,03-Jul-2017,27-Jul-2017,PE,9700,199.7,199.75,131.65,137.65,134.5,137.65,19128,141314.45,2158.25,971700,152100,9615
NIFTY,03-Jul-2017,27-Jul-2017,PE,9750,216.1,232.45,163.1,165.35,164.05,165.35,525,3909.74,70.68,33375,-1950,9615
NIFTY,03-Jul-2017,27-Jul-2017,PE,9800,281,281,193.75,204.65,201,204.65,8817,66269.87,1464.92,786075,-23325,9615
NIFTY,03-Jul-2017,27-Jul-2017,PE,9850,237,237,237,237,237,237,1,7.57,.18,75,75,9615
NIFTY,03-Jul-2017,27-Jul-2017,PE,9900,349.95,361.85,276,283.65,280,283.65,1010,7730.78,231.53,238725,900,9615
NIFTY,03-Jul-2017,27-Jul-2017,PE,9950,0,0,0,433.95,433.95,303.85,0,0,0,900,0,9615
NIFTY,03-Jul-2017,27-Jul-2017,PE,9400,61.15,62.55,35.65,37.7,36.25,37.7,125791,890996.24,4169.69,5547300,504975,9615
NIFTY,03-Jul-2017,27-Jul-2017,PE,9450,72.75,75.05,45,47,45.5,47,11509,82039.7,469.66,334425,90000,9615
NIFTY,03-Jul-2017,27-Jul-2017,PE,9500,90,91.9,55.3,58.8,57,58.8,199004,1428031.86,10128.36,4521750,1006650,9615
NIFTY,03-Jul-2017,27-Jul-2017,PE,9550,104,114.7,69.8,73.8,71,73.8,16195,117015.99,1019.31,301125,200025,9615
NIFTY,03-Jul-2017,27-Jul-2017,PE,9600,130.05,147.25,86.1,90.9,88.05,90.9,112353,817447.5,8505.9,3499200,1242000,9615
NIFTY,03-Jul-2017,27-Jul-2017,PE,9650,147.6,162.65,106.35,111.2,108,111.2,2611,19133.21,236.1,113100,23700,9615
NIFTY,03-Jul-2017,27-Jul-2017,PE,9050,0,0,0,46.6,0,0.2,0,0,0,0,0,9615
NIFTY,03-Jul-2017,27-Jul-2017,PE,9100,21.4,21.4,9.35,10.25,9.95,10.25,44641,305070.05,395.23,1664625,211200,9615
NIFTY,03-Jul-2017,27-Jul-2017,PE,9150,0,0,0,67.9,0,0.9,0,0,0,0,0,9615
NIFTY,03-Jul-2017,27-Jul-2017,PE,9200,28.65,28.65,14.45,15.6,14.9,15.6,74185,512883.97,1007.47,2907600,-36825,9615
NIFTY,03-Jul-2017,27-Jul-2017,PE,9250,29.6,31.9,18,19.3,18.05,19.3,2629,18282,43.31,51600,28800,9615
NIFTY,03-Jul-2017,27-Jul-2017,PE,9300,38.95,39.8,16.75,23.6,23.05,23.6,102612,717886.76,2168.06,3436200,337650,9615
NIFTY,03-Jul-2017,27-Jul-2017,PE,9350,42.25,48.9,28.25,29.8,29,29.8,4215,29667.54,109.85,150750,30150,9615
NIFTY,03-Jul-2017,27-Jul-2017,PE,8950,0,0,0,30.9,0,0.05,0,0,0,0,0,9615
NIFTY,03-Jul-2017,27-Jul-2017,PE,9000,10,11.45,6.5,7.1,6.85,7.1,37225,251492.72,223.97,2773800,-233475,9615
NIFTY,04-Jul-2017,27-Jul-2017,PE,10350,0,0,0,851,0,694.55,0,0,0,0,0,9613.3
NIFTY,04-Jul-2017,27-Jul-2017,PE,10400,0,0,0,766.35,764.45,744.3,0,0,0,375,0,9613.3
NIFTY,04-Jul-2017,27-Jul-2017,PE,10450,0,0,0,945.5,0,794.1,0,0,0,0,0,9613.3
NIFTY,04-Jul-2017,27-Jul-2017,PE,10500,858.85,891.4,849,864.55,866.9,864.55,495,4220.8,322.68,739575,1125,9613.3
NIFTY,04-Jul-2017,27-Jul-2017,PE,10550,0,0,0,1041.3,0,893.65,0,0,0,0,0,9613.3
NIFTY,04-Jul-2017,27-Jul-2017,PE,10600,0,0,0,1091.05,1091.05,943.45,0,0,0,1800,0,9613.3
NIFTY,04-Jul-2017,27-Jul-2017,PE,10000,376.65,398.6,357,375.1,375.2,375.1,1561,12146.33,438.83,1446750,-5475,9613.3
NIFTY,04-Jul-2017,27-Jul-2017,PE,10050,0,0,0,581,0,398.85,0,0,0,0,0,9613.3
NIFTY,04-Jul-2017,27-Jul-2017,PE,10100,467.5,491.85,458.2,458.2,458.2,458.2,4,31.72,1.42,16950,0,9613.3
NIFTY,04-Jul-2017,27-Jul-2017,PE,10150,0,0,0,668.1,0,496.25,0,0,0,0,0,9613.3
NIFTY,04-Jul-2017,27-Jul-2017,PE,10200,588,590,588,590,590,590,2,16.18,.88,15000,0,9613.3
NIFTY,04-Jul-2017,27-Jul-2017,PE,10250,0,0,0,758.3,0,595.15,0,0,0,0,0,9613.3
NIFTY,04-Jul-2017,27-Jul-2017,PE,10300,658,684.75,658,667.75,667.75,667.75,11,90.56,5.58,16050,-75,9613.3
NIFTY,04-Jul-2017,27-Jul-2017,PE,9700,132.3,156.95,125.85,135.85,137.25,135.85,42545,313963.75,4448.88,1105200,133500,9613.3
NIFTY,04-Jul-2017,27-Jul-2017,PE,9750,163.1,189,156.1,167.2,169.95,167.2,421,3131.29,52.73,33825,450,9613.3
NIFTY,04-Jul-2017,27-Jul-2017,PE,9800,200.95,226.85,189.15,201.55,206,201.55,5755,43187.08,887.83,763650,-22425,9613.3
NIFTY,04-Jul-2017,27-Jul-2017,PE,9850,0,0,0,237,237,218.25,0,0,0,75,0,9613.3
NIFTY,04-Jul-2017,27-Jul-2017,PE,9900,285,309,268,282.25,284.8,282.25,721,5507.21,153.79,251025,12300,9613.3
NIFTY,04-Jul-2017,27-Jul-2017,PE,9950,0,0,0,433.95,433.95,305,0,0,0,900,0,9613.3
NIFTY,04-Jul-2017,27-Jul-2017,PE,9400,33.7,44.6,32.8,36.45,36,36.45,97227,688244.64,2794.29,6064200,516900,9613.3
NIFTY,04-Jul-2017,27-Jul-2017,PE,9450,43.95,55.55,41.15,45.5,46,45.5,6301,44885.89,227.56,361425,27000,9613.3
NIFTY,04-Jul-2017,27-Jul-2017,PE,9500,55,69,52,57.05,57,57.05,150935,1082214.57,6802.69,4990875,469125,9613.3
NIFTY,04-Jul-2017,27-Jul-2017,PE,9550,72,85,65.35,71.35,71.5,71.35,11870,85684.58,665.7,328350,27225,9613.3
NIFTY,04-Jul-2017,27-Jul-2017,PE,9600,85.05,105,81.1,88.9,89.5,88.9,162983,1184744.79,11267.19,4060200,561000,9613.3
NIFTY,04-Jul-2017,27-Jul-2017,PE,9650,119.25,127.45,100.75,109.15,109.5,109.15,7266,53194.6,606.92,193425,80325,9613.3
NIFTY,04-Jul-2017,27-Jul-2017,PE,9050,0,0,0,46.6,0,0.15,0,0,0,0,0,9613.3
NIFTY,04-Jul-2017,27-Jul-2017,PE,9100,9.8,11.85,8.6,9.35,9.25,9.35,31996,218616.51,243.81,1791525,126900,9613.3
NIFTY,04-Jul-2017,27-Jul-2017,PE,9150,0,0,0,67.9,0,0.6,0,0,0,0,0,9613.3
NIFTY,04-Jul-2017,27-Jul-2017,PE,9200,13.9,18.5,13.3,14.55,14.45,14.55,54987,380060.11,649.81,2864550,-43050,9613.3
NIFTY,04-Jul-2017,27-Jul-2017,PE,9250,18.8,22.55,15.7,18.1,18.5,18.1,2508,17435.61,36.36,54075,2475,9613.3
NIFTY,04-Jul-2017,27-Jul-2017,PE,9300,20.25,28.4,20.25,22.6,22.5,22.6,77216,539977.93,1396.33,4246800,810600,9613.3
NIFTY,04-Jul-2017,27-Jul-2017,PE,9350,30,44,25.9,28.45,29.3,28.45,5306,37329.26,120.94,150900,150,9613.3
NIFTY,04-Jul-2017,27-Jul-2017,PE,8950,0,0,0,30.9,0,0.05,0,0,0,0,0,9613.3
NIFTY,04-Jul-2017,27-Jul-2017,PE,9000,6.5,7.8,6.05,6.5,6.3,6.5,21067,142311.07,108.82,2768250,-5550,9613.3
NIFTY,05-Jul-2017,27-Jul-2017,PE,10350,0,0,0,851,0,672.2,0,0,0,0,0,9637.6
NIFTY,05-Jul-2017,27-Jul-2017,PE,10400,0,0,0,766.35,764.45,721.95,0,0,0,375,0,9637.6
NIFTY,05-Jul-2017,27-Jul-2017,PE,10450,0,0,0,945.5,0,771.75,0,0,0,0,0,9637.6
NIFTY,05-Jul-2017,27-Jul-2017,PE,10500,866.7,870.95,837.5,846.65,837.5,846.65,469,3994.11,300.73,738600,-975,9637.6
NIFTY,05-Jul-2017,27-Jul-2017,PE,10550,0,0,0,1041.3,0,871.35,0,0,0,0,0,9637.6
NIFTY,05-Jul-2017,27-Jul-2017,PE,10600,960,960,960,960,960,960,1,8.67,.72,1725,-75,9637.6
NIFTY,05-Jul-2017,27-Jul-2017,PE,10050,0,0,0,581,0,376.55,0,0,0,0,0,9637.6
NIFTY,05-Jul-2017,27-Jul-2017,PE,10100,450.05,459,446.3,446.3,446.3,446.3,4,31.65,1.35,17100,150,9637.6
NIFTY,05-Jul-2017,27-Jul-2017,PE,10150,0,0,0,668.1,0,473.85,0,0,0,0,0,9637.6
NIFTY,05-Jul-2017,27-Jul-2017,PE,10200,575.5,575.5,554.65,554.65,554.65,554.65,35,282.72,14.97,12525,-2475,9637.6
NIFTY,05-Jul-2017,27-Jul-2017,PE,10250,0,0,0,758.3,0,572.75,0,0,0,0,0,9637.6
NIFTY,05-Jul-2017,27-Jul-2017,PE,10300,656.65,656.65,646.35,646.5,646.55,646.5,4,32.85,1.95,15825,-225,9637.6
NIFTY,05-Jul-2017,27-Jul-2017,PE,9700,130,142.2,117.25,120.8,118.9,120.8,26751,197175.44,2561.92,1258950,153750,9637.6
NIFTY,05-Jul-2017,27-Jul-2017,PE,9750,167.2,172.9,145.7,149.2,145.7,149.2,131,973.18,15.24,33825,0,9637.6
NIFTY,05-Jul-2017,27-Jul-2017,PE,9800,190.05,209.85,178.05,182.9,181.35,182.9,4475,33538.44,647.19,790725,27075,9637.6
NIFTY,05-Jul-2017,27-Jul-2017,PE,9850,237.95,237.95,220.95,220.95,220.95,220.95,2,15.12,.34,150,75,9637.6
NIFTY,05-Jul-2017,27-Jul-2017,PE,9900,275.5,290.9,256.85,266.75,258.05,266.75,1118,8530.77,229.62,241050,-9975,9637.6
NIFTY,05-Jul-2017,27-Jul-2017,PE,9950,0,0,0,433.95,433.95,283.15,0,0,0,900,0,9637.6
NIFTY,05-Jul-2017,27-Jul-2017,PE,10000,366.85,382,348,354.1,350,354.1,744,5783.12,203.12,1441050,-5700,9637.6
NIFTY,05-Jul-2017,27-Jul-2017,PE,9400,37.8,38,30.15,31.3,30.2,31.3,63083,446309.89,1574.74,5976375,-87825,9637.6
NIFTY,05-Jul-2017,27-Jul-2017,PE,9450,42.7,48,38.25,39.45,39,39.45,3675,26161.82,115.26,371175,9750,9637.6
NIFTY,05-Jul-2017,27-Jul-2017,PE,9500,57,60.3,48,49.5,48.9,49.5,88251,632305.64,3517.27,6165075,1174200,9637.6
NIFTY,05-Jul-2017,27-Jul-2017,PE,9550,67.55,75.05,60.25,62.35,61.25,62.35,7632,55044.57,380.37,410775,82425,9637.6
NIFTY,05-Jul-2017,27-Jul-2017,PE,9600,85,93.55,75.1,77.9,76.7,77.9,116233,844097.87,7220.27,4771050,710850,9637.6
NIFTY,05-Jul-2017,27-Jul-2017,PE,9650,105,114.85,92.95,95.75,94.7,95.75,5335,39020.92,408.86,255075,61650,9637.6
NIFTY,05-Jul-2017,27-Jul-2017,PE,9100,8.15,9.5,7.6,7.9,7.6,7.9,14467,98827.09,89.81,1825725,34200,9637.6
NIFTY,05-Jul-2017,27-Jul-2017,PE,9150,0,0,0,67.9,0,0.3,0,0,0,0,0,9637.6
NIFTY,05-Jul-2017,27-Jul-2017,PE,9200,13.05,15,12.05,12.45,12.2,12.45,32165,222255.93,317.43,2823300,-41250,9637.6
NIFTY,05-Jul-2017,27-Jul-2017,PE,9250,18.35,18.6,14.7,15.5,14.8,15.5,2296,15956.46,27.96,84000,29925,9637.6
NIFTY,05-Jul-2017,27-Jul-2017,PE,9300,21,23.55,18.5,19.3,18.5,19.3,39840,278498.79,614.79,4301850,55050,9637.6
NIFTY,05-Jul-2017,27-Jul-2017,PE,9350,27.8,30,23.7,24.6,24.25,24.6,2815,19795.86,55.67,155025,4125,9637.6
NIFTY,05-Jul-2017,27-Jul-2017,PE,8950,0,0,0,30.9,0,0.05,0,0,0,0,0,9637.6
NIFTY,05-Jul-2017,27-Jul-2017,PE,9000,5.75,6.6,5.2,5.5,5.2,5.5,11693,78977.95,50.2,2789625,21375,9637.6
NIFTY,05-Jul-2017,27-Jul-2017,PE,9050,0,0,0,46.6,0,0.05,0,0,0,0,0,9637.6
NIFTY,06-Jul-2017,27-Jul-2017,PE,10350,0,0,0,851,0,637.15,0,0,0,0,0,9674.55
NIFTY,06-Jul-2017,27-Jul-2017,PE,10400,0,0,0,766.35,764.45,686.9,0,0,0,375,0,9674.55
NIFTY,06-Jul-2017,27-Jul-2017,PE,10450,0,0,0,945.5,0,736.7,0,0,0,0,0,9674.55
NIFTY,06-Jul-2017,27-Jul-2017,PE,10500,844.6,846.1,788.55,819.95,819.85,819.95,442,3753.6,272.85,720525,-18075,9674.55
NIFTY,06-Jul-2017,27-Jul-2017,PE,10550,0,0,0,1041.3,0,836.35,0,0,0,0,0,9674.55
NIFTY,06-Jul-2017,27-Jul-2017,PE,10600,948.35,948.35,948.35,948.35,948.35,948.35,1,8.66,.71,1650,-75,9674.55
NIFTY,06-Jul-2017,27-Jul-2017,PE,10050,0,0,0,581,0,342.35,0,0,0,0,0,9674.55
NIFTY,06-Jul-2017,27-Jul-2017,PE,10100,444.45,444.5,399.25,401,401,401,18,142.12,5.77,17175,75,9674.55
NIFTY,06-Jul-2017,27-Jul-2017,PE,10150,0,0,0,668.1,0,439.05,0,0,0,0,0,9674.55
NIFTY,06-Jul-2017,27-Jul-2017,PE,10200,0,0,0,554.65,554.65,488.25,0,0,0,12525,0,9674.55
NIFTY,06-Jul-2017,27-Jul-2017,PE,10250,0,0,0,758.3,0,537.75,0,0,0,0,0,9674.55
NIFTY,06-Jul-2017,27-Jul-2017,PE,10300,0,0,0,646.5,646.55,587.4,0,0,0,15825,0,9674.55
NIFTY,06-Jul-2017,27-Jul-2017,PE,9700,122.75,122.75,86.2,103,104.25,103,72190,530656.66,5474.41,1898475,639525,9674.55
NIFTY,06-Jul-2017,27-Jul-2017,PE,9750,149.05,149.1,112.95,129.25,131.5,129.25,1163,8616.05,111.61,52125,18300,9674.55
NIFTY,06-Jul-2017,27-Jul-2017,PE,9800,181.55,185.75,140.15,161.3,162.75,161.3,13308,99387.66,1573.86,759225,-31500,9674.55
NIFTY,06-Jul-2017,27-Jul-2017,PE,9850,217.1,217.1,195,195,195,195,3,22.63,.47,225,75,9674.55
NIFTY,06-Jul-2017,27-Jul-2017,PE,9900,262.05,264.15,214.15,238.85,242,238.85,2340,17786.81,412.31,243600,2550,9674.55
NIFTY,06-Jul-2017,27-Jul-2017,PE,9950,0,0,0,433.95,433.95,250.6,0,0,0,900,0,9674.55
NIFTY,06-Jul-2017,27-Jul-2017,PE,10000,352.45,355.8,301,329.3,332.1,329.3,3568,27632.8,872.8,1434525,-6525,9674.55
NIFTY,06-Jul-2017,27-Jul-2017,PE,9400,29.2,31,20.3,24.6,24.65,24.6,89773,634559.42,1659.77,5851275,-125100,9674.55
NIFTY,06-Jul-2017,27-Jul-2017,PE,9450,38.45,39.45,26,31.25,31.4,31.25,7069,50270.16,168.62,362175,-9000,9674.55
NIFTY,06-Jul-2017,27-Jul-2017,PE,9500,46,49.95,33.1,39.95,40,39.95,106817,764275.24,3204.12,6511575,346500,9674.55
NIFTY,06-Jul-2017,27-Jul-2017,PE,9550,60.65,62.5,42.25,50.75,51.55,50.75,10246,73774.23,387.26,501525,90750,9674.55
NIFTY,06-Jul-2017,27-Jul-2017,PE,9600,75.95,78.4,53.35,64.35,64.5,64.35,157872,1144260.65,7582.25,5610450,839400,9674.55
NIFTY,06-Jul-2017,27-Jul-2017,PE,9650,93.95,97,68.2,81.45,82,81.45,19568,142800.03,1176.63,432825,177750,9674.55
NIFTY,06-Jul-2017,27-Jul-2017,PE,9050,0,0,0,46.6,0,0.05,0,0,0,0,0,9674.55
NIFTY,06-Jul-2017,27-Jul-2017,PE,9100,7.7,7.8,5,6.05,6.15,6.05,26829,183228.57,120.64,1953450,127725,9674.55
NIFTY,06-Jul-2017,27-Jul-2017,PE,9150,0,0,0,67.9,0,0.15,0,0,0,0,0,9674.55
NIFTY,06-Jul-2017,27-Jul-2017,PE,9200,11.4,12.3,7.7,9.45,9.45,9.45,42816,295738.22,307.82,2918550,95250,9674.55
NIFTY,06-Jul-2017,27-Jul-2017,PE,9250,14.9,14.9,9.5,11.55,11.8,11.55,2671,18553.39,23.33,132525,48525,9674.55
NIFTY,06-Jul-2017,27-Jul-2017,PE,9300,17.95,19.15,12.3,14.95,14.85,14.95,57947,404839.54,659.21,4401600,99750,9674.55
NIFTY,06-Jul-2017,27-Jul-2017,PE,9350,23,24.45,16.1,19.2,19.7,19.2,3040,21362.77,44.77,166425,11400,9674.55
NIFTY,06-Jul-2017,27-Jul-2017,PE,8950,3,3.15,3,3.1,3.1,3.1,4,26.86,.01,150,150,9674.55
NIFTY,06-Jul-2017,27-Jul-2017,PE,9000,4.7,5.3,3.5,4.4,4.45,4.4,23035,155558.13,71.88,2917125,127500,9674.55
NIFTY,07-Jul-2017,27-Jul-2017,PE,10350,0,0,0,851,0,647.65,0,0,0,0,0,9665.8
NIFTY,07-Jul-2017,27-Jul-2017,PE,10400,0,0,0,766.35,764.45,697.5,0,0,0,375,0,9665.8
NIFTY,07-Jul-2017,27-Jul-2017,PE,10450,0,0,0,945.5,0,747.3,0,0,0,0,0,9665.8
NIFTY,07-Jul-2017,27-Jul-2017,PE,10500,835.9,840.6,810,822.5,822.4,822.5,213,1809.46,132.08,717225,-3300,9665.8
NIFTY,07-Jul-2017,27-Jul-2017,PE,10550,0,0,0,1041.3,0,846.95,0,0,0,0,0,9665.8
NIFTY,07-Jul-2017,27-Jul-2017,PE,10600,0,0,0,948.35,948.35,896.75,0,0,0,1650,0,9665.8
NIFTY,07-Jul-2017,27-Jul-2017,PE,10050,0,0,0,581,0,351.45,0,0,0,0,0,9665.8
NIFTY,07-Jul-2017,27-Jul-2017,PE,10100,431.1,437.3,423.1,427.4,425.75,427.4,14,110.54,4.49,17175,0,9665.8
NIFTY,07-Jul-2017,27-Jul-2017,PE,10150,491.8,491.8,491.8,491.8,491.8,491.8,16,127.7,5.9,1200,1200,9665.8
NIFTY,07-Jul-2017,27-Jul-2017,PE,10200,533.3,548.55,510.2,524.55,526.7,524.55,35,281.69,13.94,12525,0,9665.8
NIFTY,07-Jul-2017,27-Jul-2017,PE,10250,0,0,0,758.3,0,548.15,0,0,0,0,0,9665.8
NIFTY,07-Jul-2017,27-Jul-2017,PE,10300,626.15,635.25,619.9,623.95,624.9,623.95,27,221.24,12.67,15825,0,9665.8
NIFTY,07-Jul-2017,27-Jul-2017,PE,9700,111.8,117.1,92.65,101.85,100.5,101.85,58458,429884.4,4602.45,1995450,96975,9665.8
NIFTY,07-Jul-2017,27-Jul-2017,PE,9750,139.6,143.75,119,128.85,128.7,128.85,840,6224.86,82.36,50850,-1275,9665.8
NIFTY,07-Jul-2017,27-Jul-2017,PE,9800,174.4,179.9,150.6,162.7,160.6,162.7,11951,89323.88,1484.03,798600,39375,9665.8
NIFTY,07-Jul-2017,27-Jul-2017,PE,9850,206.55,208,201.8,204.4,206.95,204.4,4,30.17,.62,450,225,9665.8
NIFTY,07-Jul-2017,27-Jul-2017,PE,9900,255.75,262.5,230,242.3,240.2,242.3,1385,10540.6,256.98,240600,-3000,9665.8
NIFTY,07-Jul-2017,27-Jul-2017,PE,9950,0,0,0,433.95,433.95,257.95,0,0,0,900,0,9665.8
NIFTY,07-Jul-2017,27-Jul-2017,PE,10000,344.3,351,318.35,331.65,331.5,331.65,736,5705.12,185.12,1437450,2925,9665.8
NIFTY,07-Jul-2017,27-Jul-2017,PE,9400,27,27.4,20.4,22.2,21.5,22.2,75982,537041.06,1367.96,5858475,7200,9665.8
NIFTY,07-Jul-2017,27-Jul-2017,PE,9450,34.55,34.95,26.4,28.75,28,28.75,5987,42570.69,137.82,362250,75,9665.8
NIFTY,07-Jul-2017,27-Jul-2017,PE,9500,41.9,46,34.2,37.25,36.45,37.25,86566,619357.2,2574.45,6319875,-191700,9665.8
NIFTY,07-Jul-2017,27-Jul-2017,PE,9550,54.6,64.95,44.25,48.3,47.6,48.3,7469,53780.91,284.19,538500,36975,9665.8
NIFTY,07-Jul-2017,27-Jul-2017,PE,9600,67.95,73,57,61.95,60.7,61.95,124182,900149.43,6039.03,5703750,93300,9665.8
NIFTY,07-Jul-2017,27-Jul-2017,PE,9650,87.5,90.9,73.35,79.3,78.6,79.3,14684,107187.11,911.66,409275,-23550,9665.8
NIFTY,07-Jul-2017,27-Jul-2017,PE,9050,0,0,0,46.6,0,0.05,0,0,0,0,0,9665.8
NIFTY,07-Jul-2017,27-Jul-2017,PE,9100,6.5,6.65,4.65,5.1,4.9,5.1,12396,84652.62,49.92,1951350,-2100,9665.8
NIFTY,07-Jul-2017,27-Jul-2017,PE,9150,0,0,0,67.9,0,0.1,0,0,0,0,0,9665.8
NIFTY,07-Jul-2017,27-Jul-2017,PE,9200,10.35,10.35,7.2,7.9,7.7,7.9,23804,164400.31,152.71,2735550,-183000,9665.8
NIFTY,07-Jul-2017,27-Jul-2017,PE,9250,12.6,12.6,8.95,9.7,9.4,9.7,1680,11668.28,13.28,149550,17025,9665.8
NIFTY,07-Jul-2017,27-Jul-2017,PE,9300,15.6,16.6,11.75,12.95,12.4,12.95,52456,366428.14,547.54,4626075,224475,9665.8
NIFTY,07-Jul-2017,27-Jul-2017,PE,9350,20.7,21.2,15.5,16.85,16.85,16.85,2265,15914.21,30.9,138975,-27450,9665.8
NIFTY,07-Jul-2017,27-Jul-2017,PE,8950,0,0,0,3.1,3.1,0,0,0,0,150,0,9665.8
NIFTY,07-Jul-2017,27-Jul-2017,PE,9000,4.7,4.7,3.35,3.7,3.5,3.7,14580,98456.67,41.67,3016950,99825,9665.8
NIFTY,10-Jul-2017,27-Jul-2017,PE,10350,0,0,0,851,0,548.15,0,0,0,0,0,9771.05
NIFTY,10-Jul-2017,27-Jul-2017,PE,10400,0,0,0,766.35,764.45,597.85,0,0,0,375,0,9771.05
NIFTY,10-Jul-2017,27-Jul-2017,PE,10450,0,0,0,945.5,0,647.65,0,0,0,0,0,9771.05
NIFTY,10-Jul-2017,27-Jul-2017,PE,10500,795,795,700,712.8,720.85,712.8,272,2294.44,152.44,716850,-375,9771.05
NIFTY,10-Jul-2017,27-Jul-2017,PE,10550,0,0,0,1041.3,0,747.3,0,0,0,0,0,9771.05
NIFTY,10-Jul-2017,27-Jul-2017,PE,10600,870,870,810,810,810,810,3,25.72,1.87,1875,225,9771.05
NIFTY,10-Jul-2017,27-Jul-2017,PE,10050,0,0,0,581,0,259.95,0,0,0,0,0,9771.05
NIFTY,10-Jul-2017,27-Jul-2017,PE,10100,399.6,400.8,309.55,321.9,328.75,321.9,156,1222.23,40.53,18075,900,9771.05
NIFTY,10-Jul-2017,27-Jul-2017,PE,10150,0,0,0,491.8,491.8,352.3,0,0,0,1200,0,9771.05
NIFTY,10-Jul-2017,27-Jul-2017,PE,10200,480,484.15,405.35,421.05,423,421.05,18,143.81,6.11,13050,525,9771.05
NIFTY,10-Jul-2017,27-Jul-2017,PE,10250,0,0,0,758.3,0,449.3,0,0,0,0,0,9771.05
NIFTY,10-Jul-2017,27-Jul-2017,PE,10300,581,581,581,581,581,581,1,8.16,.44,15750,-75,9771.05
NIFTY,10-Jul-2017,27-Jul-2017,PE,9700,83.1,88.15,46,54.75,56.6,54.75,174169,1274974.62,7895.15,4107075,2111625,9771.05
NIFTY,10-Jul-2017,27-Jul-2017,PE,9750,111.05,111.05,61,70.15,72.8,70.15,16567,122038.34,892.15,535800,484950,9771.05
NIFTY,10-Jul-2017,27-Jul-2017,PE,9800,137.5,145,80,92.6,95,92.6,54743,406411.15,4050.1,1324275,525675,9771.05
NIFTY,10-Jul-2017,27-Jul-2017,PE,9850,154.05,154.05,106.55,119,122,119,914,6832.7,80.52,25725,25275,9771.05
NIFTY,10-Jul-2017,27-Jul-2017,PE,9900,220.1,220.1,136.5,150.95,155.2,150.95,10431,78719.31,1269.13,563250,322650,9771.05
NIFTY,10-Jul-2017,27-Jul-2017,PE,9950,239.4,239.4,194.15,194.2,194.2,194.2,7,53.35,1.12,825,-75,9771.05
NIFTY,10-Jul-2017,27-Jul-2017,PE,10000,304.45,304.45,215.05,228.95,233.15,228.95,3811,29255.52,673.02,1374000,-63450,9771.05
NIFTY,10-Jul-2017,27-Jul-2017,PE,9400,19.7,20,10.4,12.15,12.8,12.15,92528,653256.89,934.49,5717850,-140625,9771.05
NIFTY,10-Jul-2017,27-Jul-2017,PE,9450,22.3,23.2,12.95,15.5,16.1,15.5,9244,65635.31,118.46,294375,-67875,9771.05
NIFTY,10-Jul-2017,27-Jul-2017,PE,9500,30.2,31,16.5,19.65,20.7,19.65,126614,904199.44,2074.69,6066525,-253350,9771.05
NIFTY,10-Jul-2017,27-Jul-2017,PE,9550,37.35,38,21,25.2,26.85,25.2,12309,88416.93,253.72,509175,-29325,9771.05
NIFTY,10-Jul-2017,27-Jul-2017,PE,9600,50.3,54.65,27.05,32.45,33.9,32.45,173984,1257435.7,4750.9,6724275,1020525,9771.05
NIFTY,10-Jul-2017,27-Jul-2017,PE,9650,69,69.55,35.05,42.6,43.35,42.6,20882,151884.55,751.07,536475,127200,9771.05
NIFTY,10-Jul-2017,27-Jul-2017,PE,9100,4.95,5,3.45,3.95,4.2,3.95,27899,190491.09,80.41,1833675,-117675,9771.05
NIFTY,10-Jul-2017,27-Jul-2017,PE,9150,0,0,0,67.9,0,0.05,0,0,0,0,0,9771.05
NIFTY,10-Jul-2017,27-Jul-2017,PE,9200,5.7,6.4,4.45,5.15,5,5.15,41526,286693.98,164.58,2236200,-499350,9771.05
NIFTY,10-Jul-2017,27-Jul-2017,PE,9250,8.05,8.05,5.5,6.25,6.65,6.25,2407,16710.4,11.83,92100,-57450,9771.05
NIFTY,10-Jul-2017,27-Jul-2017,PE,9300,11.75,12.25,6.6,7.75,8.25,7.75,72782,508113.66,459.21,4008525,-617550,9771.05
NIFTY,10-Jul-2017,27-Jul-2017,PE,9350,12.5,15.4,8,9.65,10.85,9.65,3918,27506.18,31.2,130875,-8100,9771.05
NIFTY,10-Jul-2017,27-Jul-2017,PE,8950,0,0,0,3.1,3.1,0,0,0,0,150,0,9771.05
NIFTY,10-Jul-2017,27-Jul-2017,PE,9000,3.2,3.4,2.8,3.2,3.3,3.2,18312,123648.34,42.34,2865075,-151875,9771.05
NIFTY,10-Jul-2017,27-Jul-2017,PE,9050,0,0,0,46.6,0,0,0,0,0,0,0,9771.05
NIFTY,11-Jul-2017,27-Jul-2017,PE,10350,0,0,0,851,0,534.85,0,0,0,0,0,9786.05
NIFTY,11-Jul-2017,27-Jul-2017,PE,10400,579.95,579.95,579.95,579.95,579.95,579.95,1,8.23,.43,375,0,9786.05
NIFTY,11-Jul-2017,27-Jul-2017,PE,10450,0,0,0,945.5,0,634.4,0,0,0,0,0,9786.05
NIFTY,11-Jul-2017,27-Jul-2017,PE,10500,696.5,710.5,665.8,704.4,700.65,704.4,435,3648.23,222.6,714225,-2625,9786.05
NIFTY,11-Jul-2017,27-Jul-2017,PE,10550,0,0,0,1041.3,0,734.1,0,0,0,0,0,9786.05
NIFTY,11-Jul-2017,27-Jul-2017,PE,10600,803,803,798.15,801.15,798.15,801.15,3,25.65,1.8,1875,0,9786.05
NIFTY,11-Jul-2017,27-Jul-2017,PE,10050,230.25,238,230.25,238,238,238,3,23.14,.53,75,75,9786.05
NIFTY,11-Jul-2017,27-Jul-2017,PE,10100,305,313.85,274,311.8,312,311.8,171,1333.15,37.83,18375,300,9786.05
NIFTY,11-Jul-2017,27-Jul-2017,PE,10150,0,0,0,491.8,491.8,338.6,0,0,0,1200,0,9786.05
NIFTY,11-Jul-2017,27-Jul-2017,PE,10200,405,409.9,373,406.9,405.5,406.9,151,1199.23,44.08,19050,6000,9786.05
NIFTY,11-Jul-2017,27-Jul-2017,PE,10250,0,0,0,758.3,0,435.85,0,0,0,0,0,9786.05
NIFTY,11-Jul-2017,27-Jul-2017,PE,10300,479,479,479,479,479,479,2,16.17,.72,15900,150,9786.05
NIFTY,11-Jul-2017,27-Jul-2017,PE,9750,65,67.5,48.45,63.7,62.45,63.7,25676,188866.77,1111.02,834450,298650,9786.05
NIFTY,11-Jul-2017,27-Jul-2017,PE,9800,94.45,94.45,65.25,84.85,82.75,84.85,190170,1408730.03,10980.53,3204300,1880025,9786.05
NIFTY,11-Jul-2017,27-Jul-2017,PE,9850,108,113.5,87.15,110.5,108,110.5,6424,47942.49,485.19,86700,60975,9786.05
NIFTY,11-Jul-2017,27-Jul-2017,PE,9900,137.1,146.3,114.85,142.85,139.2,142.85,34671,260834.38,3402.2,736275,173025,9786.05
NIFTY,11-Jul-2017,27-Jul-2017,PE,9950,176.6,180.95,148.05,179.4,180.85,179.4,52,394.34,6.29,1500,675,9786.05
NIFTY,11-Jul-2017,27-Jul-2017,PE,10000,213.15,226.5,186.7,221,217.1,221,8693,66533.89,1336.39,1293600,-80400,9786.05
NIFTY,11-Jul-2017,27-Jul-2017,PE,9400,8.75,11.8,8.75,10.95,11,10.95,84518,596493.03,641.13,4929000,-788850,9786.05
NIFTY,11-Jul-2017,27-Jul-2017,PE,9450,12.85,14.5,10.95,13.85,13.9,13.85,6405,45455.92,60.48,265800,-28575,9786.05
NIFTY,11-Jul-2017,27-Jul-2017,PE,9500,18.1,18.9,13.85,17.6,17.35,17.6,105857,755506.65,1275.52,5753100,-313425,9786.05
NIFTY,11-Jul-2017,27-Jul-2017,PE,9550,17.1,23.4,17,22.25,21.5,22.25,10380,74502.5,155.75,443325,-65850,9786.05
NIFTY,11-Jul-2017,27-Jul-2017,PE,9600,28.75,30.5,22.05,29,28.3,29,166086,1199093.61,3274.41,7414950,690675,9786.05
NIFTY,11-Jul-2017,27-Jul-2017,PE,9650,35.75,39.25,28.35,37.25,36.95,37.25,16034,116456.8,410.73,618675,82200,9786.05
NIFTY,11-Jul-2017,27-Jul-2017,PE,9700,45.3,51,37.2,49.25,48,49.25,189823,1387357.06,6394.73,4360575,253500,9786.05
NIFTY,11-Jul-2017,27-Jul-2017,PE,9100,3.5,4.2,3.25,4.05,3.9,4.05,19959,136276.45,56.27,2063250,229575,9786.05
NIFTY,11-Jul-2017,27-Jul-2017,PE,9150,0,0,0,67.9,0,0.05,0,0,0,0,0,9786.05
NIFTY,11-Jul-2017,27-Jul-2017,PE,9200,4.3,5.5,4.15,5.3,5.2,5.3,27090,187018.21,97.21,2360850,124650,9786.05
NIFTY,11-Jul-2017,27-Jul-2017,PE,9250,5.9,8.2,5,6.2,5.9,6.2,1253,8698.08,5.39,79350,-12750,9786.05
NIFTY,11-Jul-2017,27-Jul-2017,PE,9300,7.5,7.5,6.05,7.25,7.25,7.25,58466,408094.27,293.92,3361350,-647175,9786.05
NIFTY,11-Jul-2017,27-Jul-2017,PE,9350,7.75,9.65,7.4,8.95,8.95,8.95,1919,13469.02,12.03,122400,-8475,9786.05
NIFTY,11-Jul-2017,27-Jul-2017,PE,8950,0,0,0,3.1,3.1,0,0,0,0,150,0,9786.05
NIFTY,11-Jul-2017,27-Jul-2017,PE,9000,2.7,3.5,2.7,3.35,3.45,3.35,10806,72965.73,25.23,2833725,-31350,9786.05
NIFTY,11-Jul-2017,27-Jul-2017,PE,9050,0,0,0,46.6,0,0,0,0,0,0,0,9786.05
NIFTY,12-Jul-2017,27-Jul-2017,PE,10350,0,0,0,851,0,506.65,0,0,0,0,0,9816.1
NIFTY,12-Jul-2017,27-Jul-2017,PE,10400,575.9,604.75,570,591.9,591.9,591.9,368,3032.06,161.66,18075,17700,9816.1
NIFTY,12-Jul-2017,27-Jul-2017,PE,10450,0,0,0,945.5,0,606.25,0,0,0,0,0,9816.1
NIFTY,12-Jul-2017,27-Jul-2017,PE,10500,688.1,704.9,663,669.45,664,669.45,367,3077.48,187.36,717450,3225,9816.1
NIFTY,12-Jul-2017,27-Jul-2017,PE,10550,0,0,0,1041.3,0,705.95,0,0,0,0,0,9816.1
NIFTY,12-Jul-2017,27-Jul-2017,PE,10600,800,800,786,786,786,786,4,34.19,2.39,1650,-225,9816.1
NIFTY,12-Jul-2017,27-Jul-2017,PE,10050,236.25,236.25,220,220,220,220,2,15.42,.34,150,75,9816.1
NIFTY,12-Jul-2017,27-Jul-2017,PE,10100,298.85,317.65,269.4,275.75,269.65,275.75,1225,9545.04,265.67,81975,63600,9816.1
NIFTY,12-Jul-2017,27-Jul-2017,PE,10150,0,0,0,491.8,491.8,310.75,0,0,0,1200,0,9816.1
NIFTY,12-Jul-2017,27-Jul-2017,PE,10200,392.95,406.6,365.05,373.45,365.05,373.45,431,3418.46,121.31,36150,17100,9816.1
NIFTY,12-Jul-2017,27-Jul-2017,PE,10250,0,0,0,758.3,0,407.7,0,0,0,0,0,9816.1
NIFTY,12-Jul-2017,27-Jul-2017,PE,10300,497.2,505,471.15,473.05,471.15,473.05,237,1917.56,86.73,6525,-9375,9816.1
NIFTY,12-Jul-2017,27-Jul-2017,PE,9750,57.3,66.45,48.2,50.95,48.55,50.95,20148,148204.77,872.52,787800,-46650,9816.1
NIFTY,12-Jul-2017,27-Jul-2017,PE,9800,76.05,87.9,65,68.95,66.2,68.95,155755,1153856.59,9057.34,4038750,834450,9816.1
NIFTY,12-Jul-2017,27-Jul-2017,PE,9850,102.85,113.5,86.55,91.55,86.55,91.55,6268,46780.47,475.62,92700,6000,9816.1
NIFTY,12-Jul-2017,27-Jul-2017,PE,9900,132.55,145.7,113.25,119,113.35,119,25001,188080.7,2448.27,777225,40950,9816.1
NIFTY,12-Jul-2017,27-Jul-2017,PE,9950,165,174,149,152.55,151.05,152.55,25,189.56,3,1875,375,9816.1
NIFTY,12-Jul-2017,27-Jul-2017,PE,10000,207.7,222.6,184,190.1,185.95,190.1,5808,44450.91,890.91,1190850,-102750,9816.1
NIFTY,12-Jul-2017,27-Jul-2017,PE,9400,9.55,11.4,8,8.55,8.6,8.55,50874,359036.15,374.45,4934775,5775,9816.1
NIFTY,12-Jul-2017,27-Jul-2017,PE,9450,10.85,14.65,9.9,10.7,10.7,10.7,3749,26605.29,34.25,253650,-12150,9816.1
NIFTY,12-Jul-2017,27-Jul-2017,PE,9500,16.45,18.3,12.65,13.5,13.65,13.5,92156,657695.26,1083.76,5632350,-120750,9816.1
NIFTY,12-Jul-2017,27-Jul-2017,PE,9550,19.35,23.3,16.4,17.2,17,17.2,5030,36101.81,74.44,406725,-36600,9816.1
NIFTY,12-Jul-2017,27-Jul-2017,PE,9600,27,30.15,21.25,22.35,21.8,22.35,128916,930699.61,2504.41,6707400,-707550,9816.1
NIFTY,12-Jul-2017,27-Jul-2017,PE,9650,33,38.9,26.65,28.7,27.9,28.7,14719,106895.57,366.81,630750,12075,9816.1
NIFTY,12-Jul-2017,27-Jul-2017,PE,9700,43.5,51.45,36.55,38.8,37.25,38.8,163343,1193766.09,5445.77,5229375,868800,9816.1
NIFTY,12-Jul-2017,27-Jul-2017,PE,9100,4,4.15,3.35,3.5,3.4,3.5,9919,67725.39,28.22,2041800,-21450,9816.1
NIFTY,12-Jul-2017,27-Jul-2017,PE,9150,0,0,0,67.9,0,0,0,0,0,0,0,9816.1
NIFTY,12-Jul-2017,27-Jul-2017,PE,9200,5.15,5.45,4.05,4.3,4.25,4.3,14889,102787.5,53.4,2414700,53850,9816.1
NIFTY,12-Jul-2017,27-Jul-2017,PE,9250,5.65,6.5,4.7,5,5.05,5,423,2936.33,1.77,72900,-6450,9816.1
NIFTY,12-Jul-2017,27-Jul-2017,PE,9300,6.65,7.5,5.35,5.8,5.9,5.8,34536,241057.58,168.98,3224475,-136875,9816.1
NIFTY,12-Jul-2017,27-Jul-2017,PE,9350,7.75,9.25,6.65,7.05,7.15,7.05,1381,9692.63,8.37,123375,975,9816.1
NIFTY,12-Jul-2017,27-Jul-2017,PE,8950,2.8,2.8,2.8,2.8,2.8,2.8,1,6.71,0,150,0,9816.1
NIFTY,12-Jul-2017,27-Jul-2017,PE,9000,3,3.4,2.9,3.05,3,3.05,7033,47489.31,16.56,2727675,-106050,9816.1
NIFTY,12-Jul-2017,27-Jul-2017,PE,9050,0,0,0,46.6,0,0,0,0,0,0,0,9816.1
NIFTY,13-Jul-2017,27-Jul-2017,PE,10400,525,525,508.7,508.7,508.7,508.7,43,352.06,16.66,20400,2325,9891.7
NIFTY,13-Jul-2017,27-Jul-2017,PE,10450,0,0,0,945.5,0,532.6,0,0,0,0,0,9891.7
NIFTY,13-Jul-2017,27-Jul-2017,PE,10500,621,633.9,602.35,606.75,608.4,606.75,275,2292.65,127.03,719625,2175,9891.7
NIFTY,13-Jul-2017,27-Jul-2017,PE,10550,0,0,0,1041.3,0,632.25,0,0,0,0,0,9891.7
NIFTY,13-Jul-2017,27-Jul-2017,PE,10600,727,727,727,727,727,727,1,8.5,.55,1575,-75,9891.7
NIFTY,13-Jul-2017,27-Jul-2017,PE,10050,195,211.2,159.15,168.8,159.15,168.8,7,53.72,.96,150,0,9891.7
NIFTY,13-Jul-2017,27-Jul-2017,PE,10100,243.85,245.65,214.7,218.65,222.2,218.65,1424,11033.2,246.4,114000,32025,9891.7
NIFTY,13-Jul-2017,27-Jul-2017,PE,10150,0,0,0,491.8,491.8,242.9,0,0,0,1200,0,9891.7
NIFTY,13-Jul-2017,27-Jul-2017,PE,10200,332.85,339.9,308.75,313.5,320,313.5,1385,10930.26,335.01,54900,18750,9891.7
NIFTY,13-Jul-2017,27-Jul-2017,PE,10250,0,0,0,758.3,0,335.9,0,0,0,0,0,9891.7
NIFTY,13-Jul-2017,27-Jul-2017,PE,10300,425.8,432.6,408.4,410.75,410,410.75,141,1133.86,44.63,8025,1500,9891.7
NIFTY,13-Jul-2017,27-Jul-2017,PE,10350,0,0,0,851,0,433.45,0,0,0,0,0,9891.7
NIFTY,13-Jul-2017,27-Jul-2017,PE,9750,41.85,42.25,32.85,34.3,35.25,34.3,24738,181586.05,689.42,760350,-27450,9891.7
NIFTY,13-Jul-2017,27-Jul-2017,PE,9800,54.75,59.35,43.45,45.55,47,45.55,203632,1504254.7,7559.5,5173650,1134900,9891.7
NIFTY,13-Jul-2017,27-Jul-2017,PE,9850,66,74.6,56.95,59.35,61.3,59.35,32829,244124.74,1600.51,850050,757350,9891.7
NIFTY,13-Jul-2017,27-Jul-2017,PE,9900,91,97.5,77.4,80.4,82.6,80.4,93612,701179.93,6110.83,2133900,1356675,9891.7
NIFTY,13-Jul-2017,27-Jul-2017,PE,9950,125,126.45,102.05,105.65,107.7,105.65,1794,13541.63,153.91,38700,36825,9891.7
NIFTY,13-Jul-2017,27-Jul-2017,PE,10000,151.2,161.4,134.25,138.8,141.5,138.8,23527,179065.98,2613.48,1360425,169575,9891.7
NIFTY,13-Jul-2017,27-Jul-2017,PE,9400,6.35,8,6.05,7.35,7.6,7.35,65381,461282.2,346.15,4765725,-169050,9891.7
NIFTY,13-Jul-2017,27-Jul-2017,PE,9450,8.5,10.7,8.1,8.85,9.25,8.85,2824,20033.44,18.34,247500,-6150,9891.7
NIFTY,13-Jul-2017,27-Jul-2017,PE,9500,10,11.85,8.4,10.4,10.85,10.4,104793,747467.07,816.95,5158125,-474225,9891.7
NIFTY,13-Jul-2017,27-Jul-2017,PE,9550,13.2,17,12,12.7,13.45,12.7,8129,58303.41,79.45,379200,-27525,9891.7
NIFTY,13-Jul-2017,27-Jul-2017,PE,9600,19.6,19.8,15.25,16.3,16.8,16.3,122197,881347.4,1529,6341775,-365625,9891.7
NIFTY,13-Jul-2017,27-Jul-2017,PE,9650,25,26.7,19.15,20.2,21.15,20.2,15028,109004.65,239.5,659700,28950,9891.7
NIFTY,13-Jul-2017,27-Jul-2017,PE,9700,30,32.75,25.2,26.55,27.3,26.55,152337,1111460.47,3208.8,6222675,993300,9891.7
NIFTY,13-Jul-2017,27-Jul-2017,PE,9100,3.1,3.95,2.95,3.8,3.75,3.8,28575,195099.77,75.4,2131200,89400,9891.7
NIFTY,13-Jul-2017,27-Jul-2017,PE,9150,0,0,0,67.9,0,0,0,0,0,0,0,9891.7
NIFTY,13-Jul-2017,27-Jul-2017,PE,9200,3.6,4.55,3.6,4.3,4.45,4.3,26524,183094.88,79.28,2661600,246900,9891.7
NIFTY,13-Jul-2017,27-Jul-2017,PE,9250,4.4,5,4.1,4.75,4.85,4.75,666,4622.63,2.25,73275,375,9891.7
NIFTY,13-Jul-2017,27-Jul-2017,PE,9300,3.95,5.8,3.95,5.45,5.1,5.45,42400,295903.82,163.82,3358575,134100,9891.7
NIFTY,13-Jul-2017,27-Jul-2017,PE,9350,5.75,6.75,5.35,6.35,6.7,6.35,1357,9522.09,6.13,118050,-5325,9891.7
NIFTY,13-Jul-2017,27-Jul-2017,PE,8950,0,0,0,2.8,2.8,0,0,0,0,150,0,9891.7
NIFTY,13-Jul-2017,27-Jul-2017,PE,9000,2.65,3.3,2.6,3.15,3.2,3.15,16719,112890.23,36.98,2791875,64200,9891.7
NIFTY,13-Jul-2017,27-Jul-2017,PE,9050,0,0,0,46.6,0,0,0,0,0,0,0,9891.7
NIFTY,14-Jul-2017,27-Jul-2017,PE,10400,515,531.35,489.55,491.15,490.55,491.15,23,187.96,8.56,20700,300,9886.35
NIFTY,14-Jul-2017,27-Jul-2017,PE,10450,0,0,0,945.5,0,539.7,0,0,0,0,0,9886.35
NIFTY,14-Jul-2017,27-Jul-2017,PE,10500,602,632.55,590,593.35,590,593.35,421,3508.66,193.29,718350,-1275,9886.35
NIFTY,14-Jul-2017,27-Jul-2017,PE,10550,0,0,0,1041.3,0,639.45,0,0,0,0,0,9886.35
NIFTY,14-Jul-2017,27-Jul-2017,PE,10600,705,705,705,705,705,705,2,16.96,1.06,1725,150,9886.35
NIFTY,14-Jul-2017,27-Jul-2017,PE,10050,172.75,188.55,152.05,156.65,152.05,156.65,6,45.97,.74,300,150,9886.35
NIFTY,14-Jul-2017,27-Jul-2017,PE,10100,210,244,201.05,206.05,201.05,206.05,1513,11712.04,251.07,101700,-12300,9886.35
NIFTY,14-Jul-2017,27-Jul-2017,PE,10150,274.35,274.35,274.35,274.35,274.35,274.35,1,7.82,.21,1275,75,9886.35
NIFTY,14-Jul-2017,27-Jul-2017,PE,10200,305.1,341.5,292.35,298.55,292.35,298.55,964,7593.52,218.92,31050,-23850,9886.35
NIFTY,14-Jul-2017,27-Jul-2017,PE,10250,0,0,0,758.3,0,341.95,0,0,0,0,0,9886.35
NIFTY,14-Jul-2017,27-Jul-2017,PE,10300,421.75,434.5,389.8,397,389.8,397,79,635.02,24.74,6900,-1125,9886.35
NIFTY,14-Jul-2017,27-Jul-2017,PE,10350,0,0,0,851,0,440.25,0,0,0,0,0,9886.35
NIFTY,14-Jul-2017,27-Jul-2017,PE,9750,31.45,38.9,25,26.4,26.05,26.4,37142,272473.95,873.08,1350825,590475,9886.35
NIFTY,14-Jul-2017,27-Jul-2017,PE,9800,42.2,52.6,35.3,37.1,35.5,37.1,217009,1602207.26,7191.11,5934750,761100,9886.35
NIFTY,14-Jul-2017,27-Jul-2017,PE,9850,54.05,69.2,46.4,49.2,47.05,49.2,37559,279109.59,1642.48,1100850,250800,9886.35
NIFTY,14-Jul-2017,27-Jul-2017,PE,9900,74.95,93.2,63.3,67.05,64.1,67.05,150129,1123604.26,8896.43,4187400,2053500,9886.35
NIFTY,14-Jul-2017,27-Jul-2017,PE,9950,101.2,122.7,86.05,91.45,87.3,91.45,2958,22300.14,226.06,66525,27825,9886.35
NIFTY,14-Jul-2017,27-Jul-2017,PE,10000,129.1,158.25,119.15,124.55,120.7,124.55,26237,199490.69,2713.19,1311075,-49350,9886.35
NIFTY,14-Jul-2017,27-Jul-2017,PE,9400,6.55,7.85,5.8,6.05,5.9,6.05,40093,282856.11,200.46,4198725,-567000,9886.35
NIFTY,14-Jul-2017,27-Jul-2017,PE,9450,9.9,10.95,7,7.3,7.3,7.3,2346,16641.63,14.36,228750,-18750,9886.35
NIFTY,14-Jul-2017,27-Jul-2017,PE,9500,9.75,11.65,8.35,8.8,8.8,8.8,69059,492555.72,510.34,4875450,-282675,9886.35
NIFTY,14-Jul-2017,27-Jul-2017,PE,9550,12,14.45,10.5,10.8,10.75,10.8,4527,32466.54,41.9,355800,-23400,9886.35
NIFTY,14-Jul-2017,27-Jul-2017,PE,9600,13.5,19,13,13.45,13.3,13.45,106983,771516.51,1238.91,6258900,-82875,9886.35
NIFTY,14-Jul-2017,27-Jul-2017,PE,9650,18.15,23,16.2,16.7,16.25,16.7,11624,84297.87,169.17,577050,-82650,9886.35
NIFTY,14-Jul-2017,27-Jul-2017,PE,9700,25,29.9,20.5,21.2,20.55,21.2,148001,1079482.36,2775.08,6047400,-175275,9886.35
NIFTY,14-Jul-2017,27-Jul-2017,PE,9100,3.05,3.9,3.05,3.5,3.45,3.5,10526,71867.44,27.49,2077200,-54000,9886.35
NIFTY,14-Jul-2017,27-Jul-2017,PE,9150,0,0,0,67.9,0,0,0,0,0,0,0,9886.35
NIFTY,14-Jul-2017,27-Jul-2017,PE,9200,3.25,4.4,3.25,3.95,3.85,3.95,17094,118000.36,51.76,2778825,117225,9886.35
NIFTY,14-Jul-2017,27-Jul-2017,PE,9250,4.35,4.85,4.1,4.3,4.3,4.3,661,4587.84,2.15,79650,6375,9886.35
NIFTY,14-Jul-2017,27-Jul-2017,PE,9300,4.35,5.55,4.3,4.7,4.6,4.7,17150,119684.35,63.1,3298950,-59625,9886.35
NIFTY,14-Jul-2017,27-Jul-2017,PE,9350,5.75,6.65,4.85,5.15,5.15,5.15,1434,10062,6.08,131325,13275,9886.35
NIFTY,14-Jul-2017,27-Jul-2017,PE,8950,0,0,0,2.8,2.8,0,0,0,0,150,0,9886.35
NIFTY,14-Jul-2017,27-Jul-2017,PE,9000,2.75,3.25,2.7,2.95,2.9,2.95,9113,61533.03,20.28,2885325,93450,9886.35
NIFTY,14-Jul-2017,27-Jul-2017,PE,9050,0,0,0,46.6,0,0,0,0,0,0,0,9886.35
NIFTY,17-Jul-2017,27-Jul-2017,PE,8950,0,0,0,2.8,2.8,0,0,0,0,150,0,9915.95
NIFTY,17-Jul-2017,27-Jul-2017,PE,9000,2.55,2.55,2.05,2.25,2.25,2.25,10561,71304.64,17.89,2794725,-90600,9915.95
NIFTY,17-Jul-2017,27-Jul-2017,PE,9050,0,0,0,46.6,0,0,0,0,0,0,0,9915.95
NIFTY,17-Jul-2017,27-Jul-2017,PE,9100,3,3.2,2.4,2.55,2.55,2.55,14124,96423.74,27.44,2115600,38400,9915.95
NIFTY,17-Jul-2017,27-Jul-2017,PE,9150,0,0,0,67.9,0,0,0,0,0,0,0,9915.95
NIFTY,17-Jul-2017,27-Jul-2017,PE,9200,2.95,3.45,2.6,2.8,2.8,2.8,18194,125578.04,39.44,2757000,-21825,9915.95
NIFTY,17-Jul-2017,27-Jul-2017,PE,9250,3.55,3.85,2.9,3.05,3,3.05,719,4989.84,1.78,67200,-12450,9915.95
NIFTY,17-Jul-2017,27-Jul-2017,PE,9300,4.1,4.25,2.95,3.15,3.05,3.15,20573,143549.57,52.89,3160950,-138000,9915.95
NIFTY,17-Jul-2017,27-Jul-2017,PE,9350,4.2,4.65,3.25,3.4,3.35,3.4,1349,9463.85,3.99,120000,-11325,9915.95
NIFTY,17-Jul-2017,27-Jul-2017,PE,9400,4.65,5.45,3.7,3.9,3.85,3.9,28544,201329.82,94.62,4193625,-5100,9915.95
NIFTY,17-Jul-2017,27-Jul-2017,PE,9450,6.45,6.6,4.55,4.85,4.8,4.85,2032,14409.94,8.14,224100,-4650,9915.95
NIFTY,17-Jul-2017,27-Jul-2017,PE,9500,6.9,8,5.4,5.9,5.6,5.9,58023,413700.79,286.91,4873950,-1500,9915.95
NIFTY,17-Jul-2017,27-Jul-2017,PE,9550,10,10,6.4,7.2,7,7.2,3051,21871.41,18.62,338775,-17025,9915.95
NIFTY,17-Jul-2017,27-Jul-2017,PE,9600,12,12.35,8.15,8.9,8.5,8.9,85991,619769.8,634.6,5488875,-770025,9915.95
NIFTY,17-Jul-2017,27-Jul-2017,PE,9650,13.85,15,9.75,10.75,10.3,10.75,9811,71096.17,89.06,532425,-44625,9915.95
NIFTY,17-Jul-2017,27-Jul-2017,PE,9700,12.35,19.1,12.15,13.5,12.9,13.5,152415,1110561.18,1742.05,5656950,-390450,9915.95
NIFTY,17-Jul-2017,27-Jul-2017,PE,9750,23.05,24.25,15.65,17.7,17.45,17.7,37748,276591.71,559.46,724200,-626625,9915.95
NIFTY,17-Jul-2017,27-Jul-2017,PE,9800,30.4,32.85,21,24.5,23.9,24.5,178665,1316811.11,3623.36,6452250,517500,9915.95
NIFTY,17-Jul-2017,27-Jul-2017,PE,9850,40.05,43.45,29.7,32.55,30,32.55,49616,367881.98,1343.78,1674225,573375,9915.95
NIFTY,17-Jul-2017,27-Jul-2017,PE,9900,53.65,61,42.5,48.25,47.45,48.25,178177,1329918.34,6954.11,5186325,998925,9915.95
NIFTY,17-Jul-2017,27-Jul-2017,PE,9950,88.9,88.9,61.9,68.3,67.5,68.3,26688,200571.65,1412.45,730200,663675,9915.95
NIFTY,17-Jul-2017,27-Jul-2017,PE,10000,111.15,117.5,90.4,97.9,97,97.9,54772,415013.27,4223.27,1656150,345075,9915.95
NIFTY,17-Jul-2017,27-Jul-2017,PE,10050,149.2,153.7,124,132.3,133,132.3,44,336.21,4.56,1275,975,9915.95
NIFTY,17-Jul-2017,27-Jul-2017,PE,10100,183.75,196.05,165,174.25,175.95,174.25,3059,23584.19,412.27,142200,40500,9915.95
NIFTY,17-Jul-2017,27-Jul-2017,PE,10150,249.25,249.25,223,223,223,223,2,15.58,.35,1275,0,9915.95
NIFTY,17-Jul-2017,27-Jul-2017,PE,10200,282.15,290.3,255.25,265.35,263.6,265.35,761,5977.24,155.59,47175,16125,9915.95
NIFTY,17-Jul-2017,27-Jul-2017,PE,10250,0,0,0,758.3,0,317,0,0,0,0,0,9915.95
NIFTY,17-Jul-2017,27-Jul-2017,PE,10300,379.1,390.35,359.8,364.05,365,364.05,33,264.12,9.19,7500,600,9915.95
NIFTY,17-Jul-2017,27-Jul-2017,PE,10350,0,0,0,851,0,415.9,0,0,0,0,0,9915.95
NIFTY,17-Jul-2017,27-Jul-2017,PE,10400,482.5,482.5,458.9,458.9,458.9,458.9,23,187.56,8.16,20925,225,9915.95
NIFTY,17-Jul-2017,27-Jul-2017,PE,10450,0,0,0,945.5,0,515.6,0,0,0,0,0,9915.95
NIFTY,17-Jul-2017,27-Jul-2017,PE,10500,572.95,586.65,551.4,559.55,561.05,559.55,336,2789.77,143.77,713250,-5100,9915.95
NIFTY,17-Jul-2017,27-Jul-2017,PE,10550,0,0,0,1041.3,0,615.4,0,0,0,0,0,9915.95
NIFTY,17-Jul-2017,27-Jul-2017,PE,10600,658.95,659,658.95,659,659,659,2,16.89,.99,1725,0,9915.95
NIFTY,18-Jul-2017,27-Jul-2017,PE,8950,0,0,0,2.8,2.8,0,0,0,0,150,0,9827.15
NIFTY,18-Jul-2017,27-Jul-2017,PE,9000,2.35,3,1.7,1.8,1.8,1.8,9326,62964.04,13.54,2693325,-101400,9827.15
NIFTY,18-Jul-2017,27-Jul-2017,PE,9050,0,0,0,46.6,0,0,0,0,0,0,0,9827.15
NIFTY,18-Jul-2017,27-Jul-2017,PE,9100,2.6,2.8,2.1,2.2,2.2,2.2,7533,51425.25,12.52,1898550,-217050,9827.15
NIFTY,18-Jul-2017,27-Jul-2017,PE,9150,0,0,0,67.9,0,0,0,0,0,0,0,9827.15
NIFTY,18-Jul-2017,27-Jul-2017,PE,9200,2.7,3.15,2.3,2.5,2.4,2.5,13259,91512.04,24.94,2603025,-153975,9827.15
NIFTY,18-Jul-2017,27-Jul-2017,PE,9250,3.2,3.2,2.35,2.65,2.7,2.65,352,2442.71,.71,55275,-11925,9827.15
NIFTY,18-Jul-2017,27-Jul-2017,PE,9300,3.2,3.75,2.7,2.95,2.85,2.95,19197,133941.85,42.77,2869050,-291900,9827.15
NIFTY,18-Jul-2017,27-Jul-2017,PE,9350,3.45,4.1,2.95,3.3,3.25,3.3,1131,7933.89,2.75,114150,-5850,9827.15
NIFTY,18-Jul-2017,27-Jul-2017,PE,9400,5.15,5.15,3.4,4.1,3.8,4.1,26377,186035.8,77.95,4189050,-4575,9827.15
NIFTY,18-Jul-2017,27-Jul-2017,PE,9450,3.25,5.9,3.25,5.2,5.2,5.2,2503,17749.33,9.32,195825,-28275,9827.15
NIFTY,18-Jul-2017,27-Jul-2017,PE,9500,6.1,7.9,5.15,6.6,6.55,6.6,72886,519652.66,339.91,4530975,-342975,9827.15
NIFTY,18-Jul-2017,27-Jul-2017,PE,9550,8,9.8,6.15,8.5,8.2,8.5,4621,33125.18,27.27,324525,-14250,9827.15
NIFTY,18-Jul-2017,27-Jul-2017,PE,9600,11,13,8.2,11.35,11.1,11.35,146641,1056952.41,1137.21,5061000,-427875,9827.15
NIFTY,18-Jul-2017,27-Jul-2017,PE,9650,15,17,10.25,14.75,14.5,14.75,17426,126294.18,173.51,568200,35775,9827.15
NIFTY,18-Jul-2017,27-Jul-2017,PE,9700,16.2,25.15,13.5,20.65,19.45,20.65,223328,1627691.6,2980.4,4988175,-668775,9827.15
NIFTY,18-Jul-2017,27-Jul-2017,PE,9750,39,39.9,18.55,29.25,27.1,29.25,38399,281494.47,701.78,588975,-135225,9827.15
NIFTY,18-Jul-2017,27-Jul-2017,PE,9800,33.95,47.45,27.25,42.35,40.35,42.35,346075,2552854.1,9202.85,5863725,-588525,9827.15
NIFTY,18-Jul-2017,27-Jul-2017,PE,9850,49.8,66.5,38.5,59.55,56.7,59.55,85072,631517.53,3048.13,1284075,-390150,9827.15
NIFTY,18-Jul-2017,27-Jul-2017,PE,9900,68,95.3,54.45,86.7,82.85,86.7,265659,1986736.78,14218.7,3490725,-1695600,9827.15
NIFTY,18-Jul-2017,27-Jul-2017,PE,9950,100,130.1,81.8,120.8,118.5,120.8,16015,120700.44,1188.51,591225,-138975,9827.15
NIFTY,18-Jul-2017,27-Jul-2017,PE,10000,146.3,172.8,116.05,161.1,157.25,161.1,60946,463425.2,6330.2,1301700,-354450,9827.15
NIFTY,18-Jul-2017,27-Jul-2017,PE,10050,167.1,199.8,161.5,199.8,199.8,199.8,20,153.31,2.56,1125,-150,9827.15
NIFTY,18-Jul-2017,27-Jul-2017,PE,10100,213.2,263,199,252.25,250,252.25,2826,21879.43,472.48,101100,-41100,9827.15
NIFTY,18-Jul-2017,27-Jul-2017,PE,10150,264.05,310.4,264.05,310.4,310.4,310.4,2,15.66,.43,1275,0,9827.15
NIFTY,18-Jul-2017,27-Jul-2017,PE,10200,306.6,360,295.9,348.5,344.9,348.5,519,4095.7,125.35,47475,300,9827.15
NIFTY,18-Jul-2017,27-Jul-2017,PE,10250,0,0,0,758.3,0,406.85,0,0,0,0,0,9827.15
NIFTY,18-Jul-2017,27-Jul-2017,PE,10300,406.8,450.65,394.35,445.2,445,445.2,24,192.98,7.58,7875,375,9827.15
NIFTY,18-Jul-2017,27-Jul-2017,PE,10350,0,0,0,851,0,506.5,0,0,0,0,0,9827.15
NIFTY,18-Jul-2017,27-Jul-2017,PE,10400,506.35,546.45,506.35,545.25,545.25,545.25,10,81.93,3.93,21525,600,9827.15
NIFTY,18-Jul-2017,27-Jul-2017,PE,10450,0,0,0,945.5,0,606.3,0,0,0,0,0,9827.15
NIFTY,18-Jul-2017,27-Jul-2017,PE,10500,614.65,656,590,647.8,642,647.8,1381,11521.92,646.54,664800,-48450,9827.15
NIFTY,18-Jul-2017,27-Jul-2017,PE,10550,0,0,0,1041.3,0,706.15,0,0,0,0,0,9827.15
NIFTY,18-Jul-2017,27-Jul-2017,PE,10600,0,0,0,659,659,756.1,0,0,0,1725,0,9827.15
NIFTY,19-Jul-2017,27-Jul-2017,PE,8950,0,0,0,2.8,2.8,0,0,0,0,150,0,9899.6
NIFTY,19-Jul-2017,27-Jul-2017,PE,9000,1.75,1.9,1.6,1.75,1.6,1.75,4389,29631.27,5.52,2642400,-50925,9899.6
NIFTY,19-Jul-2017,27-Jul-2017,PE,9050,0,0,0,46.6,0,0,0,0,0,0,0,9899.6
NIFTY,19-Jul-2017,27-Jul-2017,PE,9100,1.95,2.25,1.85,2.05,1.85,2.05,13372,91283.74,19.84,1753200,-145350,9899.6
NIFTY,19-Jul-2017,27-Jul-2017,PE,9150,0,0,0,67.9,0,0,0,0,0,0,0,9899.6
NIFTY,19-Jul-2017,27-Jul-2017,PE,9200,2.15,2.4,1.95,2.25,2.05,2.25,19132,132042.18,31.38,2433825,-169200,9899.6
NIFTY,19-Jul-2017,27-Jul-2017,PE,9250,2.4,2.55,1.9,2.4,2.2,2.4,875,6071.81,1.5,59625,4350,9899.6
NIFTY,19-Jul-2017,27-Jul-2017,PE,9300,2.3,2.8,2.1,2.55,2.2,2.55,33615,234527.57,62.95,2718975,-150075,9899.6
NIFTY,19-Jul-2017,27-Jul-2017,PE,9350,2.65,2.95,2.4,2.65,2.55,2.65,914,6411.22,1.8,101250,-12900,9899.6
NIFTY,19-Jul-2017,27-Jul-2017,PE,9400,3.2,3.75,2.65,2.9,2.7,2.9,43916,309706.43,98.63,4299600,110550,9899.6
NIFTY,19-Jul-2017,27-Jul-2017,PE,9450,4.1,4.25,2.9,3.2,2.9,3.2,2443,17321.22,6.45,208500,12675,9899.6
NIFTY,19-Jul-2017,27-Jul-2017,PE,9500,6,6,3.45,3.9,3.5,3.9,62435,445057.64,208.27,4593075,62100,9899.6
NIFTY,19-Jul-2017,27-Jul-2017,PE,9550,6.9,7.15,4.4,4.75,4.4,4.75,4388,31447.33,18.28,353700,29175,9899.6
NIFTY,19-Jul-2017,27-Jul-2017,PE,9600,10,10,5.55,6,5.7,6,113077,814776.41,622.01,4833675,-227325,9899.6
NIFTY,19-Jul-2017,27-Jul-2017,PE,9650,9.75,11.6,6.3,6.9,6.3,6.9,14925,108124.29,104.61,529275,-38925,9899.6
NIFTY,19-Jul-2017,27-Jul-2017,PE,9700,17,17,8.6,9.35,8.9,9.35,168603,1228203.48,1616.65,5704575,716400,9899.6
NIFTY,19-Jul-2017,27-Jul-2017,PE,9750,21.3,23.55,12,13.1,12,13.1,29813,218406.22,398.66,641400,52425,9899.6
NIFTY,19-Jul-2017,27-Jul-2017,PE,9800,36.5,37,18,19.35,18,19.35,257462,1897482.21,5136.51,6500400,636675,9899.6
NIFTY,19-Jul-2017,27-Jul-2017,PE,9850,48.05,49,26.3,28.25,27.05,28.25,67637,501601.66,1933.32,1750425,466350,9899.6
NIFTY,19-Jul-2017,27-Jul-2017,PE,9900,76.95,77.75,41.6,44.8,42.6,44.8,189401,1414542.77,8240.35,4251000,760275,9899.6
NIFTY,19-Jul-2017,27-Jul-2017,PE,9950,102.7,106.9,63.95,67.5,66,67.5,8848,66577.88,549.68,633675,42450,9899.6
NIFTY,19-Jul-2017,27-Jul-2017,PE,10000,143.95,144.95,94.95,100.8,97.65,100.8,38271,290463.32,3430.82,1582125,280425,9899.6
NIFTY,19-Jul-2017,27-Jul-2017,PE,10050,153.3,153.3,135.6,144.3,138.8,144.3,33,252.31,3.57,1575,450,9899.6
NIFTY,19-Jul-2017,27-Jul-2017,PE,10100,229.35,232.05,176.4,183.1,176.4,183.1,1671,12915.19,257.37,106050,4950,9899.6
NIFTY,19-Jul-2017,27-Jul-2017,PE,10150,268.5,268.7,268.5,268.7,268.7,268.7,2,15.63,.4,1275,0,9899.6
NIFTY,19-Jul-2017,27-Jul-2017,PE,10200,326.3,328.35,272.35,277.45,272.35,277.45,192,1511.67,42.87,45525,-1950,9899.6
NIFTY,19-Jul-2017,27-Jul-2017,PE,10250,0,0,0,758.3,0,336.7,0,0,0,0,0,9899.6
NIFTY,19-Jul-2017,27-Jul-2017,PE,10300,425.3,425.3,374.8,377.9,374.8,377.9,7,56.17,2.09,7950,75,9899.6
NIFTY,19-Jul-2017,27-Jul-2017,PE,10350,0,0,0,851,0,436,0,0,0,0,0,9899.6
NIFTY,19-Jul-2017,27-Jul-2017,PE,10400,514.45,516.1,477.7,477.8,477.7,477.8,16,130.69,5.89,21525,0,9899.6
NIFTY,19-Jul-2017,27-Jul-2017,PE,10450,0,0,0,945.5,0,535.75,0,0,0,0,0,9899.6
NIFTY,19-Jul-2017,27-Jul-2017,PE,10500,619.25,628.45,570.9,576.4,572,576.4,3531,29438.03,1631.4,494775,-170025,9899.6
NIFTY,19-Jul-2017,27-Jul-2017,PE,10550,0,0,0,1041.3,0,635.6,0,0,0,0,0,9899.6
NIFTY,19-Jul-2017,27-Jul-2017,PE,10600,0,0,0,659,659,685.55,0,0,0,1725,0,9899.6
NIFTY,20-Jul-2017,27-Jul-2017,PE,8950,0,0,0,2.8,2.8,0,0,0,0,150,0,9873.3
NIFTY,20-Jul-2017,27-Jul-2017,PE,9000,1.5,1.6,1.15,1.25,1.25,1.25,4616,31162.63,4.63,2514675,-127725,9873.3
NIFTY,20-Jul-2017,27-Jul-2017,PE,9050,0,0,0,46.6,0,0,0,0,0,0,0,9873.3
NIFTY,20-Jul-2017,27-Jul-2017,PE,9100,2.25,2.25,1.5,1.55,1.6,1.55,7455,50889.47,9.1,1707600,-45600,9873.3
NIFTY,20-Jul-2017,27-Jul-2017,PE,9150,0,0,0,67.9,0,0,0,0,0,0,0,9873.3
NIFTY,20-Jul-2017,27-Jul-2017,PE,9200,1.7,1.9,1.6,1.7,1.65,1.7,7829,54030.48,10.38,2337075,-96750,9873.3
NIFTY,20-Jul-2017,27-Jul-2017,PE,9250,1.95,1.95,1.75,1.8,1.75,1.8,384,2664.53,.53,58350,-1275,9873.3
NIFTY,20-Jul-2017,27-Jul-2017,PE,9300,1.9,2,1.7,1.85,1.8,1.85,13199,92081.62,18.6,2693850,-25125,9873.3
NIFTY,20-Jul-2017,27-Jul-2017,PE,9350,2.1,2.35,1.85,2,1.85,2,616,4320.68,.98,98850,-2400,9873.3
NIFTY,20-Jul-2017,27-Jul-2017,PE,9400,3.05,3.45,2.1,2.35,2.3,2.35,30365,214128.3,55.05,4338600,39000,9873.3
NIFTY,20-Jul-2017,27-Jul-2017,PE,9450,2.45,6,2.35,2.85,2.95,2.85,5078,36000.89,10.56,291000,82500,9873.3
NIFTY,20-Jul-2017,27-Jul-2017,PE,9500,3.4,4.15,2.8,3.2,3.25,3.2,44338,316021.1,112.85,4649250,56175,9873.3
NIFTY,20-Jul-2017,27-Jul-2017,PE,9550,4.3,5.45,3.6,4,4.1,4,4192,30038.72,13.52,312000,-41700,9873.3
NIFTY,20-Jul-2017,27-Jul-2017,PE,9600,5.5,6.9,4.45,5.05,5.2,5.05,87162,627915.05,348.65,4735725,-97950,9873.3
NIFTY,20-Jul-2017,27-Jul-2017,PE,9650,5.95,9.05,5.35,6.6,7,6.6,11280,81696.66,57.66,533700,4425,9873.3
NIFTY,20-Jul-2017,27-Jul-2017,PE,9700,8.1,13.35,7.5,9.7,10.3,9.7,165886,1208035.07,1214.42,5507625,-196950,9873.3
NIFTY,20-Jul-2017,27-Jul-2017,PE,9750,15,19.05,10.5,14.15,15.05,14.15,33402,244607.17,355.04,723750,82350,9873.3
NIFTY,20-Jul-2017,27-Jul-2017,PE,9800,17.8,29.6,15.75,22,23.4,22,262737,1935395.09,4278.14,6497475,-2925,9873.3
NIFTY,20-Jul-2017,27-Jul-2017,PE,9850,31,44.55,24.1,34.45,36.25,34.45,73746,546660.35,1861.78,1616325,-134100,9873.3
NIFTY,20-Jul-2017,27-Jul-2017,PE,9900,40.5,68.9,39.4,55.45,57.35,55.45,247707,1849034.04,9809.56,3902775,-348225,9873.3
NIFTY,20-Jul-2017,27-Jul-2017,PE,9950,69.95,100.55,61.15,84.75,87.8,84.75,11307,85039.83,661.35,640050,6375,9873.3
NIFTY,20-Jul-2017,27-Jul-2017,PE,10000,104.65,140.6,93.55,122.65,124.15,122.65,50566,383629.36,4384.36,1375500,-206625,9873.3
NIFTY,20-Jul-2017,27-Jul-2017,PE,10050,135.05,175,135,164.4,164.8,164.4,18,137.75,2.08,1500,-75,9873.3
NIFTY,20-Jul-2017,27-Jul-2017,PE,10100,184.4,229.95,174.75,212,209.9,212,1012,7820.41,154.51,92475,-13575,9873.3
NIFTY,20-Jul-2017,27-Jul-2017,PE,10150,232.3,270,232.3,265.2,267.7,265.2,23,179.64,4.55,1275,0,9873.3
NIFTY,20-Jul-2017,27-Jul-2017,PE,10200,279.4,321.4,255.1,310.8,310.75,310.8,585,4610.25,135,54825,9300,9873.3
NIFTY,20-Jul-2017,27-Jul-2017,PE,10250,0,0,0,758.3,0,364.35,0,0,0,0,0,9873.3
NIFTY,20-Jul-2017,27-Jul-2017,PE,10300,380,413.15,377.1,413.15,413.15,413.15,8,64.12,2.32,8250,300,9873.3
NIFTY,20-Jul-2017,27-Jul-2017,PE,10350,0,0,0,851,0,464.1,0,0,0,0,0,9873.3
NIFTY,20-Jul-2017,27-Jul-2017,PE,10400,471.75,520.8,471.75,499.05,499.05,499.05,37,302.22,13.62,21900,375,9873.3
NIFTY,20-Jul-2017,27-Jul-2017,PE,10450,0,0,0,945.5,0,563.95,0,0,0,0,0,9873.3
NIFTY,20-Jul-2017,27-Jul-2017,PE,10500,575.15,627.35,570.1,603,606.75,603,910,7575.2,408.95,473175,-21600,9873.3
NIFTY,20-Jul-2017,27-Jul-2017,PE,10550,0,0,0,1041.3,0,663.8,0,0,0,0,0,9873.3
NIFTY,20-Jul-2017,27-Jul-2017,PE,10600,0,0,0,659,659,713.75,0,0,0,1725,0,9873.3
NIFTY,21-Jul-2017,27-Jul-2017,PE,8950,0,0,0,2.8,2.8,0,0,0,0,150,0,9915.25
NIFTY,21-Jul-2017,27-Jul-2017,PE,9000,1,1.2,0.95,1.1,1.05,1.1,3767,25430.21,2.96,2410800,-103875,9915.25
NIFTY,21-Jul-2017,27-Jul-2017,PE,9050,0,0,0,46.6,0,0,0,0,0,0,0,9915.25
NIFTY,21-Jul-2017,27-Jul-2017,PE,9100,1.35,1.5,1.25,1.35,1.3,1.35,11834,80778.83,11.78,1645950,-61650,9915.25
NIFTY,21-Jul-2017,27-Jul-2017,PE,9150,0,0,0,67.9,0,0,0,0,0,0,0,9915.25
NIFTY,21-Jul-2017,27-Jul-2017,PE,9200,1.35,1.7,1.35,1.4,1.4,1.4,13173,90907.67,13.97,2166300,-170775,9915.25
NIFTY,21-Jul-2017,27-Jul-2017,PE,9250,1.55,1.85,1.45,1.55,1.6,1.55,500,3469.33,.58,66075,7725,9915.25
NIFTY,21-Jul-2017,27-Jul-2017,PE,9300,1.35,2.05,1.35,1.5,1.5,1.5,21094,147154.48,23.83,2492175,-201675,9915.25
NIFTY,21-Jul-2017,27-Jul-2017,PE,9350,1.65,2.35,1.45,1.55,1.45,1.55,746,5232.27,.95,90000,-8850,9915.25
NIFTY,21-Jul-2017,27-Jul-2017,PE,9400,1.85,2.7,1.55,1.6,1.6,1.6,30026,211724.06,40.76,4317900,-20700,9915.25
NIFTY,21-Jul-2017,27-Jul-2017,PE,9450,2.4,3.5,1.6,1.8,1.9,1.8,3789,26860.72,6.18,321000,30000,9915.25
NIFTY,21-Jul-2017,27-Jul-2017,PE,9500,2.45,4.5,1.9,2.05,2,2.05,72837,519103.43,139.8,4840875,191625,9915.25
NIFTY,21-Jul-2017,27-Jul-2017,PE,9550,3.55,5.9,2.15,2.55,2.3,2.55,7004,50182.96,16.81,436725,124725,9915.25
NIFTY,21-Jul-2017,27-Jul-2017,PE,9600,3.75,8.25,2.65,2.85,2.8,2.85,138804,999834.67,445.87,4532025,-203700,9915.25
NIFTY,21-Jul-2017,27-Jul-2017,PE,9650,6.6,12,3.65,3.95,4,3.95,18943,137187.83,87.87,575175,41475,9915.25
NIFTY,21-Jul-2017,27-Jul-2017,PE,9700,7.2,18,5.4,5.85,5.65,5.85,273279,1989979.3,1874.58,4702275,-805350,9915.25
NIFTY,21-Jul-2017,27-Jul-2017,PE,9750,11.15,27.2,7.7,8.5,7.8,8.5,72019,527378.58,739.64,771000,47250,9915.25
NIFTY,21-Jul-2017,27-Jul-2017,PE,9800,17.55,40.9,12.7,13.75,13.1,13.75,434397,3199771.32,6953.37,6463350,-34125,9915.25
NIFTY,21-Jul-2017,27-Jul-2017,PE,9850,28.2,60,20.4,22.45,21.35,22.45,136502,1011698.11,3289.58,2220075,603750,9915.25
NIFTY,21-Jul-2017,27-Jul-2017,PE,9900,48.2,89.1,35.65,38.65,37,38.65,376705,2811656.31,14621.69,4581000,678225,9915.25
NIFTY,21-Jul-2017,27-Jul-2017,PE,9950,76.85,125,61.05,65.15,65.5,65.15,20238,152244.56,1218.48,699225,59175,9915.25
NIFTY,21-Jul-2017,27-Jul-2017,PE,10000,111.35,168.25,95.05,100.65,99.1,100.65,65026,493449.91,5754.91,1482975,107475,9915.25
NIFTY,21-Jul-2017,27-Jul-2017,PE,10050,130.75,191.1,130.75,141.5,133.05,141.5,6,45.9,.68,1575,75,9915.25
NIFTY,21-Jul-2017,27-Jul-2017,PE,10100,200.25,262,182.55,187.4,191.05,187.4,1098,8488.3,170.95,89625,-2850,9915.25
NIFTY,21-Jul-2017,27-Jul-2017,PE,10150,258.7,258.7,214.45,238,235.1,238,29,225.8,5.04,300,-975,9915.25
NIFTY,21-Jul-2017,27-Jul-2017,PE,10200,297.8,357.55,279.8,287.2,290.25,287.2,943,7428.08,214.13,80400,25575,9915.25
NIFTY,21-Jul-2017,27-Jul-2017,PE,10250,0,0,0,758.3,0,324.25,0,0,0,0,0,9915.25
NIFTY,21-Jul-2017,27-Jul-2017,PE,10300,410.8,450.8,382.35,382.6,382.55,382.6,23,184.58,6.91,8475,225,9915.25
NIFTY,21-Jul-2017,27-Jul-2017,PE,10350,0,0,0,851,0,423.95,0,0,0,0,0,9915.25
NIFTY,21-Jul-2017,27-Jul-2017,PE,10400,515,555.9,484.6,484.6,484.6,484.6,36,294.73,13.93,21600,-300,9915.25
NIFTY,21-Jul-2017,27-Jul-2017,PE,10450,0,0,0,945.5,0,523.85,0,0,0,0,0,9915.25
NIFTY,21-Jul-2017,27-Jul-2017,PE,10500,600,650.2,577.65,583.9,584,583.9,489,4075.06,224.19,463050,-10125,9915.25
NIFTY,21-Jul-2017,27-Jul-2017,PE,10550,0,0,0,1041.3,0,623.75,0,0,0,0,0,9915.25
NIFTY,21-Jul-2017,27-Jul-2017,PE,10600,732.65,732.65,677.75,677.75,677.75,677.75,4,33.88,2.08,1725,0,9915.25
NIFTY,24-Jul-2017,27-Jul-2017,PE,8950,0,0,0,2.8,2.8,0,0,0,0,150,0,9966.4
NIFTY,24-Jul-2017,27-Jul-2017,PE,9000,0.75,1.1,0.55,1,1.05,1,6154,41543.19,3.69,2325825,-84975,9966.4
NIFTY,24-Jul-2017,27-Jul-2017,PE,9050,0,0,0,46.6,0,0,0,0,0,0,0,9966.4
NIFTY,24-Jul-2017,27-Jul-2017,PE,9100,1.05,1.1,0.75,1,1,1,6381,43554.48,4.15,1632150,-13800,9966.4
NIFTY,24-Jul-2017,27-Jul-2017,PE,9150,0,0,0,67.9,0,0,0,0,0,0,0,9966.4
NIFTY,24-Jul-2017,27-Jul-2017,PE,9200,1.05,1.15,0.8,1.05,1.05,1.05,10013,69096.6,6.9,2032725,-133575,9966.4
NIFTY,24-Jul-2017,27-Jul-2017,PE,9250,1.05,1.2,0.8,1.1,1.2,1.1,247,1713.75,.18,56325,-9750,9966.4
NIFTY,24-Jul-2017,27-Jul-2017,PE,9300,1.1,1.3,0.8,1.2,1.25,1.2,17630,122982.54,13.29,2275800,-216375,9966.4
NIFTY,24-Jul-2017,27-Jul-2017,PE,9350,1.05,1.3,0.3,1.2,1.3,1.2,332,2328.41,.26,83925,-6075,9966.4
NIFTY,24-Jul-2017,27-Jul-2017,PE,9400,1.25,1.4,1,1.25,1.25,1.25,18232,128551.41,15.81,4019700,-298200,9966.4
NIFTY,24-Jul-2017,27-Jul-2017,PE,9450,1.35,1.55,1.05,1.5,1.5,1.5,2839,20124.31,2.9,312900,-8100,9966.4
NIFTY,24-Jul-2017,27-Jul-2017,PE,9500,1.7,1.9,1.25,1.65,1.8,1.65,44660,318252.9,50.4,4749225,-91650,9966.4
NIFTY,24-Jul-2017,27-Jul-2017,PE,9550,1.4,1.95,1.4,1.8,1.95,1.8,7087,50769.39,8.75,348300,-88425,9966.4
NIFTY,24-Jul-2017,27-Jul-2017,PE,9600,2.2,2.55,1.75,2.4,2.35,2.4,84924,611585.09,132.29,4623375,91350,9966.4
NIFTY,24-Jul-2017,27-Jul-2017,PE,9650,3.05,3.3,2.2,3.15,2.35,3.15,12235,88575.63,24.82,576375,1200,9966.4
NIFTY,24-Jul-2017,27-Jul-2017,PE,9700,5.4,5.45,3,3.85,3.6,3.85,127774,929899.76,343.91,5044275,342000,9966.4
NIFTY,24-Jul-2017,27-Jul-2017,PE,9750,7,10,3.8,5.2,4.85,5.2,43889,321106.14,167.83,696900,-74100,9966.4
NIFTY,24-Jul-2017,27-Jul-2017,PE,9800,11.35,12.7,5.6,8.2,7.5,8.2,287900,2117764.06,1699.06,5843850,-619500,9966.4
NIFTY,24-Jul-2017,27-Jul-2017,PE,9850,19.5,20,9,12.6,11,12.6,126057,932416.32,1170.23,1761150,-458925,9966.4
NIFTY,24-Jul-2017,27-Jul-2017,PE,9900,32,35.7,15.15,21.3,19.5,21.3,433372,3224739.74,6952.64,5980875,1399875,9966.4
NIFTY,24-Jul-2017,27-Jul-2017,PE,9950,60.1,63.8,27.7,36.95,35,36.95,123116,922117.12,3363.97,2124150,1424925,9966.4
NIFTY,24-Jul-2017,27-Jul-2017,PE,10000,94.8,96.35,48.75,63.45,58.2,63.45,188336,1421544.13,9024.13,2560200,1077225,9966.4
NIFTY,24-Jul-2017,27-Jul-2017,PE,10050,133.25,133.3,84.7,101.05,94,101.05,917,6979.65,67.76,16650,15075,9966.4
NIFTY,24-Jul-2017,27-Jul-2017,PE,10100,173.7,188,127.1,145.65,139.05,145.65,8212,63098.93,893.03,138825,49200,9966.4
NIFTY,24-Jul-2017,27-Jul-2017,PE,10150,0,0,0,238,235.1,179.05,0,0,0,300,0,9966.4
NIFTY,24-Jul-2017,27-Jul-2017,PE,10200,277.15,283.1,221,239,236,239,1337,10469.28,241.23,51300,-29100,9966.4
NIFTY,24-Jul-2017,27-Jul-2017,PE,10250,0,0,0,758.3,0,278.3,0,0,0,0,0,9966.4
NIFTY,24-Jul-2017,27-Jul-2017,PE,10300,359,359,331.75,336.95,336.95,336.95,22,175.73,5.78,8325,-150,9966.4
NIFTY,24-Jul-2017,27-Jul-2017,PE,10350,0,0,0,851,0,378.2,0,0,0,0,0,9966.4
NIFTY,24-Jul-2017,27-Jul-2017,PE,10400,479.25,488.6,429.8,437.35,439.15,437.35,29,236.12,9.92,21600,0,9966.4
NIFTY,24-Jul-2017,27-Jul-2017,PE,10450,0,0,0,945.5,0,478.15,0,0,0,0,0,9966.4
NIFTY,24-Jul-2017,27-Jul-2017,PE,10500,573.5,573.5,522.5,540.2,534.35,540.2,768,6359.42,311.42,432150,-30900,9966.4
NIFTY,24-Jul-2017,27-Jul-2017,PE,10550,0,0,0,1041.3,0,578.1,0,0,0,0,0,9966.4
NIFTY,24-Jul-2017,27-Jul-2017,PE,10600,659.35,660.7,653.4,653.45,653.45,653.45,7,59.09,3.44,1725,0,9966.4
NIFTY,25-Jul-2017,27-Jul-2017,PE,8950,0,0,0,2.8,2.8,0,0,0,0,150,0,9964.55
NIFTY,25-Jul-2017,27-Jul-2017,PE,9000,0.65,0.95,0.6,0.75,0.7,0.75,4652,31403.9,2.9,2302800,-23025,9964.55
NIFTY,25-Jul-2017,27-Jul-2017,PE,9050,0,0,0,46.6,0,0,0,0,0,0,0,9964.55
NIFTY,25-Jul-2017,27-Jul-2017,PE,9100,0.7,1.05,0.7,0.85,0.85,0.85,5316,36285.34,3.64,1626525,-5625,9964.55
NIFTY,25-Jul-2017,27-Jul-2017,PE,9150,0,0,0,67.9,0,0,0,0,0,0,0,9964.55
NIFTY,25-Jul-2017,27-Jul-2017,PE,9200,0.7,1.1,0.7,0.9,0.9,0.9,8240,56861.86,5.86,2003025,-29700,9964.55
NIFTY,25-Jul-2017,27-Jul-2017,PE,9250,1.15,1.25,0.8,1.1,1,1.1,646,4482.17,.54,55800,-525,9964.55
NIFTY,25-Jul-2017,27-Jul-2017,PE,9300,0.8,1.15,0.8,0.95,0.9,0.95,5725,39936.21,4.33,2162100,-113700,9964.55
NIFTY,25-Jul-2017,27-Jul-2017,PE,9350,1.15,1.35,1.05,1.15,1.2,1.15,680,4769.12,.62,89325,5400,9964.55
NIFTY,25-Jul-2017,27-Jul-2017,PE,9400,0.9,1.2,0.8,1.1,1.2,1.1,10670,75232.06,8.56,3856500,-163200,9964.55
NIFTY,25-Jul-2017,27-Jul-2017,PE,9450,1.1,1.4,1,1.2,1.25,1.2,1635,11589.55,1.49,311325,-1575,9964.55
NIFTY,25-Jul-2017,27-Jul-2017,PE,9500,1.25,1.5,1.1,1.25,1.4,1.25,29266,208549.04,28.79,4643625,-105600,9964.55
NIFTY,25-Jul-2017,27-Jul-2017,PE,9550,1.45,1.7,1.25,1.4,1.3,1.4,1767,12658.1,1.97,314625,-33675,9964.55
NIFTY,25-Jul-2017,27-Jul-2017,PE,9600,2,2,1.4,1.6,1.6,1.6,40669,292868.16,51.36,4590525,-32850,9964.55
NIFTY,25-Jul-2017,27-Jul-2017,PE,9650,1.9,2.6,1.75,2.05,2,2.05,7099,51390.21,11.2,597300,20925,9964.55
NIFTY,25-Jul-2017,27-Jul-2017,PE,9700,2.5,3.4,2,2.4,2.4,2.4,106319,773685.44,214.72,5066250,21975,9964.55
NIFTY,25-Jul-2017,27-Jul-2017,PE,9750,4.35,4.9,2.6,3.05,2.9,3.05,26974,197321.75,74.37,797775,100875,9964.55
NIFTY,25-Jul-2017,27-Jul-2017,PE,9800,7.4,7.8,3.8,4.65,4.45,4.65,217496,1599565.03,969.43,4929300,-914550,9964.55
NIFTY,25-Jul-2017,27-Jul-2017,PE,9850,9,12.35,5.65,6.7,6.15,6.7,109871,812399.59,727.58,1895925,134775,9964.55
NIFTY,25-Jul-2017,27-Jul-2017,PE,9900,16.75,21.3,9.15,12.2,11.65,12.2,403650,3001833.16,4731.91,6369000,388125,9964.55
NIFTY,25-Jul-2017,27-Jul-2017,PE,9950,27.35,37.1,19.4,23.9,23.1,23.9,169375,1267528.93,3567.99,2470125,345975,9964.55
NIFTY,25-Jul-2017,27-Jul-2017,PE,10000,49,64.9,40.15,46.85,46.05,46.85,233951,1763777.37,9144.87,3015075,454875,9964.55
NIFTY,25-Jul-2017,27-Jul-2017,PE,10050,74.45,102.75,73.75,83.35,84,83.35,4932,37499.02,324.07,30075,13425,9964.55
NIFTY,25-Jul-2017,27-Jul-2017,PE,10100,121.8,149.7,116.95,127.55,127.2,127.55,24371,187060.53,2450.2,182325,43500,9964.55
NIFTY,25-Jul-2017,27-Jul-2017,PE,10150,192,192,181.8,181.8,181.8,181.8,5,38.76,.7,225,-75,9964.55
NIFTY,25-Jul-2017,27-Jul-2017,PE,10200,218.35,245.05,205.55,222.85,224.55,222.85,945,7389.74,160.49,37950,-13350,9964.55
NIFTY,25-Jul-2017,27-Jul-2017,PE,10250,0,0,0,758.3,0,281.9,0,0,0,0,0,9964.55
NIFTY,25-Jul-2017,27-Jul-2017,PE,10300,312.1,344.65,312.1,324.55,323.25,324.55,53,422.8,13.37,6225,-2100,9964.55
NIFTY,25-Jul-2017,27-Jul-2017,PE,10350,0,0,0,851,0,381.85,0,0,0,0,0,9964.55
NIFTY,25-Jul-2017,27-Jul-2017,PE,10400,421.65,451,410.5,417.55,417.45,417.55,30,243.61,9.61,21525,-75,9964.55
NIFTY,25-Jul-2017,27-Jul-2017,PE,10450,0,0,0,945.5,0,481.8,0,0,0,0,0,9964.55
NIFTY,25-Jul-2017,27-Jul-2017,PE,10500,512.25,542.85,512.25,520.95,523.05,520.95,1139,9424.51,454.89,374100,-58050,9964.55
NIFTY,25-Jul-2017,27-Jul-2017,PE,10550,0,0,0,1041.3,0,581.8,0,0,0,0,0,9964.55
NIFTY,25-Jul-2017,27-Jul-2017,PE,10600,640,640,622,622,622,622,18,151.56,8.46,750,-975,9964.55
NIFTY,26-Jul-2017,27-Jul-2017,PE,8950,0.8,0.8,0.8,0.8,0.8,0.8,1,6.71,0,225,75,10020.65
NIFTY,26-Jul-2017,27-Jul-2017,PE,9000,0.45,0.7,0.4,0.5,0.45,0.5,9285,62677.55,3.8,2279250,-23550,10020.65
NIFTY,26-Jul-2017,27-Jul-2017,PE,9050,0,0,0,46.6,0,0,0,0,0,0,0,10020.65
NIFTY,26-Jul-2017,27-Jul-2017,PE,9100,0.5,0.7,0.5,0.6,0.55,0.6,6355,43375.77,2.89,1591125,-35400,10020.65
NIFTY,26-Jul-2017,27-Jul-2017,PE,9150,0,0,0,67.9,0,0,0,0,0,0,0,10020.65
NIFTY,26-Jul-2017,27-Jul-2017,PE,9200,0.75,0.8,0.55,0.7,0.6,0.7,9807,67673.39,5.09,1987425,-15600,10020.65
NIFTY,26-Jul-2017,27-Jul-2017,PE,9250,0.25,0.8,0.25,0.75,0.7,0.75,314,2178.54,.17,57525,1725,10020.65
NIFTY,26-Jul-2017,27-Jul-2017,PE,9300,1.25,1.25,0.6,0.75,0.65,0.75,7343,51221.37,3.95,2095575,-66525,10020.65
NIFTY,26-Jul-2017,27-Jul-2017,PE,9350,0.9,0.9,0.7,0.8,0.8,0.8,540,3787.06,.31,77100,-12225,10020.65
NIFTY,26-Jul-2017,27-Jul-2017,PE,9400,1.1,1.1,0.65,0.8,0.75,0.8,11686,82392.92,6.62,3594600,-261900,10020.65
NIFTY,26-Jul-2017,27-Jul-2017,PE,9450,0.8,0.9,0.65,0.8,0.75,0.8,1626,11525.25,.97,283950,-27375,10020.65
NIFTY,26-Jul-2017,27-Jul-2017,PE,9500,1.2,1.2,0.75,0.85,0.8,0.85,29724,211802.41,18.91,4231200,-412425,10020.65
NIFTY,26-Jul-2017,27-Jul-2017,PE,9550,0.05,1.1,0.05,0.8,0.9,0.8,1843,13201.7,1.22,296475,-18150,10020.65
NIFTY,26-Jul-2017,27-Jul-2017,PE,9600,1.4,1.5,0.75,0.95,1,0.95,62692,451431.11,48.71,4282575,-307950,10020.65
NIFTY,26-Jul-2017,27-Jul-2017,PE,9650,1.4,1.7,0.8,1,0.9,1,8090,58558.62,7.24,475650,-121650,10020.65
NIFTY,26-Jul-2017,27-Jul-2017,PE,9700,1.8,2.05,1,1.15,1.25,1.15,110803,806206.98,115.15,4888800,-177450,10020.65
NIFTY,26-Jul-2017,27-Jul-2017,PE,9750,2.05,2.9,1.05,1.3,1.2,1.3,22967,167974.81,28.63,590925,-206850,10020.65
NIFTY,26-Jul-2017,27-Jul-2017,PE,9800,4,4.35,1.4,1.7,1.45,1.7,169405,1245439.15,312.4,4385025,-544275,10020.65
NIFTY,26-Jul-2017,27-Jul-2017,PE,9850,5.05,6.7,1.65,2.15,1.7,2.15,112383,830532.5,303.09,1435500,-460425,10020.65
NIFTY,26-Jul-2017,27-Jul-2017,PE,9900,7.55,12.5,2.9,3.65,3.15,3.65,432208,3211143.96,1999.56,5472900,-896100,10020.65
NIFTY,26-Jul-2017,27-Jul-2017,PE,9950,19.8,26,5,6.4,5.1,6.4,252630,1887511.43,2260.05,3174975,704850,10020.65
NIFTY,26-Jul-2017,27-Jul-2017,PE,10000,42.85,50.45,13.7,17.25,14.4,17.25,405722,3051042.26,8127.26,4322550,1307475,10020.65
NIFTY,26-Jul-2017,27-Jul-2017,PE,10050,81.1,88.4,31.5,37.4,32.3,37.4,34850,263937.24,1255.36,719250,689175,10020.65
NIFTY,26-Jul-2017,27-Jul-2017,PE,10100,125.15,135.4,67.2,77.05,68,77.05,43308,331167.03,3108.93,401025,218700,10020.65
NIFTY,26-Jul-2017,27-Jul-2017,PE,10150,156.2,156.2,107.2,116.2,107.2,116.2,30,231.35,2.98,1125,900,10020.65
NIFTY,26-Jul-2017,27-Jul-2017,PE,10200,224.45,240.15,164.95,179.05,165.8,179.05,3341,26047.83,489.18,24825,-13125,10020.65
NIFTY,26-Jul-2017,27-Jul-2017,PE,10250,0,0,0,758.3,0,227.6,0,0,0,0,0,10020.65
NIFTY,26-Jul-2017,27-Jul-2017,PE,10300,324.8,324.85,271,271,271,271,17,135.22,3.9,6000,-225,10020.65
NIFTY,26-Jul-2017,27-Jul-2017,PE,10350,0,0,0,851,0,327.55,0,0,0,0,0,10020.65
NIFTY,26-Jul-2017,27-Jul-2017,PE,10400,424.45,444.05,372.15,372.95,372.45,372.95,323,2616.58,97.18,11625,-9900,10020.65
NIFTY,26-Jul-2017,27-Jul-2017,PE,10450,0,0,0,945.5,0,427.55,0,0,0,0,0,10020.65
NIFTY,26-Jul-2017,27-Jul-2017,PE,10500,513.9,518.3,465,471.9,465.45,471.9,2731,22523.74,1017.11,233775,-140325,10020.65
NIFTY,26-Jul-2017,27-Jul-2017,PE,10550,0,0,0,1041.3,0,527.55,0,0,0,0,0,10020.65
NIFTY,26-Jul-2017,27-Jul-2017,PE,10600,623.7,623.7,565,569.75,567.05,569.75,210,1763.25,93.75,3000,2250,10020.65
NIFTY,27-Jul-2017,27-Jul-2017,PE,8950,0.1,0.1,0.05,0.05,0.05,0,2,13.43,0,225,0,10020.55
NIFTY,27-Jul-2017,27-Jul-2017,PE,9000,0.1,0.1,0.05,0.1,0.1,0,6298,42511.77,.27,2279550,300,10020.55
NIFTY,27-Jul-2017,27-Jul-2017,PE,9050,0,0,0,46.6,0,0,0,0,0,0,0,10020.55
NIFTY,27-Jul-2017,27-Jul-2017,PE,9100,0.1,0.1,0.05,0.1,0.05,0,10563,72092.93,.46,1587225,-3900,10020.55
NIFTY,27-Jul-2017,27-Jul-2017,PE,9150,0,0,0,67.9,0,0,0,0,0,0,0,10020.55
NIFTY,27-Jul-2017,27-Jul-2017,PE,9200,0.1,0.2,0.05,0.1,0.1,0,17287,119281.09,.79,1930650,-56775,10020.55
NIFTY,27-Jul-2017,27-Jul-2017,PE,9250,0.05,0.1,0.05,0.05,0.05,0,742,5147.66,.03,56325,-1200,10020.55
NIFTY,27-Jul-2017,27-Jul-2017,PE,9300,0.15,0.15,0.05,0.1,0.05,0,11171,77918.28,.56,2043900,-51675,10020.55
NIFTY,27-Jul-2017,27-Jul-2017,PE,9350,0.3,0.3,0.05,0.05,0.05,0,428,3001.37,.02,75150,-1950,10020.55
NIFTY,27-Jul-2017,27-Jul-2017,PE,9400,0.05,0.2,0.05,0.05,0.05,0,25464,179522.28,1.08,3585000,-9600,10020.55
NIFTY,27-Jul-2017,27-Jul-2017,PE,9450,0.1,0.15,0.05,0.1,0.1,0,1885,13360.04,.1,269100,-14850,10020.55
NIFTY,27-Jul-2017,27-Jul-2017,PE,9500,0.45,0.45,0.05,0.05,0.05,0,31101,221596.36,1.74,3921000,-310200,10020.55
NIFTY,27-Jul-2017,27-Jul-2017,PE,9550,0.15,0.6,0.05,0.05,0.05,0,2566,18379.17,.2,258450,-38025,10020.55
NIFTY,27-Jul-2017,27-Jul-2017,PE,9600,0.15,0.2,0.05,0.1,0.1,0,30628,220523.58,1.98,3952275,-330300,10020.55
NIFTY,27-Jul-2017,27-Jul-2017,PE,9650,0.1,0.4,0.05,0.1,0.05,0,5454,39473.71,.38,445725,-29925,10020.55
NIFTY,27-Jul-2017,27-Jul-2017,PE,9700,0.1,0.4,0.05,0.05,0.05,0,41457,301602.44,2.76,4330500,-558300,10020.55
NIFTY,27-Jul-2017,27-Jul-2017,PE,9750,0.1,0.7,0.05,0.05,0.05,0,13869,101418.27,1.2,548325,-42600,10020.55
NIFTY,27-Jul-2017,27-Jul-2017,PE,9800,0.75,0.75,0.05,0.1,0.05,0,73185,537917.24,7.49,3988275,-396750,10020.55
NIFTY,27-Jul-2017,27-Jul-2017,PE,9850,1,1,0.05,0.1,0.05,0,44245,326866.02,6.08,1099050,-336450,10020.55
NIFTY,27-Jul-2017,27-Jul-2017,PE,9900,1.1,1.9,0.05,0.1,0.05,0,342100,2540175.87,83.37,4500225,-972675,10020.55
NIFTY,27-Jul-2017,27-Jul-2017,PE,9950,1.55,3.2,0.05,0.15,0.05,0,389252,2904949.58,156.53,2655675,-519300,10020.55
NIFTY,27-Jul-2017,27-Jul-2017,PE,10000,10.6,10.6,0.05,1.15,0.05,0,999307,7496371.84,1569.34,5185350,862800,10020.55
NIFTY,27-Jul-2017,27-Jul-2017,PE,10050,31,40,2.9,21.8,20,0,723047,5455479.09,5512.32,189375,-529875,10020.55
NIFTY,27-Jul-2017,27-Jul-2017,PE,10100,31.3,89.2,11.5,69.85,66.5,0,590102,4483344.39,13321.74,114075,-286950,10020.55
NIFTY,27-Jul-2017,27-Jul-2017,PE,10150,109,132.35,33,116.4,115.9,0,30060,230178.71,1346.96,4500,3375,10020.55
NIFTY,27-Jul-2017,27-Jul-2017,PE,10200,149.2,185.9,76,168.35,179.3,0,19471,150583.73,1630.58,14325,-10500,10020.55
NIFTY,27-Jul-2017,27-Jul-2017,PE,10250,135.55,230.15,132,224.35,230.15,0,11,86.07,1.51,150,150,10020.55
NIFTY,27-Jul-2017,27-Jul-2017,PE,10300,235.15,280.2,177.1,266.4,266.2,0,837,6596.37,130.55,900,-5100,10020.55
NIFTY,27-Jul-2017,27-Jul-2017,PE,10350,0,0,0,851,0,0,0,0,0,0,0,10020.55
NIFTY,27-Jul-2017,27-Jul-2017,PE,10400,315,374.35,278,370.75,374,0,194,1563.09,49.89,900,-10725,10020.55
NIFTY,27-Jul-2017,27-Jul-2017,PE,10450,0,0,0,945.5,0,0,0,0,0,0,0,10020.55
NIFTY,27-Jul-2017,27-Jul-2017,PE,10500,445.65,484.35,375,476,469.95,0,3697,30241.43,1127.56,17025,-216750,10020.55
NIFTY,27-Jul-2017,27-Jul-2017,PE,10550,0,0,0,1041.3,0,0,0,0,0,0,0,10020.55
NIFTY,27-Jul-2017,27-Jul-2017,PE,10600,540,576.85,492,576.15,575.4,0,60,500.53,23.53,225,-2775,10020.55
