NIFTY,28-Sep-2017,26-Oct-2017,PE,9800,150.9,168.3,123.55,134.75,135.95,134.75,51568,384573.68,5548.88,1964100,235200,9768.95
NIFTY,28-Sep-2017,26-Oct-2017,PE,9850,189.6,195.8,147,160.7,167,160.7,964,7242.04,120.49,40200,15450,9768.95
NIFTY,28-Sep-2017,26-Oct-2017,PE,9900,209.75,226.15,170,185.9,185.15,185.9,23054,174555.42,3379.47,1590150,94425,9768.95
NIFTY,28-Sep-2017,26-Oct-2017,PE,9950,250,263.2,200,215.85,220.85,215.85,317,2419.59,53.98,39750,9750,9768.95
NIFTY,28-Sep-2017,26-Oct-2017,PE,10000,301.95,301.95,234,253.1,254.1,253.1,17982,138412.95,3547.95,1999875,67575,9768.95
NIFTY,28-Sep-2017,26-Oct-2017,PE,10050,306.6,330,285,285,285,285,61,474.21,14.42,15300,1200,9768.95
NIFTY,28-Sep-2017,26-Oct-2017,PE,10100,369.35,381.05,308.6,327.8,335.05,327.8,5218,40870.13,1343.78,839775,57150,9768.95
NIFTY,28-Sep-2017,26-Oct-2017,PE,10150,401.6,401.6,357.9,365.9,382.8,365.9,16,126.35,4.55,24825,-900,9768.95
NIFTY,28-Sep-2017,26-Oct-2017,PE,10200,458.65,472.3,395,414.85,420,414.85,4578,36511.11,1489.41,881925,19425,9768.95
NIFTY,28-Sep-2017,26-Oct-2017,PE,10250,0,0,0,352,352,453.35,0,0,0,11625,0,9768.95
NIFTY,28-Sep-2017,26-Oct-2017,PE,10300,549.8,568.1,486.4,509.1,514,509.1,2240,18192.27,888.27,531225,62250,9768.95
NIFTY,28-Sep-2017,26-Oct-2017,PE,10350,0,0,0,280.55,0,543.75,0,0,0,0,0,9768.95
NIFTY,28-Sep-2017,26-Oct-2017,PE,10400,645.55,660.2,582.85,607.7,615,607.7,1263,10439.64,588.24,340500,39000,9768.95
NIFTY,28-Sep-2017,26-Oct-2017,PE,10450,0,0,0,347.95,0,637.75,0,0,0,0,0,9768.95
NIFTY,28-Sep-2017,26-Oct-2017,PE,10500,745.15,758.85,675,697.5,704.05,697.5,4640,39018.46,2478.46,803400,206250,9768.95
NIFTY,28-Sep-2017,26-Oct-2017,PE,10550,0,0,0,422.25,0,734.1,0,0,0,0,0,9768.95
NIFTY,28-Sep-2017,26-Oct-2017,PE,10600,812.4,830,786.9,797.8,815,797.8,39,333.64,23.59,4575,2475,9768.95
NIFTY,28-Sep-2017,26-Oct-2017,PE,10650,0,0,0,502.35,0,831.9,0,0,0,0,0,9768.95
NIFTY,28-Sep-2017,26-Oct-2017,PE,10700,910,936,900,916.75,916.75,916.75,88,766.59,60.39,11625,6450,9768.95
NIFTY,28-Sep-2017,26-Oct-2017,PE,10750,0,0,0,587.25,0,930.5,0,0,0,0,0,9768.95
NIFTY,28-Sep-2017,26-Oct-2017,PE,10800,990,1045,988,988,988,988,4,35.42,3.02,1725,300,9768.95
NIFTY,28-Sep-2017,26-Oct-2017,PE,10850,0,0,0,676.05,0,1029.6,0,0,0,0,0,9768.95
NIFTY,28-Sep-2017,26-Oct-2017,PE,9200,20,23.15,14.2,16.2,15.85,16.2,18285,126398.17,231.67,1220925,512250,9768.95
NIFTY,28-Sep-2017,26-Oct-2017,PE,9250,12.1,12.1,12.1,12.1,12.1,12.1,1,6.95,.01,75,75,9768.95
NIFTY,28-Sep-2017,26-Oct-2017,PE,9300,27.95,31.95,20.65,22.9,23.35,22.9,22213,155343.08,407.4,981375,463800,9768.95
NIFTY,28-Sep-2017,26-Oct-2017,PE,9350,0,0,0,5.7,0,15,0,0,0,0,0,9768.95
NIFTY,28-Sep-2017,26-Oct-2017,PE,9400,41.3,44.75,29.7,33.65,33.75,33.65,47709,337611.17,1262.72,1488600,311025,9768.95
NIFTY,28-Sep-2017,26-Oct-2017,PE,9450,26.05,45.65,26.05,41.9,37.45,41.9,131,932.31,3.85,5175,5175,9768.95
NIFTY,28-Sep-2017,26-Oct-2017,PE,9500,54.85,63.05,43.7,48.5,48.4,48.5,71333,511000.95,2753.33,2785500,817275,9768.95
NIFTY,28-Sep-2017,26-Oct-2017,PE,9550,72,74.35,52.85,57.45,59.95,57.45,252,1815.95,11,9750,9675,9768.95
NIFTY,28-Sep-2017,26-Oct-2017,PE,9600,79.65,88.2,62,68.35,69.55,68.35,73481,533117.44,4054.24,2445750,757575,9768.95
NIFTY,28-Sep-2017,26-Oct-2017,PE,9650,111.75,111.8,74,84.1,81.3,84.1,2620,19132.8,170.55,39000,23175,9768.95
NIFTY,28-Sep-2017,26-Oct-2017,PE,9700,116.95,122.1,87.3,96.3,96.1,96.3,87172,640905.84,6729.54,3395475,404625,9768.95
NIFTY,28-Sep-2017,26-Oct-2017,PE,9750,134.45,143.25,105,115.8,115,115.8,5311,39319.6,482.91,223950,162000,9768.95
NIFTY,29-Sep-2017,26-Oct-2017,PE,9500,40.85,42.6,28.2,40.15,40.45,40.15,64391,460471.93,1686.06,2871525,86025,9788.6
NIFTY,29-Sep-2017,26-Oct-2017,PE,9550,47.95,50.95,34.3,48.6,48.85,48.6,1678,12071.3,52.62,41925,32175,9788.6
NIFTY,29-Sep-2017,26-Oct-2017,PE,9600,59.25,62.15,41.2,58.9,59.45,58.9,80189,580447.72,3086.92,2738625,292875,9788.6
NIFTY,29-Sep-2017,26-Oct-2017,PE,9650,78.8,78.8,49.05,71.05,71.5,71.05,3424,24941.09,159.89,74700,35700,9788.6
NIFTY,29-Sep-2017,26-Oct-2017,PE,9700,88.15,89.45,60.15,84.8,85.5,84.8,140099,1027010.64,7790.41,3522975,127500,9788.6
NIFTY,29-Sep-2017,26-Oct-2017,PE,9750,99.3,106.75,73,101.9,104,101.9,7608,56152.26,518.76,283875,59925,9788.6
NIFTY,29-Sep-2017,26-Oct-2017,PE,9800,116.15,126.45,87.6,120.5,123,120.5,170262,1265050.1,13624.4,2778825,814725,9788.6
NIFTY,29-Sep-2017,26-Oct-2017,PE,9850,143,149.6,105,143.55,145.4,143.55,7534,56356.95,699.52,59325,19125,9788.6
NIFTY,29-Sep-2017,26-Oct-2017,PE,9900,162.55,177.2,124.35,169.3,173,169.3,51173,385674.75,5715.23,1701525,111375,9788.6
NIFTY,29-Sep-2017,26-Oct-2017,PE,9950,190,207.45,148.5,201.05,202.45,201.05,786,5965.14,99.61,49500,9750,9788.6
NIFTY,29-Sep-2017,26-Oct-2017,PE,10000,225,245,178.55,235.5,240.95,235.5,18378,140680.22,2845.22,1861275,-138600,9788.6
NIFTY,29-Sep-2017,26-Oct-2017,PE,10050,251.45,277.15,212.05,273.9,277.15,273.9,41,316.24,7.2,13950,-1350,9788.6
NIFTY,29-Sep-2017,26-Oct-2017,PE,10100,300,324,245.65,311.05,319.05,311.05,6489,50528.08,1373.9,599175,-240600,9788.6
NIFTY,29-Sep-2017,26-Oct-2017,PE,10150,415,415,293.75,333.1,333.1,333.1,110,863.62,26.25,24525,-300,9788.6
NIFTY,29-Sep-2017,26-Oct-2017,PE,10200,389.9,412.05,328.7,400.35,407,400.35,3009,23849.17,830.32,876225,-5700,9788.6
NIFTY,29-Sep-2017,26-Oct-2017,PE,10250,0,0,0,352,352,434.35,0,0,0,11625,0,9788.6
NIFTY,29-Sep-2017,26-Oct-2017,PE,10300,477,505,423,489.15,503,489.15,1122,9056.84,389.39,504975,-26250,9788.6
NIFTY,29-Sep-2017,26-Oct-2017,PE,10350,0,0,0,280.55,0,524.9,0,0,0,0,0,9788.6
NIFTY,29-Sep-2017,26-Oct-2017,PE,10400,565,602.55,516.95,595.85,596.85,595.85,474,3893.11,195.91,357225,16725,9788.6
NIFTY,29-Sep-2017,26-Oct-2017,PE,10450,0,0,0,347.95,0,619.15,0,0,0,0,0,9788.6
NIFTY,29-Sep-2017,26-Oct-2017,PE,10500,670.9,701.25,614.95,690.3,698,690.3,1104,9232.08,538.08,845625,42225,9788.6
NIFTY,29-Sep-2017,26-Oct-2017,PE,10550,0,0,0,422.25,0,715.75,0,0,0,0,0,9788.6
NIFTY,29-Sep-2017,26-Oct-2017,PE,10600,740,800,717.25,800,800,800,6,51.08,3.38,4575,0,9788.6
NIFTY,29-Sep-2017,26-Oct-2017,PE,10650,0,0,0,502.35,0,813.75,0,0,0,0,0,9788.6
NIFTY,29-Sep-2017,26-Oct-2017,PE,10700,816.05,866.8,816.05,866.8,866.8,866.8,5,43.28,3.16,11775,150,9788.6
NIFTY,29-Sep-2017,26-Oct-2017,PE,10750,0,0,0,587.25,0,912.5,0,0,0,0,0,9788.6
NIFTY,29-Sep-2017,26-Oct-2017,PE,10800,948,984.45,922,981.9,984.45,981.9,8,70.55,5.75,2100,375,9788.6
NIFTY,29-Sep-2017,26-Oct-2017,PE,10850,0,0,0,676.05,0,1011.7,0,0,0,0,0,9788.6
NIFTY,29-Sep-2017,26-Oct-2017,PE,9200,12.55,14,9.25,12.95,13.05,12.95,23880,164976.58,204.58,1008000,-212925,9788.6
NIFTY,29-Sep-2017,26-Oct-2017,PE,9250,13,16,3.25,15.95,16,15.95,30,208.41,.29,1650,1575,9788.6
NIFTY,29-Sep-2017,26-Oct-2017,PE,9300,19.15,20.05,13.25,18.65,19,18.65,27421,191604.57,343.09,1132800,151425,9788.6
NIFTY,29-Sep-2017,26-Oct-2017,PE,9350,15,23.5,15,23.5,23.5,23.5,16,112.43,.23,1125,1125,9788.6
NIFTY,29-Sep-2017,26-Oct-2017,PE,9400,27.45,29,19.25,27.45,27.5,27.45,45024,318235.37,816.17,1508850,20250,9788.6
NIFTY,29-Sep-2017,26-Oct-2017,PE,9450,32.25,35.2,23.65,32.9,33.45,32.9,1432,10180,30.7,21375,16200,9788.6
NIFTY,03-Oct-2017,26-Oct-2017,PE,10800,920,941,919.55,941,941,941,3,26.39,2.09,2025,-75,9859.5
NIFTY,03-Oct-2017,26-Oct-2017,PE,10850,0,0,0,676.05,0,948.15,0,0,0,0,0,9859.5
NIFTY,03-Oct-2017,26-Oct-2017,PE,10500,587.5,650.5,450.3,623.8,625,623.8,527,4397.24,247.12,825450,-20175,9859.5
NIFTY,03-Oct-2017,26-Oct-2017,PE,10550,0,0,0,422.25,0,652.15,0,0,0,0,0,9859.5
NIFTY,03-Oct-2017,26-Oct-2017,PE,10600,725,737.05,714.5,726.05,726.05,726.05,11,93.44,5.99,4575,0,9859.5
NIFTY,03-Oct-2017,26-Oct-2017,PE,10650,0,0,0,502.35,0,750.1,0,0,0,0,0,9859.5
NIFTY,03-Oct-2017,26-Oct-2017,PE,10700,829,829,818,818,818,818,2,17.29,1.24,11775,0,9859.5
NIFTY,03-Oct-2017,26-Oct-2017,PE,10750,0,0,0,587.25,0,848.9,0,0,0,0,0,9859.5
NIFTY,03-Oct-2017,26-Oct-2017,PE,10200,326.7,366,326.7,338.45,341.65,338.45,1086,8586.02,278.12,861525,-14700,9859.5
NIFTY,03-Oct-2017,26-Oct-2017,PE,10250,0,0,0,352,352,373.55,0,0,0,11625,0,9859.5
NIFTY,03-Oct-2017,26-Oct-2017,PE,10300,428,459.5,422,430.3,434.05,430.3,438,3527.95,144.4,506325,1350,9859.5
NIFTY,03-Oct-2017,26-Oct-2017,PE,10350,0,0,0,280.55,0,462.45,0,0,0,0,0,9859.5
NIFTY,03-Oct-2017,26-Oct-2017,PE,10400,519,554,518.45,525.7,528.1,525.7,481,3943.34,191.54,359850,2625,9859.5
NIFTY,03-Oct-2017,26-Oct-2017,PE,10450,0,0,0,347.95,0,555.9,0,0,0,0,0,9859.5
NIFTY,03-Oct-2017,26-Oct-2017,PE,9950,142.95,172.35,142.95,152.9,150,152.9,710,5379.44,81.06,38025,-11475,9859.5
NIFTY,03-Oct-2017,26-Oct-2017,PE,10000,183.5,204,167.05,183,182.95,183,14555,111201.33,2038.83,1915425,54150,9859.5
NIFTY,03-Oct-2017,26-Oct-2017,PE,10050,225,235.25,212.75,217.3,217.7,217.3,25,192.67,4.23,13800,-150,9859.5
NIFTY,03-Oct-2017,26-Oct-2017,PE,10100,252.7,279.95,239.9,254.95,252.8,254.95,2427,18851.68,467.15,569850,-29325,9859.5
NIFTY,03-Oct-2017,26-Oct-2017,PE,10150,302.2,322.4,290.05,296.4,296.4,296.4,26,203.79,5.87,24525,0,9859.5
NIFTY,03-Oct-2017,26-Oct-2017,PE,9650,37.05,57.15,37.05,48.9,48,48.9,2260,16441.82,85.07,87750,13050,9859.5
NIFTY,03-Oct-2017,26-Oct-2017,PE,9700,69.95,69.95,50.55,59.25,57.75,59.25,108346,793198.58,4981.43,3978300,455325,9859.5
NIFTY,03-Oct-2017,26-Oct-2017,PE,9750,53.25,83.7,53.25,72.65,71.6,72.65,5374,39598.54,301.17,285375,1500,9859.5
NIFTY,03-Oct-2017,26-Oct-2017,PE,9800,81.7,101.15,69.3,87.95,86.2,87.95,156487,1160800.19,10620.74,3546225,767400,9859.5
NIFTY,03-Oct-2017,26-Oct-2017,PE,9850,106.3,121.9,96.3,106.2,105.5,106.2,10417,77807.13,851.54,191025,131700,9859.5
NIFTY,03-Oct-2017,26-Oct-2017,PE,9900,116.1,144,108.25,127.5,126.5,127.5,61721,464309.17,6030.75,2084925,383400,9859.5
NIFTY,03-Oct-2017,26-Oct-2017,PE,9350,17,17,12.5,16.25,16.95,16.25,27,189.63,.3,2025,900,9859.5
NIFTY,03-Oct-2017,26-Oct-2017,PE,9400,17.9,21.55,15.45,17.8,17.15,17.8,24639,174046.01,341.06,1488075,-20775,9859.5
NIFTY,03-Oct-2017,26-Oct-2017,PE,9450,20.55,25.7,19.85,21.65,20.9,21.65,1083,7694.13,18.36,28050,6675,9859.5
NIFTY,03-Oct-2017,26-Oct-2017,PE,9500,26.95,31.65,20.15,26.55,25.7,26.55,54028,386069.74,1120.24,3003750,132225,9859.5
NIFTY,03-Oct-2017,26-Oct-2017,PE,9550,30.7,38.4,30.05,32.6,32.2,32.6,1642,11802.39,41.56,70875,28950,9859.5
NIFTY,03-Oct-2017,26-Oct-2017,PE,9600,32.4,47.15,32.4,39.8,38.05,39.8,70255,508027.12,2191.12,2892450,153825,9859.5
NIFTY,03-Oct-2017,26-Oct-2017,PE,9200,9.95,9.95,7,7.8,7.7,7.8,8923,61625.16,56.46,1070925,62925,9859.5
NIFTY,03-Oct-2017,26-Oct-2017,PE,9250,11.5,11.5,9.5,9.5,9.5,9.5,17,118.08,.14,1650,0,9859.5
NIFTY,03-Oct-2017,26-Oct-2017,PE,9300,10.35,14.45,10.35,11.9,11.55,11.9,12166,84971.43,113.58,1124475,-8325,9859.5
NIFTY,04-Oct-2017,26-Oct-2017,PE,10850,0,0,0,676.05,0,894.7,0,0,0,0,0,9914.9
NIFTY,04-Oct-2017,26-Oct-2017,PE,10500,617.75,630,542.85,567.2,549,567.2,675,5607.62,292,828525,3075,9914.9
NIFTY,04-Oct-2017,26-Oct-2017,PE,10550,0,0,0,422.25,0,599.45,0,0,0,0,0,9914.9
NIFTY,04-Oct-2017,26-Oct-2017,PE,10600,676.85,676.85,650.2,650.2,650.2,650.2,37,312.58,18.43,7050,2475,9914.9
NIFTY,04-Oct-2017,26-Oct-2017,PE,10650,0,0,0,502.35,0,696.9,0,0,0,0,0,9914.9
NIFTY,04-Oct-2017,26-Oct-2017,PE,10700,769.1,783.15,736.15,753.55,749.5,753.55,17,146.07,9.65,11850,75,9914.9
NIFTY,04-Oct-2017,26-Oct-2017,PE,10750,0,0,0,587.25,0,795.5,0,0,0,0,0,9914.9
NIFTY,04-Oct-2017,26-Oct-2017,PE,10800,0,0,0,941,941,845.05,0,0,0,2025,0,9914.9
NIFTY,04-Oct-2017,26-Oct-2017,PE,10200,337.2,345.2,260,276.35,267,276.35,2431,19117.39,520.24,836700,-24825,9914.9
NIFTY,04-Oct-2017,26-Oct-2017,PE,10250,333.7,337,333.7,337,337,337,3,23.82,.75,11625,0,9914.9
NIFTY,04-Oct-2017,26-Oct-2017,PE,10300,437.25,437.25,354,371.8,361.55,371.8,1414,11326.19,403.04,513225,6900,9914.9
NIFTY,04-Oct-2017,26-Oct-2017,PE,10350,0,0,0,280.55,0,412.35,0,0,0,0,0,9914.9
NIFTY,04-Oct-2017,26-Oct-2017,PE,10400,519.35,530.9,446.65,460.15,454,460.15,437,3564.4,155.8,358125,-1725,9914.9
NIFTY,04-Oct-2017,26-Oct-2017,PE,10450,0,0,0,347.95,0,504.1,0,0,0,0,0,9914.9
NIFTY,04-Oct-2017,26-Oct-2017,PE,9900,118.25,132.5,81.1,92.05,84.5,92.05,148664,1114694.39,10864.19,3279675,1194750,9914.9
NIFTY,04-Oct-2017,26-Oct-2017,PE,9950,149.4,156.5,99,112.8,102.25,112.8,4316,32578.29,370.14,120900,82875,9914.9
NIFTY,04-Oct-2017,26-Oct-2017,PE,10000,174.55,189.05,122.35,137.65,126.85,137.65,34737,264276.04,3748.54,2065200,149775,9914.9
NIFTY,04-Oct-2017,26-Oct-2017,PE,10050,182,185,150,164.5,160.35,164.5,62,474.88,7.56,15450,1650,9914.9
NIFTY,04-Oct-2017,26-Oct-2017,PE,10100,244.85,260.05,182.05,198.8,188,198.8,7723,59697.29,1195.56,628200,58350,9914.9
NIFTY,04-Oct-2017,26-Oct-2017,PE,10150,275,275,222.7,240.4,225.05,240.4,61,475.92,11.55,26100,1575,9914.9
NIFTY,04-Oct-2017,26-Oct-2017,PE,9650,46.6,49.95,27.85,32.7,29.35,32.7,6834,49640,178.93,167850,80100,9914.9
NIFTY,04-Oct-2017,26-Oct-2017,PE,9700,64.45,64.45,33.15,40.5,36.5,40.5,145425,1062709.64,4742.76,4070475,92175,9914.9
NIFTY,04-Oct-2017,26-Oct-2017,PE,9750,67.4,75,43.6,49.8,45.9,49.8,7623,56052.13,308.94,369675,84300,9914.9
NIFTY,04-Oct-2017,26-Oct-2017,PE,9800,82.05,90.85,53.85,61.9,56,61.9,183379,1356921.45,9085.8,4491225,945000,9914.9
NIFTY,04-Oct-2017,26-Oct-2017,PE,9850,101,110.15,66.15,74.8,68.5,74.8,17270,128633.21,1051.09,360975,169950,9914.9
NIFTY,04-Oct-2017,26-Oct-2017,PE,9350,16.95,16.95,6.1,14.6,14.6,14.6,6,42.14,.07,2325,300,9914.9
NIFTY,04-Oct-2017,26-Oct-2017,PE,9400,15.65,17.9,9.4,11.35,10.5,11.35,30038,212041.02,273.12,1503150,15075,9914.9
NIFTY,04-Oct-2017,26-Oct-2017,PE,9450,20.1,22.25,12.15,14.15,13.15,14.15,1917,13609.59,22.86,36600,8550,9914.9
NIFTY,04-Oct-2017,26-Oct-2017,PE,9500,26,27.1,14.8,17.6,15.9,17.6,69069,493093.1,976.48,3258975,255225,9914.9
NIFTY,04-Oct-2017,26-Oct-2017,PE,9550,29.95,32.95,18.15,21.3,19.4,21.3,3230,23192.04,57.17,59400,-11475,9914.9
NIFTY,04-Oct-2017,26-Oct-2017,PE,9600,35.75,40.6,22.3,26.45,23.55,26.45,98795,713400.7,2076.7,3324825,432375,9914.9
NIFTY,04-Oct-2017,26-Oct-2017,PE,9200,7.2,7.85,4.2,4.9,4.4,4.9,10876,75088.43,44.03,1094325,23400,9914.9
NIFTY,04-Oct-2017,26-Oct-2017,PE,9250,9.5,9.5,6,6,6,6,16,111.1,.1,1575,-75,9914.9
NIFTY,04-Oct-2017,26-Oct-2017,PE,9300,10.65,11.95,6.35,7.55,6.65,7.55,17272,120576.81,104.61,1213800,89325,9914.9
NIFTY,05-Oct-2017,26-Oct-2017,PE,10800,869,879,869,879,879,879,4,35.03,2.63,1800,-225,9888.7
NIFTY,05-Oct-2017,26-Oct-2017,PE,10850,0,0,0,676.05,0,922.5,0,0,0,0,0,9888.7
NIFTY,05-Oct-2017,26-Oct-2017,PE,10500,562.45,591.3,530.35,581.75,580,581.75,896,7439.01,383.01,793950,-34575,9888.7
NIFTY,05-Oct-2017,26-Oct-2017,PE,10550,0,0,0,422.25,0,625.7,0,0,0,0,0,9888.7
NIFTY,05-Oct-2017,26-Oct-2017,PE,10600,635,677,635,668,668,668,6,50.69,2.99,7350,300,9888.7
NIFTY,05-Oct-2017,26-Oct-2017,PE,10650,0,0,0,502.35,0,724,0,0,0,0,0,9888.7
NIFTY,05-Oct-2017,26-Oct-2017,PE,10700,770.75,770.75,761,761,761,761,3,25.8,1.72,11850,0,9888.7
NIFTY,05-Oct-2017,26-Oct-2017,PE,10750,0,0,0,587.25,0,823.1,0,0,0,0,0,9888.7
NIFTY,05-Oct-2017,26-Oct-2017,PE,10250,0,0,0,337,337,345.9,0,0,0,11625,0,9888.7
NIFTY,05-Oct-2017,26-Oct-2017,PE,10300,370.35,400,339.5,391.25,388.5,391.25,1311,10503.09,375.62,472725,-40500,9888.7
NIFTY,05-Oct-2017,26-Oct-2017,PE,10350,0,0,0,280.55,0,435.05,0,0,0,0,0,9888.7
NIFTY,05-Oct-2017,26-Oct-2017,PE,10400,460.5,495,435,491.95,483.75,491.95,486,3965.51,174.71,340800,-17325,9888.7
NIFTY,05-Oct-2017,26-Oct-2017,PE,10450,0,0,0,347.95,0,528.95,0,0,0,0,0,9888.7
NIFTY,05-Oct-2017,26-Oct-2017,PE,9950,106.9,124.95,92,119.2,115,119.2,6137,46299.04,501.68,161100,40200,9888.7
NIFTY,05-Oct-2017,26-Oct-2017,PE,10000,137.5,153.85,114,146.85,142.95,146.85,39000,296484.05,3984.05,2087325,22125,9888.7
NIFTY,05-Oct-2017,26-Oct-2017,PE,10050,171.35,185.95,140,179.3,172.7,179.3,69,528.52,8.44,14475,-975,9888.7
NIFTY,05-Oct-2017,26-Oct-2017,PE,10100,199.25,222.7,171.8,214.85,209.4,214.85,8833,68236.99,1327.01,587925,-40275,9888.7
NIFTY,05-Oct-2017,26-Oct-2017,PE,10150,232,257.5,210.45,256.3,255,256.3,43,335.18,7.84,26025,-75,9888.7
NIFTY,05-Oct-2017,26-Oct-2017,PE,10200,281.25,306.05,247.55,294.9,292,294.9,2661,20920.77,564.12,764775,-71925,9888.7
NIFTY,05-Oct-2017,26-Oct-2017,PE,9650,31,34.5,25.1,32.35,31.7,32.35,3632,26370.88,84.28,186525,18675,9888.7
NIFTY,05-Oct-2017,26-Oct-2017,PE,9700,36.5,43.2,31.35,40.9,39.5,40.9,79682,581971.7,2285.15,3787800,-282675,9888.7
NIFTY,05-Oct-2017,26-Oct-2017,PE,9750,49.1,54,39.25,51.35,50.15,51.35,6271,46085.6,228.91,422175,52500,9888.7
NIFTY,05-Oct-2017,26-Oct-2017,PE,9800,62,67.3,48.6,63.9,62.35,63.9,138937,1027383.29,6196.34,4686825,195600,9888.7
NIFTY,05-Oct-2017,26-Oct-2017,PE,9850,69.95,83.35,60.25,79,77.85,79,9316,69337.68,515.73,322050,-38925,9888.7
NIFTY,05-Oct-2017,26-Oct-2017,PE,9900,100,103,74.5,97.8,95.2,97.8,138996,1041479.17,9433.87,3411075,131400,9888.7
NIFTY,05-Oct-2017,26-Oct-2017,PE,9350,9,13.85,7.7,9.05,8.5,9.05,18,126.34,.12,2775,450,9888.7
NIFTY,05-Oct-2017,26-Oct-2017,PE,9400,10.9,11.5,8.85,10.35,10.15,10.35,19048,134434.65,146.25,1480875,-22275,9888.7
NIFTY,05-Oct-2017,26-Oct-2017,PE,9450,13.05,15,11.05,13.2,12.9,13.2,1142,8105.05,11.12,33675,-2925,9888.7
NIFTY,05-Oct-2017,26-Oct-2017,PE,9500,16.6,17.85,13.6,16.5,15.95,16.5,35800,255508.07,433.07,3317550,58575,9888.7
NIFTY,05-Oct-2017,26-Oct-2017,PE,9550,20.15,21.9,16.6,20.8,19.6,20.8,1967,14117.77,29.13,74400,15000,9888.7
NIFTY,05-Oct-2017,26-Oct-2017,PE,9600,24.75,27.45,20.5,25.95,25.2,25.95,49664,358499.43,918.63,3302100,-22725,9888.7
NIFTY,05-Oct-2017,26-Oct-2017,PE,9200,4.45,4.85,4,4.35,4.2,4.35,7630,52672.21,25.21,1077525,-16800,9888.7
NIFTY,05-Oct-2017,26-Oct-2017,PE,9250,5.5,6,5.5,6,6,6,2,13.88,.01,1575,0,9888.7
NIFTY,05-Oct-2017,26-Oct-2017,PE,9300,6.75,7.35,5.8,6.7,6.45,6.7,12009,83822.94,60.16,1358175,144375,9888.7
NIFTY,06-Oct-2017,26-Oct-2017,PE,10850,0,0,0,676.05,0,833.65,0,0,0,0,0,9979.7
NIFTY,06-Oct-2017,26-Oct-2017,PE,10500,553.9,559.6,480,498.6,480,498.6,976,8059.99,373.99,753300,-40650,9979.7
NIFTY,06-Oct-2017,26-Oct-2017,PE,10550,0,0,0,422.25,0,539.4,0,0,0,0,0,9979.7
NIFTY,06-Oct-2017,26-Oct-2017,PE,10600,651.65,651.65,580.65,580.7,580.65,580.7,26,218.84,12.14,7350,0,9979.7
NIFTY,06-Oct-2017,26-Oct-2017,PE,10650,0,0,0,502.35,0,636.25,0,0,0,0,0,9979.7
NIFTY,06-Oct-2017,26-Oct-2017,PE,10700,723.55,723.55,680.45,691.45,684.05,691.45,14,119.7,7.35,11850,0,9979.7
NIFTY,06-Oct-2017,26-Oct-2017,PE,10750,0,0,0,587.25,0,734.55,0,0,0,0,0,9979.7
NIFTY,06-Oct-2017,26-Oct-2017,PE,10800,0,0,0,879,879,784.05,0,0,0,1800,0,9979.7
NIFTY,06-Oct-2017,26-Oct-2017,PE,10200,284.25,284.25,202.25,218.3,204.95,218.3,5871,45934.48,1021.33,824475,59700,9979.7
NIFTY,06-Oct-2017,26-Oct-2017,PE,10250,283.15,283.15,283.1,283.1,283.1,283.1,5,39.5,1.06,11625,0,9979.7
NIFTY,06-Oct-2017,26-Oct-2017,PE,10300,359.85,359.95,288.95,301.55,291.5,301.55,2609,20778.93,624.41,452175,-20550,9979.7
NIFTY,06-Oct-2017,26-Oct-2017,PE,10350,0,0,0,280.55,0,355.85,0,0,0,0,0,9979.7
NIFTY,06-Oct-2017,26-Oct-2017,PE,10400,450,455.3,385.6,391.9,385.8,391.9,876,7105.15,272.35,294000,-46800,9979.7
NIFTY,06-Oct-2017,26-Oct-2017,PE,10450,0,0,0,347.95,0,445.35,0,0,0,0,0,9979.7
NIFTY,06-Oct-2017,26-Oct-2017,PE,9950,110,110,65,70.8,66.2,70.8,24937,187570.67,1478.31,629925,468825,9979.7
NIFTY,06-Oct-2017,26-Oct-2017,PE,10000,136.35,136.35,80.1,89.95,83.75,89.95,86550,655640.75,6515.75,2907075,819750,9979.7
NIFTY,06-Oct-2017,26-Oct-2017,PE,10050,153.65,153.65,105,110,105,110,1967,15005.56,179.3,73200,58725,9979.7
NIFTY,06-Oct-2017,26-Oct-2017,PE,10100,195.9,196.65,131.85,141.65,131.95,141.65,13978,107504.65,1621.3,704325,116400,9979.7
NIFTY,06-Oct-2017,26-Oct-2017,PE,10150,230.3,230.3,166,171.6,166,171.6,64,496.01,8.81,28500,2475,9979.7
NIFTY,06-Oct-2017,26-Oct-2017,PE,9650,26.25,26.35,17.55,18.9,17.55,18.9,5369,38941.57,83.44,169950,-16575,9979.7
NIFTY,06-Oct-2017,26-Oct-2017,PE,9700,35.3,35.65,21.65,23.4,21.9,23.4,102828,750063.18,1989.48,4232700,444900,9979.7
NIFTY,06-Oct-2017,26-Oct-2017,PE,9750,43.1,43.65,27.8,29.25,27.8,29.25,8757,64248.34,212.77,452475,30300,9979.7
NIFTY,06-Oct-2017,26-Oct-2017,PE,9800,56.3,57.35,34.05,36.8,34.4,36.8,139737,1031402.32,4335.37,5366775,679950,9979.7
NIFTY,06-Oct-2017,26-Oct-2017,PE,9850,71.4,75,43,45.55,43.35,45.55,9951,73902.68,389.66,385800,63750,9979.7
NIFTY,06-Oct-2017,26-Oct-2017,PE,9900,89.85,89.85,53,57.4,53.5,57.4,204060,1525111.8,9966.3,4559100,1148025,9979.7
NIFTY,06-Oct-2017,26-Oct-2017,PE,9350,5.5,6.95,4.95,4.95,4.95,4.95,35,245.58,.14,2775,0,9979.7
NIFTY,06-Oct-2017,26-Oct-2017,PE,9400,8.45,8.9,5.65,6.05,5.85,6.05,17834,125820.32,90.62,1593675,112800,9979.7
NIFTY,06-Oct-2017,26-Oct-2017,PE,9450,10.35,10.4,7.2,7.7,7.2,7.7,1342,9520.08,8.65,42000,8325,9979.7
NIFTY,06-Oct-2017,26-Oct-2017,PE,9500,15,16,9.05,9.6,9.05,9.6,40197,286723.28,319.65,3547875,230325,9979.7
NIFTY,06-Oct-2017,26-Oct-2017,PE,9550,16.75,16.75,11.4,11.9,11.4,11.9,1416,10156.52,14.42,80400,6000,9979.7
NIFTY,06-Oct-2017,26-Oct-2017,PE,9600,22,22.3,14.05,15,14.05,15,68153,491553.57,851.97,3136275,-165825,9979.7
NIFTY,06-Oct-2017,26-Oct-2017,PE,9200,3.7,3.75,2.65,2.8,2.9,2.8,11769,81233.03,26.93,939675,-137850,9979.7
NIFTY,06-Oct-2017,26-Oct-2017,PE,9250,0,0,0,6,6,0.4,0,0,0,1575,0,9979.7
NIFTY,06-Oct-2017,26-Oct-2017,PE,9300,5.5,5.6,3.65,3.8,3.8,3.8,16920,118071.4,54.4,1452075,93900,9979.7
NIFTY,09-Oct-2017,26-Oct-2017,PE,10800,779.6,786.1,771.95,786.1,786.1,786.1,4,34.73,2.33,1800,0,9988.75
NIFTY,09-Oct-2017,26-Oct-2017,PE,10850,0,0,0,676.05,0,829.95,0,0,0,0,0,9988.75
NIFTY,09-Oct-2017,26-Oct-2017,PE,10500,509.8,511,460.9,478.05,472,478.05,1908,15707.43,681.93,714525,-38775,9988.75
NIFTY,09-Oct-2017,26-Oct-2017,PE,10550,0,0,0,422.25,0,533.5,0,0,0,0,0,9988.75
NIFTY,09-Oct-2017,26-Oct-2017,PE,10600,571.65,589.7,569.6,572.15,572.75,572.15,9,75.42,3.87,7650,300,9988.75
NIFTY,09-Oct-2017,26-Oct-2017,PE,10650,0,0,0,502.35,0,631.5,0,0,0,0,0,9988.75
NIFTY,09-Oct-2017,26-Oct-2017,PE,10700,709.3,709.3,657.95,665.1,665.1,665.1,8,68.27,4.07,11925,75,9988.75
NIFTY,09-Oct-2017,26-Oct-2017,PE,10750,0,0,0,587.25,0,730.5,0,0,0,0,0,9988.75
NIFTY,09-Oct-2017,26-Oct-2017,PE,10250,263.75,263.75,231.7,231.7,231.7,231.7,14,110.23,2.6,11850,225,9988.75
NIFTY,09-Oct-2017,26-Oct-2017,PE,10300,306.2,317.4,273,286.25,283.3,286.25,5444,43223.26,1168.36,386775,-65400,9988.75
NIFTY,09-Oct-2017,26-Oct-2017,PE,10350,0,0,0,280.55,0,346.05,0,0,0,0,0,9988.75
NIFTY,09-Oct-2017,26-Oct-2017,PE,10400,410.05,414.5,367,382.55,375.7,382.55,981,7930.47,278.67,288375,-5625,9988.75
NIFTY,09-Oct-2017,26-Oct-2017,PE,10450,0,0,0,347.95,0,437.75,0,0,0,0,0,9988.75
NIFTY,09-Oct-2017,26-Oct-2017,PE,9950,74.65,76.6,58.55,63.75,63,63.75,19846,149087.22,986.45,709575,79650,9988.75
NIFTY,09-Oct-2017,26-Oct-2017,PE,10000,94.8,97.65,74.6,80.75,79.95,80.75,152144,1150534.36,9454.36,3870450,963375,9988.75
NIFTY,09-Oct-2017,26-Oct-2017,PE,10050,118.95,121,94.1,100.7,99.75,100.7,4122,31387.19,317.62,130425,57225,9988.75
NIFTY,09-Oct-2017,26-Oct-2017,PE,10100,140.9,153.7,119.75,129.2,127.5,129.2,37388,286911.33,3697.23,869400,165075,9988.75
NIFTY,09-Oct-2017,26-Oct-2017,PE,10150,185.8,186.95,152.5,165.75,164.5,165.75,100,773.54,12.29,28275,-225,9988.75
NIFTY,09-Oct-2017,26-Oct-2017,PE,10200,221.2,229.5,187.5,200.2,199,200.2,7114,55492.53,1070.43,767475,-57000,9988.75
NIFTY,09-Oct-2017,26-Oct-2017,PE,9650,19.25,19.4,14.55,16.05,16,16.05,2982,21619.04,36.82,183525,13575,9988.75
NIFTY,09-Oct-2017,26-Oct-2017,PE,9700,21,24.55,18,20.4,20.25,20.4,85256,621560.09,1322.69,4365000,132300,9988.75
NIFTY,09-Oct-2017,26-Oct-2017,PE,9750,28.1,31.5,23.3,25.7,25.5,25.7,5355,39263.79,105.36,381900,-70575,9988.75
NIFTY,09-Oct-2017,26-Oct-2017,PE,9800,39.65,39.7,29.35,32.2,32,32.2,128593,948335.49,3176.94,5782950,416175,9988.75
NIFTY,09-Oct-2017,26-Oct-2017,PE,9850,50,50,36.6,40.05,40.05,40.05,10124,75105.57,314.52,582450,196650,9988.75
NIFTY,09-Oct-2017,26-Oct-2017,PE,9900,61.05,61.6,46.25,50.7,50.1,50.7,148426,1107865.37,5802.32,5202225,643125,9988.75
NIFTY,09-Oct-2017,26-Oct-2017,PE,9350,0,0,0,4.95,4.95,0.45,0,0,0,2775,0,9988.75
NIFTY,09-Oct-2017,26-Oct-2017,PE,9400,5.25,5.95,4.5,5.1,5,5.1,18527,130685.58,70.23,1817475,223800,9988.75
NIFTY,09-Oct-2017,26-Oct-2017,PE,9450,7.55,7.6,5.75,6.4,6.15,6.4,274,1943.28,1.31,42300,300,9988.75
NIFTY,09-Oct-2017,26-Oct-2017,PE,9500,8,9.8,7.2,8,7.85,8,35258,251428.34,215.09,3393525,-154350,9988.75
NIFTY,09-Oct-2017,26-Oct-2017,PE,9550,12.1,12.5,9.25,10.2,12,10.2,1653,11852.7,13.08,77400,-3000,9988.75
NIFTY,09-Oct-2017,26-Oct-2017,PE,9600,14.05,16.1,11.65,12.85,12.75,12.85,50593,364766.15,496.55,2656350,-479925,9988.75
NIFTY,09-Oct-2017,26-Oct-2017,PE,9200,2.65,2.95,2.4,2.75,2.8,2.75,9568,66038.36,19.16,966975,27300,9988.75
NIFTY,09-Oct-2017,26-Oct-2017,PE,9250,0,0,0,6,6,0.15,0,0,0,1575,0,9988.75
NIFTY,09-Oct-2017,26-Oct-2017,PE,9300,3.4,3.85,3.1,3.5,3.45,3.5,15832,110468.26,40.06,1258875,-193200,9988.75
NIFTY,10-Oct-2017,26-Oct-2017,PE,10800,751.5,756.45,751.5,756,756,756,3,26,1.7,1875,75,10016.95
NIFTY,10-Oct-2017,26-Oct-2017,PE,10850,0,0,0,676.05,0,803.5,0,0,0,0,0,10016.95
NIFTY,10-Oct-2017,26-Oct-2017,PE,10550,0,0,0,422.25,0,506.85,0,0,0,0,0,10016.95
NIFTY,10-Oct-2017,26-Oct-2017,PE,10600,553.85,556.8,553.5,554.75,554.9,554.75,10,83.66,4.16,7650,0,10016.95
NIFTY,10-Oct-2017,26-Oct-2017,PE,10650,0,0,0,502.35,0,604.9,0,0,0,0,0,10016.95
NIFTY,10-Oct-2017,26-Oct-2017,PE,10700,0,0,0,665.1,665.1,654.4,0,0,0,11925,0,10016.95
NIFTY,10-Oct-2017,26-Oct-2017,PE,10750,0,0,0,587.25,0,704,0,0,0,0,0,10016.95
NIFTY,10-Oct-2017,26-Oct-2017,PE,10250,0,0,0,231.7,231.7,236,0,0,0,11850,0,10016.95
NIFTY,10-Oct-2017,26-Oct-2017,PE,10300,280.85,288.5,257,268.7,266.65,268.7,4131,32757.49,845.52,328350,-58425,10016.95
NIFTY,10-Oct-2017,26-Oct-2017,PE,10350,0,0,0,280.55,0,319.85,0,0,0,0,0,10016.95
NIFTY,10-Oct-2017,26-Oct-2017,PE,10400,372.5,382,352.8,364.05,361.9,364.05,661,5338.1,182.3,260475,-27900,10016.95
NIFTY,10-Oct-2017,26-Oct-2017,PE,10450,0,0,0,347.95,0,411.15,0,0,0,0,0,10016.95
NIFTY,10-Oct-2017,26-Oct-2017,PE,10500,465.2,484,450,460.25,460.2,460.25,1311,10784.95,460.82,644850,-69675,10016.95
NIFTY,10-Oct-2017,26-Oct-2017,PE,9950,61.7,64.35,50.4,54.05,53.6,54.05,13846,103916.62,590.85,669750,-39825,10016.95
NIFTY,10-Oct-2017,26-Oct-2017,PE,10000,74.2,82.45,64.15,69.35,68.05,69.35,150055,1133513.49,8100.99,4474125,603675,10016.95
NIFTY,10-Oct-2017,26-Oct-2017,PE,10050,99.7,99.7,82.1,87.35,86.8,87.35,6100,46393.21,414.46,242175,111750,10016.95
NIFTY,10-Oct-2017,26-Oct-2017,PE,10100,125.65,128.45,107.5,114.55,112.5,114.55,38753,296981.62,3427.64,971925,102525,10016.95
NIFTY,10-Oct-2017,26-Oct-2017,PE,10150,154.95,161,130.1,144.8,142.25,144.8,498,3846.68,55.65,41925,13650,10016.95
NIFTY,10-Oct-2017,26-Oct-2017,PE,10200,193.4,202,174.05,184.15,183.15,184.15,9805,76385.65,1377.4,822675,55200,10016.95
NIFTY,10-Oct-2017,26-Oct-2017,PE,9650,15,15.5,12.55,13.7,13.25,13.7,2271,16460.38,24.01,200775,17250,10016.95
NIFTY,10-Oct-2017,26-Oct-2017,PE,9700,18.4,19.55,15.6,16.95,16.4,16.95,52683,383959.86,691.03,4231500,-133500,10016.95
NIFTY,10-Oct-2017,26-Oct-2017,PE,9750,24.2,24.6,19.6,21.25,20.6,21.25,3859,28282.29,63.35,368025,-13875,10016.95
NIFTY,10-Oct-2017,26-Oct-2017,PE,9800,26.7,31.3,24.8,26.95,26.25,26.95,91769,676415.99,1913.84,5835225,52275,10016.95
NIFTY,10-Oct-2017,26-Oct-2017,PE,9850,37.6,38.95,31.1,33.7,33,33.7,6504,48217.11,168.81,647475,65025,10016.95
NIFTY,10-Oct-2017,26-Oct-2017,PE,9900,41.55,51.4,39.55,42.85,42.1,42.85,123090,918044.04,4100.79,5663625,461400,10016.95
NIFTY,10-Oct-2017,26-Oct-2017,PE,9350,0,0,0,4.95,4.95,0.2,0,0,0,2775,0,10016.95
NIFTY,10-Oct-2017,26-Oct-2017,PE,9400,4.35,4.85,4.05,4.3,4.15,4.3,11581,81684.24,38.19,1937025,119550,10016.95
NIFTY,10-Oct-2017,26-Oct-2017,PE,9450,4.25,6.05,4.25,5.45,5.45,5.45,191,1354.48,.76,38775,-3525,10016.95
NIFTY,10-Oct-2017,26-Oct-2017,PE,9500,6.75,7.65,6.25,6.75,6.7,6.75,25503,181840.55,131.67,3473325,79800,10016.95
NIFTY,10-Oct-2017,26-Oct-2017,PE,9550,9.1,9.5,7.95,8.55,8.5,8.55,825,5914.37,5.3,70875,-6525,10016.95
NIFTY,10-Oct-2017,26-Oct-2017,PE,9600,11.4,12.3,10,10.75,10.65,10.75,24331,175384.97,201.77,2666250,9900,10016.95
NIFTY,10-Oct-2017,26-Oct-2017,PE,9200,2.5,2.7,2.3,2.45,2.4,2.45,4379,30223.21,8.11,909225,-57750,10016.95
NIFTY,10-Oct-2017,26-Oct-2017,PE,9250,0,0,0,6,6,0.05,0,0,0,1575,0,10016.95
NIFTY,10-Oct-2017,26-Oct-2017,PE,9300,3.1,3.4,2.85,3.15,3.15,3.15,12761,89038.3,30.32,1076175,-182700,10016.95
NIFTY,11-Oct-2017,26-Oct-2017,PE,10800,722,801,715,798,801,798,11,95.14,6.04,2175,300,9984.8
NIFTY,11-Oct-2017,26-Oct-2017,PE,10850,0,0,0,676.05,0,837.45,0,0,0,0,0,9984.8
NIFTY,11-Oct-2017,26-Oct-2017,PE,10550,0,0,0,422.25,0,539.45,0,0,0,0,0,9984.8
NIFTY,11-Oct-2017,26-Oct-2017,PE,10600,506,616.25,506,587.45,587.45,587.45,60,501.3,24.3,10125,2475,9984.8
NIFTY,11-Oct-2017,26-Oct-2017,PE,10650,0,0,0,502.35,0,638.35,0,0,0,0,0,9984.8
NIFTY,11-Oct-2017,26-Oct-2017,PE,10700,627.15,706.1,613,706.1,706.1,706.1,80,679.14,37.14,15825,3900,9984.8
NIFTY,11-Oct-2017,26-Oct-2017,PE,10750,0,0,0,587.25,0,737.8,0,0,0,0,0,9984.8
NIFTY,11-Oct-2017,26-Oct-2017,PE,10250,200,257.95,183.85,257.95,257.95,257.95,32,250.6,4.6,11925,75,9984.8
NIFTY,11-Oct-2017,26-Oct-2017,PE,10300,247.7,328.05,222,306.1,317.85,306.1,5146,40757.11,1004.26,255300,-73050,9984.8
NIFTY,11-Oct-2017,26-Oct-2017,PE,10350,0,0,0,280.55,0,347.9,0,0,0,0,0,9984.8
NIFTY,11-Oct-2017,26-Oct-2017,PE,10400,338.55,423.2,316,402.25,409,402.25,1912,15411.45,497.85,234600,-25875,9984.8
NIFTY,11-Oct-2017,26-Oct-2017,PE,10450,0,0,0,347.95,0,442.05,0,0,0,0,0,9984.8
NIFTY,11-Oct-2017,26-Oct-2017,PE,10500,443.3,522,415.15,500.5,508.85,500.5,2558,21007.94,863.69,564225,-80625,9984.8
NIFTY,11-Oct-2017,26-Oct-2017,PE,9950,52.2,85.1,37.5,71.1,75.2,71.1,38227,286978.37,1709.39,607425,-62325,9984.8
NIFTY,11-Oct-2017,26-Oct-2017,PE,10000,64.9,105,48.65,89.4,94,89.4,332965,2515147.62,17910.12,5291700,817575,9984.8
NIFTY,11-Oct-2017,26-Oct-2017,PE,10050,75.05,128,62.35,111.6,116.7,111.6,25337,192544.64,1567.01,458400,216225,9984.8
NIFTY,11-Oct-2017,26-Oct-2017,PE,10100,102.9,160,83.15,141.55,147.65,141.55,106444,815143.2,8829.9,1343100,371175,9984.8
NIFTY,11-Oct-2017,26-Oct-2017,PE,10150,124,197.2,109.25,174.1,184.45,174.1,2085,16084.11,212.05,59850,17925,9984.8
NIFTY,11-Oct-2017,26-Oct-2017,PE,10200,171.8,239,141.95,216.65,227.55,216.65,23473,182684.07,3115.62,862425,39750,9984.8
NIFTY,11-Oct-2017,26-Oct-2017,PE,9650,11.4,26.75,9.65,21.2,22.25,21.2,3799,27543,47.73,173025,-27750,9984.8
NIFTY,11-Oct-2017,26-Oct-2017,PE,9700,14.3,33,11.85,25.4,27.25,25.4,115052,838714.02,1710.72,3730500,-501000,9984.8
NIFTY,11-Oct-2017,26-Oct-2017,PE,9750,17.85,40,14.9,30.95,33.5,30.95,7850,57549.25,146.13,352500,-15525,9984.8
NIFTY,11-Oct-2017,26-Oct-2017,PE,9800,23.75,48.7,18.6,38.35,40.45,38.35,179543,1323719.39,4078.34,5370075,-465150,9984.8
NIFTY,11-Oct-2017,26-Oct-2017,PE,9850,27.05,58,23,46.45,49.4,46.45,18974,140690.4,519.98,606300,-41175,9984.8
NIFTY,11-Oct-2017,26-Oct-2017,PE,9900,36.95,70.75,29.2,58,61.5,58,273821,2042647.21,9526.29,4930650,-732975,9984.8
NIFTY,11-Oct-2017,26-Oct-2017,PE,9400,2.75,10.3,2.75,8.1,8.5,8.1,26156,184518.57,118.77,2092500,155475,9984.8
NIFTY,11-Oct-2017,26-Oct-2017,PE,9450,3.55,10.15,3.55,9.3,10.15,9.3,295,2092.19,1.37,37725,-1050,9984.8
NIFTY,11-Oct-2017,26-Oct-2017,PE,9500,5.55,15.05,4.9,11.9,12.6,11.9,50377,359274.58,338.46,3622275,148950,9984.8
NIFTY,11-Oct-2017,26-Oct-2017,PE,9550,8.4,18.1,6,14.05,16,14.05,2063,14792.83,16.59,71625,750,9984.8
NIFTY,11-Oct-2017,26-Oct-2017,PE,9600,9,22.25,7.65,17.35,18.55,17.35,73195,527777.59,773.59,2678625,12375,9984.8
NIFTY,11-Oct-2017,26-Oct-2017,PE,9200,1.95,5,1.75,4.35,4.85,4.35,10301,71104.15,27.25,1000500,91275,9984.8
NIFTY,11-Oct-2017,26-Oct-2017,PE,9250,0,0,0,6,6,0.05,0,0,0,1575,0,9984.8
NIFTY,11-Oct-2017,26-Oct-2017,PE,9300,2.5,7.2,2.35,6,6.3,6,17012,118718.61,59.91,1143900,67725,9984.8
NIFTY,11-Oct-2017,26-Oct-2017,PE,9350,0,0,0,4.95,4.95,0.15,0,0,0,2775,0,9984.8
NIFTY,12-Oct-2017,26-Oct-2017,PE,10800,789,789,780.35,780.35,780.35,780.35,2,17.38,1.18,2175,0,10096.4
NIFTY,12-Oct-2017,26-Oct-2017,PE,10850,0,0,0,676.05,0,727.85,0,0,0,0,0,10096.4
NIFTY,12-Oct-2017,26-Oct-2017,PE,10550,0,0,0,422.25,0,433.25,0,0,0,0,0,10096.4
NIFTY,12-Oct-2017,26-Oct-2017,PE,10600,577.2,587.45,478,480.1,484.6,480.1,36,300.44,14.24,9975,-150,10096.4
NIFTY,12-Oct-2017,26-Oct-2017,PE,10650,0,0,0,502.35,0,530,0,0,0,0,0,10096.4
NIFTY,12-Oct-2017,26-Oct-2017,PE,10700,650.85,656.95,588,588,588,588,12,101.81,5.51,16350,525,10096.4
NIFTY,12-Oct-2017,26-Oct-2017,PE,10750,0,0,0,587.25,0,628.55,0,0,0,0,0,10096.4
NIFTY,12-Oct-2017,26-Oct-2017,PE,10250,229.35,229.35,149.55,155.95,156.45,155.95,53,413.76,6.32,15075,3150,10096.4
NIFTY,12-Oct-2017,26-Oct-2017,PE,10300,278.5,302.55,192,198.5,193.25,198.5,3669,28945.72,602.69,270075,14775,10096.4
NIFTY,12-Oct-2017,26-Oct-2017,PE,10350,0,0,0,280.55,0,253.85,0,0,0,0,0,10096.4
NIFTY,12-Oct-2017,26-Oct-2017,PE,10400,375,395,284.6,294.15,285,294.15,1075,8636.85,251.85,237075,2475,10096.4
NIFTY,12-Oct-2017,26-Oct-2017,PE,10450,0,0,0,347.95,0,340.25,0,0,0,0,0,10096.4
NIFTY,12-Oct-2017,26-Oct-2017,PE,10500,468.5,491.55,380,388.25,380.7,388.25,2413,19745.08,742.71,631875,67650,10096.4
NIFTY,12-Oct-2017,26-Oct-2017,PE,9950,64,66.2,30.8,33.3,33,33.3,35754,268029.36,1215.13,869250,261825,10096.4
NIFTY,12-Oct-2017,26-Oct-2017,PE,10000,74,83.95,40.15,42.3,41.1,42.3,279473,2108014.64,11967.14,6549300,1257600,10096.4
NIFTY,12-Oct-2017,26-Oct-2017,PE,10050,91.8,106,50.75,53.3,51.5,53.3,21389,162313.73,1094.15,700875,242475,10096.4
NIFTY,12-Oct-2017,26-Oct-2017,PE,10100,120.1,136.8,68,71.75,69.05,71.75,96450,737228.23,6619.48,2450625,1107525,10096.4
NIFTY,12-Oct-2017,26-Oct-2017,PE,10150,154.65,166.65,89.3,93,89.95,93,2020,15538.86,161.61,103425,43575,10096.4
NIFTY,12-Oct-2017,26-Oct-2017,PE,10200,200,214.8,118,123.25,118.05,123.25,19016,147754.38,2281.98,834075,-28350,10096.4
NIFTY,12-Oct-2017,26-Oct-2017,PE,9650,15.85,17.9,8.55,9.45,9.4,9.45,2489,18036.88,22.75,179550,6525,10096.4
NIFTY,12-Oct-2017,26-Oct-2017,PE,9700,20.1,22.2,10.25,11.7,11.5,11.7,87317,636205.65,974.48,4089075,358575,10096.4
NIFTY,12-Oct-2017,26-Oct-2017,PE,9750,24.95,27.2,12.65,14.05,14.95,14.05,4998,36616.33,68.45,353400,900,10096.4
NIFTY,12-Oct-2017,26-Oct-2017,PE,9800,32.95,33.95,15.55,17.45,17.3,17.45,155188,1143256.21,2624.41,5505900,135825,10096.4
NIFTY,12-Oct-2017,26-Oct-2017,PE,9850,45,49,18.95,21,21,21,17034,126198.67,359.99,779925,173625,10096.4
NIFTY,12-Oct-2017,26-Oct-2017,PE,9900,57.85,57.9,24.35,26.7,26.35,26.7,217737,1622497.43,5800.21,5959050,1028400,10096.4
NIFTY,12-Oct-2017,26-Oct-2017,PE,9400,6.8,9.5,3.85,4.3,4.35,4.3,23541,166050.03,85.98,1984800,-107700,10096.4
NIFTY,12-Oct-2017,26-Oct-2017,PE,9450,7.35,7.4,4.5,4.85,5.2,4.85,280,1985.68,1.18,33225,-4500,10096.4
NIFTY,12-Oct-2017,26-Oct-2017,PE,9500,9.2,10.9,5.1,5.65,5.8,5.65,39780,283630.64,198.14,3938775,316500,10096.4
NIFTY,12-Oct-2017,26-Oct-2017,PE,9550,16,16,6,6.85,6.75,6.85,1760,12616.09,10.09,84150,12525,10096.4
NIFTY,12-Oct-2017,26-Oct-2017,PE,9600,13.3,15,7.2,8,8.15,8,50126,361282.58,375.38,2517900,-160725,10096.4
NIFTY,12-Oct-2017,26-Oct-2017,PE,9200,3.4,3.75,1.55,3.05,3,3.05,14115,97427.47,33.97,1033200,32700,10096.4
NIFTY,12-Oct-2017,26-Oct-2017,PE,9250,3,3.8,3,3.8,3.8,3.8,3,20.82,.01,1575,0,10096.4
NIFTY,12-Oct-2017,26-Oct-2017,PE,9300,6,6,3.3,3.6,3.7,3.6,14830,103481.62,42.37,1262775,118875,10096.4
NIFTY,12-Oct-2017,26-Oct-2017,PE,9350,0,0,0,4.95,4.95,0.05,0,0,0,2775,0,10096.4
NIFTY,13-Oct-2017,26-Oct-2017,PE,10800,595,595,580,590.5,590.5,590.5,7,59.78,3.08,2175,0,10167.45
NIFTY,13-Oct-2017,26-Oct-2017,PE,10850,0,0,0,676.05,0,658.85,0,0,0,0,0,10167.45
NIFTY,13-Oct-2017,26-Oct-2017,PE,10550,0,0,0,422.25,0,367.25,0,0,0,0,0,10167.45
NIFTY,13-Oct-2017,26-Oct-2017,PE,10600,445,445.85,384,403.25,399.1,403.25,58,478.86,17.76,9825,-150,10167.45
NIFTY,13-Oct-2017,26-Oct-2017,PE,10650,0,0,0,502.35,0,462.1,0,0,0,0,0,10167.45
NIFTY,13-Oct-2017,26-Oct-2017,PE,10700,530,530,483,509.55,512.25,509.55,22,184.72,8.17,15075,-1275,10167.45
NIFTY,13-Oct-2017,26-Oct-2017,PE,10750,0,0,0,587.25,0,559.85,0,0,0,0,0,10167.45
NIFTY,13-Oct-2017,26-Oct-2017,PE,10250,136.2,138.7,84.85,99.5,102,99.5,2572,19973.58,201.33,52500,37425,10167.45
NIFTY,13-Oct-2017,26-Oct-2017,PE,10300,191.5,191.5,112.6,131.15,132.2,131.15,21216,166044.18,2150.58,557475,287400,10167.45
NIFTY,13-Oct-2017,26-Oct-2017,PE,10350,215.75,215.75,148.45,162.15,170.5,162.15,66,520.71,8.39,1500,1500,10167.45
NIFTY,13-Oct-2017,26-Oct-2017,PE,10400,268.75,269,189.8,211.9,212.95,211.9,3675,29261.71,596.71,237750,675,10167.45
NIFTY,13-Oct-2017,26-Oct-2017,PE,10450,0,0,0,347.95,0,277.85,0,0,0,0,0,10167.45
NIFTY,13-Oct-2017,26-Oct-2017,PE,10500,371,371,278.1,303.05,304.15,303.05,4412,35776.57,1032.07,716475,84600,10167.45
NIFTY,13-Oct-2017,26-Oct-2017,PE,9950,29.35,29.7,20.25,24.2,24.55,24.2,27619,206591.43,484.64,754500,-114750,10167.45
NIFTY,13-Oct-2017,26-Oct-2017,PE,10000,37.9,39,23.65,28.55,28.6,28.55,265817,1999388.4,5760.9,7074000,524700,10167.45
NIFTY,13-Oct-2017,26-Oct-2017,PE,10050,47.35,47.45,29.15,35.05,36.3,35.05,29027,219562.62,771.61,876525,175650,10167.45
NIFTY,13-Oct-2017,26-Oct-2017,PE,10100,65,66.4,36.55,44.8,45.85,44.8,291478,2218149.78,10203.93,4880250,2429625,10167.45
NIFTY,13-Oct-2017,26-Oct-2017,PE,10150,81.35,83.2,47.3,57.55,57.5,57.55,50027,383058.58,2228.04,902700,799275,10167.45
NIFTY,13-Oct-2017,26-Oct-2017,PE,10200,109,111.65,63.35,75.9,76.95,75.9,146657,1130596,8669.95,2316000,1481925,10167.45
NIFTY,13-Oct-2017,26-Oct-2017,PE,9650,8,9,6.5,8.4,9,8.4,1917,13885.41,11.12,168225,-11325,10167.45
NIFTY,13-Oct-2017,26-Oct-2017,PE,9700,12,12,8.75,9.95,10.3,9.95,68128,496111.96,480.76,4013400,-75675,10167.45
NIFTY,13-Oct-2017,26-Oct-2017,PE,9750,17,17,10.4,11.6,11.8,11.6,4970,36384.68,41.55,326625,-26775,10167.45
NIFTY,13-Oct-2017,26-Oct-2017,PE,9800,16.8,16.8,12.15,14.1,14.15,14.1,106883,786662.88,1072.83,5170500,-335400,10167.45
NIFTY,13-Oct-2017,26-Oct-2017,PE,9850,17.1,19.5,14.4,16.85,16.65,16.85,19824,146692.34,242.54,540525,-239400,10167.45
NIFTY,13-Oct-2017,26-Oct-2017,PE,9900,24.8,24.8,16.95,19.65,19.7,19.65,181492,1350207.58,2629.48,5526975,-432075,10167.45
NIFTY,13-Oct-2017,26-Oct-2017,PE,9400,3.7,4.65,3.65,4.4,4.6,4.4,19873,140165.53,60.88,2000175,15375,10167.45
NIFTY,13-Oct-2017,26-Oct-2017,PE,9450,4.2,5.05,4,4.35,4.85,4.35,322,2283.23,1.06,28050,-5175,10167.45
NIFTY,13-Oct-2017,26-Oct-2017,PE,9500,4.75,5.8,3.35,5.55,5.8,5.55,34888,248710.42,133.42,3927900,-10875,10167.45
NIFTY,13-Oct-2017,26-Oct-2017,PE,9550,5.65,6.65,5,6.25,6.55,6.25,1248,8944.15,5.35,81000,-3150,10167.45
NIFTY,13-Oct-2017,26-Oct-2017,PE,9600,6.7,7.6,6,7.2,7.45,7.2,36140,260388.56,180.56,2590650,72750,10167.45
NIFTY,13-Oct-2017,26-Oct-2017,PE,9200,2.65,3.45,2.55,3.15,3.3,3.15,6674,46065.17,14.57,1034625,1425,10167.45
NIFTY,13-Oct-2017,26-Oct-2017,PE,9250,0,0,0,3.8,3.8,0,0,0,0,1575,0,10167.45
NIFTY,13-Oct-2017,26-Oct-2017,PE,9300,3.2,3.9,3.1,3.6,3.85,3.6,11722,81791.71,30.76,1217625,-45150,10167.45
NIFTY,13-Oct-2017,26-Oct-2017,PE,9350,0,0,0,4.95,4.95,0.05,0,0,0,2775,0,10167.45
NIFTY,16-Oct-2017,26-Oct-2017,PE,10850,0,0,0,676.05,0,600.8,0,0,0,0,0,10230.85
NIFTY,16-Oct-2017,26-Oct-2017,PE,10550,0,0,0,422.25,0,309.3,0,0,0,0,0,10230.85
NIFTY,16-Oct-2017,26-Oct-2017,PE,10600,348.15,385,334.05,339.15,338.1,339.15,111,911.94,29.49,12675,2850,10230.85
NIFTY,16-Oct-2017,26-Oct-2017,PE,10650,0,0,0,502.35,0,403.75,0,0,0,0,0,10230.85
NIFTY,16-Oct-2017,26-Oct-2017,PE,10700,440,480,440,451.2,451.2,451.2,28,234.22,9.52,15000,-75,10230.85
NIFTY,16-Oct-2017,26-Oct-2017,PE,10750,0,0,0,587.25,0,501.6,0,0,0,0,0,10230.85
NIFTY,16-Oct-2017,26-Oct-2017,PE,10800,550,575.3,533.7,533.7,533.7,533.7,44,374.68,18.28,4575,2400,10230.85
NIFTY,16-Oct-2017,26-Oct-2017,PE,10250,88.5,94.25,56.75,60.45,61.3,60.45,30057,232603,1539.81,616725,564225,10230.85
NIFTY,16-Oct-2017,26-Oct-2017,PE,10300,111.25,127.2,81.1,85.55,86.45,85.55,100762,785810.27,7423.82,1118700,561225,10230.85
NIFTY,16-Oct-2017,26-Oct-2017,PE,10350,130.35,169.45,114.8,119.35,118.2,119.35,1256,9866.43,116.73,24525,23025,10230.85
NIFTY,16-Oct-2017,26-Oct-2017,PE,10400,179.75,209.05,152.2,159,159.1,159,11562,91648.85,1465.25,291075,53325,10230.85
NIFTY,16-Oct-2017,26-Oct-2017,PE,10450,209.45,209.5,200,200,200,200,9,71.92,1.38,675,675,10230.85
NIFTY,16-Oct-2017,26-Oct-2017,PE,10500,254.4,299,240,243.75,244.95,243.75,5122,41321.59,985.84,759450,42975,10230.85
NIFTY,16-Oct-2017,26-Oct-2017,PE,9950,16.5,21.6,10.15,15.4,15.2,15.4,12774,95487.74,161.77,788625,34125,10230.85
NIFTY,16-Oct-2017,26-Oct-2017,PE,10000,24.4,26,16.2,17.8,17.8,17.8,206046,1548455.21,3110.21,7082175,8175,10230.85
NIFTY,16-Oct-2017,26-Oct-2017,PE,10050,27,32,19.75,21.45,21.4,21.45,23139,174847.31,437.1,783825,-92700,10230.85
NIFTY,16-Oct-2017,26-Oct-2017,PE,10100,39.6,41.4,24.55,26.95,26.95,26.95,266099,2021908.56,6208.63,4873500,-6750,10230.85
NIFTY,16-Oct-2017,26-Oct-2017,PE,10150,44.85,55,31.6,34,34.25,34,45521,347903.81,1375.19,1132350,229650,10230.85
NIFTY,16-Oct-2017,26-Oct-2017,PE,10200,61,71.35,42.5,45.5,45.55,45.5,312918,2406245.25,12422.55,4514100,2198100,10230.85
NIFTY,16-Oct-2017,26-Oct-2017,PE,9650,6.5,7.15,5.15,5.7,5.75,5.7,1531,11087.55,6.94,156150,-12075,10230.85
NIFTY,16-Oct-2017,26-Oct-2017,PE,9700,6.05,8.45,6,6.65,6.9,6.65,43984,320212.43,228.83,3922500,-90900,10230.85
NIFTY,16-Oct-2017,26-Oct-2017,PE,9750,9.45,10.2,7,7.85,7.9,7.85,2690,19687.29,16.67,302850,-23775,10230.85
NIFTY,16-Oct-2017,26-Oct-2017,PE,9800,10.75,12.45,8.5,9.35,9.35,9.35,74127,545386.27,552.82,5067450,-103050,10230.85
NIFTY,16-Oct-2017,26-Oct-2017,PE,9850,12.65,15.05,9.8,10.8,10.8,10.8,5230,38682.64,46.01,475500,-65025,10230.85
NIFTY,16-Oct-2017,26-Oct-2017,PE,9900,16.4,18,11.65,12.75,12.65,12.75,113631,844904.23,1194.05,5562750,35775,10230.85
NIFTY,16-Oct-2017,26-Oct-2017,PE,9350,3.05,3.05,3.05,3.05,3.05,3.05,17,119.25,.04,2775,0,10230.85
NIFTY,16-Oct-2017,26-Oct-2017,PE,9400,2.6,4.1,2.6,3.5,3.45,3.5,16312,115043.04,43.44,1890525,-109650,10230.85
NIFTY,16-Oct-2017,26-Oct-2017,PE,9450,3.45,4.45,3.45,3.7,3.8,3.7,104,737.4,.3,27300,-750,10230.85
NIFTY,16-Oct-2017,26-Oct-2017,PE,9500,5,5,3.3,4.25,4.25,4.25,27337,194864.1,87.97,3824550,-103350,10230.85
NIFTY,16-Oct-2017,26-Oct-2017,PE,9550,4.55,5.4,4.05,4.45,4.6,4.45,819,5868.97,2.88,76575,-4425,10230.85
NIFTY,16-Oct-2017,26-Oct-2017,PE,9600,5.75,6.1,4.5,5.15,5.1,5.15,31538,227195.32,121.72,2676150,85500,10230.85
NIFTY,16-Oct-2017,26-Oct-2017,PE,9200,2.75,3.05,2.45,2.6,2.55,2.6,6111,42178.25,12.35,937500,-97125,10230.85
NIFTY,16-Oct-2017,26-Oct-2017,PE,9250,3,3,1.5,2.25,3,2.25,3,20.82,.01,1575,0,10230.85
NIFTY,16-Oct-2017,26-Oct-2017,PE,9300,4.9,4.9,1.35,3.05,3.1,3.05,7157,49936.26,16.19,1210800,-6825,10230.85
NIFTY,17-Oct-2017,26-Oct-2017,PE,10850,0,0,0,676.05,0,598.9,0,0,0,0,0,10234.45
NIFTY,17-Oct-2017,26-Oct-2017,PE,10550,0,0,0,422.25,0,305.1,0,0,0,0,0,10234.45
NIFTY,17-Oct-2017,26-Oct-2017,PE,10600,348,364,329.9,343.45,341.85,343.45,138,1133.42,36.32,11400,-1275,10234.45
NIFTY,17-Oct-2017,26-Oct-2017,PE,10650,0,0,0,502.35,0,400.85,0,0,0,0,0,10234.45
NIFTY,17-Oct-2017,26-Oct-2017,PE,10700,446.7,458,446.7,458,458,458,9,75.27,3.05,14325,-675,10234.45
NIFTY,17-Oct-2017,26-Oct-2017,PE,10750,0,0,0,587.25,0,499.4,0,0,0,0,0,10234.45
NIFTY,17-Oct-2017,26-Oct-2017,PE,10800,553.25,553.25,532.9,532.9,532.9,532.9,5,42.54,2.04,4575,0,10234.45
NIFTY,17-Oct-2017,26-Oct-2017,PE,10250,82,82,56.2,61.75,60.35,61.75,28473,220251.27,1365.08,989625,372900,10234.45
NIFTY,17-Oct-2017,26-Oct-2017,PE,10300,95.6,107.25,80.05,88,85.25,88,92104,717873.44,6370.04,1244700,126000,10234.45
NIFTY,17-Oct-2017,26-Oct-2017,PE,10350,135.2,140,111.5,120.5,118.9,120.5,809,6354.75,74.89,22725,-1800,10234.45
NIFTY,17-Oct-2017,26-Oct-2017,PE,10400,173.95,183.85,147.95,158.65,155.75,158.65,9088,72014.98,1128.58,292125,1050,10234.45
NIFTY,17-Oct-2017,26-Oct-2017,PE,10450,216.25,220.25,191.25,200,200,200,20,159.84,3.09,1125,450,10234.45
NIFTY,17-Oct-2017,26-Oct-2017,PE,10500,253.85,272,234,247.85,246.3,247.85,2251,18147.4,420.78,746475,-12975,10234.45
NIFTY,17-Oct-2017,26-Oct-2017,PE,9950,15.85,17.6,13.5,15.15,15.3,15.15,7113,53163.1,82.34,780000,-8625,10234.45
NIFTY,17-Oct-2017,26-Oct-2017,PE,10000,18,21.1,15.9,17.65,17.3,17.65,118441,889923.22,1615.72,7015650,-66525,10234.45
NIFTY,17-Oct-2017,26-Oct-2017,PE,10050,31.2,31.2,19.4,21,20.35,21,14965,113046.7,248.01,842700,58875,10234.45
NIFTY,17-Oct-2017,26-Oct-2017,PE,10100,28.2,33.1,24.25,26.9,26.25,26.9,142196,1080141.55,3006.85,4729800,-143700,10234.45
NIFTY,17-Oct-2017,26-Oct-2017,PE,10150,36.05,42.7,30.75,34.25,33,34.25,43840,334921.53,1189.53,1141575,9225,10234.45
NIFTY,17-Oct-2017,26-Oct-2017,PE,10200,53.5,57.75,42,46.7,45.3,46.7,206241,1585293.57,7549.92,4838400,324300,10234.45
NIFTY,17-Oct-2017,26-Oct-2017,PE,9700,7.15,7.2,4.9,6.7,6.65,6.7,15839,115305.78,77.05,3843075,-79425,10234.45
NIFTY,17-Oct-2017,26-Oct-2017,PE,9750,7.9,8.8,6.35,7.6,7.45,7.6,2218,16231.93,12.8,298650,-4200,10234.45
NIFTY,17-Oct-2017,26-Oct-2017,PE,9800,9.45,10.5,8.2,9.3,9.1,9.3,32823,241476.97,227.92,4901550,-165900,10234.45
NIFTY,17-Oct-2017,26-Oct-2017,PE,9850,11.45,12.25,8.65,10.35,10.55,10.35,5395,39899.25,43.69,446775,-28725,10234.45
NIFTY,17-Oct-2017,26-Oct-2017,PE,9900,16.85,16.85,11.15,12.6,12.2,12.6,51373,381932.9,488.38,5379300,-183450,10234.45
NIFTY,17-Oct-2017,26-Oct-2017,PE,9350,3.5,3.5,3.4,3.4,3.4,3.4,5,35.08,.01,2700,-75,10234.45
NIFTY,17-Oct-2017,26-Oct-2017,PE,9400,3.55,3.75,3.05,3.6,3.5,3.6,10491,73987.92,26.37,1860975,-29550,10234.45
NIFTY,17-Oct-2017,26-Oct-2017,PE,9450,3.8,4,3.2,3.9,3.8,3.9,364,2580.89,1.04,37200,9900,10234.45
NIFTY,17-Oct-2017,26-Oct-2017,PE,9500,3.95,5,3.55,4.25,5,4.25,14458,103057.04,43.79,3727050,-97500,10234.45
NIFTY,17-Oct-2017,26-Oct-2017,PE,9550,4.4,4.95,3.8,4.7,4.55,4.7,509,3647.41,1.7,77925,1350,10234.45
NIFTY,17-Oct-2017,26-Oct-2017,PE,9600,3.15,5.55,3.15,5.15,5.2,5.15,12627,90961.53,47.13,2586300,-89850,10234.45
NIFTY,17-Oct-2017,26-Oct-2017,PE,9650,5,7.9,4.7,5.55,5.4,5.55,1276,9239.96,4.91,122625,-33525,10234.45
NIFTY,17-Oct-2017,26-Oct-2017,PE,9200,2.6,2.7,2.2,2.5,2.45,2.5,2287,15784.48,4.18,924525,-12975,10234.45
NIFTY,17-Oct-2017,26-Oct-2017,PE,9250,3,3,1.5,1.5,1.5,1.5,2,13.88,0,1575,0,10234.45
NIFTY,17-Oct-2017,26-Oct-2017,PE,9300,3,3.1,2.7,3,2.9,3,4017,28027.26,8.69,1181100,-29700,10234.45
NIFTY,18-Oct-2017,26-Oct-2017,PE,9200,2.4,2.5,1.55,1.7,1.6,1.7,6725,46412.15,9.65,751725,-172800,10210.85
NIFTY,18-Oct-2017,26-Oct-2017,PE,9250,3.95,3.95,2,2,2,2,22,152.67,.05,1050,-525,10210.85
NIFTY,18-Oct-2017,26-Oct-2017,PE,9300,2.95,3.1,1.95,2.2,1.95,2.2,9691,67610.99,16.26,1182750,1650,10210.85
NIFTY,18-Oct-2017,26-Oct-2017,PE,9350,3.2,3.2,2.8,2.8,2.8,2.8,2,14.03,0,2700,0,10210.85
NIFTY,18-Oct-2017,26-Oct-2017,PE,9400,3.8,3.9,2.25,2.75,2.4,2.75,8179,57679.36,17.41,1878075,17100,10210.85
NIFTY,18-Oct-2017,26-Oct-2017,PE,9450,3.55,3.65,2.35,2.8,2.8,2.8,32,226.88,.08,36375,-825,10210.85
NIFTY,18-Oct-2017,26-Oct-2017,PE,9500,4.7,5.8,2.85,3.35,2.85,3.35,17216,122709.76,45.76,3588825,-138225,10210.85
NIFTY,18-Oct-2017,26-Oct-2017,PE,9550,4.65,4.7,3.15,3.55,3.15,3.55,228,1633.75,.7,75750,-2175,10210.85
NIFTY,18-Oct-2017,26-Oct-2017,PE,9600,5.05,5.95,3.45,4.05,3.5,4.05,15843,114122.19,52.59,2528250,-58050,10210.85
NIFTY,18-Oct-2017,26-Oct-2017,PE,9650,7,7,3.6,4.25,4,4.25,1061,7682.61,3.62,117600,-5025,10210.85
NIFTY,18-Oct-2017,26-Oct-2017,PE,9700,7,7.5,4.45,5.2,4.5,5.2,22382,162924.56,95.51,3710775,-132300,10210.85
NIFTY,18-Oct-2017,26-Oct-2017,PE,9750,8.2,8.65,5.3,5.85,5.4,5.85,4876,35680.48,24.73,249300,-49350,10210.85
NIFTY,18-Oct-2017,26-Oct-2017,PE,9800,10.9,10.95,6.45,7.45,7,7.45,49803,366358.83,306.78,4746900,-154650,10210.85
NIFTY,18-Oct-2017,26-Oct-2017,PE,9850,11.35,12,7.15,8.4,7.8,8.4,6088,45018.98,43.88,427125,-19650,10210.85
NIFTY,18-Oct-2017,26-Oct-2017,PE,9900,21,21,8.7,10.1,9.5,10.1,88216,655758.81,755.01,4798950,-580350,10210.85
NIFTY,18-Oct-2017,26-Oct-2017,PE,9950,17.75,19.65,10.75,12.25,11.05,12.25,10429,77937.72,111.31,731100,-48900,10210.85
NIFTY,18-Oct-2017,26-Oct-2017,PE,10000,24.9,31.45,12.7,14.8,13.3,14.8,144783,1087735.46,1862.96,7605075,589425,10210.85
NIFTY,18-Oct-2017,26-Oct-2017,PE,10050,23.15,27.6,15,17.4,15.55,17.4,17640,133237.24,275.74,774825,-67875,10210.85
NIFTY,18-Oct-2017,26-Oct-2017,PE,10100,29,35.95,20,23.1,20.05,23.1,185783,1411091.5,3785.27,4625850,-103950,10210.85
NIFTY,18-Oct-2017,26-Oct-2017,PE,10150,38.05,44.55,26.9,30.9,27,30.9,51329,392140.69,1398.68,1097025,-44550,10210.85
NIFTY,18-Oct-2017,26-Oct-2017,PE,10200,53.5,62.6,38.05,43.5,38.95,43.5,269246,2069900.17,10168.27,4918575,80175,10210.85
NIFTY,18-Oct-2017,26-Oct-2017,PE,10250,72,86.5,53.65,60.45,53.75,60.45,24089,186421.68,1237.49,945600,-44025,10210.85
NIFTY,18-Oct-2017,26-Oct-2017,PE,10300,99.9,122.25,80.8,90.8,82.25,90.8,89933,701618.07,6885.64,1281225,36525,10210.85
NIFTY,18-Oct-2017,26-Oct-2017,PE,10350,149.6,160,118.15,129.8,119.1,129.8,350,2753.14,36.27,15675,-7050,10210.85
NIFTY,18-Oct-2017,26-Oct-2017,PE,10400,177.7,207,157.05,166.6,162.95,166.6,7301,57917.38,969.58,280650,-11475,10210.85
NIFTY,18-Oct-2017,26-Oct-2017,PE,10450,225.85,233,208.65,219,219,219,5,40.02,.83,1275,150,10210.85
NIFTY,18-Oct-2017,26-Oct-2017,PE,10500,279.85,299,247,261.65,250.25,261.65,2821,22781.96,566.58,739875,-6600,10210.85
NIFTY,18-Oct-2017,26-Oct-2017,PE,10550,0,0,0,422.25,0,327.5,0,0,0,0,0,10210.85
NIFTY,18-Oct-2017,26-Oct-2017,PE,10600,365,394.9,336.05,348.5,336.05,348.5,69,567.6,19.05,11175,-225,10210.85
NIFTY,18-Oct-2017,26-Oct-2017,PE,10650,0,0,0,502.35,0,425.25,0,0,0,0,0,10210.85
NIFTY,18-Oct-2017,26-Oct-2017,PE,10700,466,466,458,458,458,458,2,16.74,.69,14325,0,10210.85
NIFTY,18-Oct-2017,26-Oct-2017,PE,10750,0,0,0,587.25,0,524.6,0,0,0,0,0,10210.85
NIFTY,18-Oct-2017,26-Oct-2017,PE,10800,558.65,587.7,548.3,552.75,552.75,552.75,12,102.23,5.03,4575,0,10210.85
NIFTY,18-Oct-2017,26-Oct-2017,PE,10850,0,0,0,676.05,0,624.35,0,0,0,0,0,10210.85
NIFTY,19-Oct-2017,26-Oct-2017,PE,9200,1.6,2.3,1.25,1.75,1.85,1.75,1062,7329.2,1.4,707175,-44550,10146.55
NIFTY,19-Oct-2017,26-Oct-2017,PE,9250,0,0,0,2,2,0,0,0,0,1050,0,10146.55
NIFTY,19-Oct-2017,26-Oct-2017,PE,9300,2,2.7,1.95,2.4,2.45,2.4,1835,12802.28,3.16,1121325,-61425,10146.55
NIFTY,19-Oct-2017,26-Oct-2017,PE,9350,0,0,0,2.8,2.8,0,0,0,0,2700,0,10146.55
NIFTY,19-Oct-2017,26-Oct-2017,PE,9400,2.85,3.6,2.35,3,3.3,3,2512,17714.82,5.22,1869900,-8175,10146.55
NIFTY,19-Oct-2017,26-Oct-2017,PE,9450,3.5,4.45,1.6,3.35,4.4,3.35,19,134.71,.05,36375,0,10146.55
NIFTY,19-Oct-2017,26-Oct-2017,PE,9500,3.55,4.2,3,3.55,3.9,3.55,6676,47584.19,17.69,3667650,78825,10146.55
NIFTY,19-Oct-2017,26-Oct-2017,PE,9550,2,4.7,2,4.45,4,4.45,9,64.49,.03,75675,-75,10146.55
NIFTY,19-Oct-2017,26-Oct-2017,PE,9600,4.2,5.55,3.65,4.9,5,4.9,5455,39295.44,19.44,2543400,15150,10146.55
NIFTY,19-Oct-2017,26-Oct-2017,PE,9650,5,6.2,4.95,5.95,5.7,5.95,68,492.45,.3,117000,-600,10146.55
NIFTY,19-Oct-2017,26-Oct-2017,PE,9700,4.55,7.95,4.55,6.9,7.7,6.9,8307,60474.6,41.17,3683025,-27750,10146.55
NIFTY,19-Oct-2017,26-Oct-2017,PE,9750,7.95,9,6.2,7.75,9,7.75,633,4632.41,3.59,248700,-600,10146.55
NIFTY,19-Oct-2017,26-Oct-2017,PE,9800,7.95,12.6,6.35,11,12,11,18856,138737.23,145.63,4527600,-219300,10146.55
NIFTY,19-Oct-2017,26-Oct-2017,PE,9850,7.1,15.95,7.1,14.05,15.2,14.05,2157,15955.22,20.38,417225,-9900,10146.55
NIFTY,19-Oct-2017,26-Oct-2017,PE,9900,10.35,21,10.35,18.15,21,18.15,29316,218033.43,362.13,4466550,-332400,10146.55
NIFTY,19-Oct-2017,26-Oct-2017,PE,9950,14.4,27,12.9,22.45,25.95,22.45,4564,34126.28,67.43,662100,-69000,10146.55
NIFTY,19-Oct-2017,26-Oct-2017,PE,10000,14,35,14,29.65,34.05,29.65,64543,485336.41,1263.91,7518300,-86775,10146.55
NIFTY,19-Oct-2017,26-Oct-2017,PE,10050,26.9,44.95,6.5,37.4,44.95,37.4,7541,57023.9,183.61,694125,-80700,10146.55
NIFTY,19-Oct-2017,26-Oct-2017,PE,10100,25.05,60,25.05,51.15,60,51.15,99513,757117.01,3306.04,4559100,-66750,10146.55
NIFTY,19-Oct-2017,26-Oct-2017,PE,10150,39.9,80,36.9,67.4,78,67.4,26103,199818.03,1108.94,900000,-197025,10146.55
NIFTY,19-Oct-2017,26-Oct-2017,PE,10200,55,107.4,50.15,89.25,101,89.25,96697,745303.14,5571.09,3865950,-1052625,10146.55
NIFTY,19-Oct-2017,26-Oct-2017,PE,10250,77.95,144.15,73.15,116.85,135,116.85,7032,54593.13,534.63,903525,-42075,10146.55
NIFTY,19-Oct-2017,26-Oct-2017,PE,10300,100.95,191.85,100.95,157.4,181.05,157.4,24693,193389.3,2635.88,1149525,-131700,10146.55
NIFTY,19-Oct-2017,26-Oct-2017,PE,10350,157.3,224.65,157.3,212.2,222.15,212.2,52,411.45,7.8,15300,-375,10146.55
NIFTY,19-Oct-2017,26-Oct-2017,PE,10400,192,284.85,192,247.25,284.85,247.25,1715,13673.09,296.09,249600,-31050,10146.55
NIFTY,19-Oct-2017,26-Oct-2017,PE,10450,271.45,271.45,271.45,271.45,271.45,271.45,1,8.04,.2,1350,75,10146.55
NIFTY,19-Oct-2017,26-Oct-2017,PE,10500,318.2,380.8,293.95,354.1,372.15,354.1,1461,11880.33,374.95,677175,-62700,10146.55
NIFTY,19-Oct-2017,26-Oct-2017,PE,10550,0,0,0,422.25,0,391.5,0,0,0,0,0,10146.55
NIFTY,19-Oct-2017,26-Oct-2017,PE,10600,481.7,481.7,441.9,469.15,441.9,469.15,17,141.13,5.98,11250,75,10146.55
NIFTY,19-Oct-2017,26-Oct-2017,PE,10650,0,0,0,502.35,0,490.85,0,0,0,0,0,10146.55
NIFTY,19-Oct-2017,26-Oct-2017,PE,10700,479.9,555.65,479.9,555.65,555.65,555.65,29,243.22,10.5,16275,1950,10146.55
NIFTY,19-Oct-2017,26-Oct-2017,PE,10750,0,0,0,587.25,0,590.65,0,0,0,0,0,10146.55
NIFTY,19-Oct-2017,26-Oct-2017,PE,10800,0,0,0,552.75,552.75,640.55,0,0,0,4575,0,10146.55
NIFTY,19-Oct-2017,26-Oct-2017,PE,10850,0,0,0,676.05,0,690.5,0,0,0,0,0,10146.55
NIFTY,23-Oct-2017,26-Oct-2017,PE,9200,1,1.7,0.6,0.8,0.65,0.8,2668,18410.98,1.78,655425,-51750,10184.85
NIFTY,23-Oct-2017,26-Oct-2017,PE,9250,1,1.3,1,1.3,1.3,1.3,5,34.69,0,1050,0,10184.85
NIFTY,23-Oct-2017,26-Oct-2017,PE,9300,1.9,1.9,0.6,0.9,0.6,0.9,7805,54446.25,6.38,1097475,-23850,10184.85
NIFTY,23-Oct-2017,26-Oct-2017,PE,9350,1,1,1,1,1,1,1,7.01,0,2700,0,10184.85
NIFTY,23-Oct-2017,26-Oct-2017,PE,9400,2.3,2.3,1,1.15,1,1.15,12696,89520.03,13.23,1724100,-145800,10184.85
NIFTY,23-Oct-2017,26-Oct-2017,PE,9450,1.7,2.1,1.15,1.25,1.15,1.25,213,1509.89,.25,28500,-7875,10184.85
NIFTY,23-Oct-2017,26-Oct-2017,PE,9500,3.1,3.1,1.2,1.4,1.3,1.4,24451,174245.08,31.7,3613875,-53775,10184.85
NIFTY,23-Oct-2017,26-Oct-2017,PE,9550,2.5,2.7,1.3,1.4,1.35,1.4,828,5931.7,1.15,70575,-5100,10184.85
NIFTY,23-Oct-2017,26-Oct-2017,PE,9600,2.9,3.35,1.4,1.6,1.5,1.6,28019,201784.79,47.99,2429025,-114375,10184.85
NIFTY,23-Oct-2017,26-Oct-2017,PE,9650,2.95,4.45,1.65,1.85,1.65,1.85,1971,14269.14,4.03,88650,-28350,10184.85
NIFTY,23-Oct-2017,26-Oct-2017,PE,9700,5.8,5.8,1.9,2.2,2,2.2,50718,369092.4,118.95,3813825,130800,10184.85
NIFTY,23-Oct-2017,26-Oct-2017,PE,9750,6,8.5,2.25,2.45,2.3,2.45,6958,50902.71,22.33,231525,-17175,10184.85
NIFTY,23-Oct-2017,26-Oct-2017,PE,9800,9,9,2.8,3.25,2.8,3.25,98665,725573.06,385.31,4380075,-147525,10184.85
NIFTY,23-Oct-2017,26-Oct-2017,PE,9850,11.05,11.05,3.4,4.05,3.4,4.05,15101,111635.32,76.68,515025,97800,10184.85
NIFTY,23-Oct-2017,26-Oct-2017,PE,9900,12.9,14.4,4.75,5.55,5.55,5.55,183029,1360225.69,1235.36,4742700,276150,10184.85
NIFTY,23-Oct-2017,26-Oct-2017,PE,9950,16,19.6,6.45,7.55,6.7,7.55,45458,339638.54,408.22,795975,133875,10184.85
NIFTY,23-Oct-2017,26-Oct-2017,PE,10000,20,26.2,9,10.65,9.05,10.65,340160,2555339.33,4139.33,6974400,-543900,10184.85
NIFTY,23-Oct-2017,26-Oct-2017,PE,10050,21.75,35.65,12.05,14.75,12.9,14.75,69717,526662.49,1170.6,1036425,342300,10184.85
NIFTY,23-Oct-2017,26-Oct-2017,PE,10100,38.95,50.75,16.6,22.5,19.55,22.5,456597,3469617.73,10895.45,5493825,934725,10184.85
NIFTY,23-Oct-2017,26-Oct-2017,PE,10150,52.2,71,23.75,33.35,30.4,33.35,105209,804508.05,3604.54,1296675,396675,10184.85
NIFTY,23-Oct-2017,26-Oct-2017,PE,10200,64.85,100,35.8,51.75,47.9,51.75,371257,2858717.29,18601.24,3323475,-542475,10184.85
NIFTY,23-Oct-2017,26-Oct-2017,PE,10250,95.9,135.45,56.3,78.45,72.3,78.45,25882,200856.15,1888.27,465975,-437550,10184.85
NIFTY,23-Oct-2017,26-Oct-2017,PE,10300,145.8,181.1,88.4,117,110.05,117,76996,602599.24,7805.14,749925,-399600,10184.85
NIFTY,23-Oct-2017,26-Oct-2017,PE,10350,170.1,226.8,128,160.6,156,160.6,245,1935.41,33.6,14250,-1050,10184.85
NIFTY,23-Oct-2017,26-Oct-2017,PE,10400,225.2,275,172.95,208.6,202.75,208.6,6449,51368.41,1066.21,159750,-89850,10184.85
NIFTY,23-Oct-2017,26-Oct-2017,PE,10450,281.2,281.2,281.2,281.2,281.2,281.2,1,8.05,.21,1275,-75,10184.85
NIFTY,23-Oct-2017,26-Oct-2017,PE,10500,313.35,373.3,269.25,309.5,299.85,309.5,5063,41138.25,1267.13,532200,-144975,10184.85
NIFTY,23-Oct-2017,26-Oct-2017,PE,10550,0,0,0,422.25,0,359.75,0,0,0,0,0,10184.85
NIFTY,23-Oct-2017,26-Oct-2017,PE,10600,399.2,469,386.95,409.15,409.05,409.15,30,248.18,9.68,11025,-225,10184.85
NIFTY,23-Oct-2017,26-Oct-2017,PE,10650,0,0,0,502.35,0,459.7,0,0,0,0,0,10184.85
NIFTY,23-Oct-2017,26-Oct-2017,PE,10700,488.4,550.65,475.8,520.3,520.3,520.3,12,100.96,4.66,15750,-525,10184.85
NIFTY,23-Oct-2017,26-Oct-2017,PE,10750,0,0,0,587.25,0,559.65,0,0,0,0,0,10184.85
NIFTY,23-Oct-2017,26-Oct-2017,PE,10800,625,669,607.95,607.95,607.95,607.95,26,223.33,12.73,3375,-1200,10184.85
NIFTY,23-Oct-2017,26-Oct-2017,PE,10850,0,0,0,676.05,0,659.6,0,0,0,0,0,10184.85
NIFTY,24-Oct-2017,26-Oct-2017,PE,9200,0.5,0.75,0.45,0.55,0.5,0.55,1663,11475.44,.74,634125,-21300,10207.7
NIFTY,24-Oct-2017,26-Oct-2017,PE,9250,0.05,0.55,0.05,0.55,0.55,0.55,4,27.75,0,1050,0,10207.7
NIFTY,24-Oct-2017,26-Oct-2017,PE,9300,0.25,0.9,0.25,0.7,0.55,0.7,5515,38470.05,2.93,1025850,-71625,10207.7
NIFTY,24-Oct-2017,26-Oct-2017,PE,9350,0,0,0,1,1,0,0,0,0,2700,0,10207.7
NIFTY,24-Oct-2017,26-Oct-2017,PE,9400,0.7,1,0.7,0.9,0.7,0.9,5944,41908.88,3.68,1664400,-59700,10207.7
NIFTY,24-Oct-2017,26-Oct-2017,PE,9450,0.1,1.15,0.1,0.9,0.8,0.9,202,1431.82,.14,23550,-4950,10207.7
NIFTY,24-Oct-2017,26-Oct-2017,PE,9500,0.95,1.25,0.75,1.05,0.9,1.05,14431,102832.07,11.2,3533475,-80400,10207.7
NIFTY,24-Oct-2017,26-Oct-2017,PE,9550,1.1,1.3,0.2,1.1,1.15,1.1,618,4426.87,.45,57525,-13050,10207.7
NIFTY,24-Oct-2017,26-Oct-2017,PE,9600,1.2,1.45,1,1.25,1.25,1.25,23808,171439.64,22.04,2347125,-81900,10207.7
NIFTY,24-Oct-2017,26-Oct-2017,PE,9650,1.45,1.65,1.1,1.3,1.25,1.3,643,4654.36,.65,84450,-4200,10207.7
NIFTY,24-Oct-2017,26-Oct-2017,PE,9700,1.75,1.95,1.25,1.55,1.55,1.55,45227,329079.69,53.27,3605850,-207975,10207.7
NIFTY,24-Oct-2017,26-Oct-2017,PE,9750,1.8,2.2,1.45,1.75,1.75,1.75,3240,23696.7,4.2,208350,-23175,10207.7
NIFTY,24-Oct-2017,26-Oct-2017,PE,9800,2.45,2.85,1.8,2.15,2.15,2.15,68367,502608.44,110.99,4280550,-99525,10207.7
NIFTY,24-Oct-2017,26-Oct-2017,PE,9850,3.4,4.35,2.15,2.4,2.5,2.4,8358,61761.73,17.01,425400,-89625,10207.7
NIFTY,24-Oct-2017,26-Oct-2017,PE,9900,4.2,5,2.75,3.05,3.05,3.05,85024,631521.64,218.44,4755450,12750,10207.7
NIFTY,24-Oct-2017,26-Oct-2017,PE,9950,5.85,7.15,3.6,4,3.8,4,30893,230647,107.99,928875,132900,10207.7
NIFTY,24-Oct-2017,26-Oct-2017,PE,10000,8.95,10.2,4.95,5.55,5.35,5.55,223029,1673808.47,1090.97,7056825,82425,10207.7
NIFTY,24-Oct-2017,26-Oct-2017,PE,10050,10.4,14.75,6.65,7.6,7.35,7.6,76113,574226.7,524.96,871725,-164700,10207.7
NIFTY,24-Oct-2017,26-Oct-2017,PE,10100,16.15,22.95,10.6,12.25,11.8,12.25,329801,2501799.54,3556.96,6023700,529875,10207.7
NIFTY,24-Oct-2017,26-Oct-2017,PE,10150,30.4,35,17.25,20.5,19.95,20.5,131031,999769.15,2295.66,1362150,65475,10207.7
NIFTY,24-Oct-2017,26-Oct-2017,PE,10200,43,54.6,28.1,35.65,34.75,35.65,414429,3182383.09,12001.24,4418700,1095225,10207.7
NIFTY,24-Oct-2017,26-Oct-2017,PE,10250,67.1,81.35,45.25,57.1,55.95,57.1,41492,320825.15,1855.4,549450,83475,10207.7
NIFTY,24-Oct-2017,26-Oct-2017,PE,10300,104.35,120.3,74.55,89.85,88.6,89.85,97558,760570.43,6934.88,1149000,399075,10207.7
NIFTY,24-Oct-2017,26-Oct-2017,PE,10350,154.7,160.95,119.05,131.65,129.6,131.65,292,2296.57,29.92,15675,1425,10207.7
NIFTY,24-Oct-2017,26-Oct-2017,PE,10400,192.2,209.5,156.2,177.3,177.1,177.3,5913,46922.32,800.92,109425,-50325,10207.7
NIFTY,24-Oct-2017,26-Oct-2017,PE,10450,219.3,245,219.3,238,238,238,6,48.09,1.06,975,-300,10207.7
NIFTY,24-Oct-2017,26-Oct-2017,PE,10500,292.75,306.7,252.9,275,273.7,275,4405,35598.98,909.6,405000,-127200,10207.7
NIFTY,24-Oct-2017,26-Oct-2017,PE,10550,0,0,0,422.25,0,338.7,0,0,0,0,0,10207.7
NIFTY,24-Oct-2017,26-Oct-2017,PE,10600,382.1,399.7,360.5,375.6,375.6,375.6,125,1029.13,35.38,7425,-3600,10207.7
NIFTY,24-Oct-2017,26-Oct-2017,PE,10650,0,0,0,502.35,0,438.7,0,0,0,0,0,10207.7
NIFTY,24-Oct-2017,26-Oct-2017,PE,10700,473.65,488,460.75,474.75,475.75,474.75,135,1131.54,48.16,9675,-6075,10207.7
NIFTY,24-Oct-2017,26-Oct-2017,PE,10750,0,0,0,587.25,0,538.65,0,0,0,0,0,10207.7
NIFTY,24-Oct-2017,26-Oct-2017,PE,10800,0,0,0,607.95,607.95,588.65,0,0,0,3375,0,10207.7
NIFTY,24-Oct-2017,26-Oct-2017,PE,10850,0,0,0,676.05,0,638.6,0,0,0,0,0,10207.7
NIFTY,25-Oct-2017,26-Oct-2017,PE,9200,0.5,0.7,0.2,0.25,0.2,0.25,1553,10716.15,.45,566700,-67425,10295.35
NIFTY,25-Oct-2017,26-Oct-2017,PE,9250,0,0,0,0.55,0.55,0,0,0,0,1050,0,10295.35
NIFTY,25-Oct-2017,26-Oct-2017,PE,9300,0.15,0.75,0.15,0.4,0.35,0.4,4038,28166.59,1.54,938925,-86925,10295.35
NIFTY,25-Oct-2017,26-Oct-2017,PE,9350,2.95,2.95,2.95,2.95,2.95,2.95,1,7.01,0,2700,0,10295.35
NIFTY,25-Oct-2017,26-Oct-2017,PE,9400,0.85,0.85,0.25,0.4,0.35,0.4,6712,47322.23,2.63,1601100,-63300,10295.35
NIFTY,25-Oct-2017,26-Oct-2017,PE,9450,0.75,0.75,0.05,0.2,0.1,0.2,310,2197.23,.11,21900,-1650,10295.35
NIFTY,25-Oct-2017,26-Oct-2017,PE,9500,0.75,0.95,0.3,0.55,0.35,0.55,24351,173512.2,11.32,3153825,-379650,10295.35
NIFTY,25-Oct-2017,26-Oct-2017,PE,9550,0.1,0.8,0.1,0.1,0.1,0.1,285,2041.45,.14,55575,-1950,10295.35
NIFTY,25-Oct-2017,26-Oct-2017,PE,9600,0.45,1.35,0.45,0.6,0.55,0.6,17737,127716.38,9.98,2063775,-283350,10295.35
NIFTY,25-Oct-2017,26-Oct-2017,PE,9650,1.2,1.25,0.3,0.55,0.55,0.55,810,5862.85,.47,78150,-6300,10295.35
NIFTY,25-Oct-2017,26-Oct-2017,PE,9700,1,1.55,0.6,0.65,0.65,0.65,31516,229300.21,21.31,3308850,-297000,10295.35
NIFTY,25-Oct-2017,26-Oct-2017,PE,9750,0.7,1.5,0.55,0.65,0.55,0.65,2624,19189.88,1.88,169500,-38850,10295.35
NIFTY,25-Oct-2017,26-Oct-2017,PE,9800,1,1.8,0.65,0.75,0.7,0.75,59514,437474.44,46.54,3943200,-337350,10295.35
NIFTY,25-Oct-2017,26-Oct-2017,PE,9850,1,2.05,0.55,0.75,0.55,0.75,6121,45224.29,5.4,334725,-90675,10295.35
NIFTY,25-Oct-2017,26-Oct-2017,PE,9900,1.65,2.5,0.65,0.85,0.65,0.85,86253,640514.28,85.75,4297500,-457950,10295.35
NIFTY,25-Oct-2017,26-Oct-2017,PE,9950,1.05,2.75,0.55,0.95,0.75,0.95,24237,180896.17,27.56,657675,-271200,10295.35
NIFTY,25-Oct-2017,26-Oct-2017,PE,10000,3,3.45,0.8,1.05,0.85,1.05,223877,1679386.47,308.97,6319650,-737175,10295.35
NIFTY,25-Oct-2017,26-Oct-2017,PE,10050,2.55,4.7,0.9,1.15,0.9,1.15,62610,472036.65,113.77,579150,-292575,10295.35
NIFTY,25-Oct-2017,26-Oct-2017,PE,10100,2.25,8,1.5,2,1.6,2,322712,2445511.02,967.62,4336950,-1686750,10295.35
NIFTY,25-Oct-2017,26-Oct-2017,PE,10150,10,10.6,2.3,3.55,2.8,3.55,135529,1032352.15,637.64,985350,-376800,10295.35
NIFTY,25-Oct-2017,26-Oct-2017,PE,10200,5.6,18.75,5.6,7.25,6.45,7.25,537759,4118486.29,4629.94,4543350,124650,10295.35
NIFTY,25-Oct-2017,26-Oct-2017,PE,10250,5.1,34.45,5.1,14.8,13.5,14.8,191682,1476411.89,2856.51,1424550,875100,10295.35
NIFTY,25-Oct-2017,26-Oct-2017,PE,10300,13,61.5,13,31.9,32,31.9,372713,2889894.03,10686.1,2794650,1645650,10295.35
NIFTY,25-Oct-2017,26-Oct-2017,PE,10350,63.65,100.6,46.2,63.6,65,63.6,15912,124294.71,777.81,119550,103875,10295.35
NIFTY,25-Oct-2017,26-Oct-2017,PE,10400,98.9,147,83.5,108.95,109.4,108.95,37993,299446.07,3100.67,149625,40200,10295.35
NIFTY,25-Oct-2017,26-Oct-2017,PE,10450,135,145.65,135,145.65,145.65,145.65,2,15.89,.21,900,-75,10295.35
NIFTY,25-Oct-2017,26-Oct-2017,PE,10500,175,242.45,168.6,205.1,206.2,205.1,4638,37246.27,722.02,356025,-48975,10295.35
NIFTY,25-Oct-2017,26-Oct-2017,PE,10550,0,0,0,422.25,0,252.85,0,0,0,0,0,10295.35
NIFTY,25-Oct-2017,26-Oct-2017,PE,10600,283.75,342.65,278.9,305.35,309.8,305.35,264,2160.96,62.16,7350,-75,10295.35
NIFTY,25-Oct-2017,26-Oct-2017,PE,10650,0,0,0,502.35,0,352.85,0,0,0,0,0,10295.35
NIFTY,25-Oct-2017,26-Oct-2017,PE,10700,365,440,365,410.9,411.7,410.9,93,775.34,29.01,7425,-2250,10295.35
NIFTY,25-Oct-2017,26-Oct-2017,PE,10750,0,0,0,587.25,0,452.85,0,0,0,0,0,10295.35
NIFTY,25-Oct-2017,26-Oct-2017,PE,10800,530,530,484.3,492,492,492,9,76.24,3.34,3375,0,10295.35
NIFTY,25-Oct-2017,26-Oct-2017,PE,10850,0,0,0,676.05,0,552.8,0,0,0,0,0,10295.35
NIFTY,26-Oct-2017,26-Oct-2017,PE,9200,0.1,0.1,0.05,0.05,0.05,0,1830,12627.08,.08,551250,-15450,10343.8
NIFTY,26-Oct-2017,26-Oct-2017,PE,9250,0,0,0,0.55,0.55,0,0,0,0,1050,0,10343.8
NIFTY,26-Oct-2017,26-Oct-2017,PE,9300,0.1,0.1,0.05,0.05,0.05,0,5368,37442.02,.22,942375,3450,10343.8
NIFTY,26-Oct-2017,26-Oct-2017,PE,9350,0.05,0.2,0.05,0.05,0.05,0,11,77.14,0,2550,-150,10343.8
NIFTY,26-Oct-2017,26-Oct-2017,PE,9400,0.1,0.1,0.05,0.05,0.05,0,7254,51140.99,.29,1494450,-106650,10343.8
NIFTY,26-Oct-2017,26-Oct-2017,PE,9450,0.05,0.05,0.05,0.05,0.05,0,107,758.37,0,21375,-525,10343.8
NIFTY,26-Oct-2017,26-Oct-2017,PE,9500,0.15,0.15,0.05,0.05,0.05,0,16778,119543.94,.69,3159600,5775,10343.8
NIFTY,26-Oct-2017,26-Oct-2017,PE,9550,0.05,0.1,0.05,0.05,0.05,0,101,723.42,0,51900,-3675,10343.8
NIFTY,26-Oct-2017,26-Oct-2017,PE,9600,0.15,0.15,0.05,0.05,0.05,0,16859,121385.53,.73,2172525,108750,10343.8
NIFTY,26-Oct-2017,26-Oct-2017,PE,9650,0.05,0.15,0.05,0.05,0.05,0,937,6781.58,.04,86625,8475,10343.8
NIFTY,26-Oct-2017,26-Oct-2017,PE,9700,0.1,0.1,0.05,0.1,0.05,0,19925,144955.28,.91,3211875,-96975,10343.8
NIFTY,26-Oct-2017,26-Oct-2017,PE,9750,0.2,0.2,0.05,0.1,0.05,0,1632,11934.09,.09,163350,-6150,10343.8
NIFTY,26-Oct-2017,26-Oct-2017,PE,9800,0.15,0.2,0.05,0.05,0.05,0,56164,412808.45,3.05,3960600,17400,10343.8
NIFTY,26-Oct-2017,26-Oct-2017,PE,9850,0.2,0.2,0.05,0.05,0.05,0,4929,36413.31,.32,305850,-28875,10343.8
NIFTY,26-Oct-2017,26-Oct-2017,PE,9900,0.2,0.2,0.05,0.05,0.05,0,60450,448844.39,3.14,4213650,-83850,10343.8
NIFTY,26-Oct-2017,26-Oct-2017,PE,9950,0.15,0.4,0.05,0.05,0.05,0,10465,78095.81,.75,664050,6375,10343.8
NIFTY,26-Oct-2017,26-Oct-2017,PE,10000,0.35,0.35,0.05,0.05,0.05,0,121550,911632.11,7.11,5492325,-827325,10343.8
NIFTY,26-Oct-2017,26-Oct-2017,PE,10050,0.45,0.6,0.05,0.05,0.05,0,23071,173900.06,2.4,554700,-24450,10343.8
NIFTY,26-Oct-2017,26-Oct-2017,PE,10100,0.45,0.85,0.05,0.05,0.05,0,150356,1138980.83,34.13,3304800,-1032150,10343.8
NIFTY,26-Oct-2017,26-Oct-2017,PE,10150,1.1,2.5,0.05,0.05,0.05,0,175929,1339358.23,98.72,952275,-33075,10343.8
NIFTY,26-Oct-2017,26-Oct-2017,PE,10200,3.25,7.85,0.05,0.1,0.05,0,492168,3765786.49,701.29,4114725,-428625,10343.8
NIFTY,26-Oct-2017,26-Oct-2017,PE,10250,15,18,0.05,0.2,0.05,0,420829,3236983.7,1860.77,2400975,976425,10343.8
NIFTY,26-Oct-2017,26-Oct-2017,PE,10300,39.25,43,0.05,0.7,0.05,0,678297,5247553.81,7709.48,3348000,553350,10343.8
NIFTY,26-Oct-2017,26-Oct-2017,PE,10350,66.9,82.7,1.2,4.9,2.6,0,136287,1059948.5,2020.66,249900,130350,10343.8
NIFTY,26-Oct-2017,26-Oct-2017,PE,10400,116.85,127.7,41,51.5,48.55,0,61046,479891.35,3732.55,26550,-123075,10343.8
NIFTY,26-Oct-2017,26-Oct-2017,PE,10450,146.45,165.25,93.5,111.1,93.5,0,33,261.93,3.29,225,-675,10343.8
NIFTY,26-Oct-2017,26-Oct-2017,PE,10500,223.7,225.4,134.8,144.35,144.5,0,11814,94641.95,1606.7,19425,-336600,10343.8
NIFTY,26-Oct-2017,26-Oct-2017,PE,10550,0,0,0,422.25,0,0,0,0,0,0,0,10343.8
NIFTY,26-Oct-2017,26-Oct-2017,PE,10600,307.7,318.95,242.45,251.4,242.45,0,136,1109.36,28.16,1350,-6000,10343.8
NIFTY,26-Oct-2017,26-Oct-2017,PE,10650,0,0,0,502.35,0,0,0,0,0,0,0,10343.8
NIFTY,26-Oct-2017,26-Oct-2017,PE,10700,410,417.3,347.35,347.35,347.35,0,117,973.02,34.1,675,-6750,10343.8
NIFTY,26-Oct-2017,26-Oct-2017,PE,10750,0,0,0,587.25,0,0,0,0,0,0,0,10343.8
NIFTY,26-Oct-2017,26-Oct-2017,PE,10800,505,515.55,466.4,476.65,476.65,0,53,448.68,19.38,0,-3375,10343.8
NIFTY,26-Oct-2017,26-Oct-2017,PE,10850,0,0,0,676.05,0,0,0,0,0,0,0,10343.8
