NIFTY,28-Sep-2017,26-Oct-2017,CE,9500,292.15,350,288,333.35,325.05,333.35,6438,47419.55,1548.8,658875,213375,9768.95
NIFTY,28-Sep-2017,26-Oct-2017,CE,9550,298,298,298,298,298,298,2,14.77,.45,150,150,9768.95
NIFTY,28-Sep-2017,26-Oct-2017,CE,9600,231.65,271,212.45,250.15,247,250.15,11223,82802.43,1996.83,468300,247425,9768.95
NIFTY,28-Sep-2017,26-Oct-2017,CE,9650,188,188,188,188,188,188,2,14.76,.28,150,150,9768.95
NIFTY,28-Sep-2017,26-Oct-2017,CE,9700,165.6,198.45,148.65,183.9,176.4,183.9,43654,323221.63,5638.78,1286475,778725,9768.95
NIFTY,28-Sep-2017,26-Oct-2017,CE,9750,141.95,166,120.3,150.8,151.9,150.8,2478,18388.84,268.46,68250,30300,9768.95
NIFTY,28-Sep-2017,26-Oct-2017,CE,9800,123.9,135.95,98.5,123.5,121,123.5,86899,646275.49,7567.84,2308050,1182600,9768.95
NIFTY,28-Sep-2017,26-Oct-2017,CE,9850,75,109,75,98.05,96.8,98.05,5131,38260.86,355.6,143550,52050,9768.95
NIFTY,28-Sep-2017,26-Oct-2017,CE,9900,70.6,85.5,59.5,76.6,73.1,76.6,83092,621402.77,4444.67,2506575,829350,9768.95
NIFTY,28-Sep-2017,26-Oct-2017,CE,9950,59,65.35,45.05,58.8,56,58.8,2626,19703.78,107.25,168675,17100,9768.95
NIFTY,28-Sep-2017,26-Oct-2017,CE,10000,45.35,49.5,34.2,44.25,42.05,44.25,82365,620287.97,2550.47,4065900,851025,9768.95
NIFTY,28-Sep-2017,26-Oct-2017,CE,10050,34.7,36.5,25.6,32.75,31.5,32.75,1337,10108.3,30.67,98400,16950,9768.95
NIFTY,28-Sep-2017,26-Oct-2017,CE,10100,24.55,26.95,18.35,24.5,23.2,24.5,49765,377809.53,839.66,2014800,249600,9768.95
NIFTY,28-Sep-2017,26-Oct-2017,CE,10150,12,25,12,18.55,18.75,18.55,727,5543.78,9.49,113775,13350,9768.95
NIFTY,28-Sep-2017,26-Oct-2017,CE,10200,14.2,15.1,11,13.75,12.65,13.75,43208,330958.37,417.17,2292525,202350,9768.95
NIFTY,28-Sep-2017,26-Oct-2017,CE,10250,11,12.35,7.85,10.9,10.3,10.9,977,7518.13,7.44,112500,12825,9768.95
NIFTY,28-Sep-2017,26-Oct-2017,CE,10300,7.85,8.95,6.55,7.75,7.1,7.75,28322,218948.09,160.64,1715025,114675,9768.95
NIFTY,28-Sep-2017,26-Oct-2017,CE,10350,6.05,7.95,5.5,6.6,6.25,6.6,76,590.32,.37,7575,3450,9768.95
NIFTY,28-Sep-2017,26-Oct-2017,CE,10400,24,24,4,4.65,4.5,4.65,21027,164086.63,76.03,1264800,321225,9768.95
NIFTY,28-Sep-2017,26-Oct-2017,CE,10450,6.5,6.5,3.05,3.5,3.5,3.5,162,1270.2,.53,15075,9150,9768.95
NIFTY,28-Sep-2017,26-Oct-2017,CE,10500,4.55,4.55,2.45,3.2,3.25,3.2,24295,191381.65,58.53,1738650,262125,9768.95
NIFTY,28-Sep-2017,26-Oct-2017,CE,10550,0,0,0,7,7,3.4,0,0,0,375,0,9768.95
NIFTY,28-Sep-2017,26-Oct-2017,CE,10600,2.85,2.9,1.65,2.35,2.2,2.35,3533,28093.29,5.94,573825,8625,9768.95
NIFTY,28-Sep-2017,26-Oct-2017,CE,10650,0,0,0,41.75,0,1.7,0,0,0,0,0,9768.95
NIFTY,28-Sep-2017,26-Oct-2017,CE,10700,1.85,2.2,1.15,1.4,1.4,1.4,1711,13732.62,1.85,327000,62625,9768.95
NIFTY,28-Sep-2017,26-Oct-2017,CE,10750,0,0,0,19,19,0.8,0,0,0,0,0,9768.95
NIFTY,28-Sep-2017,26-Oct-2017,CE,10800,1.65,1.65,0.85,0.9,0.85,0.9,3634,29438.17,2.77,248325,124650,9768.95
NIFTY,28-Sep-2017,26-Oct-2017,CE,10850,0,0,0,18.5,18.5,0.35,0,0,0,0,0,9768.95
NIFTY,28-Sep-2017,26-Oct-2017,CE,9200,557.5,614,544.8,593.2,593,593.2,1038,7611.51,449.31,297075,32550,9768.95
NIFTY,28-Sep-2017,26-Oct-2017,CE,9250,0,0,0,920.3,0,570.8,0,0,0,0,0,9768.95
NIFTY,28-Sep-2017,26-Oct-2017,CE,9300,472.6,520.25,453.65,498.6,498.25,498.6,880,6462.6,324.6,153900,44175,9768.95
NIFTY,28-Sep-2017,26-Oct-2017,CE,9350,0,0,0,824.5,0,478.6,0,0,0,0,0,9768.95
NIFTY,28-Sep-2017,26-Oct-2017,CE,9400,382.05,434.95,368.8,407.1,408.6,407.1,1539,11314.42,464.47,191925,22725,9768.95
NIFTY,28-Sep-2017,26-Oct-2017,CE,9450,0,0,0,730.5,0,391.3,0,0,0,0,0,9768.95
NIFTY,29-Sep-2017,26-Oct-2017,CE,9800,140,164.25,111.25,118.4,114.25,118.4,122188,910941.57,12859.77,2213550,-94500,9788.6
NIFTY,29-Sep-2017,26-Oct-2017,CE,9850,120.45,132.4,87.1,92.6,90.2,92.6,12892,96322.79,1083.14,214650,71100,9788.6
NIFTY,29-Sep-2017,26-Oct-2017,CE,9900,85.25,103.4,65.15,70.25,67.65,70.25,178959,1340260.65,11490.08,3381075,874500,9788.6
NIFTY,29-Sep-2017,26-Oct-2017,CE,9950,62.95,78.8,48.3,52.05,52,52.05,8569,64368.29,422.12,219750,51075,9788.6
NIFTY,29-Sep-2017,26-Oct-2017,CE,10000,47.65,58.6,34.5,37.65,36.05,37.65,176019,1326450.56,6308.06,4837800,771900,9788.6
NIFTY,29-Sep-2017,26-Oct-2017,CE,10050,38,42.05,24.2,26.55,25.3,26.55,4533,34281.39,113.9,132150,33750,9788.6
NIFTY,29-Sep-2017,26-Oct-2017,CE,10100,27,30.3,17.5,19.1,18.8,19.1,93389,709159.89,1738.21,2592900,578100,9788.6
NIFTY,29-Sep-2017,26-Oct-2017,CE,10150,4,21.4,4,13.6,15,13.6,3394,25882.15,45.32,159750,45975,9788.6
NIFTY,29-Sep-2017,26-Oct-2017,CE,10200,20.7,20.7,9.3,10.15,9.9,10.15,68361,523609.23,647.58,2548200,255675,9788.6
NIFTY,29-Sep-2017,26-Oct-2017,CE,10250,10.85,12,7.1,7.9,7.65,7.9,1871,14396.99,13.67,146025,33525,9788.6
NIFTY,29-Sep-2017,26-Oct-2017,CE,10300,9.2,9.2,5.35,5.75,5.8,5.75,41019,317086.1,214.32,1955100,240075,9788.6
NIFTY,29-Sep-2017,26-Oct-2017,CE,10350,7,7,3.15,3.95,4.9,3.95,303,2353.14,1.1,17325,9750,9788.6
NIFTY,29-Sep-2017,26-Oct-2017,CE,10400,5.3,5.8,3.15,3.45,3.35,3.45,24043,187607.21,71.81,1226250,-38550,9788.6
NIFTY,29-Sep-2017,26-Oct-2017,CE,10450,4.5,4.5,2.9,3.1,3,3.1,248,1944.36,.66,25725,10650,9788.6
NIFTY,29-Sep-2017,26-Oct-2017,CE,10500,3.75,3.75,2.35,2.5,2.5,2.5,25202,198515.92,50.17,2022225,283575,9788.6
NIFTY,29-Sep-2017,26-Oct-2017,CE,10550,0,0,0,7,7,2.9,0,0,0,375,0,9788.6
NIFTY,29-Sep-2017,26-Oct-2017,CE,10600,2.45,2.45,1.7,1.8,1.95,1.8,6594,52431.53,9.23,603150,29325,9788.6
NIFTY,29-Sep-2017,26-Oct-2017,CE,10650,0,0,0,41.75,0,1.4,0,0,0,0,0,9788.6
NIFTY,29-Sep-2017,26-Oct-2017,CE,10700,1.15,1.5,1.1,1.25,1.3,1.25,1128,9053.25,1.05,305250,-21750,9788.6
NIFTY,29-Sep-2017,26-Oct-2017,CE,10750,3,3,3,3,3,3,1,8.06,0,75,75,9788.6
NIFTY,29-Sep-2017,26-Oct-2017,CE,10800,0.7,1,0.7,0.9,0.85,0.9,4204,34055.19,2.79,290550,42225,9788.6
NIFTY,29-Sep-2017,26-Oct-2017,CE,10850,0,0,0,18.5,18.5,0.3,0,0,0,0,0,9788.6
NIFTY,29-Sep-2017,26-Oct-2017,CE,9200,611.8,678.3,593.25,599.45,598.1,599.45,311,2294.5,148.6,293625,-3450,9788.6
NIFTY,29-Sep-2017,26-Oct-2017,CE,9250,0,0,0,920.3,0,586.55,0,0,0,0,0,9788.6
NIFTY,29-Sep-2017,26-Oct-2017,CE,9300,529.4,582.75,500,507.8,505.55,507.8,546,4032.01,223.66,153750,-150,9788.6
NIFTY,29-Sep-2017,26-Oct-2017,CE,9350,0,0,0,824.5,0,492.75,0,0,0,0,0,9788.6
NIFTY,29-Sep-2017,26-Oct-2017,CE,9400,466.45,489.65,410,422.1,411.65,422.1,847,6257.84,286.49,183675,-8250,9788.6
NIFTY,29-Sep-2017,26-Oct-2017,CE,9450,0,0,0,730.5,0,403.4,0,0,0,0,0,9788.6
NIFTY,29-Sep-2017,26-Oct-2017,CE,9500,349.55,401.9,323.45,330.1,325,330.1,2901,21457.56,787.93,664650,5775,9788.6
NIFTY,29-Sep-2017,26-Oct-2017,CE,9550,0,0,0,298,298,320.4,0,0,0,150,0,9788.6
NIFTY,29-Sep-2017,26-Oct-2017,CE,9600,269.65,314.45,243.25,251.4,248.15,251.4,6036,44742.91,1283.71,517725,49425,9788.6
NIFTY,29-Sep-2017,26-Oct-2017,CE,9650,236.75,247.1,194.85,201.35,194.85,201.35,25,185.27,4.34,1275,1125,9788.6
NIFTY,29-Sep-2017,26-Oct-2017,CE,9700,190.85,234.65,171.55,178.4,175.6,178.4,32256,239630.78,4968.38,1310175,23700,9788.6
NIFTY,29-Sep-2017,26-Oct-2017,CE,9750,160.85,197,140.75,147.2,144.1,147.2,2601,19347.64,327.83,72975,4725,9788.6
NIFTY,03-Oct-2017,26-Oct-2017,CE,10600,2,2,1.7,1.8,1.8,1.8,1473,11712.4,2.05,610875,7725,9859.5
NIFTY,03-Oct-2017,26-Oct-2017,CE,10650,0,0,0,41.75,0,1.4,0,0,0,0,0,9859.5
NIFTY,03-Oct-2017,26-Oct-2017,CE,10700,1.7,1.7,1.3,1.35,1.3,1.35,540,4334.09,.59,316125,10875,9859.5
NIFTY,03-Oct-2017,26-Oct-2017,CE,10750,3,3,1.5,1.5,1.5,1.5,4,32.26,.01,300,225,9859.5
NIFTY,03-Oct-2017,26-Oct-2017,CE,10800,1,1,0.85,0.9,0.9,0.9,321,2600.32,.22,281550,-9000,9859.5
NIFTY,03-Oct-2017,26-Oct-2017,CE,10850,0,0,0,18.5,18.5,0.25,0,0,0,0,0,9859.5
NIFTY,03-Oct-2017,26-Oct-2017,CE,9800,159,166.65,135.3,150.65,150,150.65,59025,440457.26,6623.51,2095275,-118275,9859.5
NIFTY,03-Oct-2017,26-Oct-2017,CE,9850,126.9,141.6,106.4,120.3,119.85,120.3,8928,66751.57,795.97,196875,-17775,9859.5
NIFTY,03-Oct-2017,26-Oct-2017,CE,9900,101.2,110.05,81.2,92.8,92,92.8,148366,1111870.54,10252.99,3397725,16650,9859.5
NIFTY,03-Oct-2017,26-Oct-2017,CE,9950,73,84.95,60.25,69.25,68.95,69.25,10410,78221.85,537.22,300675,80925,9859.5
NIFTY,03-Oct-2017,26-Oct-2017,CE,10000,54.3,60,42.95,50.55,50,50.55,144359,1088150.17,5457.67,4656300,-181500,9859.5
NIFTY,03-Oct-2017,26-Oct-2017,CE,10050,38,48.15,30.35,35.45,34.85,35.45,3671,27770.46,100.3,189600,57450,9859.5
NIFTY,03-Oct-2017,26-Oct-2017,CE,10100,25.75,31.55,21.3,24.7,24.45,24.7,79643,604804.18,1508.45,2808675,215775,9859.5
NIFTY,03-Oct-2017,26-Oct-2017,CE,10150,20,23.15,15.1,17.6,17,17.6,4321,32952.69,59.08,176550,16800,9859.5
NIFTY,03-Oct-2017,26-Oct-2017,CE,10200,14.1,16.4,10.75,12.2,12,12.2,53436,409293.59,508.19,2557650,9450,9859.5
NIFTY,03-Oct-2017,26-Oct-2017,CE,10250,10.25,10.25,8,8.65,8.2,8.65,1366,10510.59,9.47,148425,2400,9859.5
NIFTY,03-Oct-2017,26-Oct-2017,CE,10300,6.8,7.7,5.75,6.4,6.15,6.4,30029,232125.49,151.46,1998225,43125,9859.5
NIFTY,03-Oct-2017,26-Oct-2017,CE,10350,6.95,6.95,4.25,4.8,4.55,4.8,248,1926.05,.95,22275,4950,9859.5
NIFTY,03-Oct-2017,26-Oct-2017,CE,10400,3.45,4.7,3.3,3.55,3.4,3.55,13755,107327.51,38.51,1235025,8775,9859.5
NIFTY,03-Oct-2017,26-Oct-2017,CE,10450,5.75,5.75,1.65,2.95,2.7,2.95,729,5715.15,1.61,21150,-4575,9859.5
NIFTY,03-Oct-2017,26-Oct-2017,CE,10500,4.95,5.35,2.3,2.4,2.35,2.4,15929,125470.86,29.98,2062875,40650,9859.5
NIFTY,03-Oct-2017,26-Oct-2017,CE,10550,0,0,0,7,7,3.05,0,0,0,375,0,9859.5
NIFTY,03-Oct-2017,26-Oct-2017,CE,9200,626,677.35,626,665.45,663.55,665.45,140,1035.85,69.85,296625,3000,9859.5
NIFTY,03-Oct-2017,26-Oct-2017,CE,9250,0,0,0,920.3,0,647.85,0,0,0,0,0,9859.5
NIFTY,03-Oct-2017,26-Oct-2017,CE,9300,576,579,544.2,569.45,567.65,569.45,209,1546.35,88.58,157575,3825,9859.5
NIFTY,03-Oct-2017,26-Oct-2017,CE,9350,0,0,0,824.5,0,551.1,0,0,0,0,0,9859.5
NIFTY,03-Oct-2017,26-Oct-2017,CE,9400,481,488.8,451.95,479.7,476.75,479.7,947,7014.78,338.43,141750,-41925,9859.5
NIFTY,03-Oct-2017,26-Oct-2017,CE,9450,411.5,415,411.5,415,415,415,2,14.79,.62,0,0,9859.5
NIFTY,03-Oct-2017,26-Oct-2017,CE,9500,398.9,400.05,255.3,386.65,383.65,386.65,1606,11905,462.25,672975,8325,9859.5
NIFTY,03-Oct-2017,26-Oct-2017,CE,9550,0,0,0,298,298,368.25,0,0,0,150,0,9859.5
NIFTY,03-Oct-2017,26-Oct-2017,CE,9600,319.2,319.2,277.65,299.65,297.15,299.65,2160,16034.61,482.61,523125,5400,9859.5
NIFTY,03-Oct-2017,26-Oct-2017,CE,9650,256,256,237.95,251.75,251.75,251.75,7,51.94,1.28,1650,375,9859.5
NIFTY,03-Oct-2017,26-Oct-2017,CE,9700,233.15,239.65,201.25,221.2,217.3,221.2,13127,97653.27,2154.35,1206750,-103425,9859.5
NIFTY,03-Oct-2017,26-Oct-2017,CE,9750,201.05,201.05,167.5,183.5,180.1,183.5,536,3992.93,73.43,66975,-6000,9859.5
NIFTY,04-Oct-2017,26-Oct-2017,CE,10600,1.8,1.85,1.55,1.65,1.7,1.65,1901,15115.42,2.47,619800,8925,9914.9
NIFTY,04-Oct-2017,26-Oct-2017,CE,10650,0,0,0,41.75,0,1.8,0,0,0,0,0,9914.9
NIFTY,04-Oct-2017,26-Oct-2017,CE,10700,1.35,1.35,1.1,1.15,1.1,1.15,681,5465.65,.62,326475,10350,9914.9
NIFTY,04-Oct-2017,26-Oct-2017,CE,10750,0,0,0,1.5,1.5,0.75,0,0,0,300,0,9914.9
NIFTY,04-Oct-2017,26-Oct-2017,CE,10800,0.95,0.95,0.75,0.85,0.85,0.85,301,2438.28,.18,287625,6075,9914.9
NIFTY,04-Oct-2017,26-Oct-2017,CE,10850,0,0,0,18.5,18.5,0.3,0,0,0,0,0,9914.9
NIFTY,04-Oct-2017,26-Oct-2017,CE,9800,155.85,201.8,146.5,183.45,193,183.45,43199,323270.22,5757.57,1975650,-119625,9914.9
NIFTY,04-Oct-2017,26-Oct-2017,CE,9850,123.5,163.9,117.1,146.4,155.5,146.4,6128,45920.49,649.89,148200,-48675,9914.9
NIFTY,04-Oct-2017,26-Oct-2017,CE,9900,95.3,129.95,90.1,115.35,123.15,115.35,162950,1223706.01,13802.26,3331725,-66000,9914.9
NIFTY,04-Oct-2017,26-Oct-2017,CE,9950,72.35,99,67.15,86.5,93,86.5,20688,155722.99,1338.79,269100,-31575,9914.9
NIFTY,04-Oct-2017,26-Oct-2017,CE,10000,53.9,73.55,49.05,62.55,68.1,62.55,219616,1657571.27,10451.27,4309800,-346500,9914.9
NIFTY,04-Oct-2017,26-Oct-2017,CE,10050,35.45,51.9,34.35,43,47,43,10842,82089.27,367.69,413100,223500,9914.9
NIFTY,04-Oct-2017,26-Oct-2017,CE,10100,25.65,36.1,24,29.7,32.5,29.7,141584,1075783.93,3285.13,3190575,381900,9914.9
NIFTY,04-Oct-2017,26-Oct-2017,CE,10150,17.95,24,14.25,19,21.55,19,6308,48119.42,99.77,192300,15750,9914.9
NIFTY,04-Oct-2017,26-Oct-2017,CE,10200,12.2,16.6,11.9,13.55,14.8,13.55,82809,634387.73,898.88,2579475,21825,9914.9
NIFTY,04-Oct-2017,26-Oct-2017,CE,10250,7.95,11.4,7.95,9.55,10,9.55,3035,23353.81,22.25,162075,13650,9914.9
NIFTY,04-Oct-2017,26-Oct-2017,CE,10300,7.1,8.4,5.85,6.6,7.1,6.6,46290,357839.44,249.19,2085825,87600,9914.9
NIFTY,04-Oct-2017,26-Oct-2017,CE,10350,4.35,6.05,4.35,4.8,4.85,4.8,576,4473.45,2.25,35325,13050,9914.9
NIFTY,04-Oct-2017,26-Oct-2017,CE,10400,3.7,4.35,2.95,3.35,3.7,3.35,21187,165317.98,59.38,1418775,183750,9914.9
NIFTY,04-Oct-2017,26-Oct-2017,CE,10450,2.7,3.5,2.05,2.65,2.65,2.65,220,1724.71,.46,23775,2625,9914.9
NIFTY,04-Oct-2017,26-Oct-2017,CE,10500,2.35,2.65,2.15,2.35,2.5,2.35,17033,134166.56,31.69,2169750,106875,9914.9
NIFTY,04-Oct-2017,26-Oct-2017,CE,10550,3,3,2.25,2.65,2.65,2.65,57,451.11,.1,4425,4050,9914.9
NIFTY,04-Oct-2017,26-Oct-2017,CE,9200,669.4,743,666.3,726.7,736,726.7,191,1421,103.1,293100,-3525,9914.9
NIFTY,04-Oct-2017,26-Oct-2017,CE,9250,0,0,0,920.3,0,700.65,0,0,0,0,0,9914.9
NIFTY,04-Oct-2017,26-Oct-2017,CE,9300,571.1,644.95,570.2,621.05,638,621.05,299,2223.48,137.95,161250,3675,9914.9
NIFTY,04-Oct-2017,26-Oct-2017,CE,9350,0,0,0,824.5,0,602.65,0,0,0,0,0,9914.9
NIFTY,04-Oct-2017,26-Oct-2017,CE,9400,481,549,479.65,529.1,543,529.1,296,2203.73,116.93,139500,-2250,9914.9
NIFTY,04-Oct-2017,26-Oct-2017,CE,9450,0,0,0,415,415,506.65,0,0,0,0,0,9914.9
NIFTY,04-Oct-2017,26-Oct-2017,CE,9500,392.7,458.45,381.95,437.1,451,437.1,2312,17225.59,752.59,637350,-35625,9914.9
NIFTY,04-Oct-2017,26-Oct-2017,CE,9550,0,0,0,298,298,414.25,0,0,0,150,0,9914.9
NIFTY,04-Oct-2017,26-Oct-2017,CE,9600,308.3,367.35,295.15,350.4,359,350.4,2018,15040.78,511.18,515550,-7575,9914.9
NIFTY,04-Oct-2017,26-Oct-2017,CE,9650,280.2,315.35,280.2,304.5,305.6,304.5,28,208.97,6.32,900,-750,9914.9
NIFTY,04-Oct-2017,26-Oct-2017,CE,9700,227.8,281.5,215.8,261.55,272.75,261.55,10139,75708.43,1947.21,1027800,-178950,9914.9
NIFTY,04-Oct-2017,26-Oct-2017,CE,9750,184.65,237.55,180.45,223,228.55,223,485,3625.78,79.22,63375,-3600,9914.9
NIFTY,05-Oct-2017,26-Oct-2017,CE,10600,1.55,1.6,1.05,1.25,1.1,1.25,2215,17611.57,2.32,625275,5475,9888.7
NIFTY,05-Oct-2017,26-Oct-2017,CE,10650,0,0,0,41.75,0,0.95,0,0,0,0,0,9888.7
NIFTY,05-Oct-2017,26-Oct-2017,CE,10700,1.25,1.25,0.85,1,1,1,685,5497.65,.53,334950,8475,9888.7
NIFTY,05-Oct-2017,26-Oct-2017,CE,10750,2,2,0.3,1.25,0.3,1.25,70,564.46,.08,2850,2550,9888.7
NIFTY,05-Oct-2017,26-Oct-2017,CE,10800,0.85,0.85,0.65,0.75,0.75,0.75,295,2389.67,.17,284550,-3075,9888.7
NIFTY,05-Oct-2017,26-Oct-2017,CE,10850,0,0,0,18.5,18.5,0.15,0,0,0,0,0,9888.7
NIFTY,05-Oct-2017,26-Oct-2017,CE,9800,180.35,206.7,160.5,166.35,169,166.35,24563,183837.49,3299.44,1906725,-68925,9888.7
NIFTY,05-Oct-2017,26-Oct-2017,CE,9850,146,167.6,128.2,131.95,133.5,131.95,2407,18039.44,257.73,125400,-22800,9888.7
NIFTY,05-Oct-2017,26-Oct-2017,CE,9900,118.05,134.35,98.55,103.2,105,103.2,111693,838707.91,9387.38,3637500,305775,9888.7
NIFTY,05-Oct-2017,26-Oct-2017,CE,9950,86.75,102.85,73.75,76.85,77.25,76.85,20764,156259.15,1307.8,463650,194550,9888.7
NIFTY,05-Oct-2017,26-Oct-2017,CE,10000,87.35,87.35,51.6,54.45,55,54.45,182801,1379283.9,8276.4,4777275,467475,9888.7
NIFTY,05-Oct-2017,26-Oct-2017,CE,10050,44.1,53.4,35,36.6,36.6,36.6,12952,98036.62,410.92,547050,133950,9888.7
NIFTY,05-Oct-2017,26-Oct-2017,CE,10100,28,36.45,23.7,24.9,25,24.9,117754,894434.36,2447.81,3479325,288750,9888.7
NIFTY,05-Oct-2017,26-Oct-2017,CE,10150,19.85,30.3,15.4,16.3,15.85,16.3,3970,30276.92,55.29,231000,38700,9888.7
NIFTY,05-Oct-2017,26-Oct-2017,CE,10200,11.3,15.95,10.2,11.1,11,11.1,64024,490361.21,577.61,3031200,451725,9888.7
NIFTY,05-Oct-2017,26-Oct-2017,CE,10250,9.3,30,7.2,7.7,7.55,7.7,2227,17134.82,14.76,183600,21525,9888.7
NIFTY,05-Oct-2017,26-Oct-2017,CE,10300,7,7.2,4.9,5.2,5.1,5.2,36462,281823.8,154.85,2260875,175050,9888.7
NIFTY,05-Oct-2017,26-Oct-2017,CE,10350,4.55,4.95,3.05,3.7,3.5,3.7,223,1731.74,.7,38025,2700,9888.7
NIFTY,05-Oct-2017,26-Oct-2017,CE,10400,3.55,3.75,2.6,2.8,2.7,2.8,11051,86222.75,24.95,1454250,35475,9888.7
NIFTY,05-Oct-2017,26-Oct-2017,CE,10450,2.55,2.75,1.75,2.35,1.75,2.35,196,1536.51,.36,29925,6150,9888.7
NIFTY,05-Oct-2017,26-Oct-2017,CE,10500,2.1,2.45,1.8,1.9,1.85,1.9,15007,118203.35,23.23,2179650,9900,9888.7
NIFTY,05-Oct-2017,26-Oct-2017,CE,10550,0,0,0,2.65,2.65,2.3,0,0,0,4425,0,9888.7
NIFTY,05-Oct-2017,26-Oct-2017,CE,9200,729.3,754.25,692.6,699.6,704.05,699.6,53,394.85,29.15,290475,-2625,9888.7
NIFTY,05-Oct-2017,26-Oct-2017,CE,9250,0,0,0,920.3,0,672.8,0,0,0,0,0,9888.7
NIFTY,05-Oct-2017,26-Oct-2017,CE,9300,630,658.6,608,609.85,610,609.85,240,1787.55,113.55,156000,-5250,9888.7
NIFTY,05-Oct-2017,26-Oct-2017,CE,9350,0,0,0,824.5,0,574.75,0,0,0,0,0,9888.7
NIFTY,05-Oct-2017,26-Oct-2017,CE,9400,529.65,564,505.55,511.2,515,511.2,178,1325.47,70.57,136500,-3000,9888.7
NIFTY,05-Oct-2017,26-Oct-2017,CE,9450,0,0,0,415,415,478.75,0,0,0,0,0,9888.7
NIFTY,05-Oct-2017,26-Oct-2017,CE,9500,436,468.85,410,417.5,421,417.5,1381,10289.91,450.28,611475,-25875,9888.7
NIFTY,05-Oct-2017,26-Oct-2017,CE,9550,0,0,0,298,298,386.55,0,0,0,150,0,9888.7
NIFTY,05-Oct-2017,26-Oct-2017,CE,9600,345.2,376.9,319.75,327.3,330.75,327.3,1055,7870.78,274.78,501600,-13950,9888.7
NIFTY,05-Oct-2017,26-Oct-2017,CE,9650,0,0,0,304.5,305.6,300.6,0,0,0,900,0,9888.7
NIFTY,05-Oct-2017,26-Oct-2017,CE,9700,262.85,289.1,236.6,241.85,246.15,241.85,5117,38218.35,992.17,958800,-69000,9888.7
NIFTY,05-Oct-2017,26-Oct-2017,CE,9750,223,246.9,200,204.15,204.8,204.15,177,1322.97,28.66,62925,-450,9888.7
NIFTY,06-Oct-2017,26-Oct-2017,CE,10600,1.25,1.4,0.95,1.3,1.35,1.3,1323,10519.07,1.22,583875,-41400,9979.7
NIFTY,06-Oct-2017,26-Oct-2017,CE,10650,0,0,0,41.75,0,2.3,0,0,0,0,0,9979.7
NIFTY,06-Oct-2017,26-Oct-2017,CE,10700,0.9,1,0.75,0.9,0.85,0.9,617,4951.85,.42,329025,-5925,9979.7
NIFTY,06-Oct-2017,26-Oct-2017,CE,10750,0.25,0.25,0.25,0.25,0.25,0.25,35,282.19,.01,2850,0,9979.7
NIFTY,06-Oct-2017,26-Oct-2017,CE,10800,0.75,0.8,0.65,0.75,0.75,0.75,41,332.12,.02,284550,0,9979.7
NIFTY,06-Oct-2017,26-Oct-2017,CE,10850,0,0,0,18.5,18.5,0.4,0,0,0,0,0,9979.7
NIFTY,06-Oct-2017,26-Oct-2017,CE,9800,179.85,244.9,177.8,230.5,244.9,230.5,25365,190490.94,4058.19,1549575,-357150,9979.7
NIFTY,06-Oct-2017,26-Oct-2017,CE,9850,149.65,202.45,145.1,191.8,202.45,191.8,2047,15387.96,265.74,99450,-25950,9979.7
NIFTY,06-Oct-2017,26-Oct-2017,CE,9900,109.7,164.4,109.7,152.9,164.35,152.9,100880,759418.65,10384.65,3310425,-327075,9979.7
NIFTY,06-Oct-2017,26-Oct-2017,CE,9950,87.9,126.9,80,115.1,126.9,115.1,21459,161820.68,1682.89,423000,-40650,9979.7
NIFTY,06-Oct-2017,26-Oct-2017,CE,10000,60,96.35,58.05,87.8,96.35,87.8,200347,1514284.04,11681.54,4083300,-693975,9979.7
NIFTY,06-Oct-2017,26-Oct-2017,CE,10050,43.9,69.6,40.6,62.8,69.6,62.8,18145,137523.3,755.36,333675,-213375,9979.7
NIFTY,06-Oct-2017,26-Oct-2017,CE,10100,27.1,49.05,27,43,48.65,43,133139,1012249.56,3721.64,3662250,182925,9979.7
NIFTY,06-Oct-2017,26-Oct-2017,CE,10150,20.6,32.95,17.8,28.8,32.85,28.8,8165,62307,150.93,279600,48600,9979.7
NIFTY,06-Oct-2017,26-Oct-2017,CE,10200,13,22.45,11.5,18.95,22.2,18.95,93811,718783.33,1129.18,2942400,-88800,9979.7
NIFTY,06-Oct-2017,26-Oct-2017,CE,10250,8.75,14.4,8.15,12.5,13.95,12.5,2869,22077.96,22.52,183675,75,9979.7
NIFTY,06-Oct-2017,26-Oct-2017,CE,10300,5.3,9.5,5.1,8.15,9.5,8.15,39736,307166.95,206.35,2092275,-168600,9979.7
NIFTY,06-Oct-2017,26-Oct-2017,CE,10350,4.4,6,3.8,5.5,5.75,5.5,492,3820.96,1.81,49200,11175,9979.7
NIFTY,06-Oct-2017,26-Oct-2017,CE,10400,3.05,4.35,2.75,3.8,4.3,3.8,24623,192122.23,62.83,1611000,156750,9979.7
NIFTY,06-Oct-2017,26-Oct-2017,CE,10450,2.25,2.95,2.25,2.65,2.95,2.65,227,1779.54,.43,20175,-9750,9979.7
NIFTY,06-Oct-2017,26-Oct-2017,CE,10500,1.85,2.25,1.8,2.1,2.25,2.1,17095,134648.73,25.61,2213700,34050,9979.7
NIFTY,06-Oct-2017,26-Oct-2017,CE,10550,1.95,1.95,1.95,1.95,1.95,1.95,1,7.91,0,4500,75,9979.7
NIFTY,06-Oct-2017,26-Oct-2017,CE,9200,735.1,798.85,733.8,794.8,798.85,794.8,107,799.9,61.6,286950,-3525,9979.7
NIFTY,06-Oct-2017,26-Oct-2017,CE,9250,0,0,0,920.3,0,761.65,0,0,0,0,0,9979.7
NIFTY,06-Oct-2017,26-Oct-2017,CE,9300,632.7,708.05,632.65,693.25,708.05,693.25,98,733.17,49.62,155550,-450,9979.7
NIFTY,06-Oct-2017,26-Oct-2017,CE,9350,0,0,0,824.5,0,662.75,0,0,0,0,0,9979.7
NIFTY,06-Oct-2017,26-Oct-2017,CE,9400,539.95,607.65,539.85,601.6,607.6,601.6,212,1587.42,92.82,130050,-6450,9979.7
NIFTY,06-Oct-2017,26-Oct-2017,CE,9450,0,0,0,415,415,564.95,0,0,0,0,0,9979.7
NIFTY,06-Oct-2017,26-Oct-2017,CE,9500,438.95,515,438.7,505.65,515,505.65,582,4358.8,212.05,587700,-23775,9979.7
NIFTY,06-Oct-2017,26-Oct-2017,CE,9550,0,0,0,298,298,469.4,0,0,0,150,0,9979.7
NIFTY,06-Oct-2017,26-Oct-2017,CE,9600,351.45,422,350.95,409.5,421,409.5,1862,13947.83,541.43,438150,-63450,9979.7
NIFTY,06-Oct-2017,26-Oct-2017,CE,9650,318,343.5,318,343.5,343.5,343.5,3,22.45,.73,825,-75,9979.7
NIFTY,06-Oct-2017,26-Oct-2017,CE,9700,263.8,332.75,262.15,321.3,332.75,321.3,5563,41725.68,1254.85,849075,-109725,9979.7
NIFTY,06-Oct-2017,26-Oct-2017,CE,9750,226.65,285,222.05,272.9,285,272.9,210,1574.93,39.3,60075,-2850,9979.7
NIFTY,09-Oct-2017,26-Oct-2017,CE,9200,802.6,825.65,791,809.6,814.35,809.6,1116,8376.96,676.56,226275,-60675,9988.75
NIFTY,09-Oct-2017,26-Oct-2017,CE,9250,0,0,0,920.3,0,765.7,0,0,0,0,0,9988.75
NIFTY,09-Oct-2017,26-Oct-2017,CE,9300,720,728.25,700,710,710,710,71,533.11,37.88,157350,1800,9988.75
NIFTY,09-Oct-2017,26-Oct-2017,CE,9350,0,0,0,824.5,0,666.3,0,0,0,0,0,9988.75
NIFTY,09-Oct-2017,26-Oct-2017,CE,9400,608.4,621.4,598,608.95,608,608.95,31,232.72,14.17,129225,-825,9988.75
NIFTY,09-Oct-2017,26-Oct-2017,CE,9450,0,0,0,415,415,567.5,0,0,0,0,0,9988.75
NIFTY,09-Oct-2017,26-Oct-2017,CE,9500,493.65,532,486.25,516.65,522.2,516.65,894,6716.59,346.84,551475,-36225,9988.75
NIFTY,09-Oct-2017,26-Oct-2017,CE,9550,0,0,0,298,298,470.35,0,0,0,150,0,9988.75
NIFTY,09-Oct-2017,26-Oct-2017,CE,9600,395,436.5,391.2,419.8,422.55,419.8,1043,7837.22,327.62,430275,-7875,9988.75
NIFTY,09-Oct-2017,26-Oct-2017,CE,9650,363.25,385,363.25,385,385,385,2,15.04,.56,900,75,9988.75
NIFTY,09-Oct-2017,26-Oct-2017,CE,9700,307.8,346,301.5,329.3,333.65,329.3,1751,13166.37,427.84,817350,-31725,9988.75
NIFTY,09-Oct-2017,26-Oct-2017,CE,9750,256.6,297.95,256.5,281.8,284.7,281.8,53,398.73,11.17,58950,-1125,9988.75
NIFTY,09-Oct-2017,26-Oct-2017,CE,9800,222.65,256.5,215.5,242.15,243.95,242.15,11462,86305.77,2060.07,1409700,-139875,9988.75
NIFTY,09-Oct-2017,26-Oct-2017,CE,9850,179.65,213.5,175,199.8,203.45,199.8,553,4167.19,81.91,94125,-5325,9988.75
NIFTY,09-Oct-2017,26-Oct-2017,CE,9900,148.5,174.45,138,161.2,162.5,161.2,45732,345001.06,5440.96,3348525,38100,9988.75
NIFTY,09-Oct-2017,26-Oct-2017,CE,9950,113.45,136.45,104.1,123.85,124.95,123.85,7069,53399.87,647.45,416325,-6675,9988.75
NIFTY,09-Oct-2017,26-Oct-2017,CE,10000,89.4,104.85,76.4,92.95,95.05,92.95,195587,1480373.78,13471.28,4365000,281700,9988.75
NIFTY,09-Oct-2017,26-Oct-2017,CE,10050,52.45,75.75,52.45,66.35,67.8,66.35,19701,149455.05,958.76,534150,200475,9988.75
NIFTY,09-Oct-2017,26-Oct-2017,CE,10100,37.55,53.55,35.9,45.7,46.6,45.7,164017,1247984.59,5555.81,3848550,186300,9988.75
NIFTY,09-Oct-2017,26-Oct-2017,CE,10150,27.35,35.95,22.8,29.95,31,29.95,11596,88537.6,263.05,400725,121125,9988.75
NIFTY,09-Oct-2017,26-Oct-2017,CE,10200,16.85,24.3,15.8,19.7,20.5,19.7,122872,941779.28,1808.48,2989050,46650,9988.75
NIFTY,09-Oct-2017,26-Oct-2017,CE,10250,14,16,9.1,12.8,12.85,12.8,5954,45827.89,56.51,239400,55725,9988.75
NIFTY,09-Oct-2017,26-Oct-2017,CE,10300,8.35,10.35,6.95,7.95,8,7.95,50888,393421.71,311.91,2180700,88425,9988.75
NIFTY,09-Oct-2017,26-Oct-2017,CE,10350,5.75,6.85,4.05,4.7,4.9,4.7,3224,25038.74,12.44,156300,107100,9988.75
NIFTY,09-Oct-2017,26-Oct-2017,CE,10400,3.7,4.7,3.05,3.6,3.65,3.6,26729,208562.25,76.05,1659375,48375,9988.75
NIFTY,09-Oct-2017,26-Oct-2017,CE,10450,1.5,3.25,1.5,2.7,2.6,2.7,326,2555.68,.66,31500,11325,9988.75
NIFTY,09-Oct-2017,26-Oct-2017,CE,10500,2.8,2.8,1.75,2,2.05,2,22544,177569.06,35.06,2288475,74775,9988.75
NIFTY,09-Oct-2017,26-Oct-2017,CE,10550,1.95,7,1.9,2,2,2,151,1195.01,.23,8250,3750,9988.75
NIFTY,09-Oct-2017,26-Oct-2017,CE,10600,1.45,1.45,1.1,1.2,1.25,1.2,769,6114.24,.69,582825,-1050,9988.75
NIFTY,09-Oct-2017,26-Oct-2017,CE,10650,0,0,0,41.75,0,1.1,0,0,0,0,0,9988.75
NIFTY,09-Oct-2017,26-Oct-2017,CE,10700,0.9,0.95,0.8,0.85,0.9,0.85,2930,23515.12,1.87,335025,6000,9988.75
NIFTY,09-Oct-2017,26-Oct-2017,CE,10750,0.5,0.6,0.5,0.6,0.6,0.6,37,298.33,.02,2625,-225,9988.75
NIFTY,09-Oct-2017,26-Oct-2017,CE,10800,0.75,0.75,0.45,0.6,0.6,0.6,340,2754.15,.15,288225,3675,9988.75
NIFTY,09-Oct-2017,26-Oct-2017,CE,10850,0,0,0,18.5,18.5,0.15,0,0,0,0,0,9988.75
NIFTY,10-Oct-2017,26-Oct-2017,CE,9200,825.55,835.7,817.8,830,830,830,62,466.2,38.4,223125,-3150,10016.95
NIFTY,10-Oct-2017,26-Oct-2017,CE,9250,0,0,0,920.3,0,792.3,0,0,0,0,0,10016.95
NIFTY,10-Oct-2017,26-Oct-2017,CE,9300,720.55,734.65,710,725.05,725.05,725.05,180,1352.76,97.26,166200,8850,10016.95
NIFTY,10-Oct-2017,26-Oct-2017,CE,9350,0,0,0,824.5,0,692.7,0,0,0,0,0,10016.95
NIFTY,10-Oct-2017,26-Oct-2017,CE,9400,620.35,642,610.05,633.15,633.65,633.15,64,481.53,30.33,127575,-1650,10016.95
NIFTY,10-Oct-2017,26-Oct-2017,CE,9450,0,0,0,415,415,593.45,0,0,0,0,0,10016.95
NIFTY,10-Oct-2017,26-Oct-2017,CE,9500,526.7,544.15,512.5,534.6,537.5,534.6,399,3001.35,158.47,543000,-8475,10016.95
NIFTY,10-Oct-2017,26-Oct-2017,CE,9550,0,0,0,298,298,495.25,0,0,0,150,0,10016.95
NIFTY,10-Oct-2017,26-Oct-2017,CE,9600,432.1,449.5,415.4,436.85,438,436.85,481,3619.59,156.39,425250,-5025,10016.95
NIFTY,10-Oct-2017,26-Oct-2017,CE,9650,0,0,0,385,385,399.45,0,0,0,900,0,10016.95
NIFTY,10-Oct-2017,26-Oct-2017,CE,9700,333.55,356.5,323,343.15,342.5,343.15,3419,25740.77,867.54,772350,-45000,10016.95
NIFTY,10-Oct-2017,26-Oct-2017,CE,9750,293.55,304.35,280.2,297.45,298.65,297.45,41,308.8,8.99,58350,-600,10016.95
NIFTY,10-Oct-2017,26-Oct-2017,CE,9800,242.85,264.95,235,254.7,256.1,254.7,12520,94374.82,2352.82,1233150,-176550,10016.95
NIFTY,10-Oct-2017,26-Oct-2017,CE,9850,206.15,220,193.05,210.15,207.05,210.15,366,2761.2,57.38,87150,-6975,10016.95
NIFTY,10-Oct-2017,26-Oct-2017,CE,9900,158.25,182,154.5,171.1,172,171.1,35920,271240.61,4534.61,3065475,-283050,10016.95
NIFTY,10-Oct-2017,26-Oct-2017,CE,9950,119.95,141,118,132.05,132.8,132.05,4114,31104.58,403.85,382725,-33600,10016.95
NIFTY,10-Oct-2017,26-Oct-2017,CE,10000,90.8,107.5,86.65,99.45,99.65,99.45,141409,1070952.37,10384.87,4553250,188250,10016.95
NIFTY,10-Oct-2017,26-Oct-2017,CE,10050,67.55,77.5,60.6,70.95,70.5,70.95,22052,167370.76,1153.81,584550,50400,10016.95
NIFTY,10-Oct-2017,26-Oct-2017,CE,10100,46.3,53.75,40.1,48.4,48.25,48.4,147477,1122404.76,5266.49,4013475,164925,10016.95
NIFTY,10-Oct-2017,26-Oct-2017,CE,10150,29,35.25,25.35,31.15,30.95,31.15,11161,85222.19,259.08,450525,49800,10016.95
NIFTY,10-Oct-2017,26-Oct-2017,CE,10200,20.05,22.9,15.95,20,19.9,20,102519,785791.93,1521.58,3130125,141075,10016.95
NIFTY,10-Oct-2017,26-Oct-2017,CE,10250,12.85,14.4,9.95,12.25,12.15,12.25,6255,48143.12,57.81,337875,98475,10016.95
NIFTY,10-Oct-2017,26-Oct-2017,CE,10300,8.05,9.05,6.05,7.45,7.35,7.45,42070,325227.5,236.75,2392125,211425,10016.95
NIFTY,10-Oct-2017,26-Oct-2017,CE,10350,5,5.85,4,4.4,4,4.4,2545,19764.17,8.61,177525,21225,10016.95
NIFTY,10-Oct-2017,26-Oct-2017,CE,10400,4.2,4.2,2.75,3.2,3.2,3.2,23824,185886.13,58.93,1729950,70575,10016.95
NIFTY,10-Oct-2017,26-Oct-2017,CE,10450,2.85,2.85,2,2.4,2.4,2.4,173,1356.19,.31,32400,900,10016.95
NIFTY,10-Oct-2017,26-Oct-2017,CE,10500,2.25,2.25,1.55,1.9,1.9,1.9,20111,158401.36,27.23,2394975,106500,10016.95
NIFTY,10-Oct-2017,26-Oct-2017,CE,10550,2.05,2.05,1,1.95,1.95,1.95,12,94.97,.02,8625,375,10016.95
NIFTY,10-Oct-2017,26-Oct-2017,CE,10600,1.25,1.25,1.1,1.2,1.2,1.2,626,4977.26,.56,581100,-1725,10016.95
NIFTY,10-Oct-2017,26-Oct-2017,CE,10650,0,0,0,41.75,0,0.95,0,0,0,0,0,10016.95
NIFTY,10-Oct-2017,26-Oct-2017,CE,10700,0.85,0.9,0.8,0.85,0.85,0.85,1880,15088.15,1.15,343950,8925,10016.95
NIFTY,10-Oct-2017,26-Oct-2017,CE,10750,0,0,0,0.6,0.6,0.3,0,0,0,2625,0,10016.95
NIFTY,10-Oct-2017,26-Oct-2017,CE,10800,0.55,0.65,0.5,0.6,0.55,0.6,318,2575.94,.14,281700,-6525,10016.95
NIFTY,10-Oct-2017,26-Oct-2017,CE,10850,0,0,0,18.5,18.5,0.1,0,0,0,0,0,10016.95
NIFTY,11-Oct-2017,26-Oct-2017,CE,9200,858.05,875,772.55,786.45,785.6,786.45,182,1369.35,113.55,213150,-9975,9984.8
NIFTY,11-Oct-2017,26-Oct-2017,CE,9250,0,0,0,920.3,0,758.55,0,0,0,0,0,9984.8
NIFTY,11-Oct-2017,26-Oct-2017,CE,9300,766.05,769,674.8,689.4,674.8,689.4,200,1502.21,107.21,160125,-6075,9984.8
NIFTY,11-Oct-2017,26-Oct-2017,CE,9350,0,0,0,824.5,0,658.9,0,0,0,0,0,9984.8
NIFTY,11-Oct-2017,26-Oct-2017,CE,9400,650.95,675,577,594.9,589,594.9,153,1151.67,73.02,121425,-6150,9984.8
NIFTY,11-Oct-2017,26-Oct-2017,CE,9450,0,0,0,415,415,559.65,0,0,0,0,0,9984.8
NIFTY,11-Oct-2017,26-Oct-2017,CE,9500,558.8,578.05,479.85,493.3,486,493.3,2009,15101.27,787.15,562950,19950,9984.8
NIFTY,11-Oct-2017,26-Oct-2017,CE,9550,0,0,0,298,298,461.5,0,0,0,150,0,9984.8
NIFTY,11-Oct-2017,26-Oct-2017,CE,9600,462,480,385.15,407.1,392,407.1,1184,8900.52,375.72,410700,-14550,9984.8
NIFTY,11-Oct-2017,26-Oct-2017,CE,9650,426,434.3,424.1,424.1,424.1,424.1,3,22.68,.96,750,-150,9984.8
NIFTY,11-Oct-2017,26-Oct-2017,CE,9700,362,388,296.5,309.05,301,309.05,2045,15413.83,536.45,753975,-18375,9984.8
NIFTY,11-Oct-2017,26-Oct-2017,CE,9750,315.95,342.3,250,266.45,258.3,266.45,60,451.88,13.13,57075,-1275,9984.8
NIFTY,11-Oct-2017,26-Oct-2017,CE,9800,269.9,294.1,211.05,222,215.4,222,12340,93024.87,2325.87,1150725,-82425,9984.8
NIFTY,11-Oct-2017,26-Oct-2017,CE,9850,227.15,247.05,170,184.15,176.15,184.15,468,3529.95,72.6,79275,-7875,9984.8
NIFTY,11-Oct-2017,26-Oct-2017,CE,9900,181.4,206.9,133.2,144.5,138.35,144.5,42014,317359.14,5405.19,2888400,-177075,9984.8
NIFTY,11-Oct-2017,26-Oct-2017,CE,9950,146,163.65,100.1,108.95,102.95,108.95,6101,46113.55,584.84,359775,-22950,9984.8
NIFTY,11-Oct-2017,26-Oct-2017,CE,10000,106,127,70.55,78.15,72.85,78.15,221652,1678201.33,15811.33,5043150,489900,9984.8
NIFTY,11-Oct-2017,26-Oct-2017,CE,10050,77.05,92.85,47.05,53.5,49,53.5,35005,265690.53,1840.34,681900,97350,9984.8
NIFTY,11-Oct-2017,26-Oct-2017,CE,10100,52.9,65,30.3,34.85,32,34.85,278549,2119730.97,9722.3,4760175,746700,9984.8
NIFTY,11-Oct-2017,26-Oct-2017,CE,10150,36.2,42.8,18.15,21.3,19.25,21.3,34437,262928.99,777.33,696675,246150,9984.8
NIFTY,11-Oct-2017,26-Oct-2017,CE,10200,23.25,27.1,11.45,12.95,12.1,12.95,186405,1428585.07,2586.82,3365775,235650,9984.8
NIFTY,11-Oct-2017,26-Oct-2017,CE,10250,12.2,15.8,6.5,7.5,7,7.5,14344,110392.23,122.73,308025,-29850,9984.8
NIFTY,11-Oct-2017,26-Oct-2017,CE,10300,8.95,9.45,3.9,4.55,4.3,4.55,70662,546204.96,341.01,2576175,184050,9984.8
NIFTY,11-Oct-2017,26-Oct-2017,CE,10350,4.9,5.55,2.55,2.9,2.75,2.9,3934,30549.49,11.82,147375,-30150,9984.8
NIFTY,11-Oct-2017,26-Oct-2017,CE,10400,3.55,3.65,1.85,2.1,2.05,2.1,27728,216334.2,55.8,1710900,-19050,9984.8
NIFTY,11-Oct-2017,26-Oct-2017,CE,10450,1.55,2.45,1.55,1.9,2,1.9,366,2869.1,.57,33300,900,9984.8
NIFTY,11-Oct-2017,26-Oct-2017,CE,10500,2.9,2.9,1.25,1.45,1.5,1.45,26821,211246.92,31.55,2417400,22425,9984.8
NIFTY,11-Oct-2017,26-Oct-2017,CE,10550,1.15,1.15,1.15,1.15,1.15,1.15,4,31.65,0,8625,0,9984.8
NIFTY,11-Oct-2017,26-Oct-2017,CE,10600,1.2,1.2,0.85,0.9,1,0.9,4198,33377.15,3.05,591150,10050,9984.8
NIFTY,11-Oct-2017,26-Oct-2017,CE,10650,0,0,0,41.75,0,0.4,0,0,0,0,0,9984.8
NIFTY,11-Oct-2017,26-Oct-2017,CE,10700,0.95,0.95,0.7,0.8,0.75,0.8,1587,12736.61,.93,385200,41250,9984.8
NIFTY,11-Oct-2017,26-Oct-2017,CE,10750,0,0,0,0.6,0.6,0.15,0,0,0,2625,0,9984.8
NIFTY,11-Oct-2017,26-Oct-2017,CE,10800,0.55,0.6,0.55,0.6,0.6,0.6,342,2770.35,.15,285600,3900,9984.8
NIFTY,11-Oct-2017,26-Oct-2017,CE,10850,0,0,0,18.5,18.5,0.05,0,0,0,0,0,9984.8
NIFTY,12-Oct-2017,26-Oct-2017,CE,9200,820.1,911.55,814.55,907.15,908.95,907.15,81,610.42,51.52,209925,-3225,10096.4
NIFTY,12-Oct-2017,26-Oct-2017,CE,9250,0,0,0,920.3,0,868.55,0,0,0,0,0,10096.4
NIFTY,12-Oct-2017,26-Oct-2017,CE,9300,710.25,812,700,809.75,810,809.75,272,2054.73,157.53,151575,-8550,10096.4
NIFTY,12-Oct-2017,26-Oct-2017,CE,9350,0,0,0,824.5,0,768.8,0,0,0,0,0,10096.4
NIFTY,12-Oct-2017,26-Oct-2017,CE,9400,610,714,598,711.35,711,711.35,64,483.4,32.2,119475,-1950,10096.4
NIFTY,12-Oct-2017,26-Oct-2017,CE,9450,0,0,0,415,415,669.2,0,0,0,0,0,10096.4
NIFTY,12-Oct-2017,26-Oct-2017,CE,9500,519.85,611.25,500,606.65,610.3,606.65,989,7467.5,420.88,544500,-18450,10096.4
NIFTY,12-Oct-2017,26-Oct-2017,CE,9550,0,0,0,298,298,570,0,0,0,150,0,10096.4
NIFTY,12-Oct-2017,26-Oct-2017,CE,9600,429,517,410,510.75,517,510.75,1730,13040.49,584.49,434325,23625,10096.4
NIFTY,12-Oct-2017,26-Oct-2017,CE,9650,394.4,453.1,394.4,453.1,453.1,453.1,6,45.32,1.9,600,-150,10096.4
NIFTY,12-Oct-2017,26-Oct-2017,CE,9700,334,418.6,312.3,412.9,418.55,412.9,1612,12167.98,440.68,724200,-29775,10096.4
NIFTY,12-Oct-2017,26-Oct-2017,CE,9750,281,370,281,366.95,370,366.95,33,249.08,7.77,57225,150,10096.4
NIFTY,12-Oct-2017,26-Oct-2017,CE,9800,243.1,325.95,223,321.75,325,321.75,10397,78525.32,2107.37,1072875,-77850,10096.4
NIFTY,12-Oct-2017,26-Oct-2017,CE,9850,224.5,277.85,181.25,272.5,275,272.5,510,3854.38,86.75,70800,-8475,10096.4
NIFTY,12-Oct-2017,26-Oct-2017,CE,9900,153.95,235.45,142.5,229.55,233.1,229.55,34234,258798.46,4611.01,2649225,-239175,10096.4
NIFTY,12-Oct-2017,26-Oct-2017,CE,9950,119.95,190,106.75,185.1,188,185.1,4558,34496.76,482.69,326550,-33225,10096.4
NIFTY,12-Oct-2017,26-Oct-2017,CE,10000,85.05,150,75.95,145,149,145,185995,1409604.79,14642.29,3795000,-1248150,10096.4
NIFTY,12-Oct-2017,26-Oct-2017,CE,10050,58.85,111.3,51.45,107.55,110,107.55,28774,218510.87,1626.85,513825,-168075,10096.4
NIFTY,12-Oct-2017,26-Oct-2017,CE,10100,38,80.7,33.6,77.5,79.85,77.5,265212,2019781.05,10800.15,3777900,-982275,10096.4
NIFTY,12-Oct-2017,26-Oct-2017,CE,10150,25,54,19.7,51.3,52.25,51.3,28482,217588.25,769.02,708525,11850,10096.4
NIFTY,12-Oct-2017,26-Oct-2017,CE,10200,14.85,34.7,12.1,32.6,33.25,32.6,178100,1365404.96,2939.96,3096450,-269325,10096.4
NIFTY,12-Oct-2017,26-Oct-2017,CE,10250,8,20,7,18.55,19.3,18.55,12730,97987.97,126.1,379800,71775,10096.4
NIFTY,12-Oct-2017,26-Oct-2017,CE,10300,4.45,11.6,3.8,10.7,10.95,10.7,64602,499413.11,362.66,2600100,23925,10096.4
NIFTY,12-Oct-2017,26-Oct-2017,CE,10350,2.65,6.5,1.65,6,5.75,6,3455,26831.53,12.09,202575,55200,10096.4
NIFTY,12-Oct-2017,26-Oct-2017,CE,10400,2.4,3.95,1.7,3.75,3.8,3.75,22675,176915.68,50.68,1673175,-37725,10096.4
NIFTY,12-Oct-2017,26-Oct-2017,CE,10450,1.4,2.95,1.4,2.7,2.95,2.7,188,1473.71,.26,29400,-3900,10096.4
NIFTY,12-Oct-2017,26-Oct-2017,CE,10500,1,2,0.75,1.8,1.7,1.8,21965,173001.68,27.31,2422725,5325,10096.4
NIFTY,12-Oct-2017,26-Oct-2017,CE,10550,5,5,0.8,1.95,1.95,1.95,6,47.48,.01,8700,75,10096.4
NIFTY,12-Oct-2017,26-Oct-2017,CE,10600,1,1,0.8,0.95,0.9,0.95,1720,13675.19,1.19,586200,-4950,10096.4
NIFTY,12-Oct-2017,26-Oct-2017,CE,10650,0,0,0,41.75,0,1.85,0,0,0,0,0,10096.4
NIFTY,12-Oct-2017,26-Oct-2017,CE,10700,0.7,0.75,0.65,0.7,0.65,0.7,1429,11468.46,.74,402525,17325,10096.4
NIFTY,12-Oct-2017,26-Oct-2017,CE,10750,0,0,0,0.6,0.6,0.65,0,0,0,2625,0,10096.4
NIFTY,12-Oct-2017,26-Oct-2017,CE,10800,0.3,0.9,0.3,0.5,0.4,0.5,183,1482.38,.08,291975,6375,10096.4
NIFTY,12-Oct-2017,26-Oct-2017,CE,10850,0,0,0,18.5,18.5,0.2,0,0,0,0,0,10096.4
NIFTY,13-Oct-2017,26-Oct-2017,CE,9200,932.05,1015.45,932.05,993.4,985.95,993.4,304,2320.65,223.05,198825,-11100,10167.45
NIFTY,13-Oct-2017,26-Oct-2017,CE,9250,0,0,0,920.3,0,937.95,0,0,0,0,0,10167.45
NIFTY,13-Oct-2017,26-Oct-2017,CE,9300,856,910.35,848.9,887.45,884.2,887.45,67,511.43,44.1,148650,-2925,10167.45
NIFTY,13-Oct-2017,26-Oct-2017,CE,9350,0,0,0,824.5,0,838.2,0,0,0,0,0,10167.45
NIFTY,13-Oct-2017,26-Oct-2017,CE,9400,731.1,805.1,731.05,785.95,785.2,785.95,111,846,63.45,120000,525,10167.45
NIFTY,13-Oct-2017,26-Oct-2017,CE,9450,0,0,0,415,415,738.45,0,0,0,0,0,10167.45
NIFTY,13-Oct-2017,26-Oct-2017,CE,9500,632.25,715.65,632.25,696.05,686.4,696.05,2170,16578.85,1117.6,409725,-134775,10167.45
NIFTY,13-Oct-2017,26-Oct-2017,CE,9550,0,0,0,298,298,638.85,0,0,0,150,0,10167.45
NIFTY,13-Oct-2017,26-Oct-2017,CE,9600,539,619.55,539,595.75,594.4,595.75,1249,9540.18,547.38,397500,-36825,10167.45
NIFTY,13-Oct-2017,26-Oct-2017,CE,9650,522.35,522.35,522.35,522.35,522.35,522.35,1,7.63,.39,525,-75,10167.45
NIFTY,13-Oct-2017,26-Oct-2017,CE,9700,431.4,520.15,431.2,495.15,495,495.15,2109,16109.53,766.55,630300,-93900,10167.45
NIFTY,13-Oct-2017,26-Oct-2017,CE,9750,406.35,464,406.35,446.05,439.2,446.05,52,397.17,16.92,55050,-2175,10167.45
NIFTY,13-Oct-2017,26-Oct-2017,CE,9800,330.95,424.9,330.95,400.75,397.85,400.75,7344,56115.34,2136.94,913725,-159150,10167.45
NIFTY,13-Oct-2017,26-Oct-2017,CE,9850,290,375,290,352.65,348.4,352.65,616,4704.5,153.8,42000,-28800,10167.45
NIFTY,13-Oct-2017,26-Oct-2017,CE,9900,240.85,329,240.85,302.9,303,302.9,20446,156214.5,4402.95,2183925,-465300,10167.45
NIFTY,13-Oct-2017,26-Oct-2017,CE,9950,194,284.4,194,262.4,262.1,262.4,3784,28938.49,700.39,203850,-122700,10167.45
NIFTY,13-Oct-2017,26-Oct-2017,CE,10000,154.35,235.9,154.05,214.1,215,214.1,59586,455768.02,8873.02,3129225,-665775,10167.45
NIFTY,13-Oct-2017,26-Oct-2017,CE,10050,120.9,190.7,117.5,177.8,173.45,177.8,9778,74847.91,1146.23,307200,-206625,10167.45
NIFTY,13-Oct-2017,26-Oct-2017,CE,10100,82,151.95,82,132.75,133.1,132.75,180683,1384915.6,16241.87,2371425,-1406475,10167.45
NIFTY,13-Oct-2017,26-Oct-2017,CE,10150,58.9,111.7,56,94.95,95.8,94.95,37989,291555.14,2363.88,728550,20025,10167.45
NIFTY,13-Oct-2017,26-Oct-2017,CE,10200,35.05,80.75,35,67.5,68,67.5,351030,2701066.88,15687.38,3449025,352575,10167.45
NIFTY,13-Oct-2017,26-Oct-2017,CE,10250,23.75,52.9,18.05,42.15,42.85,42.15,49769,383987.42,1388.23,687900,308100,10167.45
NIFTY,13-Oct-2017,26-Oct-2017,CE,10300,15,34.25,12,26.8,27.5,26.8,260747,2018825.59,4555.01,2788125,188025,10167.45
NIFTY,13-Oct-2017,26-Oct-2017,CE,10350,7.5,20.5,6.1,15.95,16.2,15.95,19107,148517.72,199.63,372000,169425,10167.45
NIFTY,13-Oct-2017,26-Oct-2017,CE,10400,4.5,12.65,3,9.95,10.5,9.95,102214,797898.56,629.36,2132025,458850,10167.45
NIFTY,13-Oct-2017,26-Oct-2017,CE,10450,3,7.5,2.9,6,6.5,6,4956,38861.71,19.06,136050,106650,10167.45
NIFTY,13-Oct-2017,26-Oct-2017,CE,10500,1.7,4.5,1.6,3.6,3.65,3.6,79050,622696.7,177.95,2347650,-75075,10167.45
NIFTY,13-Oct-2017,26-Oct-2017,CE,10550,1.95,2.95,1.5,2.75,2.05,2.75,318,2516.71,.54,7575,-1125,10167.45
NIFTY,13-Oct-2017,26-Oct-2017,CE,10600,1,2,0.95,1.7,1.65,1.7,16369,130152.2,18.65,807825,221625,10167.45
NIFTY,13-Oct-2017,26-Oct-2017,CE,10650,3.3,3.3,3.3,3.3,3.3,3.3,1,7.99,0,75,75,10167.45
NIFTY,13-Oct-2017,26-Oct-2017,CE,10700,0.7,1.3,0.65,1.05,1.1,1.05,6134,49230.02,4.67,356550,-45975,10167.45
NIFTY,13-Oct-2017,26-Oct-2017,CE,10750,0,0,0,0.6,0.6,1.1,0,0,0,2625,0,10167.45
NIFTY,13-Oct-2017,26-Oct-2017,CE,10800,0.45,0.9,0.45,0.85,0.85,0.85,1686,13657.56,.96,284700,-7275,10167.45
NIFTY,13-Oct-2017,26-Oct-2017,CE,10850,0,0,0,18.5,18.5,0.35,0,0,0,0,0,10167.45
NIFTY,16-Oct-2017,26-Oct-2017,CE,9200,1048,1057.4,1001,1057.4,1057.4,1057.4,148,1136.28,115.08,190425,-8400,10230.85
NIFTY,16-Oct-2017,26-Oct-2017,CE,9250,0,0,0,920.3,0,996.7,0,0,0,0,0,10230.85
NIFTY,16-Oct-2017,26-Oct-2017,CE,9300,966.4,966.4,901.45,949.95,946.2,949.95,75,575.88,52.76,144525,-4125,10230.85
NIFTY,16-Oct-2017,26-Oct-2017,CE,9350,0,0,0,824.5,0,896.85,0,0,0,0,0,10230.85
NIFTY,16-Oct-2017,26-Oct-2017,CE,9400,842.3,856,795,853.95,856,853.95,96,736.5,59.7,115650,-4350,10230.85
NIFTY,16-Oct-2017,26-Oct-2017,CE,9450,0,0,0,415,415,797.05,0,0,0,0,0,10230.85
NIFTY,16-Oct-2017,26-Oct-2017,CE,9500,750,755.15,696.25,753.85,751.85,753.85,472,3622.78,259.78,386250,-23475,10230.85
NIFTY,16-Oct-2017,26-Oct-2017,CE,9550,0,0,0,298,298,697.25,0,0,0,150,0,10230.85
NIFTY,16-Oct-2017,26-Oct-2017,CE,9600,640,659.4,598,654.85,655,654.85,253,1942.97,121.37,390525,-6975,10230.85
NIFTY,16-Oct-2017,26-Oct-2017,CE,9650,0,0,0,522.35,522.35,597.5,0,0,0,525,0,10230.85
NIFTY,16-Oct-2017,26-Oct-2017,CE,9700,574.95,574.95,500.35,553.85,556.7,553.85,511,3924.38,206.86,615075,-15225,10230.85
NIFTY,16-Oct-2017,26-Oct-2017,CE,9750,494,505,460,472.05,472.05,472.05,15,115.22,5.53,54525,-525,10230.85
NIFTY,16-Oct-2017,26-Oct-2017,CE,9800,446.45,462.3,403.95,458.2,457,458.2,3398,26085.11,1109.81,829950,-83775,10230.85
NIFTY,16-Oct-2017,26-Oct-2017,CE,9850,396.65,411.45,350.8,408.85,411,408.85,109,837.39,32.15,39600,-2400,10230.85
NIFTY,16-Oct-2017,26-Oct-2017,CE,9900,351.75,366.15,308.05,361.9,363.8,361.9,7117,54685.92,1842.19,1992825,-191100,10230.85
NIFTY,16-Oct-2017,26-Oct-2017,CE,9950,306.3,319.45,264.05,314.9,315.45,314.9,1921,14770.91,435.45,131625,-72225,10230.85
NIFTY,16-Oct-2017,26-Oct-2017,CE,10000,240.1,270.65,215.2,266.5,266,266.5,24289,186739.04,4571.54,2592225,-537000,10230.85
NIFTY,16-Oct-2017,26-Oct-2017,CE,10050,200,239.35,174.9,221.4,222.35,221.4,3281,25239.33,508.79,214350,-92850,10230.85
NIFTY,16-Oct-2017,26-Oct-2017,CE,10100,164.75,179.95,132.4,175.85,176.5,175.85,66669,513053.94,8036.27,2171475,-199950,10230.85
NIFTY,16-Oct-2017,26-Oct-2017,CE,10150,120.25,137.7,94.85,133.15,133.9,133.15,12866,99105.06,1162.63,620250,-108300,10230.85
NIFTY,16-Oct-2017,26-Oct-2017,CE,10200,84.95,100.8,65,96.3,97.55,96.3,265617,2049004.37,17034.32,3248325,-200700,10230.85
NIFTY,16-Oct-2017,26-Oct-2017,CE,10250,57.85,68.5,41,64.5,66,64.5,57676,445865.36,2481.11,705300,17400,10230.85
NIFTY,16-Oct-2017,26-Oct-2017,CE,10300,39.65,45.25,24.2,41.9,42.8,41.9,363527,2818101.64,9855.57,2951100,162975,10230.85
NIFTY,16-Oct-2017,26-Oct-2017,CE,10350,18.15,43.7,14.15,25.9,27.15,25.9,38504,299531.39,644.09,569850,197850,10230.85
NIFTY,16-Oct-2017,26-Oct-2017,CE,10400,13.95,17.6,8.6,16.1,17.1,16.1,198053,1546799.1,1985.7,2793450,661425,10230.85
NIFTY,16-Oct-2017,26-Oct-2017,CE,10450,8,10.25,5.3,9.65,9.7,9.65,9450,74121.31,56.93,255825,119775,10230.85
NIFTY,16-Oct-2017,26-Oct-2017,CE,10500,4.95,13.05,3.3,6,6.7,6,101918,802976.93,372.68,2598450,250800,10230.85
NIFTY,16-Oct-2017,26-Oct-2017,CE,10550,4.25,5.25,2.2,3.9,4.1,3.9,1575,12466.18,3.99,49575,42000,10230.85
NIFTY,16-Oct-2017,26-Oct-2017,CE,10600,2.9,2.9,1.35,2.3,2.85,2.3,25741,204679.94,38.99,921975,114150,10230.85
NIFTY,16-Oct-2017,26-Oct-2017,CE,10650,3,3,1.1,1.65,1.65,1.65,311,2484.44,.32,4350,4275,10230.85
NIFTY,16-Oct-2017,26-Oct-2017,CE,10700,1.4,1.75,0.8,1.15,1.25,1.15,11219,90042.07,9.59,406575,50025,10230.85
NIFTY,16-Oct-2017,26-Oct-2017,CE,10750,3.65,4.35,0.1,0.85,0.85,0.85,25,201.6,.04,3600,975,10230.85
NIFTY,16-Oct-2017,26-Oct-2017,CE,10800,1.35,1.35,0.65,0.8,0.85,0.8,1569,12709.83,.93,287625,2925,10230.85
NIFTY,16-Oct-2017,26-Oct-2017,CE,10850,0,0,0,18.5,18.5,0.25,0,0,0,0,0,10230.85
NIFTY,17-Oct-2017,26-Oct-2017,CE,9200,1038,1060.65,1033,1054,1054,1054,112,860.64,87.84,184275,-6150,10234.45
NIFTY,17-Oct-2017,26-Oct-2017,CE,9250,0,0,0,920.3,0,998.75,0,0,0,0,0,10234.45
NIFTY,17-Oct-2017,26-Oct-2017,CE,9300,929.15,952.05,927.05,945.75,945.75,945.75,69,529.9,48.62,141300,-3225,10234.45
NIFTY,17-Oct-2017,26-Oct-2017,CE,9350,0,0,0,824.5,0,898.9,0,0,0,0,0,10234.45
NIFTY,17-Oct-2017,26-Oct-2017,CE,9400,834.85,865,830,848.25,847.35,848.25,73,560.83,46.18,113700,-1950,10234.45
NIFTY,17-Oct-2017,26-Oct-2017,CE,9450,0,0,0,415,415,799.05,0,0,0,0,0,10234.45
NIFTY,17-Oct-2017,26-Oct-2017,CE,9500,734.6,761.05,729.5,750.25,755.75,750.25,152,1167.93,84.93,384825,-1425,10234.45
NIFTY,17-Oct-2017,26-Oct-2017,CE,9550,0,0,0,298,298,699.25,0,0,0,150,0,10234.45
NIFTY,17-Oct-2017,26-Oct-2017,CE,9600,636.25,667.45,633,651.5,651.75,651.5,249,1914.05,121.25,380250,-10275,10234.45
NIFTY,17-Oct-2017,26-Oct-2017,CE,9650,0,0,0,522.35,522.35,599.4,0,0,0,525,0,10234.45
NIFTY,17-Oct-2017,26-Oct-2017,CE,9700,560,564,531.65,553.1,555,553.1,329,2527.83,134.35,607350,-7725,10234.45
NIFTY,17-Oct-2017,26-Oct-2017,CE,9750,482.25,496.4,482.25,483,483,483,4,30.72,1.47,54450,-75,10234.45
NIFTY,17-Oct-2017,26-Oct-2017,CE,9800,444.65,472.1,433.05,454.95,459,454.95,1719,13213.18,578.53,802425,-27525,10234.45
NIFTY,17-Oct-2017,26-Oct-2017,CE,9850,388.75,409.5,388.75,405.2,407,405.2,68,522.52,20.17,37575,-2025,10234.45
NIFTY,17-Oct-2017,26-Oct-2017,CE,9900,346.3,374.1,335.85,359.95,361.5,359.95,4968,38229.32,1341.92,1857300,-135525,10234.45
NIFTY,17-Oct-2017,26-Oct-2017,CE,9950,299.9,324.1,290.75,310.8,312.9,310.8,241,1854.04,55.57,124650,-6975,10234.45
NIFTY,17-Oct-2017,26-Oct-2017,CE,10000,247.1,278.25,241,262.1,263.55,262.1,9996,76912.68,1942.68,2450925,-141300,10234.45
NIFTY,17-Oct-2017,26-Oct-2017,CE,10050,206.2,230.8,198,215.55,217,215.55,373,2871.73,60.24,205575,-8775,10234.45
NIFTY,17-Oct-2017,26-Oct-2017,CE,10100,163.2,187.75,154.65,171.6,173,171.6,27782,213968,3519.35,2191425,19950,10234.45
NIFTY,17-Oct-2017,26-Oct-2017,CE,10150,126.8,144.15,113.6,129.35,129,129.35,4453,34325.22,426.76,610800,-9450,10234.45
NIFTY,17-Oct-2017,26-Oct-2017,CE,10200,90.75,107,80.5,93.8,94.3,93.8,161795,1248951.04,11219.29,3349725,101400,10234.45
NIFTY,17-Oct-2017,26-Oct-2017,CE,10250,60.25,73.6,52.5,63,63.55,63,43505,336472.37,2027.68,877200,171900,10234.45
NIFTY,17-Oct-2017,26-Oct-2017,CE,10300,39.8,49.9,32.7,40.4,39.8,40.4,253768,1967993,7635.2,3139950,188850,10234.45
NIFTY,17-Oct-2017,26-Oct-2017,CE,10350,23.55,32,14.05,24.15,23.6,24.15,33073,257342.17,613,615825,45975,10234.45
NIFTY,17-Oct-2017,26-Oct-2017,CE,10400,11.35,20.8,11.35,14.5,14.05,14.5,164683,1286367.34,1839.94,2805900,12450,10234.45
NIFTY,17-Oct-2017,26-Oct-2017,CE,10450,9.1,12.8,6.45,8.9,8.8,8.9,13335,104603.55,90.49,328875,73050,10234.45
NIFTY,17-Oct-2017,26-Oct-2017,CE,10500,6.1,7.75,4.45,5.9,5.9,5.9,77095,607455.7,332.58,2675250,76800,10234.45
NIFTY,17-Oct-2017,26-Oct-2017,CE,10550,6.75,6.8,1.6,3.8,3.7,3.8,1275,10091.99,3.55,51900,2325,10234.45
NIFTY,17-Oct-2017,26-Oct-2017,CE,10600,2.5,2.8,1.8,2.5,2.6,2.5,42867,340865.1,72.45,1194975,273000,10234.45
NIFTY,17-Oct-2017,26-Oct-2017,CE,10650,0.2,2.55,0.15,1.9,1.9,1.9,97,774.92,.14,5775,1425,10234.45
NIFTY,17-Oct-2017,26-Oct-2017,CE,10700,0.9,1.3,0.9,1.25,1.2,1.25,6257,50217.45,5.03,405525,-1050,10234.45
NIFTY,17-Oct-2017,26-Oct-2017,CE,10750,0.95,0.95,0.7,0.7,0.7,0.7,21,169.33,.01,5175,1575,10234.45
NIFTY,17-Oct-2017,26-Oct-2017,CE,10800,0.7,0.9,0.65,0.85,0.8,0.85,1502,12167.03,.83,286050,-1575,10234.45
NIFTY,17-Oct-2017,26-Oct-2017,CE,10850,0,0,0,18.5,18.5,0.1,0,0,0,0,0,10234.45
NIFTY,18-Oct-2017,26-Oct-2017,CE,9200,1026.75,1043,999,1035.85,1043,1035.85,161,1233.42,122.52,175500,-8775,10210.85
NIFTY,18-Oct-2017,26-Oct-2017,CE,9250,0,0,0,920.3,0,973.5,0,0,0,0,0,10210.85
NIFTY,18-Oct-2017,26-Oct-2017,CE,9300,915.5,934.15,893.2,932.3,932.3,932.3,30,229.8,20.55,139800,-1500,10210.85
NIFTY,18-Oct-2017,26-Oct-2017,CE,9350,0,0,0,824.5,0,873.65,0,0,0,0,0,10210.85
NIFTY,18-Oct-2017,26-Oct-2017,CE,9400,816.2,844.9,791,832.7,840,832.7,165,1264.05,100.8,107325,-6375,10210.85
NIFTY,18-Oct-2017,26-Oct-2017,CE,9450,0,0,0,415,415,773.8,0,0,0,0,0,10210.85
NIFTY,18-Oct-2017,26-Oct-2017,CE,9500,730,744.7,692.85,734.9,744.7,734.9,239,1831.94,129.07,375225,-9600,10210.85
NIFTY,18-Oct-2017,26-Oct-2017,CE,9550,0,0,0,298,298,673.9,0,0,0,150,0,10210.85
NIFTY,18-Oct-2017,26-Oct-2017,CE,9600,626.2,648.05,600.65,637,644.25,637,694,5317.98,321.18,359775,-20475,10210.85
NIFTY,18-Oct-2017,26-Oct-2017,CE,9650,0,0,0,522.35,522.35,574.1,0,0,0,525,0,10210.85
NIFTY,18-Oct-2017,26-Oct-2017,CE,9700,523.9,545.1,495,539.2,545.1,539.2,350,2682.46,136.21,601500,-5850,10210.85
NIFTY,18-Oct-2017,26-Oct-2017,CE,9750,465,481,443.4,477,477,477,6,45.98,2.1,54150,-300,10210.85
NIFTY,18-Oct-2017,26-Oct-2017,CE,9800,430.05,449,398.15,438.1,445,438.1,2557,19602.39,808.44,752700,-49725,10210.85
NIFTY,18-Oct-2017,26-Oct-2017,CE,9850,380,386.05,350,386.05,386.05,386.05,34,260.61,9.43,37350,-225,10210.85
NIFTY,18-Oct-2017,26-Oct-2017,CE,9900,346.3,353.55,302.7,347,350.05,347,4659,35749.06,1155.98,1711725,-145575,10210.85
NIFTY,18-Oct-2017,26-Oct-2017,CE,9950,290,301.9,255.65,292.2,298,292.2,194,1488.46,40.74,119025,-5625,10210.85
NIFTY,18-Oct-2017,26-Oct-2017,CE,10000,255.6,255.6,209,241.75,252,241.75,8999,69078.45,1585.95,2348775,-102150,10210.85
NIFTY,18-Oct-2017,26-Oct-2017,CE,10050,190,210,165,197.2,210,197.2,531,4078.18,75.77,192750,-12825,10210.85
NIFTY,18-Oct-2017,26-Oct-2017,CE,10100,149.45,164,122.05,153.4,159.4,153.4,43014,330525.02,4693.97,2009700,-181725,10210.85
NIFTY,18-Oct-2017,26-Oct-2017,CE,10150,99.95,119.5,83.45,109.45,115.1,109.45,8535,65643.72,671.04,627825,17025,10210.85
NIFTY,18-Oct-2017,26-Oct-2017,CE,10200,80,83.9,53.6,75.25,79.8,75.25,238160,1834689.24,12765.24,3590325,240600,10210.85
NIFTY,18-Oct-2017,26-Oct-2017,CE,10250,62.7,62.7,32.2,47.75,49.25,47.75,64184,495599.69,2185.19,981075,103875,10210.85
NIFTY,18-Oct-2017,26-Oct-2017,CE,10300,32.05,34.4,19.15,28.45,29.2,28.45,286423,2218508.59,5890.92,3487650,347700,10210.85
NIFTY,18-Oct-2017,26-Oct-2017,CE,10350,17.55,20.55,10.65,15.4,15.25,15.4,30897,240194.52,356.56,718575,102750,10210.85
NIFTY,18-Oct-2017,26-Oct-2017,CE,10400,8.9,12.35,6.4,8.75,8.35,8.75,137775,1075582.99,937.99,3135450,329550,10210.85
NIFTY,18-Oct-2017,26-Oct-2017,CE,10450,7,7.8,3.75,4.95,4.3,4.95,11958,93770.33,49.5,411075,82200,10210.85
NIFTY,18-Oct-2017,26-Oct-2017,CE,10500,4,5,2.7,3.4,3.05,3.4,47557,374641.11,129.74,2652825,-22425,10210.85
NIFTY,18-Oct-2017,26-Oct-2017,CE,10550,2.75,3.3,2.05,2.25,2.1,2.25,1282,10146.31,2.48,54750,2850,10210.85
NIFTY,18-Oct-2017,26-Oct-2017,CE,10600,2.2,2.35,1.3,1.55,1.4,1.55,19085,151749.66,23.91,1333200,138225,10210.85
NIFTY,18-Oct-2017,26-Oct-2017,CE,10650,1.3,1.9,1.1,1.4,1.1,1.4,103,822.82,.1,11625,5850,10210.85
NIFTY,18-Oct-2017,26-Oct-2017,CE,10700,0.8,1.15,0.65,0.8,0.65,0.8,7688,61701.25,5.05,476775,71250,10210.85
NIFTY,18-Oct-2017,26-Oct-2017,CE,10750,3.05,3.05,1,1.8,1,1.8,23,185.48,.04,5325,150,10210.85
NIFTY,18-Oct-2017,26-Oct-2017,CE,10800,0.65,0.75,0.55,0.6,0.6,0.6,1041,8432.61,.51,307875,21825,10210.85
NIFTY,18-Oct-2017,26-Oct-2017,CE,10850,0,0,0,18.5,18.5,0.05,0,0,0,0,0,10210.85
NIFTY,19-Oct-2017,26-Oct-2017,CE,9200,985.55,985.55,935,937.65,940,937.65,151,1148.09,106.19,185775,10275,10146.55
NIFTY,19-Oct-2017,26-Oct-2017,CE,9250,0,0,0,920.3,0,907.65,0,0,0,0,0,10146.55
NIFTY,19-Oct-2017,26-Oct-2017,CE,9300,894.8,894.8,810,827.5,810,827.5,13,98.79,8.12,138825,-975,10146.55
NIFTY,19-Oct-2017,26-Oct-2017,CE,9350,0,0,0,824.5,0,807.75,0,0,0,0,0,10146.55
NIFTY,19-Oct-2017,26-Oct-2017,CE,9400,797.8,797.8,710,710,710,710,3,22.81,1.66,107100,-225,10146.55
NIFTY,19-Oct-2017,26-Oct-2017,CE,9450,0,0,0,415,415,707.85,0,0,0,0,0,10146.55
NIFTY,19-Oct-2017,26-Oct-2017,CE,9500,703.05,703.55,610,634.95,610.85,634.95,916,6966.92,440.42,422850,47625,10146.55
NIFTY,19-Oct-2017,26-Oct-2017,CE,9550,0,0,0,298,298,608,0,0,0,150,0,10146.55
NIFTY,19-Oct-2017,26-Oct-2017,CE,9600,586,591,514.55,547.05,514.55,547.05,38,289.51,15.91,359025,-750,10146.55
NIFTY,19-Oct-2017,26-Oct-2017,CE,9650,0,0,0,522.35,522.35,508.15,0,0,0,525,0,10146.55
NIFTY,19-Oct-2017,26-Oct-2017,CE,9700,510,510,425.35,457.2,425.35,457.2,132,1006.33,46.03,597825,-3675,10146.55
NIFTY,19-Oct-2017,26-Oct-2017,CE,9750,402.3,402.3,402.3,402.3,402.3,402.3,1,7.61,.3,54075,-75,10146.55
NIFTY,19-Oct-2017,26-Oct-2017,CE,9800,400.05,420,317.15,345.75,317.15,345.75,765,5826.82,204.07,732075,-20625,10146.55
NIFTY,19-Oct-2017,26-Oct-2017,CE,9850,352.6,355.15,278.5,297.15,295.5,297.15,11,83.97,2.71,37125,-225,10146.55
NIFTY,19-Oct-2017,26-Oct-2017,CE,9900,311.05,311.05,226.35,258.2,226.35,258.2,1260,9619.6,264.1,1693350,-18375,10146.55
NIFTY,19-Oct-2017,26-Oct-2017,CE,9950,262.55,270.55,190,216.6,190,216.6,113,862.41,19.15,115500,-3525,10146.55
NIFTY,19-Oct-2017,26-Oct-2017,CE,10000,234.9,234.9,140.35,163.5,141.05,163.5,4998,38134.92,649.92,2338125,-10650,10146.55
NIFTY,19-Oct-2017,26-Oct-2017,CE,10050,180,180,102,125.3,102,125.3,264,2016.19,26.29,188025,-4725,10146.55
NIFTY,19-Oct-2017,26-Oct-2017,CE,10100,130.2,130.6,64.8,87.3,68.5,87.3,29587,226179.78,2058.26,2438850,429150,10146.55
NIFTY,19-Oct-2017,26-Oct-2017,CE,10150,81.3,84.15,38.45,55.6,40,55.6,10536,80672.52,467.22,881925,254100,10146.55
NIFTY,19-Oct-2017,26-Oct-2017,CE,10200,46.3,60,20.3,35.5,20.35,35.5,97371,747793.81,2905.66,4671525,1081200,10146.55
NIFTY,19-Oct-2017,26-Oct-2017,CE,10250,37.05,42.7,7.3,19.5,10,19.5,25577,197051.74,428.56,1191450,210375,10146.55
NIFTY,19-Oct-2017,26-Oct-2017,CE,10300,25.1,25.1,5.05,10.65,6.15,10.65,69840,540177.24,663.24,3871800,384150,10146.55
NIFTY,19-Oct-2017,26-Oct-2017,CE,10350,14,14,3.6,5.65,3.6,5.65,10551,81955.5,53.36,700275,-18300,10146.55
NIFTY,19-Oct-2017,26-Oct-2017,CE,10400,6.9,7,2.45,3.5,2.55,3.5,27642,215696.65,89.05,3303525,168075,10146.55
NIFTY,19-Oct-2017,26-Oct-2017,CE,10450,3.95,4,2.2,2.65,2.6,2.65,4966,38932.06,11.04,383025,-28050,10146.55
NIFTY,19-Oct-2017,26-Oct-2017,CE,10500,2.8,2.95,1.65,1.9,1.65,1.9,16060,126497.51,25.01,2700300,47475,10146.55
NIFTY,19-Oct-2017,26-Oct-2017,CE,10550,1.05,2.1,1.05,1.5,1.5,1.5,206,1630.21,.23,58050,3300,10146.55
NIFTY,19-Oct-2017,26-Oct-2017,CE,10600,1,1.45,0.75,0.9,0.75,0.9,4695,37328.69,3.44,1311450,-21750,10146.55
NIFTY,19-Oct-2017,26-Oct-2017,CE,10650,0,0,0,1.4,1.1,0.15,0,0,0,11625,0,10146.55
NIFTY,19-Oct-2017,26-Oct-2017,CE,10700,0.4,0.75,0.4,0.65,0.6,0.65,1692,13579.07,.77,393900,-82875,10146.55
NIFTY,19-Oct-2017,26-Oct-2017,CE,10750,0,0,0,1.8,1,0.05,0,0,0,5325,0,10146.55
NIFTY,19-Oct-2017,26-Oct-2017,CE,10800,0.4,0.6,0.4,0.6,0.6,0.6,155,1255.57,.07,306900,-975,10146.55
NIFTY,19-Oct-2017,26-Oct-2017,CE,10850,0,0,0,18.5,18.5,0,0,0,0,0,0,10146.55
NIFTY,23-Oct-2017,26-Oct-2017,CE,9200,1005,1005,918.6,980.55,989.95,980.55,331,2522.65,238.75,165750,-20025,10184.85
NIFTY,23-Oct-2017,26-Oct-2017,CE,9250,0,0,0,920.3,0,939.6,0,0,0,0,0,10184.85
NIFTY,23-Oct-2017,26-Oct-2017,CE,9300,908.95,908.95,819.6,884.9,889.05,884.9,249,1895.12,158.34,123150,-15675,10184.85
NIFTY,23-Oct-2017,26-Oct-2017,CE,9350,0,0,0,824.5,0,839.65,0,0,0,0,0,10184.85
NIFTY,23-Oct-2017,26-Oct-2017,CE,9400,807,807,719.1,774.6,788,774.6,391,2972.37,215.82,88200,-18900,10184.85
NIFTY,23-Oct-2017,26-Oct-2017,CE,9450,0,0,0,415,415,739.7,0,0,0,0,0,10184.85
NIFTY,23-Oct-2017,26-Oct-2017,CE,9500,667.65,714.15,616.8,688.8,691.6,688.8,1013,7716.65,499.03,368925,-53925,10184.85
NIFTY,23-Oct-2017,26-Oct-2017,CE,9550,0,0,0,298,298,639.75,0,0,0,150,0,10184.85
NIFTY,23-Oct-2017,26-Oct-2017,CE,9600,575.6,611.3,519,584.45,583.3,584.45,601,4579.4,252.2,334875,-24150,10184.85
NIFTY,23-Oct-2017,26-Oct-2017,CE,9650,547.6,547.6,547.6,547.6,547.6,547.6,1,7.65,.41,450,-75,10184.85
NIFTY,23-Oct-2017,26-Oct-2017,CE,9700,476.25,522.6,420,487.75,495.7,487.75,1757,13393.5,611.32,489525,-108300,10184.85
NIFTY,23-Oct-2017,26-Oct-2017,CE,9750,452.65,452.65,373.05,437.1,440,437.1,181,1379.11,55.54,44175,-9900,10184.85
NIFTY,23-Oct-2017,26-Oct-2017,CE,9800,371.1,420.4,322.8,383.35,394.1,383.35,2772,21145.71,771.51,669300,-62775,10184.85
NIFTY,23-Oct-2017,26-Oct-2017,CE,9850,356.45,365.55,275,335.3,346,335.3,52,396.97,12.82,36825,-300,10184.85
NIFTY,23-Oct-2017,26-Oct-2017,CE,9900,271.2,331,230.15,289.65,297.05,289.65,8514,64933.87,1717.42,1467300,-226050,10184.85
NIFTY,23-Oct-2017,26-Oct-2017,CE,9950,229.15,272.15,185.3,242.8,249.9,242.8,321,2448.5,53.03,109950,-5550,10184.85
NIFTY,23-Oct-2017,26-Oct-2017,CE,10000,177.8,228.75,138.2,190.65,198,190.65,28767,219409.71,3657.21,2269725,-68400,10184.85
NIFTY,23-Oct-2017,26-Oct-2017,CE,10050,143.15,183.3,99.1,148.4,152.8,148.4,4682,35728.73,438.15,185775,-2250,10184.85
NIFTY,23-Oct-2017,26-Oct-2017,CE,10100,89,138.05,63.6,105.35,110.05,105.35,176340,1347862.97,12087.47,2163900,-274950,10184.85
NIFTY,23-Oct-2017,26-Oct-2017,CE,10150,60.05,95,37.7,67.8,73.2,67.8,88774,679571.19,3779.12,1199175,317250,10184.85
NIFTY,23-Oct-2017,26-Oct-2017,CE,10200,37.8,60.65,20.5,40.45,43.2,40.45,524500,4026193.19,13768.19,4378500,-293025,10184.85
NIFTY,23-Oct-2017,26-Oct-2017,CE,10250,15.6,33.65,9.35,20.95,23.1,20.95,148256,1141745.3,2027.3,1505850,314400,10184.85
NIFTY,23-Oct-2017,26-Oct-2017,CE,10300,8.85,17.95,4.8,9.7,11.25,9.7,357687,2765565.44,2433.36,3663825,-207975,10184.85
NIFTY,23-Oct-2017,26-Oct-2017,CE,10350,6.1,8.5,2.35,4.1,4.55,4.1,57220,444357.08,186.83,761850,61575,10184.85
NIFTY,23-Oct-2017,26-Oct-2017,CE,10400,3.45,4.85,1.35,2.2,2.35,2.2,148672,1159901.31,259.71,3346050,42525,10184.85
NIFTY,23-Oct-2017,26-Oct-2017,CE,10450,2.55,2.7,1,1.4,1.3,1.4,12352,96824.33,15.53,265200,-117825,10184.85
NIFTY,23-Oct-2017,26-Oct-2017,CE,10500,1.65,2,0.8,0.95,1,0.95,109822,864939.34,91.09,2326725,-373575,10184.85
NIFTY,23-Oct-2017,26-Oct-2017,CE,10550,0.75,1.4,0.6,0.85,0.85,0.85,1052,8324.62,.67,58725,675,10184.85
NIFTY,23-Oct-2017,26-Oct-2017,CE,10600,0.75,1,0.5,0.75,0.8,0.75,18418,146431.96,8.86,1240425,-71025,10184.85
NIFTY,23-Oct-2017,26-Oct-2017,CE,10650,0.85,0.85,0.25,0.75,0.75,0.75,83,663.01,.04,8775,-2850,10184.85
NIFTY,23-Oct-2017,26-Oct-2017,CE,10700,0.45,0.75,0.4,0.65,0.75,0.65,2605,20906.18,1.06,422025,28125,10184.85
NIFTY,23-Oct-2017,26-Oct-2017,CE,10750,0.95,1,0.75,0.75,0.75,0.75,8,64.51,.01,5550,225,10184.85
NIFTY,23-Oct-2017,26-Oct-2017,CE,10800,0.45,0.65,0.4,0.55,0.65,0.55,1589,12871.47,.57,294225,-12675,10184.85
NIFTY,23-Oct-2017,26-Oct-2017,CE,10850,0,0,0,18.5,18.5,0,0,0,0,0,0,10184.85
NIFTY,24-Oct-2017,26-Oct-2017,CE,9200,992.75,1034.35,992.75,1011.75,1012,1011.75,397,3041.58,302.28,140175,-25575,10207.7
NIFTY,24-Oct-2017,26-Oct-2017,CE,9250,0,0,0,920.3,0,960.9,0,0,0,0,0,10207.7
NIFTY,24-Oct-2017,26-Oct-2017,CE,9300,900,931,897.5,912,913.6,912,906,6944.32,624.97,62850,-60300,10207.7
NIFTY,24-Oct-2017,26-Oct-2017,CE,9350,0,0,0,824.5,0,860.9,0,0,0,0,0,10207.7
NIFTY,24-Oct-2017,26-Oct-2017,CE,9400,792.5,835.45,784.2,814.25,816.5,814.25,256,1961,156.2,72975,-15225,10207.7
NIFTY,24-Oct-2017,26-Oct-2017,CE,9450,0,0,0,415,415,760.95,0,0,0,0,0,10207.7
NIFTY,24-Oct-2017,26-Oct-2017,CE,9500,701.45,734.05,683.05,713,712.8,713,970,7433.48,522.23,311550,-57375,10207.7
NIFTY,24-Oct-2017,26-Oct-2017,CE,9550,0,0,0,298,298,661,0,0,0,150,0,10207.7
NIFTY,24-Oct-2017,26-Oct-2017,CE,9600,586,636.9,583.9,613.85,615.3,613.85,1288,9868.2,594.6,280725,-54150,10207.7
NIFTY,24-Oct-2017,26-Oct-2017,CE,9650,0,0,0,547.6,547.6,561,0,0,0,450,0,10207.7
NIFTY,24-Oct-2017,26-Oct-2017,CE,9700,512.5,534.15,484.6,513.9,513.5,513.9,1646,12607.79,633.14,425775,-63750,10207.7
NIFTY,24-Oct-2017,26-Oct-2017,CE,9750,446.8,470.35,443.55,460,460,460,32,245.15,11.15,43275,-900,10207.7
NIFTY,24-Oct-2017,26-Oct-2017,CE,9800,392.3,435.35,383.25,415.85,417,415.85,3992,30584.2,1243,462525,-206775,10207.7
NIFTY,24-Oct-2017,26-Oct-2017,CE,9850,361.2,384.35,345,366.25,365,366.25,78,597.51,21.29,33375,-3450,10207.7
NIFTY,24-Oct-2017,26-Oct-2017,CE,9900,305.65,340.35,289.9,319.55,319.05,319.55,8018,61445.07,1911.42,1242750,-224550,10207.7
NIFTY,24-Oct-2017,26-Oct-2017,CE,9950,250,287.85,239.55,267.65,270.05,267.65,280,2145.94,56.44,104400,-5550,10207.7
NIFTY,24-Oct-2017,26-Oct-2017,CE,10000,205,242.15,189.05,219.15,221.3,219.15,20247,155133.23,3280.73,1845150,-424575,10207.7
NIFTY,24-Oct-2017,26-Oct-2017,CE,10050,156,193.05,142.2,170.2,169.25,170.2,1343,10295.8,172.94,180750,-5025,10207.7
NIFTY,24-Oct-2017,26-Oct-2017,CE,10100,112.75,149.45,101.45,127.35,127,127.35,95917,735570.26,8998.98,1757175,-406725,10207.7
NIFTY,24-Oct-2017,26-Oct-2017,CE,10150,80.35,105.2,64,85.8,85.45,85.8,38455,295205.56,2466.87,841650,-357525,10207.7
NIFTY,24-Oct-2017,26-Oct-2017,CE,10200,45.05,69.05,37.5,53.8,53.55,53.8,407283,3131848.34,16133.39,3558450,-820050,10207.7
NIFTY,24-Oct-2017,26-Oct-2017,CE,10250,25,39.2,18.95,28.7,28.1,28.7,174882,1348278.06,3872.69,1882725,376875,10207.7
NIFTY,24-Oct-2017,26-Oct-2017,CE,10300,11.3,19.85,8.65,13.35,13.15,13.35,376378,2911569.28,4049.23,3962250,298425,10207.7
NIFTY,24-Oct-2017,26-Oct-2017,CE,10350,5.05,8.45,3.4,4.85,4.75,4.85,65455,508374.17,279.73,962175,200325,10207.7
NIFTY,24-Oct-2017,26-Oct-2017,CE,10400,2.35,3.8,1.6,2.1,2,2.1,133249,1039584.82,242.62,3257775,-88275,10207.7
NIFTY,24-Oct-2017,26-Oct-2017,CE,10450,1.3,1.75,0.75,1.05,0.9,1.05,9350,73288.82,8.2,261600,-3600,10207.7
NIFTY,24-Oct-2017,26-Oct-2017,CE,10500,0.95,1.1,0.7,0.85,0.75,0.85,124840,983196.96,81.96,2132550,-194175,10207.7
NIFTY,24-Oct-2017,26-Oct-2017,CE,10550,0.8,0.8,0.45,0.5,0.5,0.5,840,6646.9,.4,56625,-2100,10207.7
NIFTY,24-Oct-2017,26-Oct-2017,CE,10600,0.35,0.65,0.35,0.5,0.4,0.5,12601,100182.77,4.82,1179750,-60675,10207.7
NIFTY,24-Oct-2017,26-Oct-2017,CE,10650,0.5,0.5,0.4,0.4,0.4,0.4,51,407.38,.02,6000,-2775,10207.7
NIFTY,24-Oct-2017,26-Oct-2017,CE,10700,0.7,0.7,0.35,0.4,0.35,0.4,1937,15545.06,.64,400875,-21150,10207.7
NIFTY,24-Oct-2017,26-Oct-2017,CE,10750,0.75,0.75,0.4,0.4,0.4,0.4,23,185.45,.01,6375,825,10207.7
NIFTY,24-Oct-2017,26-Oct-2017,CE,10800,0.6,0.6,0.35,0.45,0.4,0.45,1789,14491.49,.59,293025,-1200,10207.7
NIFTY,24-Oct-2017,26-Oct-2017,CE,10850,0,0,0,18.5,18.5,0,0,0,0,0,0,10207.7
NIFTY,25-Oct-2017,26-Oct-2017,CE,9200,1075,1109,1041.85,1085.15,1083,1085.15,574,4421.79,461.19,104025,-36150,10295.35
NIFTY,25-Oct-2017,26-Oct-2017,CE,9250,0,0,0,920.3,0,1046.95,0,0,0,0,0,10295.35
NIFTY,25-Oct-2017,26-Oct-2017,CE,9300,979.5,1010,942.25,983.15,986,983.15,312,2405.05,228.85,43800,-19050,10295.35
NIFTY,25-Oct-2017,26-Oct-2017,CE,9350,0,0,0,824.5,0,946.95,0,0,0,0,0,10295.35
NIFTY,25-Oct-2017,26-Oct-2017,CE,9400,899.45,911.75,841.85,882.9,883.15,882.9,268,2066.32,176.92,56625,-16350,10295.35
NIFTY,25-Oct-2017,26-Oct-2017,CE,9450,0,0,0,415,415,847,0,0,0,0,0,10295.35
NIFTY,25-Oct-2017,26-Oct-2017,CE,9500,815.2,815.2,744.95,783.5,784.4,783.5,746,5749.34,434.09,273525,-38025,10295.35
NIFTY,25-Oct-2017,26-Oct-2017,CE,9550,0,0,0,298,298,747,0,0,0,150,0,10295.35
NIFTY,25-Oct-2017,26-Oct-2017,CE,9600,684.45,710,641.9,686.05,680,686.05,2778,21414.55,1412.95,134925,-145800,10295.35
NIFTY,25-Oct-2017,26-Oct-2017,CE,9650,614.25,614.25,614.25,614.25,614.25,614.25,1,7.7,.46,450,0,10295.35
NIFTY,25-Oct-2017,26-Oct-2017,CE,9700,600,609.1,547.25,585.8,580.45,585.8,4205,32398.65,1807.27,213450,-212325,10295.35
NIFTY,25-Oct-2017,26-Oct-2017,CE,9750,513,545,504.95,545,545,545,110,847.65,43.28,36675,-6600,10295.35
NIFTY,25-Oct-2017,26-Oct-2017,CE,9800,522,522,446.5,484.1,484.45,484.1,5110,39380.89,1822.39,234675,-227850,10295.35
NIFTY,25-Oct-2017,26-Oct-2017,CE,9850,447,455,400,432.35,430,432.35,125,963.2,39.77,24675,-8700,10295.35
NIFTY,25-Oct-2017,26-Oct-2017,CE,9900,429.35,433.3,346,385.85,382.2,385.85,8663,66767.01,2444.24,875100,-367650,10295.35
NIFTY,25-Oct-2017,26-Oct-2017,CE,9950,379.9,399.9,291.95,338.45,334.1,338.45,605,4668.29,153.48,75300,-29100,10295.35
NIFTY,25-Oct-2017,26-Oct-2017,CE,10000,325.35,329.5,245,284.8,285.25,284.8,12394,95558.75,2603.75,1462050,-383100,10295.35
NIFTY,25-Oct-2017,26-Oct-2017,CE,10050,295.5,302.85,197.75,233.8,230.45,233.8,830,6400.94,144.82,159900,-20850,10295.35
NIFTY,25-Oct-2017,26-Oct-2017,CE,10100,208.3,242.1,151.1,188.35,187.25,188.35,31329,241640.21,4323.03,1333500,-423675,10295.35
NIFTY,25-Oct-2017,26-Oct-2017,CE,10150,155.45,189.9,103.05,137.6,133.75,137.6,10592,81666.24,1034.64,523575,-318075,10295.35
NIFTY,25-Oct-2017,26-Oct-2017,CE,10200,114.6,153.45,63.85,93.95,90.05,93.95,259104,1999976.87,17831.27,1895925,-1662525,10295.35
NIFTY,25-Oct-2017,26-Oct-2017,CE,10250,67.8,99,32,52.35,50.8,52.35,167246,1292541.78,6838.15,1170825,-711900,10295.35
NIFTY,25-Oct-2017,26-Oct-2017,CE,10300,54.7,64.85,13.15,24.75,24,24.75,780454,6045322,16314.85,4305150,342900,10295.35
NIFTY,25-Oct-2017,26-Oct-2017,CE,10350,20.15,27.45,3.95,8.95,8.9,8.95,279999,2175921.79,2429.55,2141325,1179150,10295.35
NIFTY,25-Oct-2017,26-Oct-2017,CE,10400,6.6,13.05,1.55,3.5,3.2,3.5,354408,2765606.8,1224.4,3369000,111225,10295.35
NIFTY,25-Oct-2017,26-Oct-2017,CE,10450,4.05,5.5,0.8,1.25,1.05,1.25,58599,459350.5,80.83,399825,138225,10295.35
NIFTY,25-Oct-2017,26-Oct-2017,CE,10500,1.35,2.9,0.4,0.65,0.7,0.65,149526,1177625.68,108.43,1808250,-324300,10295.35
NIFTY,25-Oct-2017,26-Oct-2017,CE,10550,1.3,1.55,0.15,0.25,0.2,0.25,2938,23248.25,1.33,64575,7950,10295.35
NIFTY,25-Oct-2017,26-Oct-2017,CE,10600,0.4,0.95,0.15,0.25,0.2,0.25,30739,244383.34,8.29,994125,-185625,10295.35
NIFTY,25-Oct-2017,26-Oct-2017,CE,10650,0.35,0.6,0.25,0.25,0.25,0.25,527,4209.57,.16,7200,1200,10295.35
NIFTY,25-Oct-2017,26-Oct-2017,CE,10700,0.4,0.6,0.1,0.2,0.2,0.2,6300,50558.91,1.41,370875,-30000,10295.35
NIFTY,25-Oct-2017,26-Oct-2017,CE,10750,0.1,0.25,0.05,0.25,0.25,0.25,16,129,0,5475,-900,10295.35
NIFTY,25-Oct-2017,26-Oct-2017,CE,10800,0.4,0.4,0.2,0.25,0.25,0.25,1494,12101.73,.33,284925,-8100,10295.35
NIFTY,25-Oct-2017,26-Oct-2017,CE,10850,0,0,0,18.5,18.5,0,0,0,0,0,0,10295.35
NIFTY,26-Oct-2017,26-Oct-2017,CE,9200,1067.05,1148.05,1067.05,1140.9,1143,0,1547,11953.05,1278.75,2475,-101550,10343.8
NIFTY,26-Oct-2017,26-Oct-2017,CE,9250,0,0,0,920.3,0,0,0,0,0,0,0,10343.8
NIFTY,26-Oct-2017,26-Oct-2017,CE,9300,977,1047.8,970,1042.55,1042,0,651,5030.93,490.2,3600,-40200,10343.8
NIFTY,26-Oct-2017,26-Oct-2017,CE,9350,0,0,0,824.5,0,0,0,0,0,0,0,10343.8
NIFTY,26-Oct-2017,26-Oct-2017,CE,9400,876.35,948,870,942.8,942.95,0,928,7166.48,624.08,4050,-52575,10343.8
NIFTY,26-Oct-2017,26-Oct-2017,CE,9450,0,0,0,415,415,0,0,0,0,0,0,10343.8
NIFTY,26-Oct-2017,26-Oct-2017,CE,9500,776,847.35,769.55,841.45,845.45,0,4349,33609.8,2623.18,10800,-262725,10343.8
NIFTY,26-Oct-2017,26-Oct-2017,CE,9550,745,771.5,745,771.5,771.5,0,4,30.92,2.27,150,0,10343.8
NIFTY,26-Oct-2017,26-Oct-2017,CE,9600,675.75,752.75,671,745.15,744.75,0,2239,17301.81,1181.01,51900,-83025,10343.8
NIFTY,26-Oct-2017,26-Oct-2017,CE,9650,646,650.7,646,650.7,650.7,0,3,23.17,1.46,375,-75,10343.8
NIFTY,26-Oct-2017,26-Oct-2017,CE,9700,564.25,650.75,559.3,646.05,645,0,3347,25850.49,1501.07,64500,-148950,10343.8
NIFTY,26-Oct-2017,26-Oct-2017,CE,9750,526.5,596,522.5,586.35,594.7,0,518,4013.25,225.38,4275,-32400,10343.8
NIFTY,26-Oct-2017,26-Oct-2017,CE,9800,463.95,548.3,460.25,543,544,0,4160,32138.14,1562.14,48150,-186525,10343.8
NIFTY,26-Oct-2017,26-Oct-2017,CE,9850,425,495.8,420,488.6,488,0,228,1764.14,79.79,10500,-14175,10343.8
NIFTY,26-Oct-2017,26-Oct-2017,CE,9900,363.5,447.75,361.15,439.95,439.5,0,10899,84256.04,3330.96,227550,-647550,10343.8
NIFTY,26-Oct-2017,26-Oct-2017,CE,9950,327,393,318,387.7,390,0,886,6847.78,236,16275,-59025,10343.8
NIFTY,26-Oct-2017,26-Oct-2017,CE,10000,262.7,345.1,259.2,336.8,338.9,0,23820,183940.75,5290.75,347400,-1114650,10343.8
NIFTY,26-Oct-2017,26-Oct-2017,CE,10050,217.05,302,217,291.7,285.5,0,2970,22985.37,599,19875,-140025,10343.8
NIFTY,26-Oct-2017,26-Oct-2017,CE,10100,172.95,249.85,165,241.15,244.2,0,30705,237309.87,4719.49,213525,-1119975,10343.8
NIFTY,26-Oct-2017,26-Oct-2017,CE,10150,121.45,192.1,113.85,183.85,180.55,0,10190,78726.84,1155.46,237525,-286050,10343.8
NIFTY,26-Oct-2017,26-Oct-2017,CE,10200,71.45,148.35,68.85,137.35,137,0,143185,1106421.33,11056.08,338775,-1557150,10343.8
NIFTY,26-Oct-2017,26-Oct-2017,CE,10250,45,95.65,31,84.05,90,0,143730,1111028.06,6103.69,134550,-1036275,10343.8
NIFTY,26-Oct-2017,26-Oct-2017,CE,10300,20,48.5,10.7,35.95,31,0,801552,6206908.29,14919.09,582675,-3722475,10343.8
NIFTY,26-Oct-2017,26-Oct-2017,CE,10350,2.15,12.5,0.05,2.8,0.05,0,553202,4296370.86,2140.34,1653450,-487875,10343.8
NIFTY,26-Oct-2017,26-Oct-2017,CE,10400,1.05,2.25,0.05,0.1,0.05,0,476343,3715758.06,282.66,4161900,792900,10343.8
NIFTY,26-Oct-2017,26-Oct-2017,CE,10450,0.1,0.5,0.05,0.05,0.05,0,58391,457645.24,5.78,624150,224325,10343.8
NIFTY,26-Oct-2017,26-Oct-2017,CE,10500,0.4,0.4,0.05,0.05,0.05,0,45638,359402.12,2.87,1790400,-17850,10343.8
NIFTY,26-Oct-2017,26-Oct-2017,CE,10550,0.05,0.2,0.05,0.05,0.05,0,673,5325.15,.04,52500,-12075,10343.8
NIFTY,26-Oct-2017,26-Oct-2017,CE,10600,0.1,0.1,0.05,0.05,0.05,0,10272,81662.9,.5,999900,5775,10343.8
NIFTY,26-Oct-2017,26-Oct-2017,CE,10650,0.15,0.15,0.05,0.05,0.05,0,2,15.98,0,7275,75,10343.8
NIFTY,26-Oct-2017,26-Oct-2017,CE,10700,0.1,0.25,0.05,0.05,0.05,0,1005,8065.17,.05,374100,3225,10343.8
NIFTY,26-Oct-2017,26-Oct-2017,CE,10750,0.2,0.25,0.2,0.25,0.25,0,10,80.63,0,5775,300,10343.8
NIFTY,26-Oct-2017,26-Oct-2017,CE,10800,0.1,0.3,0.05,0.05,0.05,0,1383,11202.37,.07,292425,7500,10343.8
NIFTY,26-Oct-2017,26-Oct-2017,CE,10850,0,0,0,18.5,18.5,0,0,0,0,0,0,10343.8
